ISO-10303-21;
HEADER;
FILE_DESCRIPTION(('Open CASCADE Model'),'2;1');
FILE_NAME('Open CASCADE Shape Model','2026-08-15T15:56:57',('Author'),(
    'Open CASCADE'),'Open CASCADE STEP processor 7.9','Open CASCADE 7.9'
  ,'Unknown');
FILE_SCHEMA(('AUTOMOTIVE_DESIGN { 1 0 10303 214 1 1 1 1 }'));
ENDSEC;
DATA;
#1 = APPLICATION_PROTOCOL_DEFINITION('international standard',
  'automotive_design',2000,#2);
#2 = APPLICATION_CONTEXT(
  'core data for automotive mechanical design processes');
#3 = SHAPE_DEFINITION_REPRESENTATION(#4,#10);
#4 = PRODUCT_DEFINITION_SHAPE('','',#5);
#5 = PRODUCT_DEFINITION('design','',#6,#9);
#6 = PRODUCT_DEFINITION_FORMATION('','',#7);
#7 = PRODUCT('Open CASCADE STEP translator 7.9 4',
  'Open CASCADE STEP translator 7.9 4','',(#8));
#8 = PRODUCT_CONTEXT('',#2,'mechanical');
#9 = PRODUCT_DEFINITION_CONTEXT('part definition',#2,'design');
#10 = SHAPE_REPRESENTATION('',(#11,#15),#19);
#11 = AXIS2_PLACEMENT_3D('',#12,#13,#14);
#12 = CARTESIAN_POINT('',(0.,0.,0.));
#13 = DIRECTION('',(0.,0.,1.));
#14 = DIRECTION('',(1.,0.,-0.));
#15 = AXIS2_PLACEMENT_3D('',#16,#17,#18);
#16 = CARTESIAN_POINT('',(0.,0.,0.));
#17 = DIRECTION('',(0.,0.,1.));
#18 = DIRECTION('',(1.,0.,-0.));
#19 = ( GEOMETRIC_REPRESENTATION_CONTEXT(3) 
GLOBAL_UNCERTAINTY_ASSIGNED_CONTEXT((#23)) GLOBAL_UNIT_ASSIGNED_CONTEXT(
(#20,#21,#22)) REPRESENTATION_CONTEXT('Context #1',
  '3D Context with UNIT and UNCERTAINTY') );
#20 = ( LENGTH_UNIT() NAMED_UNIT(*) SI_UNIT(.MILLI.,.METRE.) );
#21 = ( NAMED_UNIT(*) PLANE_ANGLE_UNIT() SI_UNIT($,.RADIAN.) );
#22 = ( NAMED_UNIT(*) SI_UNIT($,.STERADIAN.) SOLID_ANGLE_UNIT() );
#23 = UNCERTAINTY_MEASURE_WITH_UNIT(LENGTH_MEASURE(1.E-07),#20,
  'distance_accuracy_value','confusion accuracy');
#24 = PRODUCT_RELATED_PRODUCT_CATEGORY('part',$,(#7));
#25 = SHAPE_DEFINITION_REPRESENTATION(#26,#32);
#26 = PRODUCT_DEFINITION_SHAPE('','',#27);
#27 = PRODUCT_DEFINITION('design','',#28,#31);
#28 = PRODUCT_DEFINITION_FORMATION('','',#29);
#29 = PRODUCT('Open CASCADE STEP translator 7.9 4.1',
  'Open CASCADE STEP translator 7.9 4.1','',(#30));
#30 = PRODUCT_CONTEXT('',#2,'mechanical');
#31 = PRODUCT_DEFINITION_CONTEXT('part definition',#2,'design');
#32 = SHAPE_REPRESENTATION('',(#11,#33),#37);
#33 = AXIS2_PLACEMENT_3D('',#34,#35,#36);
#34 = CARTESIAN_POINT('',(0.,0.,0.));
#35 = DIRECTION('',(0.,0.,1.));
#36 = DIRECTION('',(1.,0.,-0.));
#37 = ( GEOMETRIC_REPRESENTATION_CONTEXT(3) 
GLOBAL_UNCERTAINTY_ASSIGNED_CONTEXT((#41)) GLOBAL_UNIT_ASSIGNED_CONTEXT(
(#38,#39,#40)) REPRESENTATION_CONTEXT('Context #1',
  '3D Context with UNIT and UNCERTAINTY') );
#38 = ( LENGTH_UNIT() NAMED_UNIT(*) SI_UNIT(.MILLI.,.METRE.) );
#39 = ( NAMED_UNIT(*) PLANE_ANGLE_UNIT() SI_UNIT($,.RADIAN.) );
#40 = ( NAMED_UNIT(*) SI_UNIT($,.STERADIAN.) SOLID_ANGLE_UNIT() );
#41 = UNCERTAINTY_MEASURE_WITH_UNIT(LENGTH_MEASURE(1.E-07),#38,
  'distance_accuracy_value','confusion accuracy');
#42 = CONTEXT_DEPENDENT_SHAPE_REPRESENTATION(#43,#45);
#43 = ( REPRESENTATION_RELATIONSHIP('','',#32,#10) 
REPRESENTATION_RELATIONSHIP_WITH_TRANSFORMATION(#44) 
SHAPE_REPRESENTATION_RELATIONSHIP() );
#44 = ITEM_DEFINED_TRANSFORMATION('','',#11,#15);
#45 = PRODUCT_DEFINITION_SHAPE('Placement','Placement of an item',#46);
#46 = NEXT_ASSEMBLY_USAGE_OCCURRENCE('6','','',#5,#27,$);
#47 = PRODUCT_RELATED_PRODUCT_CATEGORY('part',$,(#29));
#48 = SHAPE_DEFINITION_REPRESENTATION(#49,#55);
#49 = PRODUCT_DEFINITION_SHAPE('','',#50);
#50 = PRODUCT_DEFINITION('design','',#51,#54);
#51 = PRODUCT_DEFINITION_FORMATION('','',#52);
#52 = PRODUCT('Open CASCADE STEP translator 7.9 4.1.1',
  'Open CASCADE STEP translator 7.9 4.1.1','',(#53));
#53 = PRODUCT_CONTEXT('',#2,'mechanical');
#54 = PRODUCT_DEFINITION_CONTEXT('part definition',#2,'design');
#55 = SHAPE_REPRESENTATION('',(#11,#56,#60,#64,#68),#72);
#56 = AXIS2_PLACEMENT_3D('',#57,#58,#59);
#57 = CARTESIAN_POINT('',(0.,0.,0.));
#58 = DIRECTION('',(0.,0.,1.));
#59 = DIRECTION('',(1.,0.,-0.));
#60 = AXIS2_PLACEMENT_3D('',#61,#62,#63);
#61 = CARTESIAN_POINT('',(0.,0.,0.));
#62 = DIRECTION('',(0.,0.,1.));
#63 = DIRECTION('',(1.,0.,-0.));
#64 = AXIS2_PLACEMENT_3D('',#65,#66,#67);
#65 = CARTESIAN_POINT('',(0.,0.,0.));
#66 = DIRECTION('',(0.,0.,1.));
#67 = DIRECTION('',(1.,0.,-0.));
#68 = AXIS2_PLACEMENT_3D('',#69,#70,#71);
#69 = CARTESIAN_POINT('',(0.,0.,0.));
#70 = DIRECTION('',(0.,0.,1.));
#71 = DIRECTION('',(1.,0.,-0.));
#72 = ( GEOMETRIC_REPRESENTATION_CONTEXT(3) 
GLOBAL_UNCERTAINTY_ASSIGNED_CONTEXT((#76)) GLOBAL_UNIT_ASSIGNED_CONTEXT(
(#73,#74,#75)) REPRESENTATION_CONTEXT('Context #1',
  '3D Context with UNIT and UNCERTAINTY') );
#73 = ( LENGTH_UNIT() NAMED_UNIT(*) SI_UNIT(.MILLI.,.METRE.) );
#74 = ( NAMED_UNIT(*) PLANE_ANGLE_UNIT() SI_UNIT($,.RADIAN.) );
#75 = ( NAMED_UNIT(*) SI_UNIT($,.STERADIAN.) SOLID_ANGLE_UNIT() );
#76 = UNCERTAINTY_MEASURE_WITH_UNIT(LENGTH_MEASURE(1.E-07),#73,
  'distance_accuracy_value','confusion accuracy');
#77 = CONTEXT_DEPENDENT_SHAPE_REPRESENTATION(#78,#80);
#78 = ( REPRESENTATION_RELATIONSHIP('','',#55,#32) 
REPRESENTATION_RELATIONSHIP_WITH_TRANSFORMATION(#79) 
SHAPE_REPRESENTATION_RELATIONSHIP() );
#79 = ITEM_DEFINED_TRANSFORMATION('','',#11,#33);
#80 = PRODUCT_DEFINITION_SHAPE('Placement','Placement of an item',#81);
#81 = NEXT_ASSEMBLY_USAGE_OCCURRENCE('5','','',#27,#50,$);
#82 = PRODUCT_RELATED_PRODUCT_CATEGORY('part',$,(#52));
#83 = SHAPE_DEFINITION_REPRESENTATION(#84,#90);
#84 = PRODUCT_DEFINITION_SHAPE('','',#85);
#85 = PRODUCT_DEFINITION('design','',#86,#89);
#86 = PRODUCT_DEFINITION_FORMATION('','',#87);
#87 = PRODUCT('Open CASCADE STEP translator 7.9 4.1.1.1',
  'Open CASCADE STEP translator 7.9 4.1.1.1','',(#88));
#88 = PRODUCT_CONTEXT('',#2,'mechanical');
#89 = PRODUCT_DEFINITION_CONTEXT('part definition',#2,'design');
#90 = ADVANCED_BREP_SHAPE_REPRESENTATION('',(#11,#91),#8381);
#91 = MANIFOLD_SOLID_BREP('',#92);
#92 = CLOSED_SHELL('',(#93,#213,#1765,#1930,#2053,#2102,#2207,#2283,
    #2332,#2360,#2409,#2436,#2463,#2490,#2500,#2665,#2788,#2837,#2942,
    #3018,#3067,#3095,#3144,#3171,#3198,#3225,#3235,#3400,#3523,#3572,
    #3677,#3753,#3802,#3830,#3879,#3906,#3933,#3960,#3970,#4135,#4258,
    #4307,#4412,#4488,#4537,#4565,#4614,#4641,#4668,#4695,#4705,#4784,
    #4838,#4887,#4937,#5102,#5233,#5302,#5352,#5380,#5431,#5480,#5581,
    #5608,#5635,#5662,#5672,#5837,#5968,#6037,#6087,#6115,#6166,#6215,
    #6316,#6343,#6370,#6397,#6407,#6572,#6703,#6772,#6822,#6850,#6901,
    #6950,#7051,#7078,#7105,#7132,#7142,#7307,#7438,#7507,#7557,#7585,
    #7636,#7685,#7786,#7813,#7840,#7867,#7877,#7934,#7966,#7994,#8145,
    #8200,#8204,#8259,#8263,#8318,#8322,#8377));
#93 = ADVANCED_FACE('',(#94),#108,.F.);
#94 = FACE_BOUND('',#95,.F.);
#95 = EDGE_LOOP('',(#96,#131,#159,#187));
#96 = ORIENTED_EDGE('',*,*,#97,.F.);
#97 = EDGE_CURVE('',#98,#100,#102,.T.);
#98 = VERTEX_POINT('',#99);
#99 = CARTESIAN_POINT('',(-199.,-28.85,1.));
#100 = VERTEX_POINT('',#101);
#101 = CARTESIAN_POINT('',(-199.,28.85,1.));
#102 = SURFACE_CURVE('',#103,(#107,#119),.PCURVE_S1.);
#103 = LINE('',#104,#105);
#104 = CARTESIAN_POINT('',(-199.,-31.85,1.));
#105 = VECTOR('',#106,1.);
#106 = DIRECTION('',(0.,1.,0.));
#107 = PCURVE('',#108,#113);
#108 = PLANE('',#109);
#109 = AXIS2_PLACEMENT_3D('',#110,#111,#112);
#110 = CARTESIAN_POINT('',(-199.,-31.85,-1.));
#111 = DIRECTION('',(1.,0.,0.));
#112 = DIRECTION('',(0.,0.,1.));
#113 = DEFINITIONAL_REPRESENTATION('',(#114),#118);
#114 = LINE('',#115,#116);
#115 = CARTESIAN_POINT('',(2.,0.));
#116 = VECTOR('',#117,1.);
#117 = DIRECTION('',(0.,-1.));
#118 = ( GEOMETRIC_REPRESENTATION_CONTEXT(2) 
PARAMETRIC_REPRESENTATION_CONTEXT() REPRESENTATION_CONTEXT('2D SPACE',''
  ) );
#119 = PCURVE('',#120,#125);
#120 = PLANE('',#121);
#121 = AXIS2_PLACEMENT_3D('',#122,#123,#124);
#122 = CARTESIAN_POINT('',(-199.,-31.85,1.));
#123 = DIRECTION('',(0.,0.,1.));
#124 = DIRECTION('',(1.,0.,0.));
#125 = DEFINITIONAL_REPRESENTATION('',(#126),#130);
#126 = LINE('',#127,#128);
#127 = CARTESIAN_POINT('',(0.,0.));
#128 = VECTOR('',#129,1.);
#129 = DIRECTION('',(0.,1.));
#130 = ( GEOMETRIC_REPRESENTATION_CONTEXT(2) 
PARAMETRIC_REPRESENTATION_CONTEXT() REPRESENTATION_CONTEXT('2D SPACE',''
  ) );
#131 = ORIENTED_EDGE('',*,*,#132,.F.);
#132 = EDGE_CURVE('',#133,#98,#135,.T.);
#133 = VERTEX_POINT('',#134);
#134 = CARTESIAN_POINT('',(-199.,-28.85,-1.));
#135 = SURFACE_CURVE('',#136,(#140,#147),.PCURVE_S1.);
#136 = LINE('',#137,#138);
#137 = CARTESIAN_POINT('',(-199.,-28.85,-1.));
#138 = VECTOR('',#139,1.);
#139 = DIRECTION('',(0.,0.,1.));
#140 = PCURVE('',#108,#141);
#141 = DEFINITIONAL_REPRESENTATION('',(#142),#146);
#142 = LINE('',#143,#144);
#143 = CARTESIAN_POINT('',(0.,-3.));
#144 = VECTOR('',#145,1.);
#145 = DIRECTION('',(1.,0.));
#146 = ( GEOMETRIC_REPRESENTATION_CONTEXT(2) 
PARAMETRIC_REPRESENTATION_CONTEXT() REPRESENTATION_CONTEXT('2D SPACE',''
  ) );
#147 = PCURVE('',#148,#153);
#148 = CYLINDRICAL_SURFACE('',#149,3.);
#149 = AXIS2_PLACEMENT_3D('',#150,#151,#152);
#150 = CARTESIAN_POINT('',(-196.,-28.85,-1.));
#151 = DIRECTION('',(0.,0.,1.));
#152 = DIRECTION('',(-1.,-0.,0.));
#153 = DEFINITIONAL_REPRESENTATION('',(#154),#158);
#154 = LINE('',#155,#156);
#155 = CARTESIAN_POINT('',(0.,0.));
#156 = VECTOR('',#157,1.);
#157 = DIRECTION('',(0.,1.));
#158 = ( GEOMETRIC_REPRESENTATION_CONTEXT(2) 
PARAMETRIC_REPRESENTATION_CONTEXT() REPRESENTATION_CONTEXT('2D SPACE',''
  ) );
#159 = ORIENTED_EDGE('',*,*,#160,.T.);
#160 = EDGE_CURVE('',#133,#161,#163,.T.);
#161 = VERTEX_POINT('',#162);
#162 = CARTESIAN_POINT('',(-199.,28.85,-1.));
#163 = SURFACE_CURVE('',#164,(#168,#175),.PCURVE_S1.);
#164 = LINE('',#165,#166);
#165 = CARTESIAN_POINT('',(-199.,-31.85,-1.));
#166 = VECTOR('',#167,1.);
#167 = DIRECTION('',(0.,1.,0.));
#168 = PCURVE('',#108,#169);
#169 = DEFINITIONAL_REPRESENTATION('',(#170),#174);
#170 = LINE('',#171,#172);
#171 = CARTESIAN_POINT('',(0.,0.));
#172 = VECTOR('',#173,1.);
#173 = DIRECTION('',(0.,-1.));
#174 = ( GEOMETRIC_REPRESENTATION_CONTEXT(2) 
PARAMETRIC_REPRESENTATION_CONTEXT() REPRESENTATION_CONTEXT('2D SPACE',''
  ) );
#175 = PCURVE('',#176,#181);
#176 = PLANE('',#177);
#177 = AXIS2_PLACEMENT_3D('',#178,#179,#180);
#178 = CARTESIAN_POINT('',(-199.,-31.85,-1.));
#179 = DIRECTION('',(0.,0.,1.));
#180 = DIRECTION('',(1.,0.,0.));
#181 = DEFINITIONAL_REPRESENTATION('',(#182),#186);
#182 = LINE('',#183,#184);
#183 = CARTESIAN_POINT('',(0.,0.));
#184 = VECTOR('',#185,1.);
#185 = DIRECTION('',(0.,1.));
#186 = ( GEOMETRIC_REPRESENTATION_CONTEXT(2) 
PARAMETRIC_REPRESENTATION_CONTEXT() REPRESENTATION_CONTEXT('2D SPACE',''
  ) );
#187 = ORIENTED_EDGE('',*,*,#188,.T.);
#188 = EDGE_CURVE('',#161,#100,#189,.T.);
#189 = SURFACE_CURVE('',#190,(#194,#201),.PCURVE_S1.);
#190 = LINE('',#191,#192);
#191 = CARTESIAN_POINT('',(-199.,28.85,-1.));
#192 = VECTOR('',#193,1.);
#193 = DIRECTION('',(0.,0.,1.));
#194 = PCURVE('',#108,#195);
#195 = DEFINITIONAL_REPRESENTATION('',(#196),#200);
#196 = LINE('',#197,#198);
#197 = CARTESIAN_POINT('',(0.,-60.7));
#198 = VECTOR('',#199,1.);
#199 = DIRECTION('',(1.,0.));
#200 = ( GEOMETRIC_REPRESENTATION_CONTEXT(2) 
PARAMETRIC_REPRESENTATION_CONTEXT() REPRESENTATION_CONTEXT('2D SPACE',''
  ) );
#201 = PCURVE('',#202,#207);
#202 = CYLINDRICAL_SURFACE('',#203,3.);
#203 = AXIS2_PLACEMENT_3D('',#204,#205,#206);
#204 = CARTESIAN_POINT('',(-196.,28.85,-1.));
#205 = DIRECTION('',(0.,0.,1.));
#206 = DIRECTION('',(-1.,-0.,0.));
#207 = DEFINITIONAL_REPRESENTATION('',(#208),#212);
#208 = LINE('',#209,#210);
#209 = CARTESIAN_POINT('',(-0.,0.));
#210 = VECTOR('',#211,1.);
#211 = DIRECTION('',(-0.,1.));
#212 = ( GEOMETRIC_REPRESENTATION_CONTEXT(2) 
PARAMETRIC_REPRESENTATION_CONTEXT() REPRESENTATION_CONTEXT('2D SPACE',''
  ) );
#213 = ADVANCED_FACE('',(#214),#176,.F.);
#214 = FACE_BOUND('',#215,.F.);
#215 = EDGE_LOOP('',(#216,#217,#241,#269,#297,#330,#358,#387,#415,#438,
    #466,#499,#527,#556,#584,#607,#635,#668,#696,#725,#753,#776,#804,
    #837,#865,#894,#922,#945,#978,#1006,#1035,#1063,#1091,#1124,#1152,
    #1181,#1209,#1232,#1260,#1293,#1321,#1350,#1378,#1401,#1429,#1462,
    #1490,#1519,#1547,#1570,#1598,#1631,#1659,#1688,#1716,#1739));
#216 = ORIENTED_EDGE('',*,*,#160,.F.);
#217 = ORIENTED_EDGE('',*,*,#218,.T.);
#218 = EDGE_CURVE('',#133,#219,#221,.T.);
#219 = VERTEX_POINT('',#220);
#220 = CARTESIAN_POINT('',(-196.,-31.85,-1.));
#221 = SURFACE_CURVE('',#222,(#227,#234),.PCURVE_S1.);
#222 = CIRCLE('',#223,3.);
#223 = AXIS2_PLACEMENT_3D('',#224,#225,#226);
#224 = CARTESIAN_POINT('',(-196.,-28.85,-1.));
#225 = DIRECTION('',(0.,0.,1.));
#226 = DIRECTION('',(0.,-1.,0.));
#227 = PCURVE('',#176,#228);
#228 = DEFINITIONAL_REPRESENTATION('',(#229),#233);
#229 = CIRCLE('',#230,3.);
#230 = AXIS2_PLACEMENT_2D('',#231,#232);
#231 = CARTESIAN_POINT('',(3.,3.));
#232 = DIRECTION('',(0.,-1.));
#233 = ( GEOMETRIC_REPRESENTATION_CONTEXT(2) 
PARAMETRIC_REPRESENTATION_CONTEXT() REPRESENTATION_CONTEXT('2D SPACE',''
  ) );
#234 = PCURVE('',#148,#235);
#235 = DEFINITIONAL_REPRESENTATION('',(#236),#240);
#236 = LINE('',#237,#238);
#237 = CARTESIAN_POINT('',(-4.712388980385,0.));
#238 = VECTOR('',#239,1.);
#239 = DIRECTION('',(1.,0.));
#240 = ( GEOMETRIC_REPRESENTATION_CONTEXT(2) 
PARAMETRIC_REPRESENTATION_CONTEXT() REPRESENTATION_CONTEXT('2D SPACE',''
  ) );
#241 = ORIENTED_EDGE('',*,*,#242,.T.);
#242 = EDGE_CURVE('',#219,#243,#245,.T.);
#243 = VERTEX_POINT('',#244);
#244 = CARTESIAN_POINT('',(-141.8,-31.85,-1.));
#245 = SURFACE_CURVE('',#246,(#250,#257),.PCURVE_S1.);
#246 = LINE('',#247,#248);
#247 = CARTESIAN_POINT('',(-199.,-31.85,-1.));
#248 = VECTOR('',#249,1.);
#249 = DIRECTION('',(1.,0.,0.));
#250 = PCURVE('',#176,#251);
#251 = DEFINITIONAL_REPRESENTATION('',(#252),#256);
#252 = LINE('',#253,#254);
#253 = CARTESIAN_POINT('',(0.,0.));
#254 = VECTOR('',#255,1.);
#255 = DIRECTION('',(1.,0.));
#256 = ( GEOMETRIC_REPRESENTATION_CONTEXT(2) 
PARAMETRIC_REPRESENTATION_CONTEXT() REPRESENTATION_CONTEXT('2D SPACE',''
  ) );
#257 = PCURVE('',#258,#263);
#258 = PLANE('',#259);
#259 = AXIS2_PLACEMENT_3D('',#260,#261,#262);
#260 = CARTESIAN_POINT('',(-199.,-31.85,-1.));
#261 = DIRECTION('',(0.,1.,0.));
#262 = DIRECTION('',(0.,0.,1.));
#263 = DEFINITIONAL_REPRESENTATION('',(#264),#268);
#264 = LINE('',#265,#266);
#265 = CARTESIAN_POINT('',(0.,0.));
#266 = VECTOR('',#267,1.);
#267 = DIRECTION('',(0.,1.));
#268 = ( GEOMETRIC_REPRESENTATION_CONTEXT(2) 
PARAMETRIC_REPRESENTATION_CONTEXT() REPRESENTATION_CONTEXT('2D SPACE',''
  ) );
#269 = ORIENTED_EDGE('',*,*,#270,.T.);
#270 = EDGE_CURVE('',#243,#271,#273,.T.);
#271 = VERTEX_POINT('',#272);
#272 = CARTESIAN_POINT('',(-141.8,-30.35,-1.));
#273 = SURFACE_CURVE('',#274,(#278,#285),.PCURVE_S1.);
#274 = LINE('',#275,#276);
#275 = CARTESIAN_POINT('',(-141.8,-34.35,-1.));
#276 = VECTOR('',#277,1.);
#277 = DIRECTION('',(0.,1.,0.));
#278 = PCURVE('',#176,#279);
#279 = DEFINITIONAL_REPRESENTATION('',(#280),#284);
#280 = LINE('',#281,#282);
#281 = CARTESIAN_POINT('',(57.2,-2.5));
#282 = VECTOR('',#283,1.);
#283 = DIRECTION('',(0.,1.));
#284 = ( GEOMETRIC_REPRESENTATION_CONTEXT(2) 
PARAMETRIC_REPRESENTATION_CONTEXT() REPRESENTATION_CONTEXT('2D SPACE',''
  ) );
#285 = PCURVE('',#286,#291);
#286 = PLANE('',#287);
#287 = AXIS2_PLACEMENT_3D('',#288,#289,#290);
#288 = CARTESIAN_POINT('',(-141.8,-34.35,-9.));
#289 = DIRECTION('',(1.,0.,0.));
#290 = DIRECTION('',(0.,0.,1.));
#291 = DEFINITIONAL_REPRESENTATION('',(#292),#296);
#292 = LINE('',#293,#294);
#293 = CARTESIAN_POINT('',(8.,0.));
#294 = VECTOR('',#295,1.);
#295 = DIRECTION('',(0.,-1.));
#296 = ( GEOMETRIC_REPRESENTATION_CONTEXT(2) 
PARAMETRIC_REPRESENTATION_CONTEXT() REPRESENTATION_CONTEXT('2D SPACE',''
  ) );
#297 = ORIENTED_EDGE('',*,*,#298,.T.);
#298 = EDGE_CURVE('',#271,#299,#301,.T.);
#299 = VERTEX_POINT('',#300);
#300 = CARTESIAN_POINT('',(-140.8,-29.35,-1.));
#301 = SURFACE_CURVE('',#302,(#307,#318),.PCURVE_S1.);
#302 = CIRCLE('',#303,1.);
#303 = AXIS2_PLACEMENT_3D('',#304,#305,#306);
#304 = CARTESIAN_POINT('',(-140.8,-30.35,-1.));
#305 = DIRECTION('',(-0.,-0.,-1.));
#306 = DIRECTION('',(0.,-1.,0.));
#307 = PCURVE('',#176,#308);
#308 = DEFINITIONAL_REPRESENTATION('',(#309),#317);
#309 = ( BOUNDED_CURVE() B_SPLINE_CURVE(2,(#310,#311,#312,#313,#314,#315
,#316),.UNSPECIFIED.,.T.,.F.) B_SPLINE_CURVE_WITH_KNOTS((1,2,2,2,2,1),(
    -2.094395102393,0.,2.094395102393,4.188790204786,6.28318530718,
8.377580409573),.UNSPECIFIED.) CURVE() GEOMETRIC_REPRESENTATION_ITEM() 
RATIONAL_B_SPLINE_CURVE((1.,0.5,1.,0.5,1.,0.5,1.)) REPRESENTATION_ITEM(
  '') );
#310 = CARTESIAN_POINT('',(58.2,0.5));
#311 = CARTESIAN_POINT('',(56.467949192431,0.5));
#312 = CARTESIAN_POINT('',(57.333974596216,2.));
#313 = CARTESIAN_POINT('',(58.2,3.5));
#314 = CARTESIAN_POINT('',(59.066025403784,2.));
#315 = CARTESIAN_POINT('',(59.932050807569,0.5));
#316 = CARTESIAN_POINT('',(58.2,0.5));
#317 = ( GEOMETRIC_REPRESENTATION_CONTEXT(2) 
PARAMETRIC_REPRESENTATION_CONTEXT() REPRESENTATION_CONTEXT('2D SPACE',''
  ) );
#318 = PCURVE('',#319,#324);
#319 = CYLINDRICAL_SURFACE('',#320,1.);
#320 = AXIS2_PLACEMENT_3D('',#321,#322,#323);
#321 = CARTESIAN_POINT('',(-140.8,-30.35,-9.));
#322 = DIRECTION('',(0.,0.,1.));
#323 = DIRECTION('',(-1.,-0.,0.));
#324 = DEFINITIONAL_REPRESENTATION('',(#325),#329);
#325 = LINE('',#326,#327);
#326 = CARTESIAN_POINT('',(1.570796326795,8.));
#327 = VECTOR('',#328,1.);
#328 = DIRECTION('',(-1.,0.));
#329 = ( GEOMETRIC_REPRESENTATION_CONTEXT(2) 
PARAMETRIC_REPRESENTATION_CONTEXT() REPRESENTATION_CONTEXT('2D SPACE',''
  ) );
#330 = ORIENTED_EDGE('',*,*,#331,.T.);
#331 = EDGE_CURVE('',#299,#332,#334,.T.);
#332 = VERTEX_POINT('',#333);
#333 = CARTESIAN_POINT('',(-137.8,-29.35,-1.));
#334 = SURFACE_CURVE('',#335,(#339,#346),.PCURVE_S1.);
#335 = LINE('',#336,#337);
#336 = CARTESIAN_POINT('',(-141.8,-29.35,-1.));
#337 = VECTOR('',#338,1.);
#338 = DIRECTION('',(1.,0.,0.));
#339 = PCURVE('',#176,#340);
#340 = DEFINITIONAL_REPRESENTATION('',(#341),#345);
#341 = LINE('',#342,#343);
#342 = CARTESIAN_POINT('',(57.2,2.5));
#343 = VECTOR('',#344,1.);
#344 = DIRECTION('',(1.,0.));
#345 = ( GEOMETRIC_REPRESENTATION_CONTEXT(2) 
PARAMETRIC_REPRESENTATION_CONTEXT() REPRESENTATION_CONTEXT('2D SPACE',''
  ) );
#346 = PCURVE('',#347,#352);
#347 = PLANE('',#348);
#348 = AXIS2_PLACEMENT_3D('',#349,#350,#351);
#349 = CARTESIAN_POINT('',(-141.8,-29.35,-9.));
#350 = DIRECTION('',(0.,1.,0.));
#351 = DIRECTION('',(0.,0.,1.));
#352 = DEFINITIONAL_REPRESENTATION('',(#353),#357);
#353 = LINE('',#354,#355);
#354 = CARTESIAN_POINT('',(8.,0.));
#355 = VECTOR('',#356,1.);
#356 = DIRECTION('',(0.,1.));
#357 = ( GEOMETRIC_REPRESENTATION_CONTEXT(2) 
PARAMETRIC_REPRESENTATION_CONTEXT() REPRESENTATION_CONTEXT('2D SPACE',''
  ) );
#358 = ORIENTED_EDGE('',*,*,#359,.F.);
#359 = EDGE_CURVE('',#360,#332,#362,.T.);
#360 = VERTEX_POINT('',#361);
#361 = CARTESIAN_POINT('',(-136.8,-30.35,-1.));
#362 = SURFACE_CURVE('',#363,(#368,#375),.PCURVE_S1.);
#363 = CIRCLE('',#364,1.);
#364 = AXIS2_PLACEMENT_3D('',#365,#366,#367);
#365 = CARTESIAN_POINT('',(-137.8,-30.35,-1.));
#366 = DIRECTION('',(0.,0.,1.));
#367 = DIRECTION('',(0.,-1.,0.));
#368 = PCURVE('',#176,#369);
#369 = DEFINITIONAL_REPRESENTATION('',(#370),#374);
#370 = CIRCLE('',#371,1.);
#371 = AXIS2_PLACEMENT_2D('',#372,#373);
#372 = CARTESIAN_POINT('',(61.2,1.5));
#373 = DIRECTION('',(0.,-1.));
#374 = ( GEOMETRIC_REPRESENTATION_CONTEXT(2) 
PARAMETRIC_REPRESENTATION_CONTEXT() REPRESENTATION_CONTEXT('2D SPACE',''
  ) );
#375 = PCURVE('',#376,#381);
#376 = CYLINDRICAL_SURFACE('',#377,1.);
#377 = AXIS2_PLACEMENT_3D('',#378,#379,#380);
#378 = CARTESIAN_POINT('',(-137.8,-30.35,-9.));
#379 = DIRECTION('',(0.,0.,1.));
#380 = DIRECTION('',(1.,0.,-0.));
#381 = DEFINITIONAL_REPRESENTATION('',(#382),#386);
#382 = LINE('',#383,#384);
#383 = CARTESIAN_POINT('',(-1.570796326795,8.));
#384 = VECTOR('',#385,1.);
#385 = DIRECTION('',(1.,0.));
#386 = ( GEOMETRIC_REPRESENTATION_CONTEXT(2) 
PARAMETRIC_REPRESENTATION_CONTEXT() REPRESENTATION_CONTEXT('2D SPACE',''
  ) );
#387 = ORIENTED_EDGE('',*,*,#388,.F.);
#388 = EDGE_CURVE('',#389,#360,#391,.T.);
#389 = VERTEX_POINT('',#390);
#390 = CARTESIAN_POINT('',(-136.8,-31.85,-1.));
#391 = SURFACE_CURVE('',#392,(#396,#403),.PCURVE_S1.);
#392 = LINE('',#393,#394);
#393 = CARTESIAN_POINT('',(-136.8,-34.35,-1.));
#394 = VECTOR('',#395,1.);
#395 = DIRECTION('',(0.,1.,0.));
#396 = PCURVE('',#176,#397);
#397 = DEFINITIONAL_REPRESENTATION('',(#398),#402);
#398 = LINE('',#399,#400);
#399 = CARTESIAN_POINT('',(62.2,-2.5));
#400 = VECTOR('',#401,1.);
#401 = DIRECTION('',(0.,1.));
#402 = ( GEOMETRIC_REPRESENTATION_CONTEXT(2) 
PARAMETRIC_REPRESENTATION_CONTEXT() REPRESENTATION_CONTEXT('2D SPACE',''
  ) );
#403 = PCURVE('',#404,#409);
#404 = PLANE('',#405);
#405 = AXIS2_PLACEMENT_3D('',#406,#407,#408);
#406 = CARTESIAN_POINT('',(-136.8,-34.35,-9.));
#407 = DIRECTION('',(1.,0.,0.));
#408 = DIRECTION('',(0.,0.,1.));
#409 = DEFINITIONAL_REPRESENTATION('',(#410),#414);
#410 = LINE('',#411,#412);
#411 = CARTESIAN_POINT('',(8.,0.));
#412 = VECTOR('',#413,1.);
#413 = DIRECTION('',(0.,-1.));
#414 = ( GEOMETRIC_REPRESENTATION_CONTEXT(2) 
PARAMETRIC_REPRESENTATION_CONTEXT() REPRESENTATION_CONTEXT('2D SPACE',''
  ) );
#415 = ORIENTED_EDGE('',*,*,#416,.T.);
#416 = EDGE_CURVE('',#389,#417,#419,.T.);
#417 = VERTEX_POINT('',#418);
#418 = CARTESIAN_POINT('',(-50.26,-31.85,-1.));
#419 = SURFACE_CURVE('',#420,(#424,#431),.PCURVE_S1.);
#420 = LINE('',#421,#422);
#421 = CARTESIAN_POINT('',(-199.,-31.85,-1.));
#422 = VECTOR('',#423,1.);
#423 = DIRECTION('',(1.,0.,0.));
#424 = PCURVE('',#176,#425);
#425 = DEFINITIONAL_REPRESENTATION('',(#426),#430);
#426 = LINE('',#427,#428);
#427 = CARTESIAN_POINT('',(0.,0.));
#428 = VECTOR('',#429,1.);
#429 = DIRECTION('',(1.,0.));
#430 = ( GEOMETRIC_REPRESENTATION_CONTEXT(2) 
PARAMETRIC_REPRESENTATION_CONTEXT() REPRESENTATION_CONTEXT('2D SPACE',''
  ) );
#431 = PCURVE('',#258,#432);
#432 = DEFINITIONAL_REPRESENTATION('',(#433),#437);
#433 = LINE('',#434,#435);
#434 = CARTESIAN_POINT('',(0.,0.));
#435 = VECTOR('',#436,1.);
#436 = DIRECTION('',(0.,1.));
#437 = ( GEOMETRIC_REPRESENTATION_CONTEXT(2) 
PARAMETRIC_REPRESENTATION_CONTEXT() REPRESENTATION_CONTEXT('2D SPACE',''
  ) );
#438 = ORIENTED_EDGE('',*,*,#439,.T.);
#439 = EDGE_CURVE('',#417,#440,#442,.T.);
#440 = VERTEX_POINT('',#441);
#441 = CARTESIAN_POINT('',(-50.26,-30.35,-1.));
#442 = SURFACE_CURVE('',#443,(#447,#454),.PCURVE_S1.);
#443 = LINE('',#444,#445);
#444 = CARTESIAN_POINT('',(-50.26,-34.35,-1.));
#445 = VECTOR('',#446,1.);
#446 = DIRECTION('',(0.,1.,0.));
#447 = PCURVE('',#176,#448);
#448 = DEFINITIONAL_REPRESENTATION('',(#449),#453);
#449 = LINE('',#450,#451);
#450 = CARTESIAN_POINT('',(148.74,-2.5));
#451 = VECTOR('',#452,1.);
#452 = DIRECTION('',(0.,1.));
#453 = ( GEOMETRIC_REPRESENTATION_CONTEXT(2) 
PARAMETRIC_REPRESENTATION_CONTEXT() REPRESENTATION_CONTEXT('2D SPACE',''
  ) );
#454 = PCURVE('',#455,#460);
#455 = PLANE('',#456);
#456 = AXIS2_PLACEMENT_3D('',#457,#458,#459);
#457 = CARTESIAN_POINT('',(-50.26,-34.35,-9.));
#458 = DIRECTION('',(1.,0.,0.));
#459 = DIRECTION('',(0.,0.,1.));
#460 = DEFINITIONAL_REPRESENTATION('',(#461),#465);
#461 = LINE('',#462,#463);
#462 = CARTESIAN_POINT('',(8.,0.));
#463 = VECTOR('',#464,1.);
#464 = DIRECTION('',(0.,-1.));
#465 = ( GEOMETRIC_REPRESENTATION_CONTEXT(2) 
PARAMETRIC_REPRESENTATION_CONTEXT() REPRESENTATION_CONTEXT('2D SPACE',''
  ) );
#466 = ORIENTED_EDGE('',*,*,#467,.T.);
#467 = EDGE_CURVE('',#440,#468,#470,.T.);
#468 = VERTEX_POINT('',#469);
#469 = CARTESIAN_POINT('',(-49.26,-29.35,-1.));
#470 = SURFACE_CURVE('',#471,(#476,#487),.PCURVE_S1.);
#471 = CIRCLE('',#472,1.);
#472 = AXIS2_PLACEMENT_3D('',#473,#474,#475);
#473 = CARTESIAN_POINT('',(-49.26,-30.35,-1.));
#474 = DIRECTION('',(-0.,-0.,-1.));
#475 = DIRECTION('',(0.,-1.,0.));
#476 = PCURVE('',#176,#477);
#477 = DEFINITIONAL_REPRESENTATION('',(#478),#486);
#478 = ( BOUNDED_CURVE() B_SPLINE_CURVE(2,(#479,#480,#481,#482,#483,#484
,#485),.UNSPECIFIED.,.T.,.F.) B_SPLINE_CURVE_WITH_KNOTS((1,2,2,2,2,1),(
    -2.094395102393,0.,2.094395102393,4.188790204786,6.28318530718,
8.377580409573),.UNSPECIFIED.) CURVE() GEOMETRIC_REPRESENTATION_ITEM() 
RATIONAL_B_SPLINE_CURVE((1.,0.5,1.,0.5,1.,0.5,1.)) REPRESENTATION_ITEM(
  '') );
#479 = CARTESIAN_POINT('',(149.74,0.5));
#480 = CARTESIAN_POINT('',(148.00794919243,0.5));
#481 = CARTESIAN_POINT('',(148.87397459621,2.));
#482 = CARTESIAN_POINT('',(149.74,3.5));
#483 = CARTESIAN_POINT('',(150.60602540378,2.));
#484 = CARTESIAN_POINT('',(151.47205080756,0.5));
#485 = CARTESIAN_POINT('',(149.74,0.5));
#486 = ( GEOMETRIC_REPRESENTATION_CONTEXT(2) 
PARAMETRIC_REPRESENTATION_CONTEXT() REPRESENTATION_CONTEXT('2D SPACE',''
  ) );
#487 = PCURVE('',#488,#493);
#488 = CYLINDRICAL_SURFACE('',#489,1.);
#489 = AXIS2_PLACEMENT_3D('',#490,#491,#492);
#490 = CARTESIAN_POINT('',(-49.26,-30.35,-9.));
#491 = DIRECTION('',(0.,0.,1.));
#492 = DIRECTION('',(-1.,-0.,0.));
#493 = DEFINITIONAL_REPRESENTATION('',(#494),#498);
#494 = LINE('',#495,#496);
#495 = CARTESIAN_POINT('',(1.570796326795,8.));
#496 = VECTOR('',#497,1.);
#497 = DIRECTION('',(-1.,0.));
#498 = ( GEOMETRIC_REPRESENTATION_CONTEXT(2) 
PARAMETRIC_REPRESENTATION_CONTEXT() REPRESENTATION_CONTEXT('2D SPACE',''
  ) );
#499 = ORIENTED_EDGE('',*,*,#500,.T.);
#500 = EDGE_CURVE('',#468,#501,#503,.T.);
#501 = VERTEX_POINT('',#502);
#502 = CARTESIAN_POINT('',(-46.26,-29.35,-1.));
#503 = SURFACE_CURVE('',#504,(#508,#515),.PCURVE_S1.);
#504 = LINE('',#505,#506);
#505 = CARTESIAN_POINT('',(-50.26,-29.35,-1.));
#506 = VECTOR('',#507,1.);
#507 = DIRECTION('',(1.,0.,0.));
#508 = PCURVE('',#176,#509);
#509 = DEFINITIONAL_REPRESENTATION('',(#510),#514);
#510 = LINE('',#511,#512);
#511 = CARTESIAN_POINT('',(148.74,2.5));
#512 = VECTOR('',#513,1.);
#513 = DIRECTION('',(1.,0.));
#514 = ( GEOMETRIC_REPRESENTATION_CONTEXT(2) 
PARAMETRIC_REPRESENTATION_CONTEXT() REPRESENTATION_CONTEXT('2D SPACE',''
  ) );
#515 = PCURVE('',#516,#521);
#516 = PLANE('',#517);
#517 = AXIS2_PLACEMENT_3D('',#518,#519,#520);
#518 = CARTESIAN_POINT('',(-50.26,-29.35,-9.));
#519 = DIRECTION('',(0.,1.,0.));
#520 = DIRECTION('',(0.,0.,1.));
#521 = DEFINITIONAL_REPRESENTATION('',(#522),#526);
#522 = LINE('',#523,#524);
#523 = CARTESIAN_POINT('',(8.,0.));
#524 = VECTOR('',#525,1.);
#525 = DIRECTION('',(0.,1.));
#526 = ( GEOMETRIC_REPRESENTATION_CONTEXT(2) 
PARAMETRIC_REPRESENTATION_CONTEXT() REPRESENTATION_CONTEXT('2D SPACE',''
  ) );
#527 = ORIENTED_EDGE('',*,*,#528,.F.);
#528 = EDGE_CURVE('',#529,#501,#531,.T.);
#529 = VERTEX_POINT('',#530);
#530 = CARTESIAN_POINT('',(-45.26,-30.35,-1.));
#531 = SURFACE_CURVE('',#532,(#537,#544),.PCURVE_S1.);
#532 = CIRCLE('',#533,1.);
#533 = AXIS2_PLACEMENT_3D('',#534,#535,#536);
#534 = CARTESIAN_POINT('',(-46.26,-30.35,-1.));
#535 = DIRECTION('',(0.,0.,1.));
#536 = DIRECTION('',(0.,-1.,0.));
#537 = PCURVE('',#176,#538);
#538 = DEFINITIONAL_REPRESENTATION('',(#539),#543);
#539 = CIRCLE('',#540,1.);
#540 = AXIS2_PLACEMENT_2D('',#541,#542);
#541 = CARTESIAN_POINT('',(152.74,1.5));
#542 = DIRECTION('',(0.,-1.));
#543 = ( GEOMETRIC_REPRESENTATION_CONTEXT(2) 
PARAMETRIC_REPRESENTATION_CONTEXT() REPRESENTATION_CONTEXT('2D SPACE',''
  ) );
#544 = PCURVE('',#545,#550);
#545 = CYLINDRICAL_SURFACE('',#546,1.);
#546 = AXIS2_PLACEMENT_3D('',#547,#548,#549);
#547 = CARTESIAN_POINT('',(-46.26,-30.35,-9.));
#548 = DIRECTION('',(0.,0.,1.));
#549 = DIRECTION('',(1.,0.,-0.));
#550 = DEFINITIONAL_REPRESENTATION('',(#551),#555);
#551 = LINE('',#552,#553);
#552 = CARTESIAN_POINT('',(-1.570796326795,8.));
#553 = VECTOR('',#554,1.);
#554 = DIRECTION('',(1.,0.));
#555 = ( GEOMETRIC_REPRESENTATION_CONTEXT(2) 
PARAMETRIC_REPRESENTATION_CONTEXT() REPRESENTATION_CONTEXT('2D SPACE',''
  ) );
#556 = ORIENTED_EDGE('',*,*,#557,.F.);
#557 = EDGE_CURVE('',#558,#529,#560,.T.);
#558 = VERTEX_POINT('',#559);
#559 = CARTESIAN_POINT('',(-45.26,-31.85,-1.));
#560 = SURFACE_CURVE('',#561,(#565,#572),.PCURVE_S1.);
#561 = LINE('',#562,#563);
#562 = CARTESIAN_POINT('',(-45.26,-34.35,-1.));
#563 = VECTOR('',#564,1.);
#564 = DIRECTION('',(0.,1.,0.));
#565 = PCURVE('',#176,#566);
#566 = DEFINITIONAL_REPRESENTATION('',(#567),#571);
#567 = LINE('',#568,#569);
#568 = CARTESIAN_POINT('',(153.74,-2.5));
#569 = VECTOR('',#570,1.);
#570 = DIRECTION('',(0.,1.));
#571 = ( GEOMETRIC_REPRESENTATION_CONTEXT(2) 
PARAMETRIC_REPRESENTATION_CONTEXT() REPRESENTATION_CONTEXT('2D SPACE',''
  ) );
#572 = PCURVE('',#573,#578);
#573 = PLANE('',#574);
#574 = AXIS2_PLACEMENT_3D('',#575,#576,#577);
#575 = CARTESIAN_POINT('',(-45.26,-34.35,-9.));
#576 = DIRECTION('',(1.,0.,0.));
#577 = DIRECTION('',(0.,0.,1.));
#578 = DEFINITIONAL_REPRESENTATION('',(#579),#583);
#579 = LINE('',#580,#581);
#580 = CARTESIAN_POINT('',(8.,0.));
#581 = VECTOR('',#582,1.);
#582 = DIRECTION('',(0.,-1.));
#583 = ( GEOMETRIC_REPRESENTATION_CONTEXT(2) 
PARAMETRIC_REPRESENTATION_CONTEXT() REPRESENTATION_CONTEXT('2D SPACE',''
  ) );
#584 = ORIENTED_EDGE('',*,*,#585,.T.);
#585 = EDGE_CURVE('',#558,#586,#588,.T.);
#586 = VERTEX_POINT('',#587);
#587 = CARTESIAN_POINT('',(45.26,-31.85,-1.));
#588 = SURFACE_CURVE('',#589,(#593,#600),.PCURVE_S1.);
#589 = LINE('',#590,#591);
#590 = CARTESIAN_POINT('',(-199.,-31.85,-1.));
#591 = VECTOR('',#592,1.);
#592 = DIRECTION('',(1.,0.,0.));
#593 = PCURVE('',#176,#594);
#594 = DEFINITIONAL_REPRESENTATION('',(#595),#599);
#595 = LINE('',#596,#597);
#596 = CARTESIAN_POINT('',(0.,0.));
#597 = VECTOR('',#598,1.);
#598 = DIRECTION('',(1.,0.));
#599 = ( GEOMETRIC_REPRESENTATION_CONTEXT(2) 
PARAMETRIC_REPRESENTATION_CONTEXT() REPRESENTATION_CONTEXT('2D SPACE',''
  ) );
#600 = PCURVE('',#258,#601);
#601 = DEFINITIONAL_REPRESENTATION('',(#602),#606);
#602 = LINE('',#603,#604);
#603 = CARTESIAN_POINT('',(0.,0.));
#604 = VECTOR('',#605,1.);
#605 = DIRECTION('',(0.,1.));
#606 = ( GEOMETRIC_REPRESENTATION_CONTEXT(2) 
PARAMETRIC_REPRESENTATION_CONTEXT() REPRESENTATION_CONTEXT('2D SPACE',''
  ) );
#607 = ORIENTED_EDGE('',*,*,#608,.T.);
#608 = EDGE_CURVE('',#586,#609,#611,.T.);
#609 = VERTEX_POINT('',#610);
#610 = CARTESIAN_POINT('',(45.26,-30.35,-1.));
#611 = SURFACE_CURVE('',#612,(#616,#623),.PCURVE_S1.);
#612 = LINE('',#613,#614);
#613 = CARTESIAN_POINT('',(45.26,-34.35,-1.));
#614 = VECTOR('',#615,1.);
#615 = DIRECTION('',(0.,1.,0.));
#616 = PCURVE('',#176,#617);
#617 = DEFINITIONAL_REPRESENTATION('',(#618),#622);
#618 = LINE('',#619,#620);
#619 = CARTESIAN_POINT('',(244.26,-2.5));
#620 = VECTOR('',#621,1.);
#621 = DIRECTION('',(0.,1.));
#622 = ( GEOMETRIC_REPRESENTATION_CONTEXT(2) 
PARAMETRIC_REPRESENTATION_CONTEXT() REPRESENTATION_CONTEXT('2D SPACE',''
  ) );
#623 = PCURVE('',#624,#629);
#624 = PLANE('',#625);
#625 = AXIS2_PLACEMENT_3D('',#626,#627,#628);
#626 = CARTESIAN_POINT('',(45.26,-34.35,-9.));
#627 = DIRECTION('',(1.,0.,0.));
#628 = DIRECTION('',(0.,0.,1.));
#629 = DEFINITIONAL_REPRESENTATION('',(#630),#634);
#630 = LINE('',#631,#632);
#631 = CARTESIAN_POINT('',(8.,0.));
#632 = VECTOR('',#633,1.);
#633 = DIRECTION('',(0.,-1.));
#634 = ( GEOMETRIC_REPRESENTATION_CONTEXT(2) 
PARAMETRIC_REPRESENTATION_CONTEXT() REPRESENTATION_CONTEXT('2D SPACE',''
  ) );
#635 = ORIENTED_EDGE('',*,*,#636,.T.);
#636 = EDGE_CURVE('',#609,#637,#639,.T.);
#637 = VERTEX_POINT('',#638);
#638 = CARTESIAN_POINT('',(46.26,-29.35,-1.));
#639 = SURFACE_CURVE('',#640,(#645,#656),.PCURVE_S1.);
#640 = CIRCLE('',#641,1.);
#641 = AXIS2_PLACEMENT_3D('',#642,#643,#644);
#642 = CARTESIAN_POINT('',(46.26,-30.35,-1.));
#643 = DIRECTION('',(-0.,-0.,-1.));
#644 = DIRECTION('',(0.,-1.,0.));
#645 = PCURVE('',#176,#646);
#646 = DEFINITIONAL_REPRESENTATION('',(#647),#655);
#647 = ( BOUNDED_CURVE() B_SPLINE_CURVE(2,(#648,#649,#650,#651,#652,#653
,#654),.UNSPECIFIED.,.T.,.F.) B_SPLINE_CURVE_WITH_KNOTS((1,2,2,2,2,1),(
    -2.094395102393,0.,2.094395102393,4.188790204786,6.28318530718,
8.377580409573),.UNSPECIFIED.) CURVE() GEOMETRIC_REPRESENTATION_ITEM() 
RATIONAL_B_SPLINE_CURVE((1.,0.5,1.,0.5,1.,0.5,1.)) REPRESENTATION_ITEM(
  '') );
#648 = CARTESIAN_POINT('',(245.26,0.5));
#649 = CARTESIAN_POINT('',(243.52794919243,0.5));
#650 = CARTESIAN_POINT('',(244.39397459621,2.));
#651 = CARTESIAN_POINT('',(245.26,3.5));
#652 = CARTESIAN_POINT('',(246.12602540378,2.));
#653 = CARTESIAN_POINT('',(246.99205080756,0.5));
#654 = CARTESIAN_POINT('',(245.26,0.5));
#655 = ( GEOMETRIC_REPRESENTATION_CONTEXT(2) 
PARAMETRIC_REPRESENTATION_CONTEXT() REPRESENTATION_CONTEXT('2D SPACE',''
  ) );
#656 = PCURVE('',#657,#662);
#657 = CYLINDRICAL_SURFACE('',#658,1.);
#658 = AXIS2_PLACEMENT_3D('',#659,#660,#661);
#659 = CARTESIAN_POINT('',(46.26,-30.35,-9.));
#660 = DIRECTION('',(0.,0.,1.));
#661 = DIRECTION('',(-1.,-0.,0.));
#662 = DEFINITIONAL_REPRESENTATION('',(#663),#667);
#663 = LINE('',#664,#665);
#664 = CARTESIAN_POINT('',(1.570796326795,8.));
#665 = VECTOR('',#666,1.);
#666 = DIRECTION('',(-1.,0.));
#667 = ( GEOMETRIC_REPRESENTATION_CONTEXT(2) 
PARAMETRIC_REPRESENTATION_CONTEXT() REPRESENTATION_CONTEXT('2D SPACE',''
  ) );
#668 = ORIENTED_EDGE('',*,*,#669,.T.);
#669 = EDGE_CURVE('',#637,#670,#672,.T.);
#670 = VERTEX_POINT('',#671);
#671 = CARTESIAN_POINT('',(49.26,-29.35,-1.));
#672 = SURFACE_CURVE('',#673,(#677,#684),.PCURVE_S1.);
#673 = LINE('',#674,#675);
#674 = CARTESIAN_POINT('',(45.26,-29.35,-1.));
#675 = VECTOR('',#676,1.);
#676 = DIRECTION('',(1.,0.,0.));
#677 = PCURVE('',#176,#678);
#678 = DEFINITIONAL_REPRESENTATION('',(#679),#683);
#679 = LINE('',#680,#681);
#680 = CARTESIAN_POINT('',(244.26,2.5));
#681 = VECTOR('',#682,1.);
#682 = DIRECTION('',(1.,0.));
#683 = ( GEOMETRIC_REPRESENTATION_CONTEXT(2) 
PARAMETRIC_REPRESENTATION_CONTEXT() REPRESENTATION_CONTEXT('2D SPACE',''
  ) );
#684 = PCURVE('',#685,#690);
#685 = PLANE('',#686);
#686 = AXIS2_PLACEMENT_3D('',#687,#688,#689);
#687 = CARTESIAN_POINT('',(45.26,-29.35,-9.));
#688 = DIRECTION('',(0.,1.,0.));
#689 = DIRECTION('',(0.,0.,1.));
#690 = DEFINITIONAL_REPRESENTATION('',(#691),#695);
#691 = LINE('',#692,#693);
#692 = CARTESIAN_POINT('',(8.,0.));
#693 = VECTOR('',#694,1.);
#694 = DIRECTION('',(0.,1.));
#695 = ( GEOMETRIC_REPRESENTATION_CONTEXT(2) 
PARAMETRIC_REPRESENTATION_CONTEXT() REPRESENTATION_CONTEXT('2D SPACE',''
  ) );
#696 = ORIENTED_EDGE('',*,*,#697,.F.);
#697 = EDGE_CURVE('',#698,#670,#700,.T.);
#698 = VERTEX_POINT('',#699);
#699 = CARTESIAN_POINT('',(50.26,-30.35,-1.));
#700 = SURFACE_CURVE('',#701,(#706,#713),.PCURVE_S1.);
#701 = CIRCLE('',#702,1.);
#702 = AXIS2_PLACEMENT_3D('',#703,#704,#705);
#703 = CARTESIAN_POINT('',(49.26,-30.35,-1.));
#704 = DIRECTION('',(0.,0.,1.));
#705 = DIRECTION('',(0.,-1.,0.));
#706 = PCURVE('',#176,#707);
#707 = DEFINITIONAL_REPRESENTATION('',(#708),#712);
#708 = CIRCLE('',#709,1.);
#709 = AXIS2_PLACEMENT_2D('',#710,#711);
#710 = CARTESIAN_POINT('',(248.26,1.5));
#711 = DIRECTION('',(0.,-1.));
#712 = ( GEOMETRIC_REPRESENTATION_CONTEXT(2) 
PARAMETRIC_REPRESENTATION_CONTEXT() REPRESENTATION_CONTEXT('2D SPACE',''
  ) );
#713 = PCURVE('',#714,#719);
#714 = CYLINDRICAL_SURFACE('',#715,1.);
#715 = AXIS2_PLACEMENT_3D('',#716,#717,#718);
#716 = CARTESIAN_POINT('',(49.26,-30.35,-9.));
#717 = DIRECTION('',(0.,0.,1.));
#718 = DIRECTION('',(1.,0.,-0.));
#719 = DEFINITIONAL_REPRESENTATION('',(#720),#724);
#720 = LINE('',#721,#722);
#721 = CARTESIAN_POINT('',(-1.570796326795,8.));
#722 = VECTOR('',#723,1.);
#723 = DIRECTION('',(1.,0.));
#724 = ( GEOMETRIC_REPRESENTATION_CONTEXT(2) 
PARAMETRIC_REPRESENTATION_CONTEXT() REPRESENTATION_CONTEXT('2D SPACE',''
  ) );
#725 = ORIENTED_EDGE('',*,*,#726,.F.);
#726 = EDGE_CURVE('',#727,#698,#729,.T.);
#727 = VERTEX_POINT('',#728);
#728 = CARTESIAN_POINT('',(50.26,-31.85,-1.));
#729 = SURFACE_CURVE('',#730,(#734,#741),.PCURVE_S1.);
#730 = LINE('',#731,#732);
#731 = CARTESIAN_POINT('',(50.26,-34.35,-1.));
#732 = VECTOR('',#733,1.);
#733 = DIRECTION('',(0.,1.,0.));
#734 = PCURVE('',#176,#735);
#735 = DEFINITIONAL_REPRESENTATION('',(#736),#740);
#736 = LINE('',#737,#738);
#737 = CARTESIAN_POINT('',(249.26,-2.5));
#738 = VECTOR('',#739,1.);
#739 = DIRECTION('',(0.,1.));
#740 = ( GEOMETRIC_REPRESENTATION_CONTEXT(2) 
PARAMETRIC_REPRESENTATION_CONTEXT() REPRESENTATION_CONTEXT('2D SPACE',''
  ) );
#741 = PCURVE('',#742,#747);
#742 = PLANE('',#743);
#743 = AXIS2_PLACEMENT_3D('',#744,#745,#746);
#744 = CARTESIAN_POINT('',(50.26,-34.35,-9.));
#745 = DIRECTION('',(1.,0.,0.));
#746 = DIRECTION('',(0.,0.,1.));
#747 = DEFINITIONAL_REPRESENTATION('',(#748),#752);
#748 = LINE('',#749,#750);
#749 = CARTESIAN_POINT('',(8.,0.));
#750 = VECTOR('',#751,1.);
#751 = DIRECTION('',(0.,-1.));
#752 = ( GEOMETRIC_REPRESENTATION_CONTEXT(2) 
PARAMETRIC_REPRESENTATION_CONTEXT() REPRESENTATION_CONTEXT('2D SPACE',''
  ) );
#753 = ORIENTED_EDGE('',*,*,#754,.T.);
#754 = EDGE_CURVE('',#727,#755,#757,.T.);
#755 = VERTEX_POINT('',#756);
#756 = CARTESIAN_POINT('',(136.8,-31.85,-1.));
#757 = SURFACE_CURVE('',#758,(#762,#769),.PCURVE_S1.);
#758 = LINE('',#759,#760);
#759 = CARTESIAN_POINT('',(-199.,-31.85,-1.));
#760 = VECTOR('',#761,1.);
#761 = DIRECTION('',(1.,0.,0.));
#762 = PCURVE('',#176,#763);
#763 = DEFINITIONAL_REPRESENTATION('',(#764),#768);
#764 = LINE('',#765,#766);
#765 = CARTESIAN_POINT('',(0.,0.));
#766 = VECTOR('',#767,1.);
#767 = DIRECTION('',(1.,0.));
#768 = ( GEOMETRIC_REPRESENTATION_CONTEXT(2) 
PARAMETRIC_REPRESENTATION_CONTEXT() REPRESENTATION_CONTEXT('2D SPACE',''
  ) );
#769 = PCURVE('',#258,#770);
#770 = DEFINITIONAL_REPRESENTATION('',(#771),#775);
#771 = LINE('',#772,#773);
#772 = CARTESIAN_POINT('',(0.,0.));
#773 = VECTOR('',#774,1.);
#774 = DIRECTION('',(0.,1.));
#775 = ( GEOMETRIC_REPRESENTATION_CONTEXT(2) 
PARAMETRIC_REPRESENTATION_CONTEXT() REPRESENTATION_CONTEXT('2D SPACE',''
  ) );
#776 = ORIENTED_EDGE('',*,*,#777,.T.);
#777 = EDGE_CURVE('',#755,#778,#780,.T.);
#778 = VERTEX_POINT('',#779);
#779 = CARTESIAN_POINT('',(136.8,-30.35,-1.));
#780 = SURFACE_CURVE('',#781,(#785,#792),.PCURVE_S1.);
#781 = LINE('',#782,#783);
#782 = CARTESIAN_POINT('',(136.8,-34.35,-1.));
#783 = VECTOR('',#784,1.);
#784 = DIRECTION('',(0.,1.,0.));
#785 = PCURVE('',#176,#786);
#786 = DEFINITIONAL_REPRESENTATION('',(#787),#791);
#787 = LINE('',#788,#789);
#788 = CARTESIAN_POINT('',(335.8,-2.5));
#789 = VECTOR('',#790,1.);
#790 = DIRECTION('',(0.,1.));
#791 = ( GEOMETRIC_REPRESENTATION_CONTEXT(2) 
PARAMETRIC_REPRESENTATION_CONTEXT() REPRESENTATION_CONTEXT('2D SPACE',''
  ) );
#792 = PCURVE('',#793,#798);
#793 = PLANE('',#794);
#794 = AXIS2_PLACEMENT_3D('',#795,#796,#797);
#795 = CARTESIAN_POINT('',(136.8,-34.35,-9.));
#796 = DIRECTION('',(1.,0.,0.));
#797 = DIRECTION('',(0.,0.,1.));
#798 = DEFINITIONAL_REPRESENTATION('',(#799),#803);
#799 = LINE('',#800,#801);
#800 = CARTESIAN_POINT('',(8.,0.));
#801 = VECTOR('',#802,1.);
#802 = DIRECTION('',(0.,-1.));
#803 = ( GEOMETRIC_REPRESENTATION_CONTEXT(2) 
PARAMETRIC_REPRESENTATION_CONTEXT() REPRESENTATION_CONTEXT('2D SPACE',''
  ) );
#804 = ORIENTED_EDGE('',*,*,#805,.T.);
#805 = EDGE_CURVE('',#778,#806,#808,.T.);
#806 = VERTEX_POINT('',#807);
#807 = CARTESIAN_POINT('',(137.8,-29.35,-1.));
#808 = SURFACE_CURVE('',#809,(#814,#825),.PCURVE_S1.);
#809 = CIRCLE('',#810,1.);
#810 = AXIS2_PLACEMENT_3D('',#811,#812,#813);
#811 = CARTESIAN_POINT('',(137.8,-30.35,-1.));
#812 = DIRECTION('',(-0.,-0.,-1.));
#813 = DIRECTION('',(0.,-1.,0.));
#814 = PCURVE('',#176,#815);
#815 = DEFINITIONAL_REPRESENTATION('',(#816),#824);
#816 = ( BOUNDED_CURVE() B_SPLINE_CURVE(2,(#817,#818,#819,#820,#821,#822
,#823),.UNSPECIFIED.,.T.,.F.) B_SPLINE_CURVE_WITH_KNOTS((1,2,2,2,2,1),(
    -2.094395102393,0.,2.094395102393,4.188790204786,6.28318530718,
8.377580409573),.UNSPECIFIED.) CURVE() GEOMETRIC_REPRESENTATION_ITEM() 
RATIONAL_B_SPLINE_CURVE((1.,0.5,1.,0.5,1.,0.5,1.)) REPRESENTATION_ITEM(
  '') );
#817 = CARTESIAN_POINT('',(336.8,0.5));
#818 = CARTESIAN_POINT('',(335.06794919243,0.5));
#819 = CARTESIAN_POINT('',(335.93397459621,2.));
#820 = CARTESIAN_POINT('',(336.8,3.5));
#821 = CARTESIAN_POINT('',(337.66602540378,2.));
#822 = CARTESIAN_POINT('',(338.53205080756,0.5));
#823 = CARTESIAN_POINT('',(336.8,0.5));
#824 = ( GEOMETRIC_REPRESENTATION_CONTEXT(2) 
PARAMETRIC_REPRESENTATION_CONTEXT() REPRESENTATION_CONTEXT('2D SPACE',''
  ) );
#825 = PCURVE('',#826,#831);
#826 = CYLINDRICAL_SURFACE('',#827,1.);
#827 = AXIS2_PLACEMENT_3D('',#828,#829,#830);
#828 = CARTESIAN_POINT('',(137.8,-30.35,-9.));
#829 = DIRECTION('',(0.,0.,1.));
#830 = DIRECTION('',(-1.,-0.,0.));
#831 = DEFINITIONAL_REPRESENTATION('',(#832),#836);
#832 = LINE('',#833,#834);
#833 = CARTESIAN_POINT('',(1.570796326795,8.));
#834 = VECTOR('',#835,1.);
#835 = DIRECTION('',(-1.,0.));
#836 = ( GEOMETRIC_REPRESENTATION_CONTEXT(2) 
PARAMETRIC_REPRESENTATION_CONTEXT() REPRESENTATION_CONTEXT('2D SPACE',''
  ) );
#837 = ORIENTED_EDGE('',*,*,#838,.T.);
#838 = EDGE_CURVE('',#806,#839,#841,.T.);
#839 = VERTEX_POINT('',#840);
#840 = CARTESIAN_POINT('',(140.8,-29.35,-1.));
#841 = SURFACE_CURVE('',#842,(#846,#853),.PCURVE_S1.);
#842 = LINE('',#843,#844);
#843 = CARTESIAN_POINT('',(136.8,-29.35,-1.));
#844 = VECTOR('',#845,1.);
#845 = DIRECTION('',(1.,0.,0.));
#846 = PCURVE('',#176,#847);
#847 = DEFINITIONAL_REPRESENTATION('',(#848),#852);
#848 = LINE('',#849,#850);
#849 = CARTESIAN_POINT('',(335.8,2.5));
#850 = VECTOR('',#851,1.);
#851 = DIRECTION('',(1.,0.));
#852 = ( GEOMETRIC_REPRESENTATION_CONTEXT(2) 
PARAMETRIC_REPRESENTATION_CONTEXT() REPRESENTATION_CONTEXT('2D SPACE',''
  ) );
#853 = PCURVE('',#854,#859);
#854 = PLANE('',#855);
#855 = AXIS2_PLACEMENT_3D('',#856,#857,#858);
#856 = CARTESIAN_POINT('',(136.8,-29.35,-9.));
#857 = DIRECTION('',(0.,1.,0.));
#858 = DIRECTION('',(0.,0.,1.));
#859 = DEFINITIONAL_REPRESENTATION('',(#860),#864);
#860 = LINE('',#861,#862);
#861 = CARTESIAN_POINT('',(8.,0.));
#862 = VECTOR('',#863,1.);
#863 = DIRECTION('',(0.,1.));
#864 = ( GEOMETRIC_REPRESENTATION_CONTEXT(2) 
PARAMETRIC_REPRESENTATION_CONTEXT() REPRESENTATION_CONTEXT('2D SPACE',''
  ) );
#865 = ORIENTED_EDGE('',*,*,#866,.F.);
#866 = EDGE_CURVE('',#867,#839,#869,.T.);
#867 = VERTEX_POINT('',#868);
#868 = CARTESIAN_POINT('',(141.8,-30.35,-1.));
#869 = SURFACE_CURVE('',#870,(#875,#882),.PCURVE_S1.);
#870 = CIRCLE('',#871,1.);
#871 = AXIS2_PLACEMENT_3D('',#872,#873,#874);
#872 = CARTESIAN_POINT('',(140.8,-30.35,-1.));
#873 = DIRECTION('',(0.,0.,1.));
#874 = DIRECTION('',(0.,-1.,0.));
#875 = PCURVE('',#176,#876);
#876 = DEFINITIONAL_REPRESENTATION('',(#877),#881);
#877 = CIRCLE('',#878,1.);
#878 = AXIS2_PLACEMENT_2D('',#879,#880);
#879 = CARTESIAN_POINT('',(339.8,1.5));
#880 = DIRECTION('',(0.,-1.));
#881 = ( GEOMETRIC_REPRESENTATION_CONTEXT(2) 
PARAMETRIC_REPRESENTATION_CONTEXT() REPRESENTATION_CONTEXT('2D SPACE',''
  ) );
#882 = PCURVE('',#883,#888);
#883 = CYLINDRICAL_SURFACE('',#884,1.);
#884 = AXIS2_PLACEMENT_3D('',#885,#886,#887);
#885 = CARTESIAN_POINT('',(140.8,-30.35,-9.));
#886 = DIRECTION('',(0.,0.,1.));
#887 = DIRECTION('',(1.,0.,-0.));
#888 = DEFINITIONAL_REPRESENTATION('',(#889),#893);
#889 = LINE('',#890,#891);
#890 = CARTESIAN_POINT('',(-1.570796326795,8.));
#891 = VECTOR('',#892,1.);
#892 = DIRECTION('',(1.,0.));
#893 = ( GEOMETRIC_REPRESENTATION_CONTEXT(2) 
PARAMETRIC_REPRESENTATION_CONTEXT() REPRESENTATION_CONTEXT('2D SPACE',''
  ) );
#894 = ORIENTED_EDGE('',*,*,#895,.F.);
#895 = EDGE_CURVE('',#896,#867,#898,.T.);
#896 = VERTEX_POINT('',#897);
#897 = CARTESIAN_POINT('',(141.8,-31.85,-1.));
#898 = SURFACE_CURVE('',#899,(#903,#910),.PCURVE_S1.);
#899 = LINE('',#900,#901);
#900 = CARTESIAN_POINT('',(141.8,-34.35,-1.));
#901 = VECTOR('',#902,1.);
#902 = DIRECTION('',(0.,1.,0.));
#903 = PCURVE('',#176,#904);
#904 = DEFINITIONAL_REPRESENTATION('',(#905),#909);
#905 = LINE('',#906,#907);
#906 = CARTESIAN_POINT('',(340.8,-2.5));
#907 = VECTOR('',#908,1.);
#908 = DIRECTION('',(0.,1.));
#909 = ( GEOMETRIC_REPRESENTATION_CONTEXT(2) 
PARAMETRIC_REPRESENTATION_CONTEXT() REPRESENTATION_CONTEXT('2D SPACE',''
  ) );
#910 = PCURVE('',#911,#916);
#911 = PLANE('',#912);
#912 = AXIS2_PLACEMENT_3D('',#913,#914,#915);
#913 = CARTESIAN_POINT('',(141.8,-34.35,-9.));
#914 = DIRECTION('',(1.,0.,0.));
#915 = DIRECTION('',(0.,0.,1.));
#916 = DEFINITIONAL_REPRESENTATION('',(#917),#921);
#917 = LINE('',#918,#919);
#918 = CARTESIAN_POINT('',(8.,0.));
#919 = VECTOR('',#920,1.);
#920 = DIRECTION('',(0.,-1.));
#921 = ( GEOMETRIC_REPRESENTATION_CONTEXT(2) 
PARAMETRIC_REPRESENTATION_CONTEXT() REPRESENTATION_CONTEXT('2D SPACE',''
  ) );
#922 = ORIENTED_EDGE('',*,*,#923,.T.);
#923 = EDGE_CURVE('',#896,#924,#926,.T.);
#924 = VERTEX_POINT('',#925);
#925 = CARTESIAN_POINT('',(196.,-31.85,-1.));
#926 = SURFACE_CURVE('',#927,(#931,#938),.PCURVE_S1.);
#927 = LINE('',#928,#929);
#928 = CARTESIAN_POINT('',(-199.,-31.85,-1.));
#929 = VECTOR('',#930,1.);
#930 = DIRECTION('',(1.,0.,0.));
#931 = PCURVE('',#176,#932);
#932 = DEFINITIONAL_REPRESENTATION('',(#933),#937);
#933 = LINE('',#934,#935);
#934 = CARTESIAN_POINT('',(0.,0.));
#935 = VECTOR('',#936,1.);
#936 = DIRECTION('',(1.,0.));
#937 = ( GEOMETRIC_REPRESENTATION_CONTEXT(2) 
PARAMETRIC_REPRESENTATION_CONTEXT() REPRESENTATION_CONTEXT('2D SPACE',''
  ) );
#938 = PCURVE('',#258,#939);
#939 = DEFINITIONAL_REPRESENTATION('',(#940),#944);
#940 = LINE('',#941,#942);
#941 = CARTESIAN_POINT('',(0.,0.));
#942 = VECTOR('',#943,1.);
#943 = DIRECTION('',(0.,1.));
#944 = ( GEOMETRIC_REPRESENTATION_CONTEXT(2) 
PARAMETRIC_REPRESENTATION_CONTEXT() REPRESENTATION_CONTEXT('2D SPACE',''
  ) );
#945 = ORIENTED_EDGE('',*,*,#946,.F.);
#946 = EDGE_CURVE('',#947,#924,#949,.T.);
#947 = VERTEX_POINT('',#948);
#948 = CARTESIAN_POINT('',(199.,-28.85,-1.));
#949 = SURFACE_CURVE('',#950,(#955,#966),.PCURVE_S1.);
#950 = CIRCLE('',#951,3.);
#951 = AXIS2_PLACEMENT_3D('',#952,#953,#954);
#952 = CARTESIAN_POINT('',(196.,-28.85,-1.));
#953 = DIRECTION('',(-0.,-0.,-1.));
#954 = DIRECTION('',(0.,-1.,0.));
#955 = PCURVE('',#176,#956);
#956 = DEFINITIONAL_REPRESENTATION('',(#957),#965);
#957 = ( BOUNDED_CURVE() B_SPLINE_CURVE(2,(#958,#959,#960,#961,#962,#963
,#964),.UNSPECIFIED.,.T.,.F.) B_SPLINE_CURVE_WITH_KNOTS((1,2,2,2,2,1),(
    -2.094395102393,0.,2.094395102393,4.188790204786,6.28318530718,
8.377580409573),.UNSPECIFIED.) CURVE() GEOMETRIC_REPRESENTATION_ITEM() 
RATIONAL_B_SPLINE_CURVE((1.,0.5,1.,0.5,1.,0.5,1.)) REPRESENTATION_ITEM(
  '') );
#958 = CARTESIAN_POINT('',(395.,0.));
#959 = CARTESIAN_POINT('',(389.80384757729,0.));
#960 = CARTESIAN_POINT('',(392.40192378864,4.5));
#961 = CARTESIAN_POINT('',(395.,9.));
#962 = CARTESIAN_POINT('',(397.59807621135,4.5));
#963 = CARTESIAN_POINT('',(400.1961524227,4.440892098501E-15));
#964 = CARTESIAN_POINT('',(395.,0.));
#965 = ( GEOMETRIC_REPRESENTATION_CONTEXT(2) 
PARAMETRIC_REPRESENTATION_CONTEXT() REPRESENTATION_CONTEXT('2D SPACE',''
  ) );
#966 = PCURVE('',#967,#972);
#967 = CYLINDRICAL_SURFACE('',#968,3.);
#968 = AXIS2_PLACEMENT_3D('',#969,#970,#971);
#969 = CARTESIAN_POINT('',(196.,-28.85,-1.));
#970 = DIRECTION('',(0.,0.,1.));
#971 = DIRECTION('',(1.,0.,-0.));
#972 = DEFINITIONAL_REPRESENTATION('',(#973),#977);
#973 = LINE('',#974,#975);
#974 = CARTESIAN_POINT('',(4.712388980385,-0.));
#975 = VECTOR('',#976,1.);
#976 = DIRECTION('',(-1.,0.));
#977 = ( GEOMETRIC_REPRESENTATION_CONTEXT(2) 
PARAMETRIC_REPRESENTATION_CONTEXT() REPRESENTATION_CONTEXT('2D SPACE',''
  ) );
#978 = ORIENTED_EDGE('',*,*,#979,.T.);
#979 = EDGE_CURVE('',#947,#980,#982,.T.);
#980 = VERTEX_POINT('',#981);
#981 = CARTESIAN_POINT('',(199.,28.85,-1.));
#982 = SURFACE_CURVE('',#983,(#987,#994),.PCURVE_S1.);
#983 = LINE('',#984,#985);
#984 = CARTESIAN_POINT('',(199.,-31.85,-1.));
#985 = VECTOR('',#986,1.);
#986 = DIRECTION('',(0.,1.,0.));
#987 = PCURVE('',#176,#988);
#988 = DEFINITIONAL_REPRESENTATION('',(#989),#993);
#989 = LINE('',#990,#991);
#990 = CARTESIAN_POINT('',(398.,0.));
#991 = VECTOR('',#992,1.);
#992 = DIRECTION('',(0.,1.));
#993 = ( GEOMETRIC_REPRESENTATION_CONTEXT(2) 
PARAMETRIC_REPRESENTATION_CONTEXT() REPRESENTATION_CONTEXT('2D SPACE',''
  ) );
#994 = PCURVE('',#995,#1000);
#995 = PLANE('',#996);
#996 = AXIS2_PLACEMENT_3D('',#997,#998,#999);
#997 = CARTESIAN_POINT('',(199.,-31.85,-1.));
#998 = DIRECTION('',(1.,0.,0.));
#999 = DIRECTION('',(0.,0.,1.));
#1000 = DEFINITIONAL_REPRESENTATION('',(#1001),#1005);
#1001 = LINE('',#1002,#1003);
#1002 = CARTESIAN_POINT('',(0.,0.));
#1003 = VECTOR('',#1004,1.);
#1004 = DIRECTION('',(0.,-1.));
#1005 = ( GEOMETRIC_REPRESENTATION_CONTEXT(2) 
PARAMETRIC_REPRESENTATION_CONTEXT() REPRESENTATION_CONTEXT('2D SPACE',''
  ) );
#1006 = ORIENTED_EDGE('',*,*,#1007,.T.);
#1007 = EDGE_CURVE('',#980,#1008,#1010,.T.);
#1008 = VERTEX_POINT('',#1009);
#1009 = CARTESIAN_POINT('',(196.,31.85,-1.));
#1010 = SURFACE_CURVE('',#1011,(#1016,#1023),.PCURVE_S1.);
#1011 = CIRCLE('',#1012,3.);
#1012 = AXIS2_PLACEMENT_3D('',#1013,#1014,#1015);
#1013 = CARTESIAN_POINT('',(196.,28.85,-1.));
#1014 = DIRECTION('',(0.,0.,1.));
#1015 = DIRECTION('',(0.,-1.,0.));
#1016 = PCURVE('',#176,#1017);
#1017 = DEFINITIONAL_REPRESENTATION('',(#1018),#1022);
#1018 = CIRCLE('',#1019,3.);
#1019 = AXIS2_PLACEMENT_2D('',#1020,#1021);
#1020 = CARTESIAN_POINT('',(395.,60.7));
#1021 = DIRECTION('',(0.,-1.));
#1022 = ( GEOMETRIC_REPRESENTATION_CONTEXT(2) 
PARAMETRIC_REPRESENTATION_CONTEXT() REPRESENTATION_CONTEXT('2D SPACE',''
  ) );
#1023 = PCURVE('',#1024,#1029);
#1024 = CYLINDRICAL_SURFACE('',#1025,3.);
#1025 = AXIS2_PLACEMENT_3D('',#1026,#1027,#1028);
#1026 = CARTESIAN_POINT('',(196.,28.85,-1.));
#1027 = DIRECTION('',(0.,0.,1.));
#1028 = DIRECTION('',(1.,0.,-0.));
#1029 = DEFINITIONAL_REPRESENTATION('',(#1030),#1034);
#1030 = LINE('',#1031,#1032);
#1031 = CARTESIAN_POINT('',(-1.570796326795,0.));
#1032 = VECTOR('',#1033,1.);
#1033 = DIRECTION('',(1.,0.));
#1034 = ( GEOMETRIC_REPRESENTATION_CONTEXT(2) 
PARAMETRIC_REPRESENTATION_CONTEXT() REPRESENTATION_CONTEXT('2D SPACE',''
  ) );
#1035 = ORIENTED_EDGE('',*,*,#1036,.F.);
#1036 = EDGE_CURVE('',#1037,#1008,#1039,.T.);
#1037 = VERTEX_POINT('',#1038);
#1038 = CARTESIAN_POINT('',(141.8,31.85,-1.));
#1039 = SURFACE_CURVE('',#1040,(#1044,#1051),.PCURVE_S1.);
#1040 = LINE('',#1041,#1042);
#1041 = CARTESIAN_POINT('',(-199.,31.85,-1.));
#1042 = VECTOR('',#1043,1.);
#1043 = DIRECTION('',(1.,0.,0.));
#1044 = PCURVE('',#176,#1045);
#1045 = DEFINITIONAL_REPRESENTATION('',(#1046),#1050);
#1046 = LINE('',#1047,#1048);
#1047 = CARTESIAN_POINT('',(0.,63.7));
#1048 = VECTOR('',#1049,1.);
#1049 = DIRECTION('',(1.,0.));
#1050 = ( GEOMETRIC_REPRESENTATION_CONTEXT(2) 
PARAMETRIC_REPRESENTATION_CONTEXT() REPRESENTATION_CONTEXT('2D SPACE',''
  ) );
#1051 = PCURVE('',#1052,#1057);
#1052 = PLANE('',#1053);
#1053 = AXIS2_PLACEMENT_3D('',#1054,#1055,#1056);
#1054 = CARTESIAN_POINT('',(-199.,31.85,-1.));
#1055 = DIRECTION('',(0.,1.,0.));
#1056 = DIRECTION('',(0.,0.,1.));
#1057 = DEFINITIONAL_REPRESENTATION('',(#1058),#1062);
#1058 = LINE('',#1059,#1060);
#1059 = CARTESIAN_POINT('',(0.,0.));
#1060 = VECTOR('',#1061,1.);
#1061 = DIRECTION('',(0.,1.));
#1062 = ( GEOMETRIC_REPRESENTATION_CONTEXT(2) 
PARAMETRIC_REPRESENTATION_CONTEXT() REPRESENTATION_CONTEXT('2D SPACE',''
  ) );
#1063 = ORIENTED_EDGE('',*,*,#1064,.F.);
#1064 = EDGE_CURVE('',#1065,#1037,#1067,.T.);
#1065 = VERTEX_POINT('',#1066);
#1066 = CARTESIAN_POINT('',(141.8,30.35,-1.));
#1067 = SURFACE_CURVE('',#1068,(#1072,#1079),.PCURVE_S1.);
#1068 = LINE('',#1069,#1070);
#1069 = CARTESIAN_POINT('',(141.8,29.35,-1.));
#1070 = VECTOR('',#1071,1.);
#1071 = DIRECTION('',(0.,1.,0.));
#1072 = PCURVE('',#176,#1073);
#1073 = DEFINITIONAL_REPRESENTATION('',(#1074),#1078);
#1074 = LINE('',#1075,#1076);
#1075 = CARTESIAN_POINT('',(340.8,61.2));
#1076 = VECTOR('',#1077,1.);
#1077 = DIRECTION('',(0.,1.));
#1078 = ( GEOMETRIC_REPRESENTATION_CONTEXT(2) 
PARAMETRIC_REPRESENTATION_CONTEXT() REPRESENTATION_CONTEXT('2D SPACE',''
  ) );
#1079 = PCURVE('',#1080,#1085);
#1080 = PLANE('',#1081);
#1081 = AXIS2_PLACEMENT_3D('',#1082,#1083,#1084);
#1082 = CARTESIAN_POINT('',(141.8,29.35,-9.));
#1083 = DIRECTION('',(1.,0.,0.));
#1084 = DIRECTION('',(0.,0.,1.));
#1085 = DEFINITIONAL_REPRESENTATION('',(#1086),#1090);
#1086 = LINE('',#1087,#1088);
#1087 = CARTESIAN_POINT('',(8.,0.));
#1088 = VECTOR('',#1089,1.);
#1089 = DIRECTION('',(0.,-1.));
#1090 = ( GEOMETRIC_REPRESENTATION_CONTEXT(2) 
PARAMETRIC_REPRESENTATION_CONTEXT() REPRESENTATION_CONTEXT('2D SPACE',''
  ) );
#1091 = ORIENTED_EDGE('',*,*,#1092,.T.);
#1092 = EDGE_CURVE('',#1065,#1093,#1095,.T.);
#1093 = VERTEX_POINT('',#1094);
#1094 = CARTESIAN_POINT('',(140.8,29.35,-1.));
#1095 = SURFACE_CURVE('',#1096,(#1101,#1112),.PCURVE_S1.);
#1096 = CIRCLE('',#1097,1.);
#1097 = AXIS2_PLACEMENT_3D('',#1098,#1099,#1100);
#1098 = CARTESIAN_POINT('',(140.8,30.35,-1.));
#1099 = DIRECTION('',(-0.,-0.,-1.));
#1100 = DIRECTION('',(0.,-1.,0.));
#1101 = PCURVE('',#176,#1102);
#1102 = DEFINITIONAL_REPRESENTATION('',(#1103),#1111);
#1103 = ( BOUNDED_CURVE() B_SPLINE_CURVE(2,(#1104,#1105,#1106,#1107,
#1108,#1109,#1110),.UNSPECIFIED.,.T.,.F.) B_SPLINE_CURVE_WITH_KNOTS((1,2
    ,2,2,2,1),(-2.094395102393,0.,2.094395102393,4.188790204786,
6.28318530718,8.377580409573),.UNSPECIFIED.) CURVE() 
GEOMETRIC_REPRESENTATION_ITEM() RATIONAL_B_SPLINE_CURVE((1.,0.5,1.,0.5,
1.,0.5,1.)) REPRESENTATION_ITEM('') );
#1104 = CARTESIAN_POINT('',(339.8,61.2));
#1105 = CARTESIAN_POINT('',(338.06794919243,61.2));
#1106 = CARTESIAN_POINT('',(338.93397459621,62.7));
#1107 = CARTESIAN_POINT('',(339.8,64.2));
#1108 = CARTESIAN_POINT('',(340.66602540378,62.7));
#1109 = CARTESIAN_POINT('',(341.53205080756,61.2));
#1110 = CARTESIAN_POINT('',(339.8,61.2));
#1111 = ( GEOMETRIC_REPRESENTATION_CONTEXT(2) 
PARAMETRIC_REPRESENTATION_CONTEXT() REPRESENTATION_CONTEXT('2D SPACE',''
  ) );
#1112 = PCURVE('',#1113,#1118);
#1113 = CYLINDRICAL_SURFACE('',#1114,1.);
#1114 = AXIS2_PLACEMENT_3D('',#1115,#1116,#1117);
#1115 = CARTESIAN_POINT('',(140.8,30.35,-9.));
#1116 = DIRECTION('',(0.,0.,1.));
#1117 = DIRECTION('',(1.,0.,-0.));
#1118 = DEFINITIONAL_REPRESENTATION('',(#1119),#1123);
#1119 = LINE('',#1120,#1121);
#1120 = CARTESIAN_POINT('',(4.712388980385,8.));
#1121 = VECTOR('',#1122,1.);
#1122 = DIRECTION('',(-1.,0.));
#1123 = ( GEOMETRIC_REPRESENTATION_CONTEXT(2) 
PARAMETRIC_REPRESENTATION_CONTEXT() REPRESENTATION_CONTEXT('2D SPACE',''
  ) );
#1124 = ORIENTED_EDGE('',*,*,#1125,.F.);
#1125 = EDGE_CURVE('',#1126,#1093,#1128,.T.);
#1126 = VERTEX_POINT('',#1127);
#1127 = CARTESIAN_POINT('',(137.8,29.35,-1.));
#1128 = SURFACE_CURVE('',#1129,(#1133,#1140),.PCURVE_S1.);
#1129 = LINE('',#1130,#1131);
#1130 = CARTESIAN_POINT('',(136.8,29.35,-1.));
#1131 = VECTOR('',#1132,1.);
#1132 = DIRECTION('',(1.,0.,0.));
#1133 = PCURVE('',#176,#1134);
#1134 = DEFINITIONAL_REPRESENTATION('',(#1135),#1139);
#1135 = LINE('',#1136,#1137);
#1136 = CARTESIAN_POINT('',(335.8,61.2));
#1137 = VECTOR('',#1138,1.);
#1138 = DIRECTION('',(1.,0.));
#1139 = ( GEOMETRIC_REPRESENTATION_CONTEXT(2) 
PARAMETRIC_REPRESENTATION_CONTEXT() REPRESENTATION_CONTEXT('2D SPACE',''
  ) );
#1140 = PCURVE('',#1141,#1146);
#1141 = PLANE('',#1142);
#1142 = AXIS2_PLACEMENT_3D('',#1143,#1144,#1145);
#1143 = CARTESIAN_POINT('',(136.8,29.35,-9.));
#1144 = DIRECTION('',(0.,1.,0.));
#1145 = DIRECTION('',(0.,0.,1.));
#1146 = DEFINITIONAL_REPRESENTATION('',(#1147),#1151);
#1147 = LINE('',#1148,#1149);
#1148 = CARTESIAN_POINT('',(8.,0.));
#1149 = VECTOR('',#1150,1.);
#1150 = DIRECTION('',(0.,1.));
#1151 = ( GEOMETRIC_REPRESENTATION_CONTEXT(2) 
PARAMETRIC_REPRESENTATION_CONTEXT() REPRESENTATION_CONTEXT('2D SPACE',''
  ) );
#1152 = ORIENTED_EDGE('',*,*,#1153,.F.);
#1153 = EDGE_CURVE('',#1154,#1126,#1156,.T.);
#1154 = VERTEX_POINT('',#1155);
#1155 = CARTESIAN_POINT('',(136.8,30.35,-1.));
#1156 = SURFACE_CURVE('',#1157,(#1162,#1169),.PCURVE_S1.);
#1157 = CIRCLE('',#1158,1.);
#1158 = AXIS2_PLACEMENT_3D('',#1159,#1160,#1161);
#1159 = CARTESIAN_POINT('',(137.8,30.35,-1.));
#1160 = DIRECTION('',(0.,0.,1.));
#1161 = DIRECTION('',(0.,-1.,0.));
#1162 = PCURVE('',#176,#1163);
#1163 = DEFINITIONAL_REPRESENTATION('',(#1164),#1168);
#1164 = CIRCLE('',#1165,1.);
#1165 = AXIS2_PLACEMENT_2D('',#1166,#1167);
#1166 = CARTESIAN_POINT('',(336.8,62.2));
#1167 = DIRECTION('',(0.,-1.));
#1168 = ( GEOMETRIC_REPRESENTATION_CONTEXT(2) 
PARAMETRIC_REPRESENTATION_CONTEXT() REPRESENTATION_CONTEXT('2D SPACE',''
  ) );
#1169 = PCURVE('',#1170,#1175);
#1170 = CYLINDRICAL_SURFACE('',#1171,1.);
#1171 = AXIS2_PLACEMENT_3D('',#1172,#1173,#1174);
#1172 = CARTESIAN_POINT('',(137.8,30.35,-9.));
#1173 = DIRECTION('',(0.,0.,1.));
#1174 = DIRECTION('',(-1.,-0.,0.));
#1175 = DEFINITIONAL_REPRESENTATION('',(#1176),#1180);
#1176 = LINE('',#1177,#1178);
#1177 = CARTESIAN_POINT('',(-4.712388980385,8.));
#1178 = VECTOR('',#1179,1.);
#1179 = DIRECTION('',(1.,0.));
#1180 = ( GEOMETRIC_REPRESENTATION_CONTEXT(2) 
PARAMETRIC_REPRESENTATION_CONTEXT() REPRESENTATION_CONTEXT('2D SPACE',''
  ) );
#1181 = ORIENTED_EDGE('',*,*,#1182,.T.);
#1182 = EDGE_CURVE('',#1154,#1183,#1185,.T.);
#1183 = VERTEX_POINT('',#1184);
#1184 = CARTESIAN_POINT('',(136.8,31.85,-1.));
#1185 = SURFACE_CURVE('',#1186,(#1190,#1197),.PCURVE_S1.);
#1186 = LINE('',#1187,#1188);
#1187 = CARTESIAN_POINT('',(136.8,29.35,-1.));
#1188 = VECTOR('',#1189,1.);
#1189 = DIRECTION('',(0.,1.,0.));
#1190 = PCURVE('',#176,#1191);
#1191 = DEFINITIONAL_REPRESENTATION('',(#1192),#1196);
#1192 = LINE('',#1193,#1194);
#1193 = CARTESIAN_POINT('',(335.8,61.2));
#1194 = VECTOR('',#1195,1.);
#1195 = DIRECTION('',(0.,1.));
#1196 = ( GEOMETRIC_REPRESENTATION_CONTEXT(2) 
PARAMETRIC_REPRESENTATION_CONTEXT() REPRESENTATION_CONTEXT('2D SPACE',''
  ) );
#1197 = PCURVE('',#1198,#1203);
#1198 = PLANE('',#1199);
#1199 = AXIS2_PLACEMENT_3D('',#1200,#1201,#1202);
#1200 = CARTESIAN_POINT('',(136.8,29.35,-9.));
#1201 = DIRECTION('',(1.,0.,0.));
#1202 = DIRECTION('',(0.,0.,1.));
#1203 = DEFINITIONAL_REPRESENTATION('',(#1204),#1208);
#1204 = LINE('',#1205,#1206);
#1205 = CARTESIAN_POINT('',(8.,0.));
#1206 = VECTOR('',#1207,1.);
#1207 = DIRECTION('',(0.,-1.));
#1208 = ( GEOMETRIC_REPRESENTATION_CONTEXT(2) 
PARAMETRIC_REPRESENTATION_CONTEXT() REPRESENTATION_CONTEXT('2D SPACE',''
  ) );
#1209 = ORIENTED_EDGE('',*,*,#1210,.F.);
#1210 = EDGE_CURVE('',#1211,#1183,#1213,.T.);
#1211 = VERTEX_POINT('',#1212);
#1212 = CARTESIAN_POINT('',(50.26,31.85,-1.));
#1213 = SURFACE_CURVE('',#1214,(#1218,#1225),.PCURVE_S1.);
#1214 = LINE('',#1215,#1216);
#1215 = CARTESIAN_POINT('',(-199.,31.85,-1.));
#1216 = VECTOR('',#1217,1.);
#1217 = DIRECTION('',(1.,0.,0.));
#1218 = PCURVE('',#176,#1219);
#1219 = DEFINITIONAL_REPRESENTATION('',(#1220),#1224);
#1220 = LINE('',#1221,#1222);
#1221 = CARTESIAN_POINT('',(0.,63.7));
#1222 = VECTOR('',#1223,1.);
#1223 = DIRECTION('',(1.,0.));
#1224 = ( GEOMETRIC_REPRESENTATION_CONTEXT(2) 
PARAMETRIC_REPRESENTATION_CONTEXT() REPRESENTATION_CONTEXT('2D SPACE',''
  ) );
#1225 = PCURVE('',#1052,#1226);
#1226 = DEFINITIONAL_REPRESENTATION('',(#1227),#1231);
#1227 = LINE('',#1228,#1229);
#1228 = CARTESIAN_POINT('',(0.,0.));
#1229 = VECTOR('',#1230,1.);
#1230 = DIRECTION('',(0.,1.));
#1231 = ( GEOMETRIC_REPRESENTATION_CONTEXT(2) 
PARAMETRIC_REPRESENTATION_CONTEXT() REPRESENTATION_CONTEXT('2D SPACE',''
  ) );
#1232 = ORIENTED_EDGE('',*,*,#1233,.F.);
#1233 = EDGE_CURVE('',#1234,#1211,#1236,.T.);
#1234 = VERTEX_POINT('',#1235);
#1235 = CARTESIAN_POINT('',(50.26,30.35,-1.));
#1236 = SURFACE_CURVE('',#1237,(#1241,#1248),.PCURVE_S1.);
#1237 = LINE('',#1238,#1239);
#1238 = CARTESIAN_POINT('',(50.26,29.35,-1.));
#1239 = VECTOR('',#1240,1.);
#1240 = DIRECTION('',(0.,1.,0.));
#1241 = PCURVE('',#176,#1242);
#1242 = DEFINITIONAL_REPRESENTATION('',(#1243),#1247);
#1243 = LINE('',#1244,#1245);
#1244 = CARTESIAN_POINT('',(249.26,61.2));
#1245 = VECTOR('',#1246,1.);
#1246 = DIRECTION('',(0.,1.));
#1247 = ( GEOMETRIC_REPRESENTATION_CONTEXT(2) 
PARAMETRIC_REPRESENTATION_CONTEXT() REPRESENTATION_CONTEXT('2D SPACE',''
  ) );
#1248 = PCURVE('',#1249,#1254);
#1249 = PLANE('',#1250);
#1250 = AXIS2_PLACEMENT_3D('',#1251,#1252,#1253);
#1251 = CARTESIAN_POINT('',(50.26,29.35,-9.));
#1252 = DIRECTION('',(1.,0.,0.));
#1253 = DIRECTION('',(0.,0.,1.));
#1254 = DEFINITIONAL_REPRESENTATION('',(#1255),#1259);
#1255 = LINE('',#1256,#1257);
#1256 = CARTESIAN_POINT('',(8.,0.));
#1257 = VECTOR('',#1258,1.);
#1258 = DIRECTION('',(0.,-1.));
#1259 = ( GEOMETRIC_REPRESENTATION_CONTEXT(2) 
PARAMETRIC_REPRESENTATION_CONTEXT() REPRESENTATION_CONTEXT('2D SPACE',''
  ) );
#1260 = ORIENTED_EDGE('',*,*,#1261,.T.);
#1261 = EDGE_CURVE('',#1234,#1262,#1264,.T.);
#1262 = VERTEX_POINT('',#1263);
#1263 = CARTESIAN_POINT('',(49.26,29.35,-1.));
#1264 = SURFACE_CURVE('',#1265,(#1270,#1281),.PCURVE_S1.);
#1265 = CIRCLE('',#1266,1.);
#1266 = AXIS2_PLACEMENT_3D('',#1267,#1268,#1269);
#1267 = CARTESIAN_POINT('',(49.26,30.35,-1.));
#1268 = DIRECTION('',(-0.,-0.,-1.));
#1269 = DIRECTION('',(0.,-1.,0.));
#1270 = PCURVE('',#176,#1271);
#1271 = DEFINITIONAL_REPRESENTATION('',(#1272),#1280);
#1272 = ( BOUNDED_CURVE() B_SPLINE_CURVE(2,(#1273,#1274,#1275,#1276,
#1277,#1278,#1279),.UNSPECIFIED.,.T.,.F.) B_SPLINE_CURVE_WITH_KNOTS((1,2
    ,2,2,2,1),(-2.094395102393,0.,2.094395102393,4.188790204786,
6.28318530718,8.377580409573),.UNSPECIFIED.) CURVE() 
GEOMETRIC_REPRESENTATION_ITEM() RATIONAL_B_SPLINE_CURVE((1.,0.5,1.,0.5,
1.,0.5,1.)) REPRESENTATION_ITEM('') );
#1273 = CARTESIAN_POINT('',(248.26,61.2));
#1274 = CARTESIAN_POINT('',(246.52794919243,61.2));
#1275 = CARTESIAN_POINT('',(247.39397459621,62.7));
#1276 = CARTESIAN_POINT('',(248.26,64.2));
#1277 = CARTESIAN_POINT('',(249.12602540378,62.7));
#1278 = CARTESIAN_POINT('',(249.99205080756,61.2));
#1279 = CARTESIAN_POINT('',(248.26,61.2));
#1280 = ( GEOMETRIC_REPRESENTATION_CONTEXT(2) 
PARAMETRIC_REPRESENTATION_CONTEXT() REPRESENTATION_CONTEXT('2D SPACE',''
  ) );
#1281 = PCURVE('',#1282,#1287);
#1282 = CYLINDRICAL_SURFACE('',#1283,1.);
#1283 = AXIS2_PLACEMENT_3D('',#1284,#1285,#1286);
#1284 = CARTESIAN_POINT('',(49.26,30.35,-9.));
#1285 = DIRECTION('',(0.,0.,1.));
#1286 = DIRECTION('',(1.,0.,-0.));
#1287 = DEFINITIONAL_REPRESENTATION('',(#1288),#1292);
#1288 = LINE('',#1289,#1290);
#1289 = CARTESIAN_POINT('',(4.712388980385,8.));
#1290 = VECTOR('',#1291,1.);
#1291 = DIRECTION('',(-1.,0.));
#1292 = ( GEOMETRIC_REPRESENTATION_CONTEXT(2) 
PARAMETRIC_REPRESENTATION_CONTEXT() REPRESENTATION_CONTEXT('2D SPACE',''
  ) );
#1293 = ORIENTED_EDGE('',*,*,#1294,.F.);
#1294 = EDGE_CURVE('',#1295,#1262,#1297,.T.);
#1295 = VERTEX_POINT('',#1296);
#1296 = CARTESIAN_POINT('',(46.26,29.35,-1.));
#1297 = SURFACE_CURVE('',#1298,(#1302,#1309),.PCURVE_S1.);
#1298 = LINE('',#1299,#1300);
#1299 = CARTESIAN_POINT('',(45.26,29.35,-1.));
#1300 = VECTOR('',#1301,1.);
#1301 = DIRECTION('',(1.,0.,0.));
#1302 = PCURVE('',#176,#1303);
#1303 = DEFINITIONAL_REPRESENTATION('',(#1304),#1308);
#1304 = LINE('',#1305,#1306);
#1305 = CARTESIAN_POINT('',(244.26,61.2));
#1306 = VECTOR('',#1307,1.);
#1307 = DIRECTION('',(1.,0.));
#1308 = ( GEOMETRIC_REPRESENTATION_CONTEXT(2) 
PARAMETRIC_REPRESENTATION_CONTEXT() REPRESENTATION_CONTEXT('2D SPACE',''
  ) );
#1309 = PCURVE('',#1310,#1315);
#1310 = PLANE('',#1311);
#1311 = AXIS2_PLACEMENT_3D('',#1312,#1313,#1314);
#1312 = CARTESIAN_POINT('',(45.26,29.35,-9.));
#1313 = DIRECTION('',(0.,1.,0.));
#1314 = DIRECTION('',(0.,0.,1.));
#1315 = DEFINITIONAL_REPRESENTATION('',(#1316),#1320);
#1316 = LINE('',#1317,#1318);
#1317 = CARTESIAN_POINT('',(8.,0.));
#1318 = VECTOR('',#1319,1.);
#1319 = DIRECTION('',(0.,1.));
#1320 = ( GEOMETRIC_REPRESENTATION_CONTEXT(2) 
PARAMETRIC_REPRESENTATION_CONTEXT() REPRESENTATION_CONTEXT('2D SPACE',''
  ) );
#1321 = ORIENTED_EDGE('',*,*,#1322,.F.);
#1322 = EDGE_CURVE('',#1323,#1295,#1325,.T.);
#1323 = VERTEX_POINT('',#1324);
#1324 = CARTESIAN_POINT('',(45.26,30.35,-1.));
#1325 = SURFACE_CURVE('',#1326,(#1331,#1338),.PCURVE_S1.);
#1326 = CIRCLE('',#1327,1.);
#1327 = AXIS2_PLACEMENT_3D('',#1328,#1329,#1330);
#1328 = CARTESIAN_POINT('',(46.26,30.35,-1.));
#1329 = DIRECTION('',(0.,0.,1.));
#1330 = DIRECTION('',(0.,-1.,0.));
#1331 = PCURVE('',#176,#1332);
#1332 = DEFINITIONAL_REPRESENTATION('',(#1333),#1337);
#1333 = CIRCLE('',#1334,1.);
#1334 = AXIS2_PLACEMENT_2D('',#1335,#1336);
#1335 = CARTESIAN_POINT('',(245.26,62.2));
#1336 = DIRECTION('',(0.,-1.));
#1337 = ( GEOMETRIC_REPRESENTATION_CONTEXT(2) 
PARAMETRIC_REPRESENTATION_CONTEXT() REPRESENTATION_CONTEXT('2D SPACE',''
  ) );
#1338 = PCURVE('',#1339,#1344);
#1339 = CYLINDRICAL_SURFACE('',#1340,1.);
#1340 = AXIS2_PLACEMENT_3D('',#1341,#1342,#1343);
#1341 = CARTESIAN_POINT('',(46.26,30.35,-9.));
#1342 = DIRECTION('',(0.,0.,1.));
#1343 = DIRECTION('',(-1.,-0.,0.));
#1344 = DEFINITIONAL_REPRESENTATION('',(#1345),#1349);
#1345 = LINE('',#1346,#1347);
#1346 = CARTESIAN_POINT('',(-4.712388980385,8.));
#1347 = VECTOR('',#1348,1.);
#1348 = DIRECTION('',(1.,0.));
#1349 = ( GEOMETRIC_REPRESENTATION_CONTEXT(2) 
PARAMETRIC_REPRESENTATION_CONTEXT() REPRESENTATION_CONTEXT('2D SPACE',''
  ) );
#1350 = ORIENTED_EDGE('',*,*,#1351,.T.);
#1351 = EDGE_CURVE('',#1323,#1352,#1354,.T.);
#1352 = VERTEX_POINT('',#1353);
#1353 = CARTESIAN_POINT('',(45.26,31.85,-1.));
#1354 = SURFACE_CURVE('',#1355,(#1359,#1366),.PCURVE_S1.);
#1355 = LINE('',#1356,#1357);
#1356 = CARTESIAN_POINT('',(45.26,29.35,-1.));
#1357 = VECTOR('',#1358,1.);
#1358 = DIRECTION('',(0.,1.,0.));
#1359 = PCURVE('',#176,#1360);
#1360 = DEFINITIONAL_REPRESENTATION('',(#1361),#1365);
#1361 = LINE('',#1362,#1363);
#1362 = CARTESIAN_POINT('',(244.26,61.2));
#1363 = VECTOR('',#1364,1.);
#1364 = DIRECTION('',(0.,1.));
#1365 = ( GEOMETRIC_REPRESENTATION_CONTEXT(2) 
PARAMETRIC_REPRESENTATION_CONTEXT() REPRESENTATION_CONTEXT('2D SPACE',''
  ) );
#1366 = PCURVE('',#1367,#1372);
#1367 = PLANE('',#1368);
#1368 = AXIS2_PLACEMENT_3D('',#1369,#1370,#1371);
#1369 = CARTESIAN_POINT('',(45.26,29.35,-9.));
#1370 = DIRECTION('',(1.,0.,0.));
#1371 = DIRECTION('',(0.,0.,1.));
#1372 = DEFINITIONAL_REPRESENTATION('',(#1373),#1377);
#1373 = LINE('',#1374,#1375);
#1374 = CARTESIAN_POINT('',(8.,0.));
#1375 = VECTOR('',#1376,1.);
#1376 = DIRECTION('',(0.,-1.));
#1377 = ( GEOMETRIC_REPRESENTATION_CONTEXT(2) 
PARAMETRIC_REPRESENTATION_CONTEXT() REPRESENTATION_CONTEXT('2D SPACE',''
  ) );
#1378 = ORIENTED_EDGE('',*,*,#1379,.F.);
#1379 = EDGE_CURVE('',#1380,#1352,#1382,.T.);
#1380 = VERTEX_POINT('',#1381);
#1381 = CARTESIAN_POINT('',(-45.26,31.85,-1.));
#1382 = SURFACE_CURVE('',#1383,(#1387,#1394),.PCURVE_S1.);
#1383 = LINE('',#1384,#1385);
#1384 = CARTESIAN_POINT('',(-199.,31.85,-1.));
#1385 = VECTOR('',#1386,1.);
#1386 = DIRECTION('',(1.,0.,0.));
#1387 = PCURVE('',#176,#1388);
#1388 = DEFINITIONAL_REPRESENTATION('',(#1389),#1393);
#1389 = LINE('',#1390,#1391);
#1390 = CARTESIAN_POINT('',(0.,63.7));
#1391 = VECTOR('',#1392,1.);
#1392 = DIRECTION('',(1.,0.));
#1393 = ( GEOMETRIC_REPRESENTATION_CONTEXT(2) 
PARAMETRIC_REPRESENTATION_CONTEXT() REPRESENTATION_CONTEXT('2D SPACE',''
  ) );
#1394 = PCURVE('',#1052,#1395);
#1395 = DEFINITIONAL_REPRESENTATION('',(#1396),#1400);
#1396 = LINE('',#1397,#1398);
#1397 = CARTESIAN_POINT('',(0.,0.));
#1398 = VECTOR('',#1399,1.);
#1399 = DIRECTION('',(0.,1.));
#1400 = ( GEOMETRIC_REPRESENTATION_CONTEXT(2) 
PARAMETRIC_REPRESENTATION_CONTEXT() REPRESENTATION_CONTEXT('2D SPACE',''
  ) );
#1401 = ORIENTED_EDGE('',*,*,#1402,.F.);
#1402 = EDGE_CURVE('',#1403,#1380,#1405,.T.);
#1403 = VERTEX_POINT('',#1404);
#1404 = CARTESIAN_POINT('',(-45.26,30.35,-1.));
#1405 = SURFACE_CURVE('',#1406,(#1410,#1417),.PCURVE_S1.);
#1406 = LINE('',#1407,#1408);
#1407 = CARTESIAN_POINT('',(-45.26,29.35,-1.));
#1408 = VECTOR('',#1409,1.);
#1409 = DIRECTION('',(0.,1.,0.));
#1410 = PCURVE('',#176,#1411);
#1411 = DEFINITIONAL_REPRESENTATION('',(#1412),#1416);
#1412 = LINE('',#1413,#1414);
#1413 = CARTESIAN_POINT('',(153.74,61.2));
#1414 = VECTOR('',#1415,1.);
#1415 = DIRECTION('',(0.,1.));
#1416 = ( GEOMETRIC_REPRESENTATION_CONTEXT(2) 
PARAMETRIC_REPRESENTATION_CONTEXT() REPRESENTATION_CONTEXT('2D SPACE',''
  ) );
#1417 = PCURVE('',#1418,#1423);
#1418 = PLANE('',#1419);
#1419 = AXIS2_PLACEMENT_3D('',#1420,#1421,#1422);
#1420 = CARTESIAN_POINT('',(-45.26,29.35,-9.));
#1421 = DIRECTION('',(1.,0.,0.));
#1422 = DIRECTION('',(0.,0.,1.));
#1423 = DEFINITIONAL_REPRESENTATION('',(#1424),#1428);
#1424 = LINE('',#1425,#1426);
#1425 = CARTESIAN_POINT('',(8.,0.));
#1426 = VECTOR('',#1427,1.);
#1427 = DIRECTION('',(0.,-1.));
#1428 = ( GEOMETRIC_REPRESENTATION_CONTEXT(2) 
PARAMETRIC_REPRESENTATION_CONTEXT() REPRESENTATION_CONTEXT('2D SPACE',''
  ) );
#1429 = ORIENTED_EDGE('',*,*,#1430,.T.);
#1430 = EDGE_CURVE('',#1403,#1431,#1433,.T.);
#1431 = VERTEX_POINT('',#1432);
#1432 = CARTESIAN_POINT('',(-46.26,29.35,-1.));
#1433 = SURFACE_CURVE('',#1434,(#1439,#1450),.PCURVE_S1.);
#1434 = CIRCLE('',#1435,1.);
#1435 = AXIS2_PLACEMENT_3D('',#1436,#1437,#1438);
#1436 = CARTESIAN_POINT('',(-46.26,30.35,-1.));
#1437 = DIRECTION('',(-0.,-0.,-1.));
#1438 = DIRECTION('',(0.,-1.,0.));
#1439 = PCURVE('',#176,#1440);
#1440 = DEFINITIONAL_REPRESENTATION('',(#1441),#1449);
#1441 = ( BOUNDED_CURVE() B_SPLINE_CURVE(2,(#1442,#1443,#1444,#1445,
#1446,#1447,#1448),.UNSPECIFIED.,.T.,.F.) B_SPLINE_CURVE_WITH_KNOTS((1,2
    ,2,2,2,1),(-2.094395102393,0.,2.094395102393,4.188790204786,
6.28318530718,8.377580409573),.UNSPECIFIED.) CURVE() 
GEOMETRIC_REPRESENTATION_ITEM() RATIONAL_B_SPLINE_CURVE((1.,0.5,1.,0.5,
1.,0.5,1.)) REPRESENTATION_ITEM('') );
#1442 = CARTESIAN_POINT('',(152.74,61.2));
#1443 = CARTESIAN_POINT('',(151.00794919243,61.2));
#1444 = CARTESIAN_POINT('',(151.87397459621,62.7));
#1445 = CARTESIAN_POINT('',(152.74,64.2));
#1446 = CARTESIAN_POINT('',(153.60602540378,62.7));
#1447 = CARTESIAN_POINT('',(154.47205080756,61.2));
#1448 = CARTESIAN_POINT('',(152.74,61.2));
#1449 = ( GEOMETRIC_REPRESENTATION_CONTEXT(2) 
PARAMETRIC_REPRESENTATION_CONTEXT() REPRESENTATION_CONTEXT('2D SPACE',''
  ) );
#1450 = PCURVE('',#1451,#1456);
#1451 = CYLINDRICAL_SURFACE('',#1452,1.);
#1452 = AXIS2_PLACEMENT_3D('',#1453,#1454,#1455);
#1453 = CARTESIAN_POINT('',(-46.26,30.35,-9.));
#1454 = DIRECTION('',(0.,0.,1.));
#1455 = DIRECTION('',(1.,0.,-0.));
#1456 = DEFINITIONAL_REPRESENTATION('',(#1457),#1461);
#1457 = LINE('',#1458,#1459);
#1458 = CARTESIAN_POINT('',(4.712388980385,8.));
#1459 = VECTOR('',#1460,1.);
#1460 = DIRECTION('',(-1.,0.));
#1461 = ( GEOMETRIC_REPRESENTATION_CONTEXT(2) 
PARAMETRIC_REPRESENTATION_CONTEXT() REPRESENTATION_CONTEXT('2D SPACE',''
  ) );
#1462 = ORIENTED_EDGE('',*,*,#1463,.F.);
#1463 = EDGE_CURVE('',#1464,#1431,#1466,.T.);
#1464 = VERTEX_POINT('',#1465);
#1465 = CARTESIAN_POINT('',(-49.26,29.35,-1.));
#1466 = SURFACE_CURVE('',#1467,(#1471,#1478),.PCURVE_S1.);
#1467 = LINE('',#1468,#1469);
#1468 = CARTESIAN_POINT('',(-50.26,29.35,-1.));
#1469 = VECTOR('',#1470,1.);
#1470 = DIRECTION('',(1.,0.,0.));
#1471 = PCURVE('',#176,#1472);
#1472 = DEFINITIONAL_REPRESENTATION('',(#1473),#1477);
#1473 = LINE('',#1474,#1475);
#1474 = CARTESIAN_POINT('',(148.74,61.2));
#1475 = VECTOR('',#1476,1.);
#1476 = DIRECTION('',(1.,0.));
#1477 = ( GEOMETRIC_REPRESENTATION_CONTEXT(2) 
PARAMETRIC_REPRESENTATION_CONTEXT() REPRESENTATION_CONTEXT('2D SPACE',''
  ) );
#1478 = PCURVE('',#1479,#1484);
#1479 = PLANE('',#1480);
#1480 = AXIS2_PLACEMENT_3D('',#1481,#1482,#1483);
#1481 = CARTESIAN_POINT('',(-50.26,29.35,-9.));
#1482 = DIRECTION('',(0.,1.,0.));
#1483 = DIRECTION('',(0.,0.,1.));
#1484 = DEFINITIONAL_REPRESENTATION('',(#1485),#1489);
#1485 = LINE('',#1486,#1487);
#1486 = CARTESIAN_POINT('',(8.,0.));
#1487 = VECTOR('',#1488,1.);
#1488 = DIRECTION('',(0.,1.));
#1489 = ( GEOMETRIC_REPRESENTATION_CONTEXT(2) 
PARAMETRIC_REPRESENTATION_CONTEXT() REPRESENTATION_CONTEXT('2D SPACE',''
  ) );
#1490 = ORIENTED_EDGE('',*,*,#1491,.F.);
#1491 = EDGE_CURVE('',#1492,#1464,#1494,.T.);
#1492 = VERTEX_POINT('',#1493);
#1493 = CARTESIAN_POINT('',(-50.26,30.35,-1.));
#1494 = SURFACE_CURVE('',#1495,(#1500,#1507),.PCURVE_S1.);
#1495 = CIRCLE('',#1496,1.);
#1496 = AXIS2_PLACEMENT_3D('',#1497,#1498,#1499);
#1497 = CARTESIAN_POINT('',(-49.26,30.35,-1.));
#1498 = DIRECTION('',(0.,0.,1.));
#1499 = DIRECTION('',(0.,-1.,0.));
#1500 = PCURVE('',#176,#1501);
#1501 = DEFINITIONAL_REPRESENTATION('',(#1502),#1506);
#1502 = CIRCLE('',#1503,1.);
#1503 = AXIS2_PLACEMENT_2D('',#1504,#1505);
#1504 = CARTESIAN_POINT('',(149.74,62.2));
#1505 = DIRECTION('',(0.,-1.));
#1506 = ( GEOMETRIC_REPRESENTATION_CONTEXT(2) 
PARAMETRIC_REPRESENTATION_CONTEXT() REPRESENTATION_CONTEXT('2D SPACE',''
  ) );
#1507 = PCURVE('',#1508,#1513);
#1508 = CYLINDRICAL_SURFACE('',#1509,1.);
#1509 = AXIS2_PLACEMENT_3D('',#1510,#1511,#1512);
#1510 = CARTESIAN_POINT('',(-49.26,30.35,-9.));
#1511 = DIRECTION('',(0.,0.,1.));
#1512 = DIRECTION('',(-1.,-0.,0.));
#1513 = DEFINITIONAL_REPRESENTATION('',(#1514),#1518);
#1514 = LINE('',#1515,#1516);
#1515 = CARTESIAN_POINT('',(-4.712388980385,8.));
#1516 = VECTOR('',#1517,1.);
#1517 = DIRECTION('',(1.,0.));
#1518 = ( GEOMETRIC_REPRESENTATION_CONTEXT(2) 
PARAMETRIC_REPRESENTATION_CONTEXT() REPRESENTATION_CONTEXT('2D SPACE',''
  ) );
#1519 = ORIENTED_EDGE('',*,*,#1520,.T.);
#1520 = EDGE_CURVE('',#1492,#1521,#1523,.T.);
#1521 = VERTEX_POINT('',#1522);
#1522 = CARTESIAN_POINT('',(-50.26,31.85,-1.));
#1523 = SURFACE_CURVE('',#1524,(#1528,#1535),.PCURVE_S1.);
#1524 = LINE('',#1525,#1526);
#1525 = CARTESIAN_POINT('',(-50.26,29.35,-1.));
#1526 = VECTOR('',#1527,1.);
#1527 = DIRECTION('',(0.,1.,0.));
#1528 = PCURVE('',#176,#1529);
#1529 = DEFINITIONAL_REPRESENTATION('',(#1530),#1534);
#1530 = LINE('',#1531,#1532);
#1531 = CARTESIAN_POINT('',(148.74,61.2));
#1532 = VECTOR('',#1533,1.);
#1533 = DIRECTION('',(0.,1.));
#1534 = ( GEOMETRIC_REPRESENTATION_CONTEXT(2) 
PARAMETRIC_REPRESENTATION_CONTEXT() REPRESENTATION_CONTEXT('2D SPACE',''
  ) );
#1535 = PCURVE('',#1536,#1541);
#1536 = PLANE('',#1537);
#1537 = AXIS2_PLACEMENT_3D('',#1538,#1539,#1540);
#1538 = CARTESIAN_POINT('',(-50.26,29.35,-9.));
#1539 = DIRECTION('',(1.,0.,0.));
#1540 = DIRECTION('',(0.,0.,1.));
#1541 = DEFINITIONAL_REPRESENTATION('',(#1542),#1546);
#1542 = LINE('',#1543,#1544);
#1543 = CARTESIAN_POINT('',(8.,0.));
#1544 = VECTOR('',#1545,1.);
#1545 = DIRECTION('',(0.,-1.));
#1546 = ( GEOMETRIC_REPRESENTATION_CONTEXT(2) 
PARAMETRIC_REPRESENTATION_CONTEXT() REPRESENTATION_CONTEXT('2D SPACE',''
  ) );
#1547 = ORIENTED_EDGE('',*,*,#1548,.F.);
#1548 = EDGE_CURVE('',#1549,#1521,#1551,.T.);
#1549 = VERTEX_POINT('',#1550);
#1550 = CARTESIAN_POINT('',(-136.8,31.85,-1.));
#1551 = SURFACE_CURVE('',#1552,(#1556,#1563),.PCURVE_S1.);
#1552 = LINE('',#1553,#1554);
#1553 = CARTESIAN_POINT('',(-199.,31.85,-1.));
#1554 = VECTOR('',#1555,1.);
#1555 = DIRECTION('',(1.,0.,0.));
#1556 = PCURVE('',#176,#1557);
#1557 = DEFINITIONAL_REPRESENTATION('',(#1558),#1562);
#1558 = LINE('',#1559,#1560);
#1559 = CARTESIAN_POINT('',(0.,63.7));
#1560 = VECTOR('',#1561,1.);
#1561 = DIRECTION('',(1.,0.));
#1562 = ( GEOMETRIC_REPRESENTATION_CONTEXT(2) 
PARAMETRIC_REPRESENTATION_CONTEXT() REPRESENTATION_CONTEXT('2D SPACE',''
  ) );
#1563 = PCURVE('',#1052,#1564);
#1564 = DEFINITIONAL_REPRESENTATION('',(#1565),#1569);
#1565 = LINE('',#1566,#1567);
#1566 = CARTESIAN_POINT('',(0.,0.));
#1567 = VECTOR('',#1568,1.);
#1568 = DIRECTION('',(0.,1.));
#1569 = ( GEOMETRIC_REPRESENTATION_CONTEXT(2) 
PARAMETRIC_REPRESENTATION_CONTEXT() REPRESENTATION_CONTEXT('2D SPACE',''
  ) );
#1570 = ORIENTED_EDGE('',*,*,#1571,.F.);
#1571 = EDGE_CURVE('',#1572,#1549,#1574,.T.);
#1572 = VERTEX_POINT('',#1573);
#1573 = CARTESIAN_POINT('',(-136.8,30.35,-1.));
#1574 = SURFACE_CURVE('',#1575,(#1579,#1586),.PCURVE_S1.);
#1575 = LINE('',#1576,#1577);
#1576 = CARTESIAN_POINT('',(-136.8,29.35,-1.));
#1577 = VECTOR('',#1578,1.);
#1578 = DIRECTION('',(0.,1.,0.));
#1579 = PCURVE('',#176,#1580);
#1580 = DEFINITIONAL_REPRESENTATION('',(#1581),#1585);
#1581 = LINE('',#1582,#1583);
#1582 = CARTESIAN_POINT('',(62.2,61.2));
#1583 = VECTOR('',#1584,1.);
#1584 = DIRECTION('',(0.,1.));
#1585 = ( GEOMETRIC_REPRESENTATION_CONTEXT(2) 
PARAMETRIC_REPRESENTATION_CONTEXT() REPRESENTATION_CONTEXT('2D SPACE',''
  ) );
#1586 = PCURVE('',#1587,#1592);
#1587 = PLANE('',#1588);
#1588 = AXIS2_PLACEMENT_3D('',#1589,#1590,#1591);
#1589 = CARTESIAN_POINT('',(-136.8,29.35,-9.));
#1590 = DIRECTION('',(1.,0.,0.));
#1591 = DIRECTION('',(0.,0.,1.));
#1592 = DEFINITIONAL_REPRESENTATION('',(#1593),#1597);
#1593 = LINE('',#1594,#1595);
#1594 = CARTESIAN_POINT('',(8.,0.));
#1595 = VECTOR('',#1596,1.);
#1596 = DIRECTION('',(0.,-1.));
#1597 = ( GEOMETRIC_REPRESENTATION_CONTEXT(2) 
PARAMETRIC_REPRESENTATION_CONTEXT() REPRESENTATION_CONTEXT('2D SPACE',''
  ) );
#1598 = ORIENTED_EDGE('',*,*,#1599,.T.);
#1599 = EDGE_CURVE('',#1572,#1600,#1602,.T.);
#1600 = VERTEX_POINT('',#1601);
#1601 = CARTESIAN_POINT('',(-137.8,29.35,-1.));
#1602 = SURFACE_CURVE('',#1603,(#1608,#1619),.PCURVE_S1.);
#1603 = CIRCLE('',#1604,1.);
#1604 = AXIS2_PLACEMENT_3D('',#1605,#1606,#1607);
#1605 = CARTESIAN_POINT('',(-137.8,30.35,-1.));
#1606 = DIRECTION('',(-0.,-0.,-1.));
#1607 = DIRECTION('',(0.,-1.,0.));
#1608 = PCURVE('',#176,#1609);
#1609 = DEFINITIONAL_REPRESENTATION('',(#1610),#1618);
#1610 = ( BOUNDED_CURVE() B_SPLINE_CURVE(2,(#1611,#1612,#1613,#1614,
#1615,#1616,#1617),.UNSPECIFIED.,.T.,.F.) B_SPLINE_CURVE_WITH_KNOTS((1,2
    ,2,2,2,1),(-2.094395102393,0.,2.094395102393,4.188790204786,
6.28318530718,8.377580409573),.UNSPECIFIED.) CURVE() 
GEOMETRIC_REPRESENTATION_ITEM() RATIONAL_B_SPLINE_CURVE((1.,0.5,1.,0.5,
1.,0.5,1.)) REPRESENTATION_ITEM('') );
#1611 = CARTESIAN_POINT('',(61.2,61.2));
#1612 = CARTESIAN_POINT('',(59.467949192431,61.2));
#1613 = CARTESIAN_POINT('',(60.333974596216,62.7));
#1614 = CARTESIAN_POINT('',(61.2,64.2));
#1615 = CARTESIAN_POINT('',(62.066025403784,62.7));
#1616 = CARTESIAN_POINT('',(62.932050807569,61.2));
#1617 = CARTESIAN_POINT('',(61.2,61.2));
#1618 = ( GEOMETRIC_REPRESENTATION_CONTEXT(2) 
PARAMETRIC_REPRESENTATION_CONTEXT() REPRESENTATION_CONTEXT('2D SPACE',''
  ) );
#1619 = PCURVE('',#1620,#1625);
#1620 = CYLINDRICAL_SURFACE('',#1621,1.);
#1621 = AXIS2_PLACEMENT_3D('',#1622,#1623,#1624);
#1622 = CARTESIAN_POINT('',(-137.8,30.35,-9.));
#1623 = DIRECTION('',(0.,0.,1.));
#1624 = DIRECTION('',(1.,0.,-0.));
#1625 = DEFINITIONAL_REPRESENTATION('',(#1626),#1630);
#1626 = LINE('',#1627,#1628);
#1627 = CARTESIAN_POINT('',(4.712388980385,8.));
#1628 = VECTOR('',#1629,1.);
#1629 = DIRECTION('',(-1.,0.));
#1630 = ( GEOMETRIC_REPRESENTATION_CONTEXT(2) 
PARAMETRIC_REPRESENTATION_CONTEXT() REPRESENTATION_CONTEXT('2D SPACE',''
  ) );
#1631 = ORIENTED_EDGE('',*,*,#1632,.F.);
#1632 = EDGE_CURVE('',#1633,#1600,#1635,.T.);
#1633 = VERTEX_POINT('',#1634);
#1634 = CARTESIAN_POINT('',(-140.8,29.35,-1.));
#1635 = SURFACE_CURVE('',#1636,(#1640,#1647),.PCURVE_S1.);
#1636 = LINE('',#1637,#1638);
#1637 = CARTESIAN_POINT('',(-141.8,29.35,-1.));
#1638 = VECTOR('',#1639,1.);
#1639 = DIRECTION('',(1.,0.,0.));
#1640 = PCURVE('',#176,#1641);
#1641 = DEFINITIONAL_REPRESENTATION('',(#1642),#1646);
#1642 = LINE('',#1643,#1644);
#1643 = CARTESIAN_POINT('',(57.2,61.2));
#1644 = VECTOR('',#1645,1.);
#1645 = DIRECTION('',(1.,0.));
#1646 = ( GEOMETRIC_REPRESENTATION_CONTEXT(2) 
PARAMETRIC_REPRESENTATION_CONTEXT() REPRESENTATION_CONTEXT('2D SPACE',''
  ) );
#1647 = PCURVE('',#1648,#1653);
#1648 = PLANE('',#1649);
#1649 = AXIS2_PLACEMENT_3D('',#1650,#1651,#1652);
#1650 = CARTESIAN_POINT('',(-141.8,29.35,-9.));
#1651 = DIRECTION('',(0.,1.,0.));
#1652 = DIRECTION('',(0.,0.,1.));
#1653 = DEFINITIONAL_REPRESENTATION('',(#1654),#1658);
#1654 = LINE('',#1655,#1656);
#1655 = CARTESIAN_POINT('',(8.,0.));
#1656 = VECTOR('',#1657,1.);
#1657 = DIRECTION('',(0.,1.));
#1658 = ( GEOMETRIC_REPRESENTATION_CONTEXT(2) 
PARAMETRIC_REPRESENTATION_CONTEXT() REPRESENTATION_CONTEXT('2D SPACE',''
  ) );
#1659 = ORIENTED_EDGE('',*,*,#1660,.F.);
#1660 = EDGE_CURVE('',#1661,#1633,#1663,.T.);
#1661 = VERTEX_POINT('',#1662);
#1662 = CARTESIAN_POINT('',(-141.8,30.35,-1.));
#1663 = SURFACE_CURVE('',#1664,(#1669,#1676),.PCURVE_S1.);
#1664 = CIRCLE('',#1665,1.);
#1665 = AXIS2_PLACEMENT_3D('',#1666,#1667,#1668);
#1666 = CARTESIAN_POINT('',(-140.8,30.35,-1.));
#1667 = DIRECTION('',(0.,0.,1.));
#1668 = DIRECTION('',(0.,-1.,0.));
#1669 = PCURVE('',#176,#1670);
#1670 = DEFINITIONAL_REPRESENTATION('',(#1671),#1675);
#1671 = CIRCLE('',#1672,1.);
#1672 = AXIS2_PLACEMENT_2D('',#1673,#1674);
#1673 = CARTESIAN_POINT('',(58.2,62.2));
#1674 = DIRECTION('',(0.,-1.));
#1675 = ( GEOMETRIC_REPRESENTATION_CONTEXT(2) 
PARAMETRIC_REPRESENTATION_CONTEXT() REPRESENTATION_CONTEXT('2D SPACE',''
  ) );
#1676 = PCURVE('',#1677,#1682);
#1677 = CYLINDRICAL_SURFACE('',#1678,1.);
#1678 = AXIS2_PLACEMENT_3D('',#1679,#1680,#1681);
#1679 = CARTESIAN_POINT('',(-140.8,30.35,-9.));
#1680 = DIRECTION('',(0.,0.,1.));
#1681 = DIRECTION('',(-1.,-0.,0.));
#1682 = DEFINITIONAL_REPRESENTATION('',(#1683),#1687);
#1683 = LINE('',#1684,#1685);
#1684 = CARTESIAN_POINT('',(-4.712388980385,8.));
#1685 = VECTOR('',#1686,1.);
#1686 = DIRECTION('',(1.,0.));
#1687 = ( GEOMETRIC_REPRESENTATION_CONTEXT(2) 
PARAMETRIC_REPRESENTATION_CONTEXT() REPRESENTATION_CONTEXT('2D SPACE',''
  ) );
#1688 = ORIENTED_EDGE('',*,*,#1689,.T.);
#1689 = EDGE_CURVE('',#1661,#1690,#1692,.T.);
#1690 = VERTEX_POINT('',#1691);
#1691 = CARTESIAN_POINT('',(-141.8,31.85,-1.));
#1692 = SURFACE_CURVE('',#1693,(#1697,#1704),.PCURVE_S1.);
#1693 = LINE('',#1694,#1695);
#1694 = CARTESIAN_POINT('',(-141.8,29.35,-1.));
#1695 = VECTOR('',#1696,1.);
#1696 = DIRECTION('',(0.,1.,0.));
#1697 = PCURVE('',#176,#1698);
#1698 = DEFINITIONAL_REPRESENTATION('',(#1699),#1703);
#1699 = LINE('',#1700,#1701);
#1700 = CARTESIAN_POINT('',(57.2,61.2));
#1701 = VECTOR('',#1702,1.);
#1702 = DIRECTION('',(0.,1.));
#1703 = ( GEOMETRIC_REPRESENTATION_CONTEXT(2) 
PARAMETRIC_REPRESENTATION_CONTEXT() REPRESENTATION_CONTEXT('2D SPACE',''
  ) );
#1704 = PCURVE('',#1705,#1710);
#1705 = PLANE('',#1706);
#1706 = AXIS2_PLACEMENT_3D('',#1707,#1708,#1709);
#1707 = CARTESIAN_POINT('',(-141.8,29.35,-9.));
#1708 = DIRECTION('',(1.,0.,0.));
#1709 = DIRECTION('',(0.,0.,1.));
#1710 = DEFINITIONAL_REPRESENTATION('',(#1711),#1715);
#1711 = LINE('',#1712,#1713);
#1712 = CARTESIAN_POINT('',(8.,0.));
#1713 = VECTOR('',#1714,1.);
#1714 = DIRECTION('',(0.,-1.));
#1715 = ( GEOMETRIC_REPRESENTATION_CONTEXT(2) 
PARAMETRIC_REPRESENTATION_CONTEXT() REPRESENTATION_CONTEXT('2D SPACE',''
  ) );
#1716 = ORIENTED_EDGE('',*,*,#1717,.F.);
#1717 = EDGE_CURVE('',#1718,#1690,#1720,.T.);
#1718 = VERTEX_POINT('',#1719);
#1719 = CARTESIAN_POINT('',(-196.,31.85,-1.));
#1720 = SURFACE_CURVE('',#1721,(#1725,#1732),.PCURVE_S1.);
#1721 = LINE('',#1722,#1723);
#1722 = CARTESIAN_POINT('',(-199.,31.85,-1.));
#1723 = VECTOR('',#1724,1.);
#1724 = DIRECTION('',(1.,0.,0.));
#1725 = PCURVE('',#176,#1726);
#1726 = DEFINITIONAL_REPRESENTATION('',(#1727),#1731);
#1727 = LINE('',#1728,#1729);
#1728 = CARTESIAN_POINT('',(0.,63.7));
#1729 = VECTOR('',#1730,1.);
#1730 = DIRECTION('',(1.,0.));
#1731 = ( GEOMETRIC_REPRESENTATION_CONTEXT(2) 
PARAMETRIC_REPRESENTATION_CONTEXT() REPRESENTATION_CONTEXT('2D SPACE',''
  ) );
#1732 = PCURVE('',#1052,#1733);
#1733 = DEFINITIONAL_REPRESENTATION('',(#1734),#1738);
#1734 = LINE('',#1735,#1736);
#1735 = CARTESIAN_POINT('',(0.,0.));
#1736 = VECTOR('',#1737,1.);
#1737 = DIRECTION('',(0.,1.));
#1738 = ( GEOMETRIC_REPRESENTATION_CONTEXT(2) 
PARAMETRIC_REPRESENTATION_CONTEXT() REPRESENTATION_CONTEXT('2D SPACE',''
  ) );
#1739 = ORIENTED_EDGE('',*,*,#1740,.F.);
#1740 = EDGE_CURVE('',#161,#1718,#1741,.T.);
#1741 = SURFACE_CURVE('',#1742,(#1747,#1758),.PCURVE_S1.);
#1742 = CIRCLE('',#1743,3.);
#1743 = AXIS2_PLACEMENT_3D('',#1744,#1745,#1746);
#1744 = CARTESIAN_POINT('',(-196.,28.85,-1.));
#1745 = DIRECTION('',(-0.,-0.,-1.));
#1746 = DIRECTION('',(0.,-1.,0.));
#1747 = PCURVE('',#176,#1748);
#1748 = DEFINITIONAL_REPRESENTATION('',(#1749),#1757);
#1749 = ( BOUNDED_CURVE() B_SPLINE_CURVE(2,(#1750,#1751,#1752,#1753,
#1754,#1755,#1756),.UNSPECIFIED.,.T.,.F.) B_SPLINE_CURVE_WITH_KNOTS((1,2
    ,2,2,2,1),(-2.094395102393,0.,2.094395102393,4.188790204786,
6.28318530718,8.377580409573),.UNSPECIFIED.) CURVE() 
GEOMETRIC_REPRESENTATION_ITEM() RATIONAL_B_SPLINE_CURVE((1.,0.5,1.,0.5,
1.,0.5,1.)) REPRESENTATION_ITEM('') );
#1750 = CARTESIAN_POINT('',(3.,57.7));
#1751 = CARTESIAN_POINT('',(-2.196152422707,57.7));
#1752 = CARTESIAN_POINT('',(0.401923788647,62.2));
#1753 = CARTESIAN_POINT('',(3.,66.7));
#1754 = CARTESIAN_POINT('',(5.598076211353,62.2));
#1755 = CARTESIAN_POINT('',(8.196152422707,57.7));
#1756 = CARTESIAN_POINT('',(3.,57.7));
#1757 = ( GEOMETRIC_REPRESENTATION_CONTEXT(2) 
PARAMETRIC_REPRESENTATION_CONTEXT() REPRESENTATION_CONTEXT('2D SPACE',''
  ) );
#1758 = PCURVE('',#202,#1759);
#1759 = DEFINITIONAL_REPRESENTATION('',(#1760),#1764);
#1760 = LINE('',#1761,#1762);
#1761 = CARTESIAN_POINT('',(1.570796326795,-0.));
#1762 = VECTOR('',#1763,1.);
#1763 = DIRECTION('',(-1.,0.));
#1764 = ( GEOMETRIC_REPRESENTATION_CONTEXT(2) 
PARAMETRIC_REPRESENTATION_CONTEXT() REPRESENTATION_CONTEXT('2D SPACE',''
  ) );
#1765 = ADVANCED_FACE('',(#1766),#286,.F.);
#1766 = FACE_BOUND('',#1767,.F.);
#1767 = EDGE_LOOP('',(#1768,#1796,#1824,#1852,#1880,#1908,#1929));
#1768 = ORIENTED_EDGE('',*,*,#1769,.F.);
#1769 = EDGE_CURVE('',#1770,#243,#1772,.T.);
#1770 = VERTEX_POINT('',#1771);
#1771 = CARTESIAN_POINT('',(-141.8,-33.35,-1.));
#1772 = SURFACE_CURVE('',#1773,(#1777,#1784),.PCURVE_S1.);
#1773 = LINE('',#1774,#1775);
#1774 = CARTESIAN_POINT('',(-141.8,-34.35,-1.));
#1775 = VECTOR('',#1776,1.);
#1776 = DIRECTION('',(0.,1.,0.));
#1777 = PCURVE('',#286,#1778);
#1778 = DEFINITIONAL_REPRESENTATION('',(#1779),#1783);
#1779 = LINE('',#1780,#1781);
#1780 = CARTESIAN_POINT('',(8.,0.));
#1781 = VECTOR('',#1782,1.);
#1782 = DIRECTION('',(0.,-1.));
#1783 = ( GEOMETRIC_REPRESENTATION_CONTEXT(2) 
PARAMETRIC_REPRESENTATION_CONTEXT() REPRESENTATION_CONTEXT('2D SPACE',''
  ) );
#1784 = PCURVE('',#1785,#1790);
#1785 = PLANE('',#1786);
#1786 = AXIS2_PLACEMENT_3D('',#1787,#1788,#1789);
#1787 = CARTESIAN_POINT('',(-141.8,-34.35,-1.));
#1788 = DIRECTION('',(0.,0.,1.));
#1789 = DIRECTION('',(1.,0.,0.));
#1790 = DEFINITIONAL_REPRESENTATION('',(#1791),#1795);
#1791 = LINE('',#1792,#1793);
#1792 = CARTESIAN_POINT('',(0.,0.));
#1793 = VECTOR('',#1794,1.);
#1794 = DIRECTION('',(0.,1.));
#1795 = ( GEOMETRIC_REPRESENTATION_CONTEXT(2) 
PARAMETRIC_REPRESENTATION_CONTEXT() REPRESENTATION_CONTEXT('2D SPACE',''
  ) );
#1796 = ORIENTED_EDGE('',*,*,#1797,.F.);
#1797 = EDGE_CURVE('',#1798,#1770,#1800,.T.);
#1798 = VERTEX_POINT('',#1799);
#1799 = CARTESIAN_POINT('',(-141.8,-33.35,-7.));
#1800 = SURFACE_CURVE('',#1801,(#1805,#1812),.PCURVE_S1.);
#1801 = LINE('',#1802,#1803);
#1802 = CARTESIAN_POINT('',(-141.8,-33.35,-9.));
#1803 = VECTOR('',#1804,1.);
#1804 = DIRECTION('',(0.,0.,1.));
#1805 = PCURVE('',#286,#1806);
#1806 = DEFINITIONAL_REPRESENTATION('',(#1807),#1811);
#1807 = LINE('',#1808,#1809);
#1808 = CARTESIAN_POINT('',(0.,-1.));
#1809 = VECTOR('',#1810,1.);
#1810 = DIRECTION('',(1.,0.));
#1811 = ( GEOMETRIC_REPRESENTATION_CONTEXT(2) 
PARAMETRIC_REPRESENTATION_CONTEXT() REPRESENTATION_CONTEXT('2D SPACE',''
  ) );
#1812 = PCURVE('',#1813,#1818);
#1813 = CYLINDRICAL_SURFACE('',#1814,1.);
#1814 = AXIS2_PLACEMENT_3D('',#1815,#1816,#1817);
#1815 = CARTESIAN_POINT('',(-140.8,-33.35,-9.));
#1816 = DIRECTION('',(0.,0.,1.));
#1817 = DIRECTION('',(-1.,-0.,0.));
#1818 = DEFINITIONAL_REPRESENTATION('',(#1819),#1823);
#1819 = LINE('',#1820,#1821);
#1820 = CARTESIAN_POINT('',(0.,0.));
#1821 = VECTOR('',#1822,1.);
#1822 = DIRECTION('',(0.,1.));
#1823 = ( GEOMETRIC_REPRESENTATION_CONTEXT(2) 
PARAMETRIC_REPRESENTATION_CONTEXT() REPRESENTATION_CONTEXT('2D SPACE',''
  ) );
#1824 = ORIENTED_EDGE('',*,*,#1825,.F.);
#1825 = EDGE_CURVE('',#1826,#1798,#1828,.T.);
#1826 = VERTEX_POINT('',#1827);
#1827 = CARTESIAN_POINT('',(-141.8,-34.6,-7.));
#1828 = SURFACE_CURVE('',#1829,(#1833,#1840),.PCURVE_S1.);
#1829 = LINE('',#1830,#1831);
#1830 = CARTESIAN_POINT('',(-141.8,-34.6,-7.));
#1831 = VECTOR('',#1832,1.);
#1832 = DIRECTION('',(0.,1.,0.));
#1833 = PCURVE('',#286,#1834);
#1834 = DEFINITIONAL_REPRESENTATION('',(#1835),#1839);
#1835 = LINE('',#1836,#1837);
#1836 = CARTESIAN_POINT('',(2.,0.25));
#1837 = VECTOR('',#1838,1.);
#1838 = DIRECTION('',(0.,-1.));
#1839 = ( GEOMETRIC_REPRESENTATION_CONTEXT(2) 
PARAMETRIC_REPRESENTATION_CONTEXT() REPRESENTATION_CONTEXT('2D SPACE',''
  ) );
#1840 = PCURVE('',#1841,#1846);
#1841 = PLANE('',#1842);
#1842 = AXIS2_PLACEMENT_3D('',#1843,#1844,#1845);
#1843 = CARTESIAN_POINT('',(-141.8,-34.6,-7.));
#1844 = DIRECTION('',(0.,0.,1.));
#1845 = DIRECTION('',(1.,0.,0.));
#1846 = DEFINITIONAL_REPRESENTATION('',(#1847),#1851);
#1847 = LINE('',#1848,#1849);
#1848 = CARTESIAN_POINT('',(0.,0.));
#1849 = VECTOR('',#1850,1.);
#1850 = DIRECTION('',(0.,1.));
#1851 = ( GEOMETRIC_REPRESENTATION_CONTEXT(2) 
PARAMETRIC_REPRESENTATION_CONTEXT() REPRESENTATION_CONTEXT('2D SPACE',''
  ) );
#1852 = ORIENTED_EDGE('',*,*,#1853,.F.);
#1853 = EDGE_CURVE('',#1854,#1826,#1856,.T.);
#1854 = VERTEX_POINT('',#1855);
#1855 = CARTESIAN_POINT('',(-141.8,-34.6,-9.));
#1856 = SURFACE_CURVE('',#1857,(#1861,#1868),.PCURVE_S1.);
#1857 = LINE('',#1858,#1859);
#1858 = CARTESIAN_POINT('',(-141.8,-34.6,-9.));
#1859 = VECTOR('',#1860,1.);
#1860 = DIRECTION('',(0.,0.,1.));
#1861 = PCURVE('',#286,#1862);
#1862 = DEFINITIONAL_REPRESENTATION('',(#1863),#1867);
#1863 = LINE('',#1864,#1865);
#1864 = CARTESIAN_POINT('',(0.,0.25));
#1865 = VECTOR('',#1866,1.);
#1866 = DIRECTION('',(1.,0.));
#1867 = ( GEOMETRIC_REPRESENTATION_CONTEXT(2) 
PARAMETRIC_REPRESENTATION_CONTEXT() REPRESENTATION_CONTEXT('2D SPACE',''
  ) );
#1868 = PCURVE('',#1869,#1874);
#1869 = PLANE('',#1870);
#1870 = AXIS2_PLACEMENT_3D('',#1871,#1872,#1873);
#1871 = CARTESIAN_POINT('',(-141.8,-34.6,-9.));
#1872 = DIRECTION('',(0.,1.,0.));
#1873 = DIRECTION('',(0.,0.,1.));
#1874 = DEFINITIONAL_REPRESENTATION('',(#1875),#1879);
#1875 = LINE('',#1876,#1877);
#1876 = CARTESIAN_POINT('',(0.,0.));
#1877 = VECTOR('',#1878,1.);
#1878 = DIRECTION('',(1.,0.));
#1879 = ( GEOMETRIC_REPRESENTATION_CONTEXT(2) 
PARAMETRIC_REPRESENTATION_CONTEXT() REPRESENTATION_CONTEXT('2D SPACE',''
  ) );
#1880 = ORIENTED_EDGE('',*,*,#1881,.F.);
#1881 = EDGE_CURVE('',#1882,#1854,#1884,.T.);
#1882 = VERTEX_POINT('',#1883);
#1883 = CARTESIAN_POINT('',(-141.8,-30.35,-9.));
#1884 = SURFACE_CURVE('',#1885,(#1889,#1896),.PCURVE_S1.);
#1885 = LINE('',#1886,#1887);
#1886 = CARTESIAN_POINT('',(-141.8,-30.35,-9.));
#1887 = VECTOR('',#1888,1.);
#1888 = DIRECTION('',(0.,-1.,0.));
#1889 = PCURVE('',#286,#1890);
#1890 = DEFINITIONAL_REPRESENTATION('',(#1891),#1895);
#1891 = LINE('',#1892,#1893);
#1892 = CARTESIAN_POINT('',(0.,-4.));
#1893 = VECTOR('',#1894,1.);
#1894 = DIRECTION('',(0.,1.));
#1895 = ( GEOMETRIC_REPRESENTATION_CONTEXT(2) 
PARAMETRIC_REPRESENTATION_CONTEXT() REPRESENTATION_CONTEXT('2D SPACE',''
  ) );
#1896 = PCURVE('',#1897,#1902);
#1897 = PLANE('',#1898);
#1898 = AXIS2_PLACEMENT_3D('',#1899,#1900,#1901);
#1899 = CARTESIAN_POINT('',(-141.8,-34.35,-9.));
#1900 = DIRECTION('',(0.,0.,1.));
#1901 = DIRECTION('',(1.,0.,0.));
#1902 = DEFINITIONAL_REPRESENTATION('',(#1903),#1907);
#1903 = LINE('',#1904,#1905);
#1904 = CARTESIAN_POINT('',(0.,4.));
#1905 = VECTOR('',#1906,1.);
#1906 = DIRECTION('',(0.,-1.));
#1907 = ( GEOMETRIC_REPRESENTATION_CONTEXT(2) 
PARAMETRIC_REPRESENTATION_CONTEXT() REPRESENTATION_CONTEXT('2D SPACE',''
  ) );
#1908 = ORIENTED_EDGE('',*,*,#1909,.T.);
#1909 = EDGE_CURVE('',#1882,#271,#1910,.T.);
#1910 = SURFACE_CURVE('',#1911,(#1915,#1922),.PCURVE_S1.);
#1911 = LINE('',#1912,#1913);
#1912 = CARTESIAN_POINT('',(-141.8,-30.35,-9.));
#1913 = VECTOR('',#1914,1.);
#1914 = DIRECTION('',(0.,0.,1.));
#1915 = PCURVE('',#286,#1916);
#1916 = DEFINITIONAL_REPRESENTATION('',(#1917),#1921);
#1917 = LINE('',#1918,#1919);
#1918 = CARTESIAN_POINT('',(0.,-4.));
#1919 = VECTOR('',#1920,1.);
#1920 = DIRECTION('',(1.,0.));
#1921 = ( GEOMETRIC_REPRESENTATION_CONTEXT(2) 
PARAMETRIC_REPRESENTATION_CONTEXT() REPRESENTATION_CONTEXT('2D SPACE',''
  ) );
#1922 = PCURVE('',#319,#1923);
#1923 = DEFINITIONAL_REPRESENTATION('',(#1924),#1928);
#1924 = LINE('',#1925,#1926);
#1925 = CARTESIAN_POINT('',(-0.,0.));
#1926 = VECTOR('',#1927,1.);
#1927 = DIRECTION('',(-0.,1.));
#1928 = ( GEOMETRIC_REPRESENTATION_CONTEXT(2) 
PARAMETRIC_REPRESENTATION_CONTEXT() REPRESENTATION_CONTEXT('2D SPACE',''
  ) );
#1929 = ORIENTED_EDGE('',*,*,#270,.F.);
#1930 = ADVANCED_FACE('',(#1931),#1897,.F.);
#1931 = FACE_BOUND('',#1932,.F.);
#1932 = EDGE_LOOP('',(#1933,#1934,#1957,#1980,#2004,#2027));
#1933 = ORIENTED_EDGE('',*,*,#1881,.T.);
#1934 = ORIENTED_EDGE('',*,*,#1935,.T.);
#1935 = EDGE_CURVE('',#1854,#1936,#1938,.T.);
#1936 = VERTEX_POINT('',#1937);
#1937 = CARTESIAN_POINT('',(-136.8,-34.6,-9.));
#1938 = SURFACE_CURVE('',#1939,(#1943,#1950),.PCURVE_S1.);
#1939 = LINE('',#1940,#1941);
#1940 = CARTESIAN_POINT('',(-141.8,-34.6,-9.));
#1941 = VECTOR('',#1942,1.);
#1942 = DIRECTION('',(1.,0.,0.));
#1943 = PCURVE('',#1897,#1944);
#1944 = DEFINITIONAL_REPRESENTATION('',(#1945),#1949);
#1945 = LINE('',#1946,#1947);
#1946 = CARTESIAN_POINT('',(0.,-0.25));
#1947 = VECTOR('',#1948,1.);
#1948 = DIRECTION('',(1.,0.));
#1949 = ( GEOMETRIC_REPRESENTATION_CONTEXT(2) 
PARAMETRIC_REPRESENTATION_CONTEXT() REPRESENTATION_CONTEXT('2D SPACE',''
  ) );
#1950 = PCURVE('',#1869,#1951);
#1951 = DEFINITIONAL_REPRESENTATION('',(#1952),#1956);
#1952 = LINE('',#1953,#1954);
#1953 = CARTESIAN_POINT('',(0.,0.));
#1954 = VECTOR('',#1955,1.);
#1955 = DIRECTION('',(0.,1.));
#1956 = ( GEOMETRIC_REPRESENTATION_CONTEXT(2) 
PARAMETRIC_REPRESENTATION_CONTEXT() REPRESENTATION_CONTEXT('2D SPACE',''
  ) );
#1957 = ORIENTED_EDGE('',*,*,#1958,.T.);
#1958 = EDGE_CURVE('',#1936,#1959,#1961,.T.);
#1959 = VERTEX_POINT('',#1960);
#1960 = CARTESIAN_POINT('',(-136.8,-30.35,-9.));
#1961 = SURFACE_CURVE('',#1962,(#1966,#1973),.PCURVE_S1.);
#1962 = LINE('',#1963,#1964);
#1963 = CARTESIAN_POINT('',(-136.8,-34.6,-9.));
#1964 = VECTOR('',#1965,1.);
#1965 = DIRECTION('',(0.,1.,0.));
#1966 = PCURVE('',#1897,#1967);
#1967 = DEFINITIONAL_REPRESENTATION('',(#1968),#1972);
#1968 = LINE('',#1969,#1970);
#1969 = CARTESIAN_POINT('',(5.,-0.25));
#1970 = VECTOR('',#1971,1.);
#1971 = DIRECTION('',(0.,1.));
#1972 = ( GEOMETRIC_REPRESENTATION_CONTEXT(2) 
PARAMETRIC_REPRESENTATION_CONTEXT() REPRESENTATION_CONTEXT('2D SPACE',''
  ) );
#1973 = PCURVE('',#404,#1974);
#1974 = DEFINITIONAL_REPRESENTATION('',(#1975),#1979);
#1975 = LINE('',#1976,#1977);
#1976 = CARTESIAN_POINT('',(0.,0.25));
#1977 = VECTOR('',#1978,1.);
#1978 = DIRECTION('',(0.,-1.));
#1979 = ( GEOMETRIC_REPRESENTATION_CONTEXT(2) 
PARAMETRIC_REPRESENTATION_CONTEXT() REPRESENTATION_CONTEXT('2D SPACE',''
  ) );
#1980 = ORIENTED_EDGE('',*,*,#1981,.T.);
#1981 = EDGE_CURVE('',#1959,#1982,#1984,.T.);
#1982 = VERTEX_POINT('',#1983);
#1983 = CARTESIAN_POINT('',(-137.8,-29.35,-9.));
#1984 = SURFACE_CURVE('',#1985,(#1990,#1997),.PCURVE_S1.);
#1985 = CIRCLE('',#1986,1.);
#1986 = AXIS2_PLACEMENT_3D('',#1987,#1988,#1989);
#1987 = CARTESIAN_POINT('',(-137.8,-30.35,-9.));
#1988 = DIRECTION('',(0.,0.,1.));
#1989 = DIRECTION('',(0.,-1.,0.));
#1990 = PCURVE('',#1897,#1991);
#1991 = DEFINITIONAL_REPRESENTATION('',(#1992),#1996);
#1992 = CIRCLE('',#1993,1.);
#1993 = AXIS2_PLACEMENT_2D('',#1994,#1995);
#1994 = CARTESIAN_POINT('',(4.,4.));
#1995 = DIRECTION('',(0.,-1.));
#1996 = ( GEOMETRIC_REPRESENTATION_CONTEXT(2) 
PARAMETRIC_REPRESENTATION_CONTEXT() REPRESENTATION_CONTEXT('2D SPACE',''
  ) );
#1997 = PCURVE('',#376,#1998);
#1998 = DEFINITIONAL_REPRESENTATION('',(#1999),#2003);
#1999 = LINE('',#2000,#2001);
#2000 = CARTESIAN_POINT('',(-1.570796326795,0.));
#2001 = VECTOR('',#2002,1.);
#2002 = DIRECTION('',(1.,0.));
#2003 = ( GEOMETRIC_REPRESENTATION_CONTEXT(2) 
PARAMETRIC_REPRESENTATION_CONTEXT() REPRESENTATION_CONTEXT('2D SPACE',''
  ) );
#2004 = ORIENTED_EDGE('',*,*,#2005,.F.);
#2005 = EDGE_CURVE('',#2006,#1982,#2008,.T.);
#2006 = VERTEX_POINT('',#2007);
#2007 = CARTESIAN_POINT('',(-140.8,-29.35,-9.));
#2008 = SURFACE_CURVE('',#2009,(#2013,#2020),.PCURVE_S1.);
#2009 = LINE('',#2010,#2011);
#2010 = CARTESIAN_POINT('',(-141.8,-29.35,-9.));
#2011 = VECTOR('',#2012,1.);
#2012 = DIRECTION('',(1.,0.,0.));
#2013 = PCURVE('',#1897,#2014);
#2014 = DEFINITIONAL_REPRESENTATION('',(#2015),#2019);
#2015 = LINE('',#2016,#2017);
#2016 = CARTESIAN_POINT('',(0.,5.));
#2017 = VECTOR('',#2018,1.);
#2018 = DIRECTION('',(1.,0.));
#2019 = ( GEOMETRIC_REPRESENTATION_CONTEXT(2) 
PARAMETRIC_REPRESENTATION_CONTEXT() REPRESENTATION_CONTEXT('2D SPACE',''
  ) );
#2020 = PCURVE('',#347,#2021);
#2021 = DEFINITIONAL_REPRESENTATION('',(#2022),#2026);
#2022 = LINE('',#2023,#2024);
#2023 = CARTESIAN_POINT('',(0.,0.));
#2024 = VECTOR('',#2025,1.);
#2025 = DIRECTION('',(0.,1.));
#2026 = ( GEOMETRIC_REPRESENTATION_CONTEXT(2) 
PARAMETRIC_REPRESENTATION_CONTEXT() REPRESENTATION_CONTEXT('2D SPACE',''
  ) );
#2027 = ORIENTED_EDGE('',*,*,#2028,.F.);
#2028 = EDGE_CURVE('',#1882,#2006,#2029,.T.);
#2029 = SURFACE_CURVE('',#2030,(#2035,#2046),.PCURVE_S1.);
#2030 = CIRCLE('',#2031,1.);
#2031 = AXIS2_PLACEMENT_3D('',#2032,#2033,#2034);
#2032 = CARTESIAN_POINT('',(-140.8,-30.35,-9.));
#2033 = DIRECTION('',(-0.,-0.,-1.));
#2034 = DIRECTION('',(0.,-1.,0.));
#2035 = PCURVE('',#1897,#2036);
#2036 = DEFINITIONAL_REPRESENTATION('',(#2037),#2045);
#2037 = ( BOUNDED_CURVE() B_SPLINE_CURVE(2,(#2038,#2039,#2040,#2041,
#2042,#2043,#2044),.UNSPECIFIED.,.T.,.F.) B_SPLINE_CURVE_WITH_KNOTS((1,2
    ,2,2,2,1),(-2.094395102393,0.,2.094395102393,4.188790204786,
6.28318530718,8.377580409573),.UNSPECIFIED.) CURVE() 
GEOMETRIC_REPRESENTATION_ITEM() RATIONAL_B_SPLINE_CURVE((1.,0.5,1.,0.5,
1.,0.5,1.)) REPRESENTATION_ITEM('') );
#2038 = CARTESIAN_POINT('',(1.,3.));
#2039 = CARTESIAN_POINT('',(-0.732050807569,3.));
#2040 = CARTESIAN_POINT('',(0.133974596216,4.5));
#2041 = CARTESIAN_POINT('',(1.,6.));
#2042 = CARTESIAN_POINT('',(1.866025403784,4.5));
#2043 = CARTESIAN_POINT('',(2.732050807569,3.));
#2044 = CARTESIAN_POINT('',(1.,3.));
#2045 = ( GEOMETRIC_REPRESENTATION_CONTEXT(2) 
PARAMETRIC_REPRESENTATION_CONTEXT() REPRESENTATION_CONTEXT('2D SPACE',''
  ) );
#2046 = PCURVE('',#319,#2047);
#2047 = DEFINITIONAL_REPRESENTATION('',(#2048),#2052);
#2048 = LINE('',#2049,#2050);
#2049 = CARTESIAN_POINT('',(1.570796326795,-0.));
#2050 = VECTOR('',#2051,1.);
#2051 = DIRECTION('',(-1.,0.));
#2052 = ( GEOMETRIC_REPRESENTATION_CONTEXT(2) 
PARAMETRIC_REPRESENTATION_CONTEXT() REPRESENTATION_CONTEXT('2D SPACE',''
  ) );
#2053 = ADVANCED_FACE('',(#2054),#1869,.F.);
#2054 = FACE_BOUND('',#2055,.F.);
#2055 = EDGE_LOOP('',(#2056,#2057,#2058,#2081));
#2056 = ORIENTED_EDGE('',*,*,#1935,.F.);
#2057 = ORIENTED_EDGE('',*,*,#1853,.T.);
#2058 = ORIENTED_EDGE('',*,*,#2059,.T.);
#2059 = EDGE_CURVE('',#1826,#2060,#2062,.T.);
#2060 = VERTEX_POINT('',#2061);
#2061 = CARTESIAN_POINT('',(-136.8,-34.6,-7.));
#2062 = SURFACE_CURVE('',#2063,(#2067,#2074),.PCURVE_S1.);
#2063 = LINE('',#2064,#2065);
#2064 = CARTESIAN_POINT('',(-141.8,-34.6,-7.));
#2065 = VECTOR('',#2066,1.);
#2066 = DIRECTION('',(1.,0.,0.));
#2067 = PCURVE('',#1869,#2068);
#2068 = DEFINITIONAL_REPRESENTATION('',(#2069),#2073);
#2069 = LINE('',#2070,#2071);
#2070 = CARTESIAN_POINT('',(2.,0.));
#2071 = VECTOR('',#2072,1.);
#2072 = DIRECTION('',(0.,1.));
#2073 = ( GEOMETRIC_REPRESENTATION_CONTEXT(2) 
PARAMETRIC_REPRESENTATION_CONTEXT() REPRESENTATION_CONTEXT('2D SPACE',''
  ) );
#2074 = PCURVE('',#1841,#2075);
#2075 = DEFINITIONAL_REPRESENTATION('',(#2076),#2080);
#2076 = LINE('',#2077,#2078);
#2077 = CARTESIAN_POINT('',(0.,0.));
#2078 = VECTOR('',#2079,1.);
#2079 = DIRECTION('',(1.,0.));
#2080 = ( GEOMETRIC_REPRESENTATION_CONTEXT(2) 
PARAMETRIC_REPRESENTATION_CONTEXT() REPRESENTATION_CONTEXT('2D SPACE',''
  ) );
#2081 = ORIENTED_EDGE('',*,*,#2082,.F.);
#2082 = EDGE_CURVE('',#1936,#2060,#2083,.T.);
#2083 = SURFACE_CURVE('',#2084,(#2088,#2095),.PCURVE_S1.);
#2084 = LINE('',#2085,#2086);
#2085 = CARTESIAN_POINT('',(-136.8,-34.6,-9.));
#2086 = VECTOR('',#2087,1.);
#2087 = DIRECTION('',(0.,0.,1.));
#2088 = PCURVE('',#1869,#2089);
#2089 = DEFINITIONAL_REPRESENTATION('',(#2090),#2094);
#2090 = LINE('',#2091,#2092);
#2091 = CARTESIAN_POINT('',(0.,5.));
#2092 = VECTOR('',#2093,1.);
#2093 = DIRECTION('',(1.,0.));
#2094 = ( GEOMETRIC_REPRESENTATION_CONTEXT(2) 
PARAMETRIC_REPRESENTATION_CONTEXT() REPRESENTATION_CONTEXT('2D SPACE',''
  ) );
#2095 = PCURVE('',#404,#2096);
#2096 = DEFINITIONAL_REPRESENTATION('',(#2097),#2101);
#2097 = LINE('',#2098,#2099);
#2098 = CARTESIAN_POINT('',(0.,0.25));
#2099 = VECTOR('',#2100,1.);
#2100 = DIRECTION('',(1.,0.));
#2101 = ( GEOMETRIC_REPRESENTATION_CONTEXT(2) 
PARAMETRIC_REPRESENTATION_CONTEXT() REPRESENTATION_CONTEXT('2D SPACE',''
  ) );
#2102 = ADVANCED_FACE('',(#2103),#1841,.T.);
#2103 = FACE_BOUND('',#2104,.T.);
#2104 = EDGE_LOOP('',(#2105,#2106,#2107,#2130,#2159,#2185));
#2105 = ORIENTED_EDGE('',*,*,#1825,.F.);
#2106 = ORIENTED_EDGE('',*,*,#2059,.T.);
#2107 = ORIENTED_EDGE('',*,*,#2108,.T.);
#2108 = EDGE_CURVE('',#2060,#2109,#2111,.T.);
#2109 = VERTEX_POINT('',#2110);
#2110 = CARTESIAN_POINT('',(-136.8,-33.35,-7.));
#2111 = SURFACE_CURVE('',#2112,(#2116,#2123),.PCURVE_S1.);
#2112 = LINE('',#2113,#2114);
#2113 = CARTESIAN_POINT('',(-136.8,-34.6,-7.));
#2114 = VECTOR('',#2115,1.);
#2115 = DIRECTION('',(0.,1.,0.));
#2116 = PCURVE('',#1841,#2117);
#2117 = DEFINITIONAL_REPRESENTATION('',(#2118),#2122);
#2118 = LINE('',#2119,#2120);
#2119 = CARTESIAN_POINT('',(5.,0.));
#2120 = VECTOR('',#2121,1.);
#2121 = DIRECTION('',(0.,1.));
#2122 = ( GEOMETRIC_REPRESENTATION_CONTEXT(2) 
PARAMETRIC_REPRESENTATION_CONTEXT() REPRESENTATION_CONTEXT('2D SPACE',''
  ) );
#2123 = PCURVE('',#404,#2124);
#2124 = DEFINITIONAL_REPRESENTATION('',(#2125),#2129);
#2125 = LINE('',#2126,#2127);
#2126 = CARTESIAN_POINT('',(2.,0.25));
#2127 = VECTOR('',#2128,1.);
#2128 = DIRECTION('',(0.,-1.));
#2129 = ( GEOMETRIC_REPRESENTATION_CONTEXT(2) 
PARAMETRIC_REPRESENTATION_CONTEXT() REPRESENTATION_CONTEXT('2D SPACE',''
  ) );
#2130 = ORIENTED_EDGE('',*,*,#2131,.F.);
#2131 = EDGE_CURVE('',#2132,#2109,#2134,.T.);
#2132 = VERTEX_POINT('',#2133);
#2133 = CARTESIAN_POINT('',(-137.8,-34.35,-7.));
#2134 = SURFACE_CURVE('',#2135,(#2140,#2147),.PCURVE_S1.);
#2135 = CIRCLE('',#2136,1.);
#2136 = AXIS2_PLACEMENT_3D('',#2137,#2138,#2139);
#2137 = CARTESIAN_POINT('',(-137.8,-33.35,-7.));
#2138 = DIRECTION('',(0.,0.,1.));
#2139 = DIRECTION('',(1.,0.,-0.));
#2140 = PCURVE('',#1841,#2141);
#2141 = DEFINITIONAL_REPRESENTATION('',(#2142),#2146);
#2142 = CIRCLE('',#2143,1.);
#2143 = AXIS2_PLACEMENT_2D('',#2144,#2145);
#2144 = CARTESIAN_POINT('',(4.,1.25));
#2145 = DIRECTION('',(1.,0.));
#2146 = ( GEOMETRIC_REPRESENTATION_CONTEXT(2) 
PARAMETRIC_REPRESENTATION_CONTEXT() REPRESENTATION_CONTEXT('2D SPACE',''
  ) );
#2147 = PCURVE('',#2148,#2153);
#2148 = CYLINDRICAL_SURFACE('',#2149,1.);
#2149 = AXIS2_PLACEMENT_3D('',#2150,#2151,#2152);
#2150 = CARTESIAN_POINT('',(-137.8,-33.35,-9.));
#2151 = DIRECTION('',(0.,0.,1.));
#2152 = DIRECTION('',(1.,0.,-0.));
#2153 = DEFINITIONAL_REPRESENTATION('',(#2154),#2158);
#2154 = LINE('',#2155,#2156);
#2155 = CARTESIAN_POINT('',(-6.28318530718,2.));
#2156 = VECTOR('',#2157,1.);
#2157 = DIRECTION('',(1.,-0.));
#2158 = ( GEOMETRIC_REPRESENTATION_CONTEXT(2) 
PARAMETRIC_REPRESENTATION_CONTEXT() REPRESENTATION_CONTEXT('2D SPACE',''
  ) );
#2159 = ORIENTED_EDGE('',*,*,#2160,.F.);
#2160 = EDGE_CURVE('',#2161,#2132,#2163,.T.);
#2161 = VERTEX_POINT('',#2162);
#2162 = CARTESIAN_POINT('',(-140.8,-34.35,-7.));
#2163 = SURFACE_CURVE('',#2164,(#2168,#2174),.PCURVE_S1.);
#2164 = LINE('',#2165,#2166);
#2165 = CARTESIAN_POINT('',(-141.8,-34.35,-7.));
#2166 = VECTOR('',#2167,1.);
#2167 = DIRECTION('',(1.,0.,0.));
#2168 = PCURVE('',#1841,#2169);
#2169 = DEFINITIONAL_REPRESENTATION('',(#2170),#2173);
#2170 = B_SPLINE_CURVE_WITH_KNOTS('',1,(#2171,#2172),.UNSPECIFIED.,.F.,
  .F.,(2,2),(1.,4.),.PIECEWISE_BEZIER_KNOTS.);
#2171 = CARTESIAN_POINT('',(1.,0.25));
#2172 = CARTESIAN_POINT('',(4.,0.25));
#2173 = ( GEOMETRIC_REPRESENTATION_CONTEXT(2) 
PARAMETRIC_REPRESENTATION_CONTEXT() REPRESENTATION_CONTEXT('2D SPACE',''
  ) );
#2174 = PCURVE('',#2175,#2180);
#2175 = PLANE('',#2176);
#2176 = AXIS2_PLACEMENT_3D('',#2177,#2178,#2179);
#2177 = CARTESIAN_POINT('',(-141.8,-34.35,-9.));
#2178 = DIRECTION('',(0.,1.,0.));
#2179 = DIRECTION('',(0.,0.,1.));
#2180 = DEFINITIONAL_REPRESENTATION('',(#2181),#2184);
#2181 = B_SPLINE_CURVE_WITH_KNOTS('',1,(#2182,#2183),.UNSPECIFIED.,.F.,
  .F.,(2,2),(1.,4.),.PIECEWISE_BEZIER_KNOTS.);
#2182 = CARTESIAN_POINT('',(2.,1.));
#2183 = CARTESIAN_POINT('',(2.,4.));
#2184 = ( GEOMETRIC_REPRESENTATION_CONTEXT(2) 
PARAMETRIC_REPRESENTATION_CONTEXT() REPRESENTATION_CONTEXT('2D SPACE',''
  ) );
#2185 = ORIENTED_EDGE('',*,*,#2186,.F.);
#2186 = EDGE_CURVE('',#1798,#2161,#2187,.T.);
#2187 = SURFACE_CURVE('',#2188,(#2193,#2200),.PCURVE_S1.);
#2188 = CIRCLE('',#2189,1.);
#2189 = AXIS2_PLACEMENT_3D('',#2190,#2191,#2192);
#2190 = CARTESIAN_POINT('',(-140.8,-33.35,-7.));
#2191 = DIRECTION('',(0.,0.,1.));
#2192 = DIRECTION('',(-1.,-0.,0.));
#2193 = PCURVE('',#1841,#2194);
#2194 = DEFINITIONAL_REPRESENTATION('',(#2195),#2199);
#2195 = CIRCLE('',#2196,1.);
#2196 = AXIS2_PLACEMENT_2D('',#2197,#2198);
#2197 = CARTESIAN_POINT('',(1.,1.25));
#2198 = DIRECTION('',(-1.,0.));
#2199 = ( GEOMETRIC_REPRESENTATION_CONTEXT(2) 
PARAMETRIC_REPRESENTATION_CONTEXT() REPRESENTATION_CONTEXT('2D SPACE',''
  ) );
#2200 = PCURVE('',#1813,#2201);
#2201 = DEFINITIONAL_REPRESENTATION('',(#2202),#2206);
#2202 = LINE('',#2203,#2204);
#2203 = CARTESIAN_POINT('',(0.,2.));
#2204 = VECTOR('',#2205,1.);
#2205 = DIRECTION('',(1.,0.));
#2206 = ( GEOMETRIC_REPRESENTATION_CONTEXT(2) 
PARAMETRIC_REPRESENTATION_CONTEXT() REPRESENTATION_CONTEXT('2D SPACE',''
  ) );
#2207 = ADVANCED_FACE('',(#2208),#2148,.T.);
#2208 = FACE_BOUND('',#2209,.F.);
#2209 = EDGE_LOOP('',(#2210,#2233,#2234,#2257));
#2210 = ORIENTED_EDGE('',*,*,#2211,.F.);
#2211 = EDGE_CURVE('',#2109,#2212,#2214,.T.);
#2212 = VERTEX_POINT('',#2213);
#2213 = CARTESIAN_POINT('',(-136.8,-33.35,-1.));
#2214 = SURFACE_CURVE('',#2215,(#2219,#2226),.PCURVE_S1.);
#2215 = LINE('',#2216,#2217);
#2216 = CARTESIAN_POINT('',(-136.8,-33.35,-9.));
#2217 = VECTOR('',#2218,1.);
#2218 = DIRECTION('',(0.,0.,1.));
#2219 = PCURVE('',#2148,#2220);
#2220 = DEFINITIONAL_REPRESENTATION('',(#2221),#2225);
#2221 = LINE('',#2222,#2223);
#2222 = CARTESIAN_POINT('',(-0.,0.));
#2223 = VECTOR('',#2224,1.);
#2224 = DIRECTION('',(-0.,1.));
#2225 = ( GEOMETRIC_REPRESENTATION_CONTEXT(2) 
PARAMETRIC_REPRESENTATION_CONTEXT() REPRESENTATION_CONTEXT('2D SPACE',''
  ) );
#2226 = PCURVE('',#404,#2227);
#2227 = DEFINITIONAL_REPRESENTATION('',(#2228),#2232);
#2228 = LINE('',#2229,#2230);
#2229 = CARTESIAN_POINT('',(0.,-1.));
#2230 = VECTOR('',#2231,1.);
#2231 = DIRECTION('',(1.,0.));
#2232 = ( GEOMETRIC_REPRESENTATION_CONTEXT(2) 
PARAMETRIC_REPRESENTATION_CONTEXT() REPRESENTATION_CONTEXT('2D SPACE',''
  ) );
#2233 = ORIENTED_EDGE('',*,*,#2131,.F.);
#2234 = ORIENTED_EDGE('',*,*,#2235,.T.);
#2235 = EDGE_CURVE('',#2132,#2236,#2238,.T.);
#2236 = VERTEX_POINT('',#2237);
#2237 = CARTESIAN_POINT('',(-137.8,-34.35,-1.));
#2238 = SURFACE_CURVE('',#2239,(#2243,#2250),.PCURVE_S1.);
#2239 = LINE('',#2240,#2241);
#2240 = CARTESIAN_POINT('',(-137.8,-34.35,-9.));
#2241 = VECTOR('',#2242,1.);
#2242 = DIRECTION('',(0.,0.,1.));
#2243 = PCURVE('',#2148,#2244);
#2244 = DEFINITIONAL_REPRESENTATION('',(#2245),#2249);
#2245 = LINE('',#2246,#2247);
#2246 = CARTESIAN_POINT('',(-1.570796326795,0.));
#2247 = VECTOR('',#2248,1.);
#2248 = DIRECTION('',(-0.,1.));
#2249 = ( GEOMETRIC_REPRESENTATION_CONTEXT(2) 
PARAMETRIC_REPRESENTATION_CONTEXT() REPRESENTATION_CONTEXT('2D SPACE',''
  ) );
#2250 = PCURVE('',#2175,#2251);
#2251 = DEFINITIONAL_REPRESENTATION('',(#2252),#2256);
#2252 = LINE('',#2253,#2254);
#2253 = CARTESIAN_POINT('',(0.,4.));
#2254 = VECTOR('',#2255,1.);
#2255 = DIRECTION('',(1.,0.));
#2256 = ( GEOMETRIC_REPRESENTATION_CONTEXT(2) 
PARAMETRIC_REPRESENTATION_CONTEXT() REPRESENTATION_CONTEXT('2D SPACE',''
  ) );
#2257 = ORIENTED_EDGE('',*,*,#2258,.F.);
#2258 = EDGE_CURVE('',#2212,#2236,#2259,.T.);
#2259 = SURFACE_CURVE('',#2260,(#2265,#2272),.PCURVE_S1.);
#2260 = CIRCLE('',#2261,1.);
#2261 = AXIS2_PLACEMENT_3D('',#2262,#2263,#2264);
#2262 = CARTESIAN_POINT('',(-137.8,-33.35,-1.));
#2263 = DIRECTION('',(-0.,-0.,-1.));
#2264 = DIRECTION('',(0.,-1.,0.));
#2265 = PCURVE('',#2148,#2266);
#2266 = DEFINITIONAL_REPRESENTATION('',(#2267),#2271);
#2267 = LINE('',#2268,#2269);
#2268 = CARTESIAN_POINT('',(4.712388980385,8.));
#2269 = VECTOR('',#2270,1.);
#2270 = DIRECTION('',(-1.,0.));
#2271 = ( GEOMETRIC_REPRESENTATION_CONTEXT(2) 
PARAMETRIC_REPRESENTATION_CONTEXT() REPRESENTATION_CONTEXT('2D SPACE',''
  ) );
#2272 = PCURVE('',#1785,#2273);
#2273 = DEFINITIONAL_REPRESENTATION('',(#2274),#2282);
#2274 = ( BOUNDED_CURVE() B_SPLINE_CURVE(2,(#2275,#2276,#2277,#2278,
#2279,#2280,#2281),.UNSPECIFIED.,.T.,.F.) B_SPLINE_CURVE_WITH_KNOTS((1,2
    ,2,2,2,1),(-2.094395102393,0.,2.094395102393,4.188790204786,
6.28318530718,8.377580409573),.UNSPECIFIED.) CURVE() 
GEOMETRIC_REPRESENTATION_ITEM() RATIONAL_B_SPLINE_CURVE((1.,0.5,1.,0.5,
1.,0.5,1.)) REPRESENTATION_ITEM('') );
#2275 = CARTESIAN_POINT('',(4.,0.));
#2276 = CARTESIAN_POINT('',(2.267949192431,0.));
#2277 = CARTESIAN_POINT('',(3.133974596216,1.5));
#2278 = CARTESIAN_POINT('',(4.,3.));
#2279 = CARTESIAN_POINT('',(4.866025403784,1.5));
#2280 = CARTESIAN_POINT('',(5.732050807569,1.554312234475E-15));
#2281 = CARTESIAN_POINT('',(4.,0.));
#2282 = ( GEOMETRIC_REPRESENTATION_CONTEXT(2) 
PARAMETRIC_REPRESENTATION_CONTEXT() REPRESENTATION_CONTEXT('2D SPACE',''
  ) );
#2283 = ADVANCED_FACE('',(#2284),#2175,.F.);
#2284 = FACE_BOUND('',#2285,.F.);
#2285 = EDGE_LOOP('',(#2286,#2287,#2310,#2331));
#2286 = ORIENTED_EDGE('',*,*,#2160,.F.);
#2287 = ORIENTED_EDGE('',*,*,#2288,.T.);
#2288 = EDGE_CURVE('',#2161,#2289,#2291,.T.);
#2289 = VERTEX_POINT('',#2290);
#2290 = CARTESIAN_POINT('',(-140.8,-34.35,-1.));
#2291 = SURFACE_CURVE('',#2292,(#2296,#2303),.PCURVE_S1.);
#2292 = LINE('',#2293,#2294);
#2293 = CARTESIAN_POINT('',(-140.8,-34.35,-9.));
#2294 = VECTOR('',#2295,1.);
#2295 = DIRECTION('',(0.,0.,1.));
#2296 = PCURVE('',#2175,#2297);
#2297 = DEFINITIONAL_REPRESENTATION('',(#2298),#2302);
#2298 = LINE('',#2299,#2300);
#2299 = CARTESIAN_POINT('',(0.,1.));
#2300 = VECTOR('',#2301,1.);
#2301 = DIRECTION('',(1.,0.));
#2302 = ( GEOMETRIC_REPRESENTATION_CONTEXT(2) 
PARAMETRIC_REPRESENTATION_CONTEXT() REPRESENTATION_CONTEXT('2D SPACE',''
  ) );
#2303 = PCURVE('',#1813,#2304);
#2304 = DEFINITIONAL_REPRESENTATION('',(#2305),#2309);
#2305 = LINE('',#2306,#2307);
#2306 = CARTESIAN_POINT('',(1.570796326795,0.));
#2307 = VECTOR('',#2308,1.);
#2308 = DIRECTION('',(0.,1.));
#2309 = ( GEOMETRIC_REPRESENTATION_CONTEXT(2) 
PARAMETRIC_REPRESENTATION_CONTEXT() REPRESENTATION_CONTEXT('2D SPACE',''
  ) );
#2310 = ORIENTED_EDGE('',*,*,#2311,.T.);
#2311 = EDGE_CURVE('',#2289,#2236,#2312,.T.);
#2312 = SURFACE_CURVE('',#2313,(#2317,#2324),.PCURVE_S1.);
#2313 = LINE('',#2314,#2315);
#2314 = CARTESIAN_POINT('',(-141.8,-34.35,-1.));
#2315 = VECTOR('',#2316,1.);
#2316 = DIRECTION('',(1.,0.,0.));
#2317 = PCURVE('',#2175,#2318);
#2318 = DEFINITIONAL_REPRESENTATION('',(#2319),#2323);
#2319 = LINE('',#2320,#2321);
#2320 = CARTESIAN_POINT('',(8.,0.));
#2321 = VECTOR('',#2322,1.);
#2322 = DIRECTION('',(0.,1.));
#2323 = ( GEOMETRIC_REPRESENTATION_CONTEXT(2) 
PARAMETRIC_REPRESENTATION_CONTEXT() REPRESENTATION_CONTEXT('2D SPACE',''
  ) );
#2324 = PCURVE('',#1785,#2325);
#2325 = DEFINITIONAL_REPRESENTATION('',(#2326),#2330);
#2326 = LINE('',#2327,#2328);
#2327 = CARTESIAN_POINT('',(0.,0.));
#2328 = VECTOR('',#2329,1.);
#2329 = DIRECTION('',(1.,0.));
#2330 = ( GEOMETRIC_REPRESENTATION_CONTEXT(2) 
PARAMETRIC_REPRESENTATION_CONTEXT() REPRESENTATION_CONTEXT('2D SPACE',''
  ) );
#2331 = ORIENTED_EDGE('',*,*,#2235,.F.);
#2332 = ADVANCED_FACE('',(#2333),#1813,.T.);
#2333 = FACE_BOUND('',#2334,.T.);
#2334 = EDGE_LOOP('',(#2335,#2336,#2337,#2338));
#2335 = ORIENTED_EDGE('',*,*,#1797,.F.);
#2336 = ORIENTED_EDGE('',*,*,#2186,.T.);
#2337 = ORIENTED_EDGE('',*,*,#2288,.T.);
#2338 = ORIENTED_EDGE('',*,*,#2339,.F.);
#2339 = EDGE_CURVE('',#1770,#2289,#2340,.T.);
#2340 = SURFACE_CURVE('',#2341,(#2346,#2353),.PCURVE_S1.);
#2341 = CIRCLE('',#2342,1.);
#2342 = AXIS2_PLACEMENT_3D('',#2343,#2344,#2345);
#2343 = CARTESIAN_POINT('',(-140.8,-33.35,-1.));
#2344 = DIRECTION('',(0.,0.,1.));
#2345 = DIRECTION('',(0.,-1.,0.));
#2346 = PCURVE('',#1813,#2347);
#2347 = DEFINITIONAL_REPRESENTATION('',(#2348),#2352);
#2348 = LINE('',#2349,#2350);
#2349 = CARTESIAN_POINT('',(-4.712388980385,8.));
#2350 = VECTOR('',#2351,1.);
#2351 = DIRECTION('',(1.,0.));
#2352 = ( GEOMETRIC_REPRESENTATION_CONTEXT(2) 
PARAMETRIC_REPRESENTATION_CONTEXT() REPRESENTATION_CONTEXT('2D SPACE',''
  ) );
#2353 = PCURVE('',#1785,#2354);
#2354 = DEFINITIONAL_REPRESENTATION('',(#2355),#2359);
#2355 = CIRCLE('',#2356,1.);
#2356 = AXIS2_PLACEMENT_2D('',#2357,#2358);
#2357 = CARTESIAN_POINT('',(1.,1.));
#2358 = DIRECTION('',(0.,-1.));
#2359 = ( GEOMETRIC_REPRESENTATION_CONTEXT(2) 
PARAMETRIC_REPRESENTATION_CONTEXT() REPRESENTATION_CONTEXT('2D SPACE',''
  ) );
#2360 = ADVANCED_FACE('',(#2361),#1785,.T.);
#2361 = FACE_BOUND('',#2362,.T.);
#2362 = EDGE_LOOP('',(#2363,#2364,#2365,#2366,#2367,#2388));
#2363 = ORIENTED_EDGE('',*,*,#1769,.F.);
#2364 = ORIENTED_EDGE('',*,*,#2339,.T.);
#2365 = ORIENTED_EDGE('',*,*,#2311,.T.);
#2366 = ORIENTED_EDGE('',*,*,#2258,.F.);
#2367 = ORIENTED_EDGE('',*,*,#2368,.T.);
#2368 = EDGE_CURVE('',#2212,#389,#2369,.T.);
#2369 = SURFACE_CURVE('',#2370,(#2374,#2381),.PCURVE_S1.);
#2370 = LINE('',#2371,#2372);
#2371 = CARTESIAN_POINT('',(-136.8,-34.35,-1.));
#2372 = VECTOR('',#2373,1.);
#2373 = DIRECTION('',(0.,1.,0.));
#2374 = PCURVE('',#1785,#2375);
#2375 = DEFINITIONAL_REPRESENTATION('',(#2376),#2380);
#2376 = LINE('',#2377,#2378);
#2377 = CARTESIAN_POINT('',(5.,0.));
#2378 = VECTOR('',#2379,1.);
#2379 = DIRECTION('',(0.,1.));
#2380 = ( GEOMETRIC_REPRESENTATION_CONTEXT(2) 
PARAMETRIC_REPRESENTATION_CONTEXT() REPRESENTATION_CONTEXT('2D SPACE',''
  ) );
#2381 = PCURVE('',#404,#2382);
#2382 = DEFINITIONAL_REPRESENTATION('',(#2383),#2387);
#2383 = LINE('',#2384,#2385);
#2384 = CARTESIAN_POINT('',(8.,0.));
#2385 = VECTOR('',#2386,1.);
#2386 = DIRECTION('',(0.,-1.));
#2387 = ( GEOMETRIC_REPRESENTATION_CONTEXT(2) 
PARAMETRIC_REPRESENTATION_CONTEXT() REPRESENTATION_CONTEXT('2D SPACE',''
  ) );
#2388 = ORIENTED_EDGE('',*,*,#2389,.F.);
#2389 = EDGE_CURVE('',#243,#389,#2390,.T.);
#2390 = SURFACE_CURVE('',#2391,(#2395,#2402),.PCURVE_S1.);
#2391 = LINE('',#2392,#2393);
#2392 = CARTESIAN_POINT('',(-199.,-31.85,-1.));
#2393 = VECTOR('',#2394,1.);
#2394 = DIRECTION('',(1.,0.,0.));
#2395 = PCURVE('',#1785,#2396);
#2396 = DEFINITIONAL_REPRESENTATION('',(#2397),#2401);
#2397 = LINE('',#2398,#2399);
#2398 = CARTESIAN_POINT('',(-57.2,2.5));
#2399 = VECTOR('',#2400,1.);
#2400 = DIRECTION('',(1.,0.));
#2401 = ( GEOMETRIC_REPRESENTATION_CONTEXT(2) 
PARAMETRIC_REPRESENTATION_CONTEXT() REPRESENTATION_CONTEXT('2D SPACE',''
  ) );
#2402 = PCURVE('',#258,#2403);
#2403 = DEFINITIONAL_REPRESENTATION('',(#2404),#2408);
#2404 = LINE('',#2405,#2406);
#2405 = CARTESIAN_POINT('',(0.,0.));
#2406 = VECTOR('',#2407,1.);
#2407 = DIRECTION('',(0.,1.));
#2408 = ( GEOMETRIC_REPRESENTATION_CONTEXT(2) 
PARAMETRIC_REPRESENTATION_CONTEXT() REPRESENTATION_CONTEXT('2D SPACE',''
  ) );
#2409 = ADVANCED_FACE('',(#2410),#319,.T.);
#2410 = FACE_BOUND('',#2411,.F.);
#2411 = EDGE_LOOP('',(#2412,#2413,#2434,#2435));
#2412 = ORIENTED_EDGE('',*,*,#2028,.T.);
#2413 = ORIENTED_EDGE('',*,*,#2414,.T.);
#2414 = EDGE_CURVE('',#2006,#299,#2415,.T.);
#2415 = SURFACE_CURVE('',#2416,(#2420,#2427),.PCURVE_S1.);
#2416 = LINE('',#2417,#2418);
#2417 = CARTESIAN_POINT('',(-140.8,-29.35,-9.));
#2418 = VECTOR('',#2419,1.);
#2419 = DIRECTION('',(0.,0.,1.));
#2420 = PCURVE('',#319,#2421);
#2421 = DEFINITIONAL_REPRESENTATION('',(#2422),#2426);
#2422 = LINE('',#2423,#2424);
#2423 = CARTESIAN_POINT('',(-1.570796326795,0.));
#2424 = VECTOR('',#2425,1.);
#2425 = DIRECTION('',(-0.,1.));
#2426 = ( GEOMETRIC_REPRESENTATION_CONTEXT(2) 
PARAMETRIC_REPRESENTATION_CONTEXT() REPRESENTATION_CONTEXT('2D SPACE',''
  ) );
#2427 = PCURVE('',#347,#2428);
#2428 = DEFINITIONAL_REPRESENTATION('',(#2429),#2433);
#2429 = LINE('',#2430,#2431);
#2430 = CARTESIAN_POINT('',(0.,1.));
#2431 = VECTOR('',#2432,1.);
#2432 = DIRECTION('',(1.,0.));
#2433 = ( GEOMETRIC_REPRESENTATION_CONTEXT(2) 
PARAMETRIC_REPRESENTATION_CONTEXT() REPRESENTATION_CONTEXT('2D SPACE',''
  ) );
#2434 = ORIENTED_EDGE('',*,*,#298,.F.);
#2435 = ORIENTED_EDGE('',*,*,#1909,.F.);
#2436 = ADVANCED_FACE('',(#2437),#347,.T.);
#2437 = FACE_BOUND('',#2438,.T.);
#2438 = EDGE_LOOP('',(#2439,#2440,#2441,#2442));
#2439 = ORIENTED_EDGE('',*,*,#2005,.F.);
#2440 = ORIENTED_EDGE('',*,*,#2414,.T.);
#2441 = ORIENTED_EDGE('',*,*,#331,.T.);
#2442 = ORIENTED_EDGE('',*,*,#2443,.F.);
#2443 = EDGE_CURVE('',#1982,#332,#2444,.T.);
#2444 = SURFACE_CURVE('',#2445,(#2449,#2456),.PCURVE_S1.);
#2445 = LINE('',#2446,#2447);
#2446 = CARTESIAN_POINT('',(-137.8,-29.35,-9.));
#2447 = VECTOR('',#2448,1.);
#2448 = DIRECTION('',(0.,0.,1.));
#2449 = PCURVE('',#347,#2450);
#2450 = DEFINITIONAL_REPRESENTATION('',(#2451),#2455);
#2451 = LINE('',#2452,#2453);
#2452 = CARTESIAN_POINT('',(0.,4.));
#2453 = VECTOR('',#2454,1.);
#2454 = DIRECTION('',(1.,0.));
#2455 = ( GEOMETRIC_REPRESENTATION_CONTEXT(2) 
PARAMETRIC_REPRESENTATION_CONTEXT() REPRESENTATION_CONTEXT('2D SPACE',''
  ) );
#2456 = PCURVE('',#376,#2457);
#2457 = DEFINITIONAL_REPRESENTATION('',(#2458),#2462);
#2458 = LINE('',#2459,#2460);
#2459 = CARTESIAN_POINT('',(1.570796326795,0.));
#2460 = VECTOR('',#2461,1.);
#2461 = DIRECTION('',(0.,1.));
#2462 = ( GEOMETRIC_REPRESENTATION_CONTEXT(2) 
PARAMETRIC_REPRESENTATION_CONTEXT() REPRESENTATION_CONTEXT('2D SPACE',''
  ) );
#2463 = ADVANCED_FACE('',(#2464),#376,.T.);
#2464 = FACE_BOUND('',#2465,.T.);
#2465 = EDGE_LOOP('',(#2466,#2467,#2468,#2469));
#2466 = ORIENTED_EDGE('',*,*,#1981,.T.);
#2467 = ORIENTED_EDGE('',*,*,#2443,.T.);
#2468 = ORIENTED_EDGE('',*,*,#359,.F.);
#2469 = ORIENTED_EDGE('',*,*,#2470,.F.);
#2470 = EDGE_CURVE('',#1959,#360,#2471,.T.);
#2471 = SURFACE_CURVE('',#2472,(#2476,#2483),.PCURVE_S1.);
#2472 = LINE('',#2473,#2474);
#2473 = CARTESIAN_POINT('',(-136.8,-30.35,-9.));
#2474 = VECTOR('',#2475,1.);
#2475 = DIRECTION('',(0.,0.,1.));
#2476 = PCURVE('',#376,#2477);
#2477 = DEFINITIONAL_REPRESENTATION('',(#2478),#2482);
#2478 = LINE('',#2479,#2480);
#2479 = CARTESIAN_POINT('',(0.,0.));
#2480 = VECTOR('',#2481,1.);
#2481 = DIRECTION('',(0.,1.));
#2482 = ( GEOMETRIC_REPRESENTATION_CONTEXT(2) 
PARAMETRIC_REPRESENTATION_CONTEXT() REPRESENTATION_CONTEXT('2D SPACE',''
  ) );
#2483 = PCURVE('',#404,#2484);
#2484 = DEFINITIONAL_REPRESENTATION('',(#2485),#2489);
#2485 = LINE('',#2486,#2487);
#2486 = CARTESIAN_POINT('',(0.,-4.));
#2487 = VECTOR('',#2488,1.);
#2488 = DIRECTION('',(1.,0.));
#2489 = ( GEOMETRIC_REPRESENTATION_CONTEXT(2) 
PARAMETRIC_REPRESENTATION_CONTEXT() REPRESENTATION_CONTEXT('2D SPACE',''
  ) );
#2490 = ADVANCED_FACE('',(#2491),#404,.T.);
#2491 = FACE_BOUND('',#2492,.T.);
#2492 = EDGE_LOOP('',(#2493,#2494,#2495,#2496,#2497,#2498,#2499));
#2493 = ORIENTED_EDGE('',*,*,#2368,.F.);
#2494 = ORIENTED_EDGE('',*,*,#2211,.F.);
#2495 = ORIENTED_EDGE('',*,*,#2108,.F.);
#2496 = ORIENTED_EDGE('',*,*,#2082,.F.);
#2497 = ORIENTED_EDGE('',*,*,#1958,.T.);
#2498 = ORIENTED_EDGE('',*,*,#2470,.T.);
#2499 = ORIENTED_EDGE('',*,*,#388,.F.);
#2500 = ADVANCED_FACE('',(#2501),#455,.F.);
#2501 = FACE_BOUND('',#2502,.F.);
#2502 = EDGE_LOOP('',(#2503,#2531,#2559,#2587,#2615,#2643,#2664));
#2503 = ORIENTED_EDGE('',*,*,#2504,.F.);
#2504 = EDGE_CURVE('',#2505,#417,#2507,.T.);
#2505 = VERTEX_POINT('',#2506);
#2506 = CARTESIAN_POINT('',(-50.26,-33.35,-1.));
#2507 = SURFACE_CURVE('',#2508,(#2512,#2519),.PCURVE_S1.);
#2508 = LINE('',#2509,#2510);
#2509 = CARTESIAN_POINT('',(-50.26,-34.35,-1.));
#2510 = VECTOR('',#2511,1.);
#2511 = DIRECTION('',(0.,1.,0.));
#2512 = PCURVE('',#455,#2513);
#2513 = DEFINITIONAL_REPRESENTATION('',(#2514),#2518);
#2514 = LINE('',#2515,#2516);
#2515 = CARTESIAN_POINT('',(8.,0.));
#2516 = VECTOR('',#2517,1.);
#2517 = DIRECTION('',(0.,-1.));
#2518 = ( GEOMETRIC_REPRESENTATION_CONTEXT(2) 
PARAMETRIC_REPRESENTATION_CONTEXT() REPRESENTATION_CONTEXT('2D SPACE',''
  ) );
#2519 = PCURVE('',#2520,#2525);
#2520 = PLANE('',#2521);
#2521 = AXIS2_PLACEMENT_3D('',#2522,#2523,#2524);
#2522 = CARTESIAN_POINT('',(-50.26,-34.35,-1.));
#2523 = DIRECTION('',(0.,0.,1.));
#2524 = DIRECTION('',(1.,0.,0.));
#2525 = DEFINITIONAL_REPRESENTATION('',(#2526),#2530);
#2526 = LINE('',#2527,#2528);
#2527 = CARTESIAN_POINT('',(0.,0.));
#2528 = VECTOR('',#2529,1.);
#2529 = DIRECTION('',(0.,1.));
#2530 = ( GEOMETRIC_REPRESENTATION_CONTEXT(2) 
PARAMETRIC_REPRESENTATION_CONTEXT() REPRESENTATION_CONTEXT('2D SPACE',''
  ) );
#2531 = ORIENTED_EDGE('',*,*,#2532,.F.);
#2532 = EDGE_CURVE('',#2533,#2505,#2535,.T.);
#2533 = VERTEX_POINT('',#2534);
#2534 = CARTESIAN_POINT('',(-50.26,-33.35,-7.));
#2535 = SURFACE_CURVE('',#2536,(#2540,#2547),.PCURVE_S1.);
#2536 = LINE('',#2537,#2538);
#2537 = CARTESIAN_POINT('',(-50.26,-33.35,-9.));
#2538 = VECTOR('',#2539,1.);
#2539 = DIRECTION('',(0.,0.,1.));
#2540 = PCURVE('',#455,#2541);
#2541 = DEFINITIONAL_REPRESENTATION('',(#2542),#2546);
#2542 = LINE('',#2543,#2544);
#2543 = CARTESIAN_POINT('',(0.,-1.));
#2544 = VECTOR('',#2545,1.);
#2545 = DIRECTION('',(1.,0.));
#2546 = ( GEOMETRIC_REPRESENTATION_CONTEXT(2) 
PARAMETRIC_REPRESENTATION_CONTEXT() REPRESENTATION_CONTEXT('2D SPACE',''
  ) );
#2547 = PCURVE('',#2548,#2553);
#2548 = CYLINDRICAL_SURFACE('',#2549,1.);
#2549 = AXIS2_PLACEMENT_3D('',#2550,#2551,#2552);
#2550 = CARTESIAN_POINT('',(-49.26,-33.35,-9.));
#2551 = DIRECTION('',(0.,0.,1.));
#2552 = DIRECTION('',(-1.,-0.,0.));
#2553 = DEFINITIONAL_REPRESENTATION('',(#2554),#2558);
#2554 = LINE('',#2555,#2556);
#2555 = CARTESIAN_POINT('',(0.,0.));
#2556 = VECTOR('',#2557,1.);
#2557 = DIRECTION('',(0.,1.));
#2558 = ( GEOMETRIC_REPRESENTATION_CONTEXT(2) 
PARAMETRIC_REPRESENTATION_CONTEXT() REPRESENTATION_CONTEXT('2D SPACE',''
  ) );
#2559 = ORIENTED_EDGE('',*,*,#2560,.F.);
#2560 = EDGE_CURVE('',#2561,#2533,#2563,.T.);
#2561 = VERTEX_POINT('',#2562);
#2562 = CARTESIAN_POINT('',(-50.26,-34.6,-7.));
#2563 = SURFACE_CURVE('',#2564,(#2568,#2575),.PCURVE_S1.);
#2564 = LINE('',#2565,#2566);
#2565 = CARTESIAN_POINT('',(-50.26,-34.6,-7.));
#2566 = VECTOR('',#2567,1.);
#2567 = DIRECTION('',(0.,1.,0.));
#2568 = PCURVE('',#455,#2569);
#2569 = DEFINITIONAL_REPRESENTATION('',(#2570),#2574);
#2570 = LINE('',#2571,#2572);
#2571 = CARTESIAN_POINT('',(2.,0.25));
#2572 = VECTOR('',#2573,1.);
#2573 = DIRECTION('',(0.,-1.));
#2574 = ( GEOMETRIC_REPRESENTATION_CONTEXT(2) 
PARAMETRIC_REPRESENTATION_CONTEXT() REPRESENTATION_CONTEXT('2D SPACE',''
  ) );
#2575 = PCURVE('',#2576,#2581);
#2576 = PLANE('',#2577);
#2577 = AXIS2_PLACEMENT_3D('',#2578,#2579,#2580);
#2578 = CARTESIAN_POINT('',(-50.26,-34.6,-7.));
#2579 = DIRECTION('',(0.,0.,1.));
#2580 = DIRECTION('',(1.,0.,0.));
#2581 = DEFINITIONAL_REPRESENTATION('',(#2582),#2586);
#2582 = LINE('',#2583,#2584);
#2583 = CARTESIAN_POINT('',(0.,0.));
#2584 = VECTOR('',#2585,1.);
#2585 = DIRECTION('',(0.,1.));
#2586 = ( GEOMETRIC_REPRESENTATION_CONTEXT(2) 
PARAMETRIC_REPRESENTATION_CONTEXT() REPRESENTATION_CONTEXT('2D SPACE',''
  ) );
#2587 = ORIENTED_EDGE('',*,*,#2588,.F.);
#2588 = EDGE_CURVE('',#2589,#2561,#2591,.T.);
#2589 = VERTEX_POINT('',#2590);
#2590 = CARTESIAN_POINT('',(-50.26,-34.6,-9.));
#2591 = SURFACE_CURVE('',#2592,(#2596,#2603),.PCURVE_S1.);
#2592 = LINE('',#2593,#2594);
#2593 = CARTESIAN_POINT('',(-50.26,-34.6,-9.));
#2594 = VECTOR('',#2595,1.);
#2595 = DIRECTION('',(0.,0.,1.));
#2596 = PCURVE('',#455,#2597);
#2597 = DEFINITIONAL_REPRESENTATION('',(#2598),#2602);
#2598 = LINE('',#2599,#2600);
#2599 = CARTESIAN_POINT('',(0.,0.25));
#2600 = VECTOR('',#2601,1.);
#2601 = DIRECTION('',(1.,0.));
#2602 = ( GEOMETRIC_REPRESENTATION_CONTEXT(2) 
PARAMETRIC_REPRESENTATION_CONTEXT() REPRESENTATION_CONTEXT('2D SPACE',''
  ) );
#2603 = PCURVE('',#2604,#2609);
#2604 = PLANE('',#2605);
#2605 = AXIS2_PLACEMENT_3D('',#2606,#2607,#2608);
#2606 = CARTESIAN_POINT('',(-50.26,-34.6,-9.));
#2607 = DIRECTION('',(0.,1.,0.));
#2608 = DIRECTION('',(0.,0.,1.));
#2609 = DEFINITIONAL_REPRESENTATION('',(#2610),#2614);
#2610 = LINE('',#2611,#2612);
#2611 = CARTESIAN_POINT('',(0.,0.));
#2612 = VECTOR('',#2613,1.);
#2613 = DIRECTION('',(1.,0.));
#2614 = ( GEOMETRIC_REPRESENTATION_CONTEXT(2) 
PARAMETRIC_REPRESENTATION_CONTEXT() REPRESENTATION_CONTEXT('2D SPACE',''
  ) );
#2615 = ORIENTED_EDGE('',*,*,#2616,.F.);
#2616 = EDGE_CURVE('',#2617,#2589,#2619,.T.);
#2617 = VERTEX_POINT('',#2618);
#2618 = CARTESIAN_POINT('',(-50.26,-30.35,-9.));
#2619 = SURFACE_CURVE('',#2620,(#2624,#2631),.PCURVE_S1.);
#2620 = LINE('',#2621,#2622);
#2621 = CARTESIAN_POINT('',(-50.26,-30.35,-9.));
#2622 = VECTOR('',#2623,1.);
#2623 = DIRECTION('',(0.,-1.,0.));
#2624 = PCURVE('',#455,#2625);
#2625 = DEFINITIONAL_REPRESENTATION('',(#2626),#2630);
#2626 = LINE('',#2627,#2628);
#2627 = CARTESIAN_POINT('',(0.,-4.));
#2628 = VECTOR('',#2629,1.);
#2629 = DIRECTION('',(0.,1.));
#2630 = ( GEOMETRIC_REPRESENTATION_CONTEXT(2) 
PARAMETRIC_REPRESENTATION_CONTEXT() REPRESENTATION_CONTEXT('2D SPACE',''
  ) );
#2631 = PCURVE('',#2632,#2637);
#2632 = PLANE('',#2633);
#2633 = AXIS2_PLACEMENT_3D('',#2634,#2635,#2636);
#2634 = CARTESIAN_POINT('',(-50.26,-34.35,-9.));
#2635 = DIRECTION('',(0.,0.,1.));
#2636 = DIRECTION('',(1.,0.,0.));
#2637 = DEFINITIONAL_REPRESENTATION('',(#2638),#2642);
#2638 = LINE('',#2639,#2640);
#2639 = CARTESIAN_POINT('',(0.,4.));
#2640 = VECTOR('',#2641,1.);
#2641 = DIRECTION('',(0.,-1.));
#2642 = ( GEOMETRIC_REPRESENTATION_CONTEXT(2) 
PARAMETRIC_REPRESENTATION_CONTEXT() REPRESENTATION_CONTEXT('2D SPACE',''
  ) );
#2643 = ORIENTED_EDGE('',*,*,#2644,.T.);
#2644 = EDGE_CURVE('',#2617,#440,#2645,.T.);
#2645 = SURFACE_CURVE('',#2646,(#2650,#2657),.PCURVE_S1.);
#2646 = LINE('',#2647,#2648);
#2647 = CARTESIAN_POINT('',(-50.26,-30.35,-9.));
#2648 = VECTOR('',#2649,1.);
#2649 = DIRECTION('',(0.,0.,1.));
#2650 = PCURVE('',#455,#2651);
#2651 = DEFINITIONAL_REPRESENTATION('',(#2652),#2656);
#2652 = LINE('',#2653,#2654);
#2653 = CARTESIAN_POINT('',(0.,-4.));
#2654 = VECTOR('',#2655,1.);
#2655 = DIRECTION('',(1.,0.));
#2656 = ( GEOMETRIC_REPRESENTATION_CONTEXT(2) 
PARAMETRIC_REPRESENTATION_CONTEXT() REPRESENTATION_CONTEXT('2D SPACE',''
  ) );
#2657 = PCURVE('',#488,#2658);
#2658 = DEFINITIONAL_REPRESENTATION('',(#2659),#2663);
#2659 = LINE('',#2660,#2661);
#2660 = CARTESIAN_POINT('',(-0.,0.));
#2661 = VECTOR('',#2662,1.);
#2662 = DIRECTION('',(-0.,1.));
#2663 = ( GEOMETRIC_REPRESENTATION_CONTEXT(2) 
PARAMETRIC_REPRESENTATION_CONTEXT() REPRESENTATION_CONTEXT('2D SPACE',''
  ) );
#2664 = ORIENTED_EDGE('',*,*,#439,.F.);
#2665 = ADVANCED_FACE('',(#2666),#2632,.F.);
#2666 = FACE_BOUND('',#2667,.F.);
#2667 = EDGE_LOOP('',(#2668,#2669,#2692,#2715,#2739,#2762));
#2668 = ORIENTED_EDGE('',*,*,#2616,.T.);
#2669 = ORIENTED_EDGE('',*,*,#2670,.T.);
#2670 = EDGE_CURVE('',#2589,#2671,#2673,.T.);
#2671 = VERTEX_POINT('',#2672);
#2672 = CARTESIAN_POINT('',(-45.26,-34.6,-9.));
#2673 = SURFACE_CURVE('',#2674,(#2678,#2685),.PCURVE_S1.);
#2674 = LINE('',#2675,#2676);
#2675 = CARTESIAN_POINT('',(-50.26,-34.6,-9.));
#2676 = VECTOR('',#2677,1.);
#2677 = DIRECTION('',(1.,0.,0.));
#2678 = PCURVE('',#2632,#2679);
#2679 = DEFINITIONAL_REPRESENTATION('',(#2680),#2684);
#2680 = LINE('',#2681,#2682);
#2681 = CARTESIAN_POINT('',(0.,-0.25));
#2682 = VECTOR('',#2683,1.);
#2683 = DIRECTION('',(1.,0.));
#2684 = ( GEOMETRIC_REPRESENTATION_CONTEXT(2) 
PARAMETRIC_REPRESENTATION_CONTEXT() REPRESENTATION_CONTEXT('2D SPACE',''
  ) );
#2685 = PCURVE('',#2604,#2686);
#2686 = DEFINITIONAL_REPRESENTATION('',(#2687),#2691);
#2687 = LINE('',#2688,#2689);
#2688 = CARTESIAN_POINT('',(0.,0.));
#2689 = VECTOR('',#2690,1.);
#2690 = DIRECTION('',(0.,1.));
#2691 = ( GEOMETRIC_REPRESENTATION_CONTEXT(2) 
PARAMETRIC_REPRESENTATION_CONTEXT() REPRESENTATION_CONTEXT('2D SPACE',''
  ) );
#2692 = ORIENTED_EDGE('',*,*,#2693,.T.);
#2693 = EDGE_CURVE('',#2671,#2694,#2696,.T.);
#2694 = VERTEX_POINT('',#2695);
#2695 = CARTESIAN_POINT('',(-45.26,-30.35,-9.));
#2696 = SURFACE_CURVE('',#2697,(#2701,#2708),.PCURVE_S1.);
#2697 = LINE('',#2698,#2699);
#2698 = CARTESIAN_POINT('',(-45.26,-34.6,-9.));
#2699 = VECTOR('',#2700,1.);
#2700 = DIRECTION('',(0.,1.,0.));
#2701 = PCURVE('',#2632,#2702);
#2702 = DEFINITIONAL_REPRESENTATION('',(#2703),#2707);
#2703 = LINE('',#2704,#2705);
#2704 = CARTESIAN_POINT('',(5.,-0.25));
#2705 = VECTOR('',#2706,1.);
#2706 = DIRECTION('',(0.,1.));
#2707 = ( GEOMETRIC_REPRESENTATION_CONTEXT(2) 
PARAMETRIC_REPRESENTATION_CONTEXT() REPRESENTATION_CONTEXT('2D SPACE',''
  ) );
#2708 = PCURVE('',#573,#2709);
#2709 = DEFINITIONAL_REPRESENTATION('',(#2710),#2714);
#2710 = LINE('',#2711,#2712);
#2711 = CARTESIAN_POINT('',(0.,0.25));
#2712 = VECTOR('',#2713,1.);
#2713 = DIRECTION('',(0.,-1.));
#2714 = ( GEOMETRIC_REPRESENTATION_CONTEXT(2) 
PARAMETRIC_REPRESENTATION_CONTEXT() REPRESENTATION_CONTEXT('2D SPACE',''
  ) );
#2715 = ORIENTED_EDGE('',*,*,#2716,.T.);
#2716 = EDGE_CURVE('',#2694,#2717,#2719,.T.);
#2717 = VERTEX_POINT('',#2718);
#2718 = CARTESIAN_POINT('',(-46.26,-29.35,-9.));
#2719 = SURFACE_CURVE('',#2720,(#2725,#2732),.PCURVE_S1.);
#2720 = CIRCLE('',#2721,1.);
#2721 = AXIS2_PLACEMENT_3D('',#2722,#2723,#2724);
#2722 = CARTESIAN_POINT('',(-46.26,-30.35,-9.));
#2723 = DIRECTION('',(0.,0.,1.));
#2724 = DIRECTION('',(0.,-1.,0.));
#2725 = PCURVE('',#2632,#2726);
#2726 = DEFINITIONAL_REPRESENTATION('',(#2727),#2731);
#2727 = CIRCLE('',#2728,1.);
#2728 = AXIS2_PLACEMENT_2D('',#2729,#2730);
#2729 = CARTESIAN_POINT('',(4.,4.));
#2730 = DIRECTION('',(0.,-1.));
#2731 = ( GEOMETRIC_REPRESENTATION_CONTEXT(2) 
PARAMETRIC_REPRESENTATION_CONTEXT() REPRESENTATION_CONTEXT('2D SPACE',''
  ) );
#2732 = PCURVE('',#545,#2733);
#2733 = DEFINITIONAL_REPRESENTATION('',(#2734),#2738);
#2734 = LINE('',#2735,#2736);
#2735 = CARTESIAN_POINT('',(-1.570796326795,0.));
#2736 = VECTOR('',#2737,1.);
#2737 = DIRECTION('',(1.,0.));
#2738 = ( GEOMETRIC_REPRESENTATION_CONTEXT(2) 
PARAMETRIC_REPRESENTATION_CONTEXT() REPRESENTATION_CONTEXT('2D SPACE',''
  ) );
#2739 = ORIENTED_EDGE('',*,*,#2740,.F.);
#2740 = EDGE_CURVE('',#2741,#2717,#2743,.T.);
#2741 = VERTEX_POINT('',#2742);
#2742 = CARTESIAN_POINT('',(-49.26,-29.35,-9.));
#2743 = SURFACE_CURVE('',#2744,(#2748,#2755),.PCURVE_S1.);
#2744 = LINE('',#2745,#2746);
#2745 = CARTESIAN_POINT('',(-50.26,-29.35,-9.));
#2746 = VECTOR('',#2747,1.);
#2747 = DIRECTION('',(1.,0.,0.));
#2748 = PCURVE('',#2632,#2749);
#2749 = DEFINITIONAL_REPRESENTATION('',(#2750),#2754);
#2750 = LINE('',#2751,#2752);
#2751 = CARTESIAN_POINT('',(0.,5.));
#2752 = VECTOR('',#2753,1.);
#2753 = DIRECTION('',(1.,0.));
#2754 = ( GEOMETRIC_REPRESENTATION_CONTEXT(2) 
PARAMETRIC_REPRESENTATION_CONTEXT() REPRESENTATION_CONTEXT('2D SPACE',''
  ) );
#2755 = PCURVE('',#516,#2756);
#2756 = DEFINITIONAL_REPRESENTATION('',(#2757),#2761);
#2757 = LINE('',#2758,#2759);
#2758 = CARTESIAN_POINT('',(0.,0.));
#2759 = VECTOR('',#2760,1.);
#2760 = DIRECTION('',(0.,1.));
#2761 = ( GEOMETRIC_REPRESENTATION_CONTEXT(2) 
PARAMETRIC_REPRESENTATION_CONTEXT() REPRESENTATION_CONTEXT('2D SPACE',''
  ) );
#2762 = ORIENTED_EDGE('',*,*,#2763,.F.);
#2763 = EDGE_CURVE('',#2617,#2741,#2764,.T.);
#2764 = SURFACE_CURVE('',#2765,(#2770,#2781),.PCURVE_S1.);
#2765 = CIRCLE('',#2766,1.);
#2766 = AXIS2_PLACEMENT_3D('',#2767,#2768,#2769);
#2767 = CARTESIAN_POINT('',(-49.26,-30.35,-9.));
#2768 = DIRECTION('',(-0.,-0.,-1.));
#2769 = DIRECTION('',(0.,-1.,0.));
#2770 = PCURVE('',#2632,#2771);
#2771 = DEFINITIONAL_REPRESENTATION('',(#2772),#2780);
#2772 = ( BOUNDED_CURVE() B_SPLINE_CURVE(2,(#2773,#2774,#2775,#2776,
#2777,#2778,#2779),.UNSPECIFIED.,.T.,.F.) B_SPLINE_CURVE_WITH_KNOTS((1,2
    ,2,2,2,1),(-2.094395102393,0.,2.094395102393,4.188790204786,
6.28318530718,8.377580409573),.UNSPECIFIED.) CURVE() 
GEOMETRIC_REPRESENTATION_ITEM() RATIONAL_B_SPLINE_CURVE((1.,0.5,1.,0.5,
1.,0.5,1.)) REPRESENTATION_ITEM('') );
#2773 = CARTESIAN_POINT('',(1.,3.));
#2774 = CARTESIAN_POINT('',(-0.732050807569,3.));
#2775 = CARTESIAN_POINT('',(0.133974596216,4.5));
#2776 = CARTESIAN_POINT('',(1.,6.));
#2777 = CARTESIAN_POINT('',(1.866025403784,4.5));
#2778 = CARTESIAN_POINT('',(2.732050807569,3.));
#2779 = CARTESIAN_POINT('',(1.,3.));
#2780 = ( GEOMETRIC_REPRESENTATION_CONTEXT(2) 
PARAMETRIC_REPRESENTATION_CONTEXT() REPRESENTATION_CONTEXT('2D SPACE',''
  ) );
#2781 = PCURVE('',#488,#2782);
#2782 = DEFINITIONAL_REPRESENTATION('',(#2783),#2787);
#2783 = LINE('',#2784,#2785);
#2784 = CARTESIAN_POINT('',(1.570796326795,-0.));
#2785 = VECTOR('',#2786,1.);
#2786 = DIRECTION('',(-1.,0.));
#2787 = ( GEOMETRIC_REPRESENTATION_CONTEXT(2) 
PARAMETRIC_REPRESENTATION_CONTEXT() REPRESENTATION_CONTEXT('2D SPACE',''
  ) );
#2788 = ADVANCED_FACE('',(#2789),#2604,.F.);
#2789 = FACE_BOUND('',#2790,.F.);
#2790 = EDGE_LOOP('',(#2791,#2792,#2793,#2816));
#2791 = ORIENTED_EDGE('',*,*,#2670,.F.);
#2792 = ORIENTED_EDGE('',*,*,#2588,.T.);
#2793 = ORIENTED_EDGE('',*,*,#2794,.T.);
#2794 = EDGE_CURVE('',#2561,#2795,#2797,.T.);
#2795 = VERTEX_POINT('',#2796);
#2796 = CARTESIAN_POINT('',(-45.26,-34.6,-7.));
#2797 = SURFACE_CURVE('',#2798,(#2802,#2809),.PCURVE_S1.);
#2798 = LINE('',#2799,#2800);
#2799 = CARTESIAN_POINT('',(-50.26,-34.6,-7.));
#2800 = VECTOR('',#2801,1.);
#2801 = DIRECTION('',(1.,0.,0.));
#2802 = PCURVE('',#2604,#2803);
#2803 = DEFINITIONAL_REPRESENTATION('',(#2804),#2808);
#2804 = LINE('',#2805,#2806);
#2805 = CARTESIAN_POINT('',(2.,0.));
#2806 = VECTOR('',#2807,1.);
#2807 = DIRECTION('',(0.,1.));
#2808 = ( GEOMETRIC_REPRESENTATION_CONTEXT(2) 
PARAMETRIC_REPRESENTATION_CONTEXT() REPRESENTATION_CONTEXT('2D SPACE',''
  ) );
#2809 = PCURVE('',#2576,#2810);
#2810 = DEFINITIONAL_REPRESENTATION('',(#2811),#2815);
#2811 = LINE('',#2812,#2813);
#2812 = CARTESIAN_POINT('',(0.,0.));
#2813 = VECTOR('',#2814,1.);
#2814 = DIRECTION('',(1.,0.));
#2815 = ( GEOMETRIC_REPRESENTATION_CONTEXT(2) 
PARAMETRIC_REPRESENTATION_CONTEXT() REPRESENTATION_CONTEXT('2D SPACE',''
  ) );
#2816 = ORIENTED_EDGE('',*,*,#2817,.F.);
#2817 = EDGE_CURVE('',#2671,#2795,#2818,.T.);
#2818 = SURFACE_CURVE('',#2819,(#2823,#2830),.PCURVE_S1.);
#2819 = LINE('',#2820,#2821);
#2820 = CARTESIAN_POINT('',(-45.26,-34.6,-9.));
#2821 = VECTOR('',#2822,1.);
#2822 = DIRECTION('',(0.,0.,1.));
#2823 = PCURVE('',#2604,#2824);
#2824 = DEFINITIONAL_REPRESENTATION('',(#2825),#2829);
#2825 = LINE('',#2826,#2827);
#2826 = CARTESIAN_POINT('',(0.,5.));
#2827 = VECTOR('',#2828,1.);
#2828 = DIRECTION('',(1.,0.));
#2829 = ( GEOMETRIC_REPRESENTATION_CONTEXT(2) 
PARAMETRIC_REPRESENTATION_CONTEXT() REPRESENTATION_CONTEXT('2D SPACE',''
  ) );
#2830 = PCURVE('',#573,#2831);
#2831 = DEFINITIONAL_REPRESENTATION('',(#2832),#2836);
#2832 = LINE('',#2833,#2834);
#2833 = CARTESIAN_POINT('',(0.,0.25));
#2834 = VECTOR('',#2835,1.);
#2835 = DIRECTION('',(1.,0.));
#2836 = ( GEOMETRIC_REPRESENTATION_CONTEXT(2) 
PARAMETRIC_REPRESENTATION_CONTEXT() REPRESENTATION_CONTEXT('2D SPACE',''
  ) );
#2837 = ADVANCED_FACE('',(#2838),#2576,.T.);
#2838 = FACE_BOUND('',#2839,.T.);
#2839 = EDGE_LOOP('',(#2840,#2841,#2842,#2865,#2894,#2920));
#2840 = ORIENTED_EDGE('',*,*,#2560,.F.);
#2841 = ORIENTED_EDGE('',*,*,#2794,.T.);
#2842 = ORIENTED_EDGE('',*,*,#2843,.T.);
#2843 = EDGE_CURVE('',#2795,#2844,#2846,.T.);
#2844 = VERTEX_POINT('',#2845);
#2845 = CARTESIAN_POINT('',(-45.26,-33.35,-7.));
#2846 = SURFACE_CURVE('',#2847,(#2851,#2858),.PCURVE_S1.);
#2847 = LINE('',#2848,#2849);
#2848 = CARTESIAN_POINT('',(-45.26,-34.6,-7.));
#2849 = VECTOR('',#2850,1.);
#2850 = DIRECTION('',(0.,1.,0.));
#2851 = PCURVE('',#2576,#2852);
#2852 = DEFINITIONAL_REPRESENTATION('',(#2853),#2857);
#2853 = LINE('',#2854,#2855);
#2854 = CARTESIAN_POINT('',(5.,0.));
#2855 = VECTOR('',#2856,1.);
#2856 = DIRECTION('',(0.,1.));
#2857 = ( GEOMETRIC_REPRESENTATION_CONTEXT(2) 
PARAMETRIC_REPRESENTATION_CONTEXT() REPRESENTATION_CONTEXT('2D SPACE',''
  ) );
#2858 = PCURVE('',#573,#2859);
#2859 = DEFINITIONAL_REPRESENTATION('',(#2860),#2864);
#2860 = LINE('',#2861,#2862);
#2861 = CARTESIAN_POINT('',(2.,0.25));
#2862 = VECTOR('',#2863,1.);
#2863 = DIRECTION('',(0.,-1.));
#2864 = ( GEOMETRIC_REPRESENTATION_CONTEXT(2) 
PARAMETRIC_REPRESENTATION_CONTEXT() REPRESENTATION_CONTEXT('2D SPACE',''
  ) );
#2865 = ORIENTED_EDGE('',*,*,#2866,.F.);
#2866 = EDGE_CURVE('',#2867,#2844,#2869,.T.);
#2867 = VERTEX_POINT('',#2868);
#2868 = CARTESIAN_POINT('',(-46.26,-34.35,-7.));
#2869 = SURFACE_CURVE('',#2870,(#2875,#2882),.PCURVE_S1.);
#2870 = CIRCLE('',#2871,1.);
#2871 = AXIS2_PLACEMENT_3D('',#2872,#2873,#2874);
#2872 = CARTESIAN_POINT('',(-46.26,-33.35,-7.));
#2873 = DIRECTION('',(0.,0.,1.));
#2874 = DIRECTION('',(1.,0.,-0.));
#2875 = PCURVE('',#2576,#2876);
#2876 = DEFINITIONAL_REPRESENTATION('',(#2877),#2881);
#2877 = CIRCLE('',#2878,1.);
#2878 = AXIS2_PLACEMENT_2D('',#2879,#2880);
#2879 = CARTESIAN_POINT('',(4.,1.25));
#2880 = DIRECTION('',(1.,0.));
#2881 = ( GEOMETRIC_REPRESENTATION_CONTEXT(2) 
PARAMETRIC_REPRESENTATION_CONTEXT() REPRESENTATION_CONTEXT('2D SPACE',''
  ) );
#2882 = PCURVE('',#2883,#2888);
#2883 = CYLINDRICAL_SURFACE('',#2884,1.);
#2884 = AXIS2_PLACEMENT_3D('',#2885,#2886,#2887);
#2885 = CARTESIAN_POINT('',(-46.26,-33.35,-9.));
#2886 = DIRECTION('',(0.,0.,1.));
#2887 = DIRECTION('',(1.,0.,-0.));
#2888 = DEFINITIONAL_REPRESENTATION('',(#2889),#2893);
#2889 = LINE('',#2890,#2891);
#2890 = CARTESIAN_POINT('',(-6.28318530718,2.));
#2891 = VECTOR('',#2892,1.);
#2892 = DIRECTION('',(1.,-0.));
#2893 = ( GEOMETRIC_REPRESENTATION_CONTEXT(2) 
PARAMETRIC_REPRESENTATION_CONTEXT() REPRESENTATION_CONTEXT('2D SPACE',''
  ) );
#2894 = ORIENTED_EDGE('',*,*,#2895,.F.);
#2895 = EDGE_CURVE('',#2896,#2867,#2898,.T.);
#2896 = VERTEX_POINT('',#2897);
#2897 = CARTESIAN_POINT('',(-49.26,-34.35,-7.));
#2898 = SURFACE_CURVE('',#2899,(#2903,#2909),.PCURVE_S1.);
#2899 = LINE('',#2900,#2901);
#2900 = CARTESIAN_POINT('',(-50.26,-34.35,-7.));
#2901 = VECTOR('',#2902,1.);
#2902 = DIRECTION('',(1.,0.,0.));
#2903 = PCURVE('',#2576,#2904);
#2904 = DEFINITIONAL_REPRESENTATION('',(#2905),#2908);
#2905 = B_SPLINE_CURVE_WITH_KNOTS('',1,(#2906,#2907),.UNSPECIFIED.,.F.,
  .F.,(2,2),(1.,4.),.PIECEWISE_BEZIER_KNOTS.);
#2906 = CARTESIAN_POINT('',(1.,0.25));
#2907 = CARTESIAN_POINT('',(4.,0.25));
#2908 = ( GEOMETRIC_REPRESENTATION_CONTEXT(2) 
PARAMETRIC_REPRESENTATION_CONTEXT() REPRESENTATION_CONTEXT('2D SPACE',''
  ) );
#2909 = PCURVE('',#2910,#2915);
#2910 = PLANE('',#2911);
#2911 = AXIS2_PLACEMENT_3D('',#2912,#2913,#2914);
#2912 = CARTESIAN_POINT('',(-50.26,-34.35,-9.));
#2913 = DIRECTION('',(0.,1.,0.));
#2914 = DIRECTION('',(0.,0.,1.));
#2915 = DEFINITIONAL_REPRESENTATION('',(#2916),#2919);
#2916 = B_SPLINE_CURVE_WITH_KNOTS('',1,(#2917,#2918),.UNSPECIFIED.,.F.,
  .F.,(2,2),(1.,4.),.PIECEWISE_BEZIER_KNOTS.);
#2917 = CARTESIAN_POINT('',(2.,1.));
#2918 = CARTESIAN_POINT('',(2.,4.));
#2919 = ( GEOMETRIC_REPRESENTATION_CONTEXT(2) 
PARAMETRIC_REPRESENTATION_CONTEXT() REPRESENTATION_CONTEXT('2D SPACE',''
  ) );
#2920 = ORIENTED_EDGE('',*,*,#2921,.F.);
#2921 = EDGE_CURVE('',#2533,#2896,#2922,.T.);
#2922 = SURFACE_CURVE('',#2923,(#2928,#2935),.PCURVE_S1.);
#2923 = CIRCLE('',#2924,1.);
#2924 = AXIS2_PLACEMENT_3D('',#2925,#2926,#2927);
#2925 = CARTESIAN_POINT('',(-49.26,-33.35,-7.));
#2926 = DIRECTION('',(0.,0.,1.));
#2927 = DIRECTION('',(-1.,-0.,0.));
#2928 = PCURVE('',#2576,#2929);
#2929 = DEFINITIONAL_REPRESENTATION('',(#2930),#2934);
#2930 = CIRCLE('',#2931,1.);
#2931 = AXIS2_PLACEMENT_2D('',#2932,#2933);
#2932 = CARTESIAN_POINT('',(1.,1.25));
#2933 = DIRECTION('',(-1.,0.));
#2934 = ( GEOMETRIC_REPRESENTATION_CONTEXT(2) 
PARAMETRIC_REPRESENTATION_CONTEXT() REPRESENTATION_CONTEXT('2D SPACE',''
  ) );
#2935 = PCURVE('',#2548,#2936);
#2936 = DEFINITIONAL_REPRESENTATION('',(#2937),#2941);
#2937 = LINE('',#2938,#2939);
#2938 = CARTESIAN_POINT('',(0.,2.));
#2939 = VECTOR('',#2940,1.);
#2940 = DIRECTION('',(1.,0.));
#2941 = ( GEOMETRIC_REPRESENTATION_CONTEXT(2) 
PARAMETRIC_REPRESENTATION_CONTEXT() REPRESENTATION_CONTEXT('2D SPACE',''
  ) );
#2942 = ADVANCED_FACE('',(#2943),#2883,.T.);
#2943 = FACE_BOUND('',#2944,.F.);
#2944 = EDGE_LOOP('',(#2945,#2968,#2969,#2992));
#2945 = ORIENTED_EDGE('',*,*,#2946,.F.);
#2946 = EDGE_CURVE('',#2844,#2947,#2949,.T.);
#2947 = VERTEX_POINT('',#2948);
#2948 = CARTESIAN_POINT('',(-45.26,-33.35,-1.));
#2949 = SURFACE_CURVE('',#2950,(#2954,#2961),.PCURVE_S1.);
#2950 = LINE('',#2951,#2952);
#2951 = CARTESIAN_POINT('',(-45.26,-33.35,-9.));
#2952 = VECTOR('',#2953,1.);
#2953 = DIRECTION('',(0.,0.,1.));
#2954 = PCURVE('',#2883,#2955);
#2955 = DEFINITIONAL_REPRESENTATION('',(#2956),#2960);
#2956 = LINE('',#2957,#2958);
#2957 = CARTESIAN_POINT('',(-0.,0.));
#2958 = VECTOR('',#2959,1.);
#2959 = DIRECTION('',(-0.,1.));
#2960 = ( GEOMETRIC_REPRESENTATION_CONTEXT(2) 
PARAMETRIC_REPRESENTATION_CONTEXT() REPRESENTATION_CONTEXT('2D SPACE',''
  ) );
#2961 = PCURVE('',#573,#2962);
#2962 = DEFINITIONAL_REPRESENTATION('',(#2963),#2967);
#2963 = LINE('',#2964,#2965);
#2964 = CARTESIAN_POINT('',(0.,-1.));
#2965 = VECTOR('',#2966,1.);
#2966 = DIRECTION('',(1.,0.));
#2967 = ( GEOMETRIC_REPRESENTATION_CONTEXT(2) 
PARAMETRIC_REPRESENTATION_CONTEXT() REPRESENTATION_CONTEXT('2D SPACE',''
  ) );
#2968 = ORIENTED_EDGE('',*,*,#2866,.F.);
#2969 = ORIENTED_EDGE('',*,*,#2970,.T.);
#2970 = EDGE_CURVE('',#2867,#2971,#2973,.T.);
#2971 = VERTEX_POINT('',#2972);
#2972 = CARTESIAN_POINT('',(-46.26,-34.35,-1.));
#2973 = SURFACE_CURVE('',#2974,(#2978,#2985),.PCURVE_S1.);
#2974 = LINE('',#2975,#2976);
#2975 = CARTESIAN_POINT('',(-46.26,-34.35,-9.));
#2976 = VECTOR('',#2977,1.);
#2977 = DIRECTION('',(0.,0.,1.));
#2978 = PCURVE('',#2883,#2979);
#2979 = DEFINITIONAL_REPRESENTATION('',(#2980),#2984);
#2980 = LINE('',#2981,#2982);
#2981 = CARTESIAN_POINT('',(-1.570796326795,0.));
#2982 = VECTOR('',#2983,1.);
#2983 = DIRECTION('',(-0.,1.));
#2984 = ( GEOMETRIC_REPRESENTATION_CONTEXT(2) 
PARAMETRIC_REPRESENTATION_CONTEXT() REPRESENTATION_CONTEXT('2D SPACE',''
  ) );
#2985 = PCURVE('',#2910,#2986);
#2986 = DEFINITIONAL_REPRESENTATION('',(#2987),#2991);
#2987 = LINE('',#2988,#2989);
#2988 = CARTESIAN_POINT('',(0.,4.));
#2989 = VECTOR('',#2990,1.);
#2990 = DIRECTION('',(1.,0.));
#2991 = ( GEOMETRIC_REPRESENTATION_CONTEXT(2) 
PARAMETRIC_REPRESENTATION_CONTEXT() REPRESENTATION_CONTEXT('2D SPACE',''
  ) );
#2992 = ORIENTED_EDGE('',*,*,#2993,.F.);
#2993 = EDGE_CURVE('',#2947,#2971,#2994,.T.);
#2994 = SURFACE_CURVE('',#2995,(#3000,#3007),.PCURVE_S1.);
#2995 = CIRCLE('',#2996,1.);
#2996 = AXIS2_PLACEMENT_3D('',#2997,#2998,#2999);
#2997 = CARTESIAN_POINT('',(-46.26,-33.35,-1.));
#2998 = DIRECTION('',(-0.,-0.,-1.));
#2999 = DIRECTION('',(0.,-1.,0.));
#3000 = PCURVE('',#2883,#3001);
#3001 = DEFINITIONAL_REPRESENTATION('',(#3002),#3006);
#3002 = LINE('',#3003,#3004);
#3003 = CARTESIAN_POINT('',(4.712388980385,8.));
#3004 = VECTOR('',#3005,1.);
#3005 = DIRECTION('',(-1.,0.));
#3006 = ( GEOMETRIC_REPRESENTATION_CONTEXT(2) 
PARAMETRIC_REPRESENTATION_CONTEXT() REPRESENTATION_CONTEXT('2D SPACE',''
  ) );
#3007 = PCURVE('',#2520,#3008);
#3008 = DEFINITIONAL_REPRESENTATION('',(#3009),#3017);
#3009 = ( BOUNDED_CURVE() B_SPLINE_CURVE(2,(#3010,#3011,#3012,#3013,
#3014,#3015,#3016),.UNSPECIFIED.,.T.,.F.) B_SPLINE_CURVE_WITH_KNOTS((1,2
    ,2,2,2,1),(-2.094395102393,0.,2.094395102393,4.188790204786,
6.28318530718,8.377580409573),.UNSPECIFIED.) CURVE() 
GEOMETRIC_REPRESENTATION_ITEM() RATIONAL_B_SPLINE_CURVE((1.,0.5,1.,0.5,
1.,0.5,1.)) REPRESENTATION_ITEM('') );
#3010 = CARTESIAN_POINT('',(4.,0.));
#3011 = CARTESIAN_POINT('',(2.267949192431,0.));
#3012 = CARTESIAN_POINT('',(3.133974596216,1.5));
#3013 = CARTESIAN_POINT('',(4.,3.));
#3014 = CARTESIAN_POINT('',(4.866025403784,1.5));
#3015 = CARTESIAN_POINT('',(5.732050807569,1.554312234475E-15));
#3016 = CARTESIAN_POINT('',(4.,0.));
#3017 = ( GEOMETRIC_REPRESENTATION_CONTEXT(2) 
PARAMETRIC_REPRESENTATION_CONTEXT() REPRESENTATION_CONTEXT('2D SPACE',''
  ) );
#3018 = ADVANCED_FACE('',(#3019),#2910,.F.);
#3019 = FACE_BOUND('',#3020,.F.);
#3020 = EDGE_LOOP('',(#3021,#3022,#3045,#3066));
#3021 = ORIENTED_EDGE('',*,*,#2895,.F.);
#3022 = ORIENTED_EDGE('',*,*,#3023,.T.);
#3023 = EDGE_CURVE('',#2896,#3024,#3026,.T.);
#3024 = VERTEX_POINT('',#3025);
#3025 = CARTESIAN_POINT('',(-49.26,-34.35,-1.));
#3026 = SURFACE_CURVE('',#3027,(#3031,#3038),.PCURVE_S1.);
#3027 = LINE('',#3028,#3029);
#3028 = CARTESIAN_POINT('',(-49.26,-34.35,-9.));
#3029 = VECTOR('',#3030,1.);
#3030 = DIRECTION('',(0.,0.,1.));
#3031 = PCURVE('',#2910,#3032);
#3032 = DEFINITIONAL_REPRESENTATION('',(#3033),#3037);
#3033 = LINE('',#3034,#3035);
#3034 = CARTESIAN_POINT('',(0.,1.));
#3035 = VECTOR('',#3036,1.);
#3036 = DIRECTION('',(1.,0.));
#3037 = ( GEOMETRIC_REPRESENTATION_CONTEXT(2) 
PARAMETRIC_REPRESENTATION_CONTEXT() REPRESENTATION_CONTEXT('2D SPACE',''
  ) );
#3038 = PCURVE('',#2548,#3039);
#3039 = DEFINITIONAL_REPRESENTATION('',(#3040),#3044);
#3040 = LINE('',#3041,#3042);
#3041 = CARTESIAN_POINT('',(1.570796326795,0.));
#3042 = VECTOR('',#3043,1.);
#3043 = DIRECTION('',(0.,1.));
#3044 = ( GEOMETRIC_REPRESENTATION_CONTEXT(2) 
PARAMETRIC_REPRESENTATION_CONTEXT() REPRESENTATION_CONTEXT('2D SPACE',''
  ) );
#3045 = ORIENTED_EDGE('',*,*,#3046,.T.);
#3046 = EDGE_CURVE('',#3024,#2971,#3047,.T.);
#3047 = SURFACE_CURVE('',#3048,(#3052,#3059),.PCURVE_S1.);
#3048 = LINE('',#3049,#3050);
#3049 = CARTESIAN_POINT('',(-50.26,-34.35,-1.));
#3050 = VECTOR('',#3051,1.);
#3051 = DIRECTION('',(1.,0.,0.));
#3052 = PCURVE('',#2910,#3053);
#3053 = DEFINITIONAL_REPRESENTATION('',(#3054),#3058);
#3054 = LINE('',#3055,#3056);
#3055 = CARTESIAN_POINT('',(8.,0.));
#3056 = VECTOR('',#3057,1.);
#3057 = DIRECTION('',(0.,1.));
#3058 = ( GEOMETRIC_REPRESENTATION_CONTEXT(2) 
PARAMETRIC_REPRESENTATION_CONTEXT() REPRESENTATION_CONTEXT('2D SPACE',''
  ) );
#3059 = PCURVE('',#2520,#3060);
#3060 = DEFINITIONAL_REPRESENTATION('',(#3061),#3065);
#3061 = LINE('',#3062,#3063);
#3062 = CARTESIAN_POINT('',(0.,0.));
#3063 = VECTOR('',#3064,1.);
#3064 = DIRECTION('',(1.,0.));
#3065 = ( GEOMETRIC_REPRESENTATION_CONTEXT(2) 
PARAMETRIC_REPRESENTATION_CONTEXT() REPRESENTATION_CONTEXT('2D SPACE',''
  ) );
#3066 = ORIENTED_EDGE('',*,*,#2970,.F.);
#3067 = ADVANCED_FACE('',(#3068),#2548,.T.);
#3068 = FACE_BOUND('',#3069,.T.);
#3069 = EDGE_LOOP('',(#3070,#3071,#3072,#3073));
#3070 = ORIENTED_EDGE('',*,*,#2532,.F.);
#3071 = ORIENTED_EDGE('',*,*,#2921,.T.);
#3072 = ORIENTED_EDGE('',*,*,#3023,.T.);
#3073 = ORIENTED_EDGE('',*,*,#3074,.F.);
#3074 = EDGE_CURVE('',#2505,#3024,#3075,.T.);
#3075 = SURFACE_CURVE('',#3076,(#3081,#3088),.PCURVE_S1.);
#3076 = CIRCLE('',#3077,1.);
#3077 = AXIS2_PLACEMENT_3D('',#3078,#3079,#3080);
#3078 = CARTESIAN_POINT('',(-49.26,-33.35,-1.));
#3079 = DIRECTION('',(0.,0.,1.));
#3080 = DIRECTION('',(0.,-1.,0.));
#3081 = PCURVE('',#2548,#3082);
#3082 = DEFINITIONAL_REPRESENTATION('',(#3083),#3087);
#3083 = LINE('',#3084,#3085);
#3084 = CARTESIAN_POINT('',(-4.712388980385,8.));
#3085 = VECTOR('',#3086,1.);
#3086 = DIRECTION('',(1.,0.));
#3087 = ( GEOMETRIC_REPRESENTATION_CONTEXT(2) 
PARAMETRIC_REPRESENTATION_CONTEXT() REPRESENTATION_CONTEXT('2D SPACE',''
  ) );
#3088 = PCURVE('',#2520,#3089);
#3089 = DEFINITIONAL_REPRESENTATION('',(#3090),#3094);
#3090 = CIRCLE('',#3091,1.);
#3091 = AXIS2_PLACEMENT_2D('',#3092,#3093);
#3092 = CARTESIAN_POINT('',(1.,1.));
#3093 = DIRECTION('',(0.,-1.));
#3094 = ( GEOMETRIC_REPRESENTATION_CONTEXT(2) 
PARAMETRIC_REPRESENTATION_CONTEXT() REPRESENTATION_CONTEXT('2D SPACE',''
  ) );
#3095 = ADVANCED_FACE('',(#3096),#2520,.T.);
#3096 = FACE_BOUND('',#3097,.T.);
#3097 = EDGE_LOOP('',(#3098,#3099,#3100,#3101,#3102,#3123));
#3098 = ORIENTED_EDGE('',*,*,#2504,.F.);
#3099 = ORIENTED_EDGE('',*,*,#3074,.T.);
#3100 = ORIENTED_EDGE('',*,*,#3046,.T.);
#3101 = ORIENTED_EDGE('',*,*,#2993,.F.);
#3102 = ORIENTED_EDGE('',*,*,#3103,.T.);
#3103 = EDGE_CURVE('',#2947,#558,#3104,.T.);
#3104 = SURFACE_CURVE('',#3105,(#3109,#3116),.PCURVE_S1.);
#3105 = LINE('',#3106,#3107);
#3106 = CARTESIAN_POINT('',(-45.26,-34.35,-1.));
#3107 = VECTOR('',#3108,1.);
#3108 = DIRECTION('',(0.,1.,0.));
#3109 = PCURVE('',#2520,#3110);
#3110 = DEFINITIONAL_REPRESENTATION('',(#3111),#3115);
#3111 = LINE('',#3112,#3113);
#3112 = CARTESIAN_POINT('',(5.,0.));
#3113 = VECTOR('',#3114,1.);
#3114 = DIRECTION('',(0.,1.));
#3115 = ( GEOMETRIC_REPRESENTATION_CONTEXT(2) 
PARAMETRIC_REPRESENTATION_CONTEXT() REPRESENTATION_CONTEXT('2D SPACE',''
  ) );
#3116 = PCURVE('',#573,#3117);
#3117 = DEFINITIONAL_REPRESENTATION('',(#3118),#3122);
#3118 = LINE('',#3119,#3120);
#3119 = CARTESIAN_POINT('',(8.,0.));
#3120 = VECTOR('',#3121,1.);
#3121 = DIRECTION('',(0.,-1.));
#3122 = ( GEOMETRIC_REPRESENTATION_CONTEXT(2) 
PARAMETRIC_REPRESENTATION_CONTEXT() REPRESENTATION_CONTEXT('2D SPACE',''
  ) );
#3123 = ORIENTED_EDGE('',*,*,#3124,.F.);
#3124 = EDGE_CURVE('',#417,#558,#3125,.T.);
#3125 = SURFACE_CURVE('',#3126,(#3130,#3137),.PCURVE_S1.);
#3126 = LINE('',#3127,#3128);
#3127 = CARTESIAN_POINT('',(-199.,-31.85,-1.));
#3128 = VECTOR('',#3129,1.);
#3129 = DIRECTION('',(1.,0.,0.));
#3130 = PCURVE('',#2520,#3131);
#3131 = DEFINITIONAL_REPRESENTATION('',(#3132),#3136);
#3132 = LINE('',#3133,#3134);
#3133 = CARTESIAN_POINT('',(-148.74,2.5));
#3134 = VECTOR('',#3135,1.);
#3135 = DIRECTION('',(1.,0.));
#3136 = ( GEOMETRIC_REPRESENTATION_CONTEXT(2) 
PARAMETRIC_REPRESENTATION_CONTEXT() REPRESENTATION_CONTEXT('2D SPACE',''
  ) );
#3137 = PCURVE('',#258,#3138);
#3138 = DEFINITIONAL_REPRESENTATION('',(#3139),#3143);
#3139 = LINE('',#3140,#3141);
#3140 = CARTESIAN_POINT('',(0.,0.));
#3141 = VECTOR('',#3142,1.);
#3142 = DIRECTION('',(0.,1.));
#3143 = ( GEOMETRIC_REPRESENTATION_CONTEXT(2) 
PARAMETRIC_REPRESENTATION_CONTEXT() REPRESENTATION_CONTEXT('2D SPACE',''
  ) );
#3144 = ADVANCED_FACE('',(#3145),#488,.T.);
#3145 = FACE_BOUND('',#3146,.F.);
#3146 = EDGE_LOOP('',(#3147,#3148,#3169,#3170));
#3147 = ORIENTED_EDGE('',*,*,#2763,.T.);
#3148 = ORIENTED_EDGE('',*,*,#3149,.T.);
#3149 = EDGE_CURVE('',#2741,#468,#3150,.T.);
#3150 = SURFACE_CURVE('',#3151,(#3155,#3162),.PCURVE_S1.);
#3151 = LINE('',#3152,#3153);
#3152 = CARTESIAN_POINT('',(-49.26,-29.35,-9.));
#3153 = VECTOR('',#3154,1.);
#3154 = DIRECTION('',(0.,0.,1.));
#3155 = PCURVE('',#488,#3156);
#3156 = DEFINITIONAL_REPRESENTATION('',(#3157),#3161);
#3157 = LINE('',#3158,#3159);
#3158 = CARTESIAN_POINT('',(-1.570796326795,0.));
#3159 = VECTOR('',#3160,1.);
#3160 = DIRECTION('',(-0.,1.));
#3161 = ( GEOMETRIC_REPRESENTATION_CONTEXT(2) 
PARAMETRIC_REPRESENTATION_CONTEXT() REPRESENTATION_CONTEXT('2D SPACE',''
  ) );
#3162 = PCURVE('',#516,#3163);
#3163 = DEFINITIONAL_REPRESENTATION('',(#3164),#3168);
#3164 = LINE('',#3165,#3166);
#3165 = CARTESIAN_POINT('',(0.,1.));
#3166 = VECTOR('',#3167,1.);
#3167 = DIRECTION('',(1.,0.));
#3168 = ( GEOMETRIC_REPRESENTATION_CONTEXT(2) 
PARAMETRIC_REPRESENTATION_CONTEXT() REPRESENTATION_CONTEXT('2D SPACE',''
  ) );
#3169 = ORIENTED_EDGE('',*,*,#467,.F.);
#3170 = ORIENTED_EDGE('',*,*,#2644,.F.);
#3171 = ADVANCED_FACE('',(#3172),#516,.T.);
#3172 = FACE_BOUND('',#3173,.T.);
#3173 = EDGE_LOOP('',(#3174,#3175,#3176,#3177));
#3174 = ORIENTED_EDGE('',*,*,#2740,.F.);
#3175 = ORIENTED_EDGE('',*,*,#3149,.T.);
#3176 = ORIENTED_EDGE('',*,*,#500,.T.);
#3177 = ORIENTED_EDGE('',*,*,#3178,.F.);
#3178 = EDGE_CURVE('',#2717,#501,#3179,.T.);
#3179 = SURFACE_CURVE('',#3180,(#3184,#3191),.PCURVE_S1.);
#3180 = LINE('',#3181,#3182);
#3181 = CARTESIAN_POINT('',(-46.26,-29.35,-9.));
#3182 = VECTOR('',#3183,1.);
#3183 = DIRECTION('',(0.,0.,1.));
#3184 = PCURVE('',#516,#3185);
#3185 = DEFINITIONAL_REPRESENTATION('',(#3186),#3190);
#3186 = LINE('',#3187,#3188);
#3187 = CARTESIAN_POINT('',(0.,4.));
#3188 = VECTOR('',#3189,1.);
#3189 = DIRECTION('',(1.,0.));
#3190 = ( GEOMETRIC_REPRESENTATION_CONTEXT(2) 
PARAMETRIC_REPRESENTATION_CONTEXT() REPRESENTATION_CONTEXT('2D SPACE',''
  ) );
#3191 = PCURVE('',#545,#3192);
#3192 = DEFINITIONAL_REPRESENTATION('',(#3193),#3197);
#3193 = LINE('',#3194,#3195);
#3194 = CARTESIAN_POINT('',(1.570796326795,0.));
#3195 = VECTOR('',#3196,1.);
#3196 = DIRECTION('',(0.,1.));
#3197 = ( GEOMETRIC_REPRESENTATION_CONTEXT(2) 
PARAMETRIC_REPRESENTATION_CONTEXT() REPRESENTATION_CONTEXT('2D SPACE',''
  ) );
#3198 = ADVANCED_FACE('',(#3199),#545,.T.);
#3199 = FACE_BOUND('',#3200,.T.);
#3200 = EDGE_LOOP('',(#3201,#3202,#3203,#3204));
#3201 = ORIENTED_EDGE('',*,*,#2716,.T.);
#3202 = ORIENTED_EDGE('',*,*,#3178,.T.);
#3203 = ORIENTED_EDGE('',*,*,#528,.F.);
#3204 = ORIENTED_EDGE('',*,*,#3205,.F.);
#3205 = EDGE_CURVE('',#2694,#529,#3206,.T.);
#3206 = SURFACE_CURVE('',#3207,(#3211,#3218),.PCURVE_S1.);
#3207 = LINE('',#3208,#3209);
#3208 = CARTESIAN_POINT('',(-45.26,-30.35,-9.));
#3209 = VECTOR('',#3210,1.);
#3210 = DIRECTION('',(0.,0.,1.));
#3211 = PCURVE('',#545,#3212);
#3212 = DEFINITIONAL_REPRESENTATION('',(#3213),#3217);
#3213 = LINE('',#3214,#3215);
#3214 = CARTESIAN_POINT('',(0.,0.));
#3215 = VECTOR('',#3216,1.);
#3216 = DIRECTION('',(0.,1.));
#3217 = ( GEOMETRIC_REPRESENTATION_CONTEXT(2) 
PARAMETRIC_REPRESENTATION_CONTEXT() REPRESENTATION_CONTEXT('2D SPACE',''
  ) );
#3218 = PCURVE('',#573,#3219);
#3219 = DEFINITIONAL_REPRESENTATION('',(#3220),#3224);
#3220 = LINE('',#3221,#3222);
#3221 = CARTESIAN_POINT('',(0.,-4.));
#3222 = VECTOR('',#3223,1.);
#3223 = DIRECTION('',(1.,0.));
#3224 = ( GEOMETRIC_REPRESENTATION_CONTEXT(2) 
PARAMETRIC_REPRESENTATION_CONTEXT() REPRESENTATION_CONTEXT('2D SPACE',''
  ) );
#3225 = ADVANCED_FACE('',(#3226),#573,.T.);
#3226 = FACE_BOUND('',#3227,.T.);
#3227 = EDGE_LOOP('',(#3228,#3229,#3230,#3231,#3232,#3233,#3234));
#3228 = ORIENTED_EDGE('',*,*,#3103,.F.);
#3229 = ORIENTED_EDGE('',*,*,#2946,.F.);
#3230 = ORIENTED_EDGE('',*,*,#2843,.F.);
#3231 = ORIENTED_EDGE('',*,*,#2817,.F.);
#3232 = ORIENTED_EDGE('',*,*,#2693,.T.);
#3233 = ORIENTED_EDGE('',*,*,#3205,.T.);
#3234 = ORIENTED_EDGE('',*,*,#557,.F.);
#3235 = ADVANCED_FACE('',(#3236),#624,.F.);
#3236 = FACE_BOUND('',#3237,.F.);
#3237 = EDGE_LOOP('',(#3238,#3266,#3294,#3322,#3350,#3378,#3399));
#3238 = ORIENTED_EDGE('',*,*,#3239,.F.);
#3239 = EDGE_CURVE('',#3240,#586,#3242,.T.);
#3240 = VERTEX_POINT('',#3241);
#3241 = CARTESIAN_POINT('',(45.26,-33.35,-1.));
#3242 = SURFACE_CURVE('',#3243,(#3247,#3254),.PCURVE_S1.);
#3243 = LINE('',#3244,#3245);
#3244 = CARTESIAN_POINT('',(45.26,-34.35,-1.));
#3245 = VECTOR('',#3246,1.);
#3246 = DIRECTION('',(0.,1.,0.));
#3247 = PCURVE('',#624,#3248);
#3248 = DEFINITIONAL_REPRESENTATION('',(#3249),#3253);
#3249 = LINE('',#3250,#3251);
#3250 = CARTESIAN_POINT('',(8.,0.));
#3251 = VECTOR('',#3252,1.);
#3252 = DIRECTION('',(0.,-1.));
#3253 = ( GEOMETRIC_REPRESENTATION_CONTEXT(2) 
PARAMETRIC_REPRESENTATION_CONTEXT() REPRESENTATION_CONTEXT('2D SPACE',''
  ) );
#3254 = PCURVE('',#3255,#3260);
#3255 = PLANE('',#3256);
#3256 = AXIS2_PLACEMENT_3D('',#3257,#3258,#3259);
#3257 = CARTESIAN_POINT('',(45.26,-34.35,-1.));
#3258 = DIRECTION('',(0.,0.,1.));
#3259 = DIRECTION('',(1.,0.,0.));
#3260 = DEFINITIONAL_REPRESENTATION('',(#3261),#3265);
#3261 = LINE('',#3262,#3263);
#3262 = CARTESIAN_POINT('',(0.,0.));
#3263 = VECTOR('',#3264,1.);
#3264 = DIRECTION('',(0.,1.));
#3265 = ( GEOMETRIC_REPRESENTATION_CONTEXT(2) 
PARAMETRIC_REPRESENTATION_CONTEXT() REPRESENTATION_CONTEXT('2D SPACE',''
  ) );
#3266 = ORIENTED_EDGE('',*,*,#3267,.F.);
#3267 = EDGE_CURVE('',#3268,#3240,#3270,.T.);
#3268 = VERTEX_POINT('',#3269);
#3269 = CARTESIAN_POINT('',(45.26,-33.35,-7.));
#3270 = SURFACE_CURVE('',#3271,(#3275,#3282),.PCURVE_S1.);
#3271 = LINE('',#3272,#3273);
#3272 = CARTESIAN_POINT('',(45.26,-33.35,-9.));
#3273 = VECTOR('',#3274,1.);
#3274 = DIRECTION('',(0.,0.,1.));
#3275 = PCURVE('',#624,#3276);
#3276 = DEFINITIONAL_REPRESENTATION('',(#3277),#3281);
#3277 = LINE('',#3278,#3279);
#3278 = CARTESIAN_POINT('',(0.,-1.));
#3279 = VECTOR('',#3280,1.);
#3280 = DIRECTION('',(1.,0.));
#3281 = ( GEOMETRIC_REPRESENTATION_CONTEXT(2) 
PARAMETRIC_REPRESENTATION_CONTEXT() REPRESENTATION_CONTEXT('2D SPACE',''
  ) );
#3282 = PCURVE('',#3283,#3288);
#3283 = CYLINDRICAL_SURFACE('',#3284,1.);
#3284 = AXIS2_PLACEMENT_3D('',#3285,#3286,#3287);
#3285 = CARTESIAN_POINT('',(46.26,-33.35,-9.));
#3286 = DIRECTION('',(0.,0.,1.));
#3287 = DIRECTION('',(-1.,-0.,0.));
#3288 = DEFINITIONAL_REPRESENTATION('',(#3289),#3293);
#3289 = LINE('',#3290,#3291);
#3290 = CARTESIAN_POINT('',(0.,0.));
#3291 = VECTOR('',#3292,1.);
#3292 = DIRECTION('',(0.,1.));
#3293 = ( GEOMETRIC_REPRESENTATION_CONTEXT(2) 
PARAMETRIC_REPRESENTATION_CONTEXT() REPRESENTATION_CONTEXT('2D SPACE',''
  ) );
#3294 = ORIENTED_EDGE('',*,*,#3295,.F.);
#3295 = EDGE_CURVE('',#3296,#3268,#3298,.T.);
#3296 = VERTEX_POINT('',#3297);
#3297 = CARTESIAN_POINT('',(45.26,-34.6,-7.));
#3298 = SURFACE_CURVE('',#3299,(#3303,#3310),.PCURVE_S1.);
#3299 = LINE('',#3300,#3301);
#3300 = CARTESIAN_POINT('',(45.26,-34.6,-7.));
#3301 = VECTOR('',#3302,1.);
#3302 = DIRECTION('',(0.,1.,0.));
#3303 = PCURVE('',#624,#3304);
#3304 = DEFINITIONAL_REPRESENTATION('',(#3305),#3309);
#3305 = LINE('',#3306,#3307);
#3306 = CARTESIAN_POINT('',(2.,0.25));
#3307 = VECTOR('',#3308,1.);
#3308 = DIRECTION('',(0.,-1.));
#3309 = ( GEOMETRIC_REPRESENTATION_CONTEXT(2) 
PARAMETRIC_REPRESENTATION_CONTEXT() REPRESENTATION_CONTEXT('2D SPACE',''
  ) );
#3310 = PCURVE('',#3311,#3316);
#3311 = PLANE('',#3312);
#3312 = AXIS2_PLACEMENT_3D('',#3313,#3314,#3315);
#3313 = CARTESIAN_POINT('',(45.26,-34.6,-7.));
#3314 = DIRECTION('',(0.,0.,1.));
#3315 = DIRECTION('',(1.,0.,0.));
#3316 = DEFINITIONAL_REPRESENTATION('',(#3317),#3321);
#3317 = LINE('',#3318,#3319);
#3318 = CARTESIAN_POINT('',(0.,0.));
#3319 = VECTOR('',#3320,1.);
#3320 = DIRECTION('',(0.,1.));
#3321 = ( GEOMETRIC_REPRESENTATION_CONTEXT(2) 
PARAMETRIC_REPRESENTATION_CONTEXT() REPRESENTATION_CONTEXT('2D SPACE',''
  ) );
#3322 = ORIENTED_EDGE('',*,*,#3323,.F.);
#3323 = EDGE_CURVE('',#3324,#3296,#3326,.T.);
#3324 = VERTEX_POINT('',#3325);
#3325 = CARTESIAN_POINT('',(45.26,-34.6,-9.));
#3326 = SURFACE_CURVE('',#3327,(#3331,#3338),.PCURVE_S1.);
#3327 = LINE('',#3328,#3329);
#3328 = CARTESIAN_POINT('',(45.26,-34.6,-9.));
#3329 = VECTOR('',#3330,1.);
#3330 = DIRECTION('',(0.,0.,1.));
#3331 = PCURVE('',#624,#3332);
#3332 = DEFINITIONAL_REPRESENTATION('',(#3333),#3337);
#3333 = LINE('',#3334,#3335);
#3334 = CARTESIAN_POINT('',(0.,0.25));
#3335 = VECTOR('',#3336,1.);
#3336 = DIRECTION('',(1.,0.));
#3337 = ( GEOMETRIC_REPRESENTATION_CONTEXT(2) 
PARAMETRIC_REPRESENTATION_CONTEXT() REPRESENTATION_CONTEXT('2D SPACE',''
  ) );
#3338 = PCURVE('',#3339,#3344);
#3339 = PLANE('',#3340);
#3340 = AXIS2_PLACEMENT_3D('',#3341,#3342,#3343);
#3341 = CARTESIAN_POINT('',(45.26,-34.6,-9.));
#3342 = DIRECTION('',(0.,1.,0.));
#3343 = DIRECTION('',(0.,0.,1.));
#3344 = DEFINITIONAL_REPRESENTATION('',(#3345),#3349);
#3345 = LINE('',#3346,#3347);
#3346 = CARTESIAN_POINT('',(0.,0.));
#3347 = VECTOR('',#3348,1.);
#3348 = DIRECTION('',(1.,0.));
#3349 = ( GEOMETRIC_REPRESENTATION_CONTEXT(2) 
PARAMETRIC_REPRESENTATION_CONTEXT() REPRESENTATION_CONTEXT('2D SPACE',''
  ) );
#3350 = ORIENTED_EDGE('',*,*,#3351,.F.);
#3351 = EDGE_CURVE('',#3352,#3324,#3354,.T.);
#3352 = VERTEX_POINT('',#3353);
#3353 = CARTESIAN_POINT('',(45.26,-30.35,-9.));
#3354 = SURFACE_CURVE('',#3355,(#3359,#3366),.PCURVE_S1.);
#3355 = LINE('',#3356,#3357);
#3356 = CARTESIAN_POINT('',(45.26,-30.35,-9.));
#3357 = VECTOR('',#3358,1.);
#3358 = DIRECTION('',(0.,-1.,0.));
#3359 = PCURVE('',#624,#3360);
#3360 = DEFINITIONAL_REPRESENTATION('',(#3361),#3365);
#3361 = LINE('',#3362,#3363);
#3362 = CARTESIAN_POINT('',(0.,-4.));
#3363 = VECTOR('',#3364,1.);
#3364 = DIRECTION('',(0.,1.));
#3365 = ( GEOMETRIC_REPRESENTATION_CONTEXT(2) 
PARAMETRIC_REPRESENTATION_CONTEXT() REPRESENTATION_CONTEXT('2D SPACE',''
  ) );
#3366 = PCURVE('',#3367,#3372);
#3367 = PLANE('',#3368);
#3368 = AXIS2_PLACEMENT_3D('',#3369,#3370,#3371);
#3369 = CARTESIAN_POINT('',(45.26,-34.35,-9.));
#3370 = DIRECTION('',(0.,0.,1.));
#3371 = DIRECTION('',(1.,0.,0.));
#3372 = DEFINITIONAL_REPRESENTATION('',(#3373),#3377);
#3373 = LINE('',#3374,#3375);
#3374 = CARTESIAN_POINT('',(0.,4.));
#3375 = VECTOR('',#3376,1.);
#3376 = DIRECTION('',(0.,-1.));
#3377 = ( GEOMETRIC_REPRESENTATION_CONTEXT(2) 
PARAMETRIC_REPRESENTATION_CONTEXT() REPRESENTATION_CONTEXT('2D SPACE',''
  ) );
#3378 = ORIENTED_EDGE('',*,*,#3379,.T.);
#3379 = EDGE_CURVE('',#3352,#609,#3380,.T.);
#3380 = SURFACE_CURVE('',#3381,(#3385,#3392),.PCURVE_S1.);
#3381 = LINE('',#3382,#3383);
#3382 = CARTESIAN_POINT('',(45.26,-30.35,-9.));
#3383 = VECTOR('',#3384,1.);
#3384 = DIRECTION('',(0.,0.,1.));
#3385 = PCURVE('',#624,#3386);
#3386 = DEFINITIONAL_REPRESENTATION('',(#3387),#3391);
#3387 = LINE('',#3388,#3389);
#3388 = CARTESIAN_POINT('',(0.,-4.));
#3389 = VECTOR('',#3390,1.);
#3390 = DIRECTION('',(1.,0.));
#3391 = ( GEOMETRIC_REPRESENTATION_CONTEXT(2) 
PARAMETRIC_REPRESENTATION_CONTEXT() REPRESENTATION_CONTEXT('2D SPACE',''
  ) );
#3392 = PCURVE('',#657,#3393);
#3393 = DEFINITIONAL_REPRESENTATION('',(#3394),#3398);
#3394 = LINE('',#3395,#3396);
#3395 = CARTESIAN_POINT('',(-0.,0.));
#3396 = VECTOR('',#3397,1.);
#3397 = DIRECTION('',(-0.,1.));
#3398 = ( GEOMETRIC_REPRESENTATION_CONTEXT(2) 
PARAMETRIC_REPRESENTATION_CONTEXT() REPRESENTATION_CONTEXT('2D SPACE',''
  ) );
#3399 = ORIENTED_EDGE('',*,*,#608,.F.);
#3400 = ADVANCED_FACE('',(#3401),#3367,.F.);
#3401 = FACE_BOUND('',#3402,.F.);
#3402 = EDGE_LOOP('',(#3403,#3404,#3427,#3450,#3474,#3497));
#3403 = ORIENTED_EDGE('',*,*,#3351,.T.);
#3404 = ORIENTED_EDGE('',*,*,#3405,.T.);
#3405 = EDGE_CURVE('',#3324,#3406,#3408,.T.);
#3406 = VERTEX_POINT('',#3407);
#3407 = CARTESIAN_POINT('',(50.26,-34.6,-9.));
#3408 = SURFACE_CURVE('',#3409,(#3413,#3420),.PCURVE_S1.);
#3409 = LINE('',#3410,#3411);
#3410 = CARTESIAN_POINT('',(45.26,-34.6,-9.));
#3411 = VECTOR('',#3412,1.);
#3412 = DIRECTION('',(1.,0.,0.));
#3413 = PCURVE('',#3367,#3414);
#3414 = DEFINITIONAL_REPRESENTATION('',(#3415),#3419);
#3415 = LINE('',#3416,#3417);
#3416 = CARTESIAN_POINT('',(0.,-0.25));
#3417 = VECTOR('',#3418,1.);
#3418 = DIRECTION('',(1.,0.));
#3419 = ( GEOMETRIC_REPRESENTATION_CONTEXT(2) 
PARAMETRIC_REPRESENTATION_CONTEXT() REPRESENTATION_CONTEXT('2D SPACE',''
  ) );
#3420 = PCURVE('',#3339,#3421);
#3421 = DEFINITIONAL_REPRESENTATION('',(#3422),#3426);
#3422 = LINE('',#3423,#3424);
#3423 = CARTESIAN_POINT('',(0.,0.));
#3424 = VECTOR('',#3425,1.);
#3425 = DIRECTION('',(0.,1.));
#3426 = ( GEOMETRIC_REPRESENTATION_CONTEXT(2) 
PARAMETRIC_REPRESENTATION_CONTEXT() REPRESENTATION_CONTEXT('2D SPACE',''
  ) );
#3427 = ORIENTED_EDGE('',*,*,#3428,.T.);
#3428 = EDGE_CURVE('',#3406,#3429,#3431,.T.);
#3429 = VERTEX_POINT('',#3430);
#3430 = CARTESIAN_POINT('',(50.26,-30.35,-9.));
#3431 = SURFACE_CURVE('',#3432,(#3436,#3443),.PCURVE_S1.);
#3432 = LINE('',#3433,#3434);
#3433 = CARTESIAN_POINT('',(50.26,-34.6,-9.));
#3434 = VECTOR('',#3435,1.);
#3435 = DIRECTION('',(0.,1.,0.));
#3436 = PCURVE('',#3367,#3437);
#3437 = DEFINITIONAL_REPRESENTATION('',(#3438),#3442);
#3438 = LINE('',#3439,#3440);
#3439 = CARTESIAN_POINT('',(5.,-0.25));
#3440 = VECTOR('',#3441,1.);
#3441 = DIRECTION('',(0.,1.));
#3442 = ( GEOMETRIC_REPRESENTATION_CONTEXT(2) 
PARAMETRIC_REPRESENTATION_CONTEXT() REPRESENTATION_CONTEXT('2D SPACE',''
  ) );
#3443 = PCURVE('',#742,#3444);
#3444 = DEFINITIONAL_REPRESENTATION('',(#3445),#3449);
#3445 = LINE('',#3446,#3447);
#3446 = CARTESIAN_POINT('',(0.,0.25));
#3447 = VECTOR('',#3448,1.);
#3448 = DIRECTION('',(0.,-1.));
#3449 = ( GEOMETRIC_REPRESENTATION_CONTEXT(2) 
PARAMETRIC_REPRESENTATION_CONTEXT() REPRESENTATION_CONTEXT('2D SPACE',''
  ) );
#3450 = ORIENTED_EDGE('',*,*,#3451,.T.);
#3451 = EDGE_CURVE('',#3429,#3452,#3454,.T.);
#3452 = VERTEX_POINT('',#3453);
#3453 = CARTESIAN_POINT('',(49.26,-29.35,-9.));
#3454 = SURFACE_CURVE('',#3455,(#3460,#3467),.PCURVE_S1.);
#3455 = CIRCLE('',#3456,1.);
#3456 = AXIS2_PLACEMENT_3D('',#3457,#3458,#3459);
#3457 = CARTESIAN_POINT('',(49.26,-30.35,-9.));
#3458 = DIRECTION('',(0.,0.,1.));
#3459 = DIRECTION('',(0.,-1.,0.));
#3460 = PCURVE('',#3367,#3461);
#3461 = DEFINITIONAL_REPRESENTATION('',(#3462),#3466);
#3462 = CIRCLE('',#3463,1.);
#3463 = AXIS2_PLACEMENT_2D('',#3464,#3465);
#3464 = CARTESIAN_POINT('',(4.,4.));
#3465 = DIRECTION('',(0.,-1.));
#3466 = ( GEOMETRIC_REPRESENTATION_CONTEXT(2) 
PARAMETRIC_REPRESENTATION_CONTEXT() REPRESENTATION_CONTEXT('2D SPACE',''
  ) );
#3467 = PCURVE('',#714,#3468);
#3468 = DEFINITIONAL_REPRESENTATION('',(#3469),#3473);
#3469 = LINE('',#3470,#3471);
#3470 = CARTESIAN_POINT('',(-1.570796326795,0.));
#3471 = VECTOR('',#3472,1.);
#3472 = DIRECTION('',(1.,0.));
#3473 = ( GEOMETRIC_REPRESENTATION_CONTEXT(2) 
PARAMETRIC_REPRESENTATION_CONTEXT() REPRESENTATION_CONTEXT('2D SPACE',''
  ) );
#3474 = ORIENTED_EDGE('',*,*,#3475,.F.);
#3475 = EDGE_CURVE('',#3476,#3452,#3478,.T.);
#3476 = VERTEX_POINT('',#3477);
#3477 = CARTESIAN_POINT('',(46.26,-29.35,-9.));
#3478 = SURFACE_CURVE('',#3479,(#3483,#3490),.PCURVE_S1.);
#3479 = LINE('',#3480,#3481);
#3480 = CARTESIAN_POINT('',(45.26,-29.35,-9.));
#3481 = VECTOR('',#3482,1.);
#3482 = DIRECTION('',(1.,0.,0.));
#3483 = PCURVE('',#3367,#3484);
#3484 = DEFINITIONAL_REPRESENTATION('',(#3485),#3489);
#3485 = LINE('',#3486,#3487);
#3486 = CARTESIAN_POINT('',(0.,5.));
#3487 = VECTOR('',#3488,1.);
#3488 = DIRECTION('',(1.,0.));
#3489 = ( GEOMETRIC_REPRESENTATION_CONTEXT(2) 
PARAMETRIC_REPRESENTATION_CONTEXT() REPRESENTATION_CONTEXT('2D SPACE',''
  ) );
#3490 = PCURVE('',#685,#3491);
#3491 = DEFINITIONAL_REPRESENTATION('',(#3492),#3496);
#3492 = LINE('',#3493,#3494);
#3493 = CARTESIAN_POINT('',(0.,0.));
#3494 = VECTOR('',#3495,1.);
#3495 = DIRECTION('',(0.,1.));
#3496 = ( GEOMETRIC_REPRESENTATION_CONTEXT(2) 
PARAMETRIC_REPRESENTATION_CONTEXT() REPRESENTATION_CONTEXT('2D SPACE',''
  ) );
#3497 = ORIENTED_EDGE('',*,*,#3498,.F.);
#3498 = EDGE_CURVE('',#3352,#3476,#3499,.T.);
#3499 = SURFACE_CURVE('',#3500,(#3505,#3516),.PCURVE_S1.);
#3500 = CIRCLE('',#3501,1.);
#3501 = AXIS2_PLACEMENT_3D('',#3502,#3503,#3504);
#3502 = CARTESIAN_POINT('',(46.26,-30.35,-9.));
#3503 = DIRECTION('',(-0.,-0.,-1.));
#3504 = DIRECTION('',(0.,-1.,0.));
#3505 = PCURVE('',#3367,#3506);
#3506 = DEFINITIONAL_REPRESENTATION('',(#3507),#3515);
#3507 = ( BOUNDED_CURVE() B_SPLINE_CURVE(2,(#3508,#3509,#3510,#3511,
#3512,#3513,#3514),.UNSPECIFIED.,.T.,.F.) B_SPLINE_CURVE_WITH_KNOTS((1,2
    ,2,2,2,1),(-2.094395102393,0.,2.094395102393,4.188790204786,
6.28318530718,8.377580409573),.UNSPECIFIED.) CURVE() 
GEOMETRIC_REPRESENTATION_ITEM() RATIONAL_B_SPLINE_CURVE((1.,0.5,1.,0.5,
1.,0.5,1.)) REPRESENTATION_ITEM('') );
#3508 = CARTESIAN_POINT('',(1.,3.));
#3509 = CARTESIAN_POINT('',(-0.732050807569,3.));
#3510 = CARTESIAN_POINT('',(0.133974596216,4.5));
#3511 = CARTESIAN_POINT('',(1.,6.));
#3512 = CARTESIAN_POINT('',(1.866025403784,4.5));
#3513 = CARTESIAN_POINT('',(2.732050807569,3.));
#3514 = CARTESIAN_POINT('',(1.,3.));
#3515 = ( GEOMETRIC_REPRESENTATION_CONTEXT(2) 
PARAMETRIC_REPRESENTATION_CONTEXT() REPRESENTATION_CONTEXT('2D SPACE',''
  ) );
#3516 = PCURVE('',#657,#3517);
#3517 = DEFINITIONAL_REPRESENTATION('',(#3518),#3522);
#3518 = LINE('',#3519,#3520);
#3519 = CARTESIAN_POINT('',(1.570796326795,-0.));
#3520 = VECTOR('',#3521,1.);
#3521 = DIRECTION('',(-1.,0.));
#3522 = ( GEOMETRIC_REPRESENTATION_CONTEXT(2) 
PARAMETRIC_REPRESENTATION_CONTEXT() REPRESENTATION_CONTEXT('2D SPACE',''
  ) );
#3523 = ADVANCED_FACE('',(#3524),#3339,.F.);
#3524 = FACE_BOUND('',#3525,.F.);
#3525 = EDGE_LOOP('',(#3526,#3527,#3528,#3551));
#3526 = ORIENTED_EDGE('',*,*,#3405,.F.);
#3527 = ORIENTED_EDGE('',*,*,#3323,.T.);
#3528 = ORIENTED_EDGE('',*,*,#3529,.T.);
#3529 = EDGE_CURVE('',#3296,#3530,#3532,.T.);
#3530 = VERTEX_POINT('',#3531);
#3531 = CARTESIAN_POINT('',(50.26,-34.6,-7.));
#3532 = SURFACE_CURVE('',#3533,(#3537,#3544),.PCURVE_S1.);
#3533 = LINE('',#3534,#3535);
#3534 = CARTESIAN_POINT('',(45.26,-34.6,-7.));
#3535 = VECTOR('',#3536,1.);
#3536 = DIRECTION('',(1.,0.,0.));
#3537 = PCURVE('',#3339,#3538);
#3538 = DEFINITIONAL_REPRESENTATION('',(#3539),#3543);
#3539 = LINE('',#3540,#3541);
#3540 = CARTESIAN_POINT('',(2.,0.));
#3541 = VECTOR('',#3542,1.);
#3542 = DIRECTION('',(0.,1.));
#3543 = ( GEOMETRIC_REPRESENTATION_CONTEXT(2) 
PARAMETRIC_REPRESENTATION_CONTEXT() REPRESENTATION_CONTEXT('2D SPACE',''
  ) );
#3544 = PCURVE('',#3311,#3545);
#3545 = DEFINITIONAL_REPRESENTATION('',(#3546),#3550);
#3546 = LINE('',#3547,#3548);
#3547 = CARTESIAN_POINT('',(0.,0.));
#3548 = VECTOR('',#3549,1.);
#3549 = DIRECTION('',(1.,0.));
#3550 = ( GEOMETRIC_REPRESENTATION_CONTEXT(2) 
PARAMETRIC_REPRESENTATION_CONTEXT() REPRESENTATION_CONTEXT('2D SPACE',''
  ) );
#3551 = ORIENTED_EDGE('',*,*,#3552,.F.);
#3552 = EDGE_CURVE('',#3406,#3530,#3553,.T.);
#3553 = SURFACE_CURVE('',#3554,(#3558,#3565),.PCURVE_S1.);
#3554 = LINE('',#3555,#3556);
#3555 = CARTESIAN_POINT('',(50.26,-34.6,-9.));
#3556 = VECTOR('',#3557,1.);
#3557 = DIRECTION('',(0.,0.,1.));
#3558 = PCURVE('',#3339,#3559);
#3559 = DEFINITIONAL_REPRESENTATION('',(#3560),#3564);
#3560 = LINE('',#3561,#3562);
#3561 = CARTESIAN_POINT('',(0.,5.));
#3562 = VECTOR('',#3563,1.);
#3563 = DIRECTION('',(1.,0.));
#3564 = ( GEOMETRIC_REPRESENTATION_CONTEXT(2) 
PARAMETRIC_REPRESENTATION_CONTEXT() REPRESENTATION_CONTEXT('2D SPACE',''
  ) );
#3565 = PCURVE('',#742,#3566);
#3566 = DEFINITIONAL_REPRESENTATION('',(#3567),#3571);
#3567 = LINE('',#3568,#3569);
#3568 = CARTESIAN_POINT('',(0.,0.25));
#3569 = VECTOR('',#3570,1.);
#3570 = DIRECTION('',(1.,0.));
#3571 = ( GEOMETRIC_REPRESENTATION_CONTEXT(2) 
PARAMETRIC_REPRESENTATION_CONTEXT() REPRESENTATION_CONTEXT('2D SPACE',''
  ) );
#3572 = ADVANCED_FACE('',(#3573),#3311,.T.);
#3573 = FACE_BOUND('',#3574,.T.);
#3574 = EDGE_LOOP('',(#3575,#3576,#3577,#3600,#3629,#3655));
#3575 = ORIENTED_EDGE('',*,*,#3295,.F.);
#3576 = ORIENTED_EDGE('',*,*,#3529,.T.);
#3577 = ORIENTED_EDGE('',*,*,#3578,.T.);
#3578 = EDGE_CURVE('',#3530,#3579,#3581,.T.);
#3579 = VERTEX_POINT('',#3580);
#3580 = CARTESIAN_POINT('',(50.26,-33.35,-7.));
#3581 = SURFACE_CURVE('',#3582,(#3586,#3593),.PCURVE_S1.);
#3582 = LINE('',#3583,#3584);
#3583 = CARTESIAN_POINT('',(50.26,-34.6,-7.));
#3584 = VECTOR('',#3585,1.);
#3585 = DIRECTION('',(0.,1.,0.));
#3586 = PCURVE('',#3311,#3587);
#3587 = DEFINITIONAL_REPRESENTATION('',(#3588),#3592);
#3588 = LINE('',#3589,#3590);
#3589 = CARTESIAN_POINT('',(5.,0.));
#3590 = VECTOR('',#3591,1.);
#3591 = DIRECTION('',(0.,1.));
#3592 = ( GEOMETRIC_REPRESENTATION_CONTEXT(2) 
PARAMETRIC_REPRESENTATION_CONTEXT() REPRESENTATION_CONTEXT('2D SPACE',''
  ) );
#3593 = PCURVE('',#742,#3594);
#3594 = DEFINITIONAL_REPRESENTATION('',(#3595),#3599);
#3595 = LINE('',#3596,#3597);
#3596 = CARTESIAN_POINT('',(2.,0.25));
#3597 = VECTOR('',#3598,1.);
#3598 = DIRECTION('',(0.,-1.));
#3599 = ( GEOMETRIC_REPRESENTATION_CONTEXT(2) 
PARAMETRIC_REPRESENTATION_CONTEXT() REPRESENTATION_CONTEXT('2D SPACE',''
  ) );
#3600 = ORIENTED_EDGE('',*,*,#3601,.F.);
#3601 = EDGE_CURVE('',#3602,#3579,#3604,.T.);
#3602 = VERTEX_POINT('',#3603);
#3603 = CARTESIAN_POINT('',(49.26,-34.35,-7.));
#3604 = SURFACE_CURVE('',#3605,(#3610,#3617),.PCURVE_S1.);
#3605 = CIRCLE('',#3606,1.);
#3606 = AXIS2_PLACEMENT_3D('',#3607,#3608,#3609);
#3607 = CARTESIAN_POINT('',(49.26,-33.35,-7.));
#3608 = DIRECTION('',(0.,0.,1.));
#3609 = DIRECTION('',(1.,0.,-0.));
#3610 = PCURVE('',#3311,#3611);
#3611 = DEFINITIONAL_REPRESENTATION('',(#3612),#3616);
#3612 = CIRCLE('',#3613,1.);
#3613 = AXIS2_PLACEMENT_2D('',#3614,#3615);
#3614 = CARTESIAN_POINT('',(4.,1.25));
#3615 = DIRECTION('',(1.,0.));
#3616 = ( GEOMETRIC_REPRESENTATION_CONTEXT(2) 
PARAMETRIC_REPRESENTATION_CONTEXT() REPRESENTATION_CONTEXT('2D SPACE',''
  ) );
#3617 = PCURVE('',#3618,#3623);
#3618 = CYLINDRICAL_SURFACE('',#3619,1.);
#3619 = AXIS2_PLACEMENT_3D('',#3620,#3621,#3622);
#3620 = CARTESIAN_POINT('',(49.26,-33.35,-9.));
#3621 = DIRECTION('',(0.,0.,1.));
#3622 = DIRECTION('',(1.,0.,-0.));
#3623 = DEFINITIONAL_REPRESENTATION('',(#3624),#3628);
#3624 = LINE('',#3625,#3626);
#3625 = CARTESIAN_POINT('',(-6.28318530718,2.));
#3626 = VECTOR('',#3627,1.);
#3627 = DIRECTION('',(1.,-0.));
#3628 = ( GEOMETRIC_REPRESENTATION_CONTEXT(2) 
PARAMETRIC_REPRESENTATION_CONTEXT() REPRESENTATION_CONTEXT('2D SPACE',''
  ) );
#3629 = ORIENTED_EDGE('',*,*,#3630,.F.);
#3630 = EDGE_CURVE('',#3631,#3602,#3633,.T.);
#3631 = VERTEX_POINT('',#3632);
#3632 = CARTESIAN_POINT('',(46.26,-34.35,-7.));
#3633 = SURFACE_CURVE('',#3634,(#3638,#3644),.PCURVE_S1.);
#3634 = LINE('',#3635,#3636);
#3635 = CARTESIAN_POINT('',(45.26,-34.35,-7.));
#3636 = VECTOR('',#3637,1.);
#3637 = DIRECTION('',(1.,0.,0.));
#3638 = PCURVE('',#3311,#3639);
#3639 = DEFINITIONAL_REPRESENTATION('',(#3640),#3643);
#3640 = B_SPLINE_CURVE_WITH_KNOTS('',1,(#3641,#3642),.UNSPECIFIED.,.F.,
  .F.,(2,2),(1.,4.),.PIECEWISE_BEZIER_KNOTS.);
#3641 = CARTESIAN_POINT('',(1.,0.25));
#3642 = CARTESIAN_POINT('',(4.,0.25));
#3643 = ( GEOMETRIC_REPRESENTATION_CONTEXT(2) 
PARAMETRIC_REPRESENTATION_CONTEXT() REPRESENTATION_CONTEXT('2D SPACE',''
  ) );
#3644 = PCURVE('',#3645,#3650);
#3645 = PLANE('',#3646);
#3646 = AXIS2_PLACEMENT_3D('',#3647,#3648,#3649);
#3647 = CARTESIAN_POINT('',(45.26,-34.35,-9.));
#3648 = DIRECTION('',(0.,1.,0.));
#3649 = DIRECTION('',(0.,0.,1.));
#3650 = DEFINITIONAL_REPRESENTATION('',(#3651),#3654);
#3651 = B_SPLINE_CURVE_WITH_KNOTS('',1,(#3652,#3653),.UNSPECIFIED.,.F.,
  .F.,(2,2),(1.,4.),.PIECEWISE_BEZIER_KNOTS.);
#3652 = CARTESIAN_POINT('',(2.,1.));
#3653 = CARTESIAN_POINT('',(2.,4.));
#3654 = ( GEOMETRIC_REPRESENTATION_CONTEXT(2) 
PARAMETRIC_REPRESENTATION_CONTEXT() REPRESENTATION_CONTEXT('2D SPACE',''
  ) );
#3655 = ORIENTED_EDGE('',*,*,#3656,.F.);
#3656 = EDGE_CURVE('',#3268,#3631,#3657,.T.);
#3657 = SURFACE_CURVE('',#3658,(#3663,#3670),.PCURVE_S1.);
#3658 = CIRCLE('',#3659,1.);
#3659 = AXIS2_PLACEMENT_3D('',#3660,#3661,#3662);
#3660 = CARTESIAN_POINT('',(46.26,-33.35,-7.));
#3661 = DIRECTION('',(0.,0.,1.));
#3662 = DIRECTION('',(-1.,-0.,0.));
#3663 = PCURVE('',#3311,#3664);
#3664 = DEFINITIONAL_REPRESENTATION('',(#3665),#3669);
#3665 = CIRCLE('',#3666,1.);
#3666 = AXIS2_PLACEMENT_2D('',#3667,#3668);
#3667 = CARTESIAN_POINT('',(1.,1.25));
#3668 = DIRECTION('',(-1.,0.));
#3669 = ( GEOMETRIC_REPRESENTATION_CONTEXT(2) 
PARAMETRIC_REPRESENTATION_CONTEXT() REPRESENTATION_CONTEXT('2D SPACE',''
  ) );
#3670 = PCURVE('',#3283,#3671);
#3671 = DEFINITIONAL_REPRESENTATION('',(#3672),#3676);
#3672 = LINE('',#3673,#3674);
#3673 = CARTESIAN_POINT('',(0.,2.));
#3674 = VECTOR('',#3675,1.);
#3675 = DIRECTION('',(1.,0.));
#3676 = ( GEOMETRIC_REPRESENTATION_CONTEXT(2) 
PARAMETRIC_REPRESENTATION_CONTEXT() REPRESENTATION_CONTEXT('2D SPACE',''
  ) );
#3677 = ADVANCED_FACE('',(#3678),#3618,.T.);
#3678 = FACE_BOUND('',#3679,.F.);
#3679 = EDGE_LOOP('',(#3680,#3703,#3704,#3727));
#3680 = ORIENTED_EDGE('',*,*,#3681,.F.);
#3681 = EDGE_CURVE('',#3579,#3682,#3684,.T.);
#3682 = VERTEX_POINT('',#3683);
#3683 = CARTESIAN_POINT('',(50.26,-33.35,-1.));
#3684 = SURFACE_CURVE('',#3685,(#3689,#3696),.PCURVE_S1.);
#3685 = LINE('',#3686,#3687);
#3686 = CARTESIAN_POINT('',(50.26,-33.35,-9.));
#3687 = VECTOR('',#3688,1.);
#3688 = DIRECTION('',(0.,0.,1.));
#3689 = PCURVE('',#3618,#3690);
#3690 = DEFINITIONAL_REPRESENTATION('',(#3691),#3695);
#3691 = LINE('',#3692,#3693);
#3692 = CARTESIAN_POINT('',(-0.,0.));
#3693 = VECTOR('',#3694,1.);
#3694 = DIRECTION('',(-0.,1.));
#3695 = ( GEOMETRIC_REPRESENTATION_CONTEXT(2) 
PARAMETRIC_REPRESENTATION_CONTEXT() REPRESENTATION_CONTEXT('2D SPACE',''
  ) );
#3696 = PCURVE('',#742,#3697);
#3697 = DEFINITIONAL_REPRESENTATION('',(#3698),#3702);
#3698 = LINE('',#3699,#3700);
#3699 = CARTESIAN_POINT('',(0.,-1.));
#3700 = VECTOR('',#3701,1.);
#3701 = DIRECTION('',(1.,0.));
#3702 = ( GEOMETRIC_REPRESENTATION_CONTEXT(2) 
PARAMETRIC_REPRESENTATION_CONTEXT() REPRESENTATION_CONTEXT('2D SPACE',''
  ) );
#3703 = ORIENTED_EDGE('',*,*,#3601,.F.);
#3704 = ORIENTED_EDGE('',*,*,#3705,.T.);
#3705 = EDGE_CURVE('',#3602,#3706,#3708,.T.);
#3706 = VERTEX_POINT('',#3707);
#3707 = CARTESIAN_POINT('',(49.26,-34.35,-1.));
#3708 = SURFACE_CURVE('',#3709,(#3713,#3720),.PCURVE_S1.);
#3709 = LINE('',#3710,#3711);
#3710 = CARTESIAN_POINT('',(49.26,-34.35,-9.));
#3711 = VECTOR('',#3712,1.);
#3712 = DIRECTION('',(0.,0.,1.));
#3713 = PCURVE('',#3618,#3714);
#3714 = DEFINITIONAL_REPRESENTATION('',(#3715),#3719);
#3715 = LINE('',#3716,#3717);
#3716 = CARTESIAN_POINT('',(-1.570796326795,0.));
#3717 = VECTOR('',#3718,1.);
#3718 = DIRECTION('',(-0.,1.));
#3719 = ( GEOMETRIC_REPRESENTATION_CONTEXT(2) 
PARAMETRIC_REPRESENTATION_CONTEXT() REPRESENTATION_CONTEXT('2D SPACE',''
  ) );
#3720 = PCURVE('',#3645,#3721);
#3721 = DEFINITIONAL_REPRESENTATION('',(#3722),#3726);
#3722 = LINE('',#3723,#3724);
#3723 = CARTESIAN_POINT('',(0.,4.));
#3724 = VECTOR('',#3725,1.);
#3725 = DIRECTION('',(1.,0.));
#3726 = ( GEOMETRIC_REPRESENTATION_CONTEXT(2) 
PARAMETRIC_REPRESENTATION_CONTEXT() REPRESENTATION_CONTEXT('2D SPACE',''
  ) );
#3727 = ORIENTED_EDGE('',*,*,#3728,.F.);
#3728 = EDGE_CURVE('',#3682,#3706,#3729,.T.);
#3729 = SURFACE_CURVE('',#3730,(#3735,#3742),.PCURVE_S1.);
#3730 = CIRCLE('',#3731,1.);
#3731 = AXIS2_PLACEMENT_3D('',#3732,#3733,#3734);
#3732 = CARTESIAN_POINT('',(49.26,-33.35,-1.));
#3733 = DIRECTION('',(-0.,-0.,-1.));
#3734 = DIRECTION('',(0.,-1.,0.));
#3735 = PCURVE('',#3618,#3736);
#3736 = DEFINITIONAL_REPRESENTATION('',(#3737),#3741);
#3737 = LINE('',#3738,#3739);
#3738 = CARTESIAN_POINT('',(4.712388980385,8.));
#3739 = VECTOR('',#3740,1.);
#3740 = DIRECTION('',(-1.,0.));
#3741 = ( GEOMETRIC_REPRESENTATION_CONTEXT(2) 
PARAMETRIC_REPRESENTATION_CONTEXT() REPRESENTATION_CONTEXT('2D SPACE',''
  ) );
#3742 = PCURVE('',#3255,#3743);
#3743 = DEFINITIONAL_REPRESENTATION('',(#3744),#3752);
#3744 = ( BOUNDED_CURVE() B_SPLINE_CURVE(2,(#3745,#3746,#3747,#3748,
#3749,#3750,#3751),.UNSPECIFIED.,.T.,.F.) B_SPLINE_CURVE_WITH_KNOTS((1,2
    ,2,2,2,1),(-2.094395102393,0.,2.094395102393,4.188790204786,
6.28318530718,8.377580409573),.UNSPECIFIED.) CURVE() 
GEOMETRIC_REPRESENTATION_ITEM() RATIONAL_B_SPLINE_CURVE((1.,0.5,1.,0.5,
1.,0.5,1.)) REPRESENTATION_ITEM('') );
#3745 = CARTESIAN_POINT('',(4.,0.));
#3746 = CARTESIAN_POINT('',(2.267949192431,0.));
#3747 = CARTESIAN_POINT('',(3.133974596216,1.5));
#3748 = CARTESIAN_POINT('',(4.,3.));
#3749 = CARTESIAN_POINT('',(4.866025403784,1.5));
#3750 = CARTESIAN_POINT('',(5.732050807569,1.554312234475E-15));
#3751 = CARTESIAN_POINT('',(4.,0.));
#3752 = ( GEOMETRIC_REPRESENTATION_CONTEXT(2) 
PARAMETRIC_REPRESENTATION_CONTEXT() REPRESENTATION_CONTEXT('2D SPACE',''
  ) );
#3753 = ADVANCED_FACE('',(#3754),#3645,.F.);
#3754 = FACE_BOUND('',#3755,.F.);
#3755 = EDGE_LOOP('',(#3756,#3757,#3780,#3801));
#3756 = ORIENTED_EDGE('',*,*,#3630,.F.);
#3757 = ORIENTED_EDGE('',*,*,#3758,.T.);
#3758 = EDGE_CURVE('',#3631,#3759,#3761,.T.);
#3759 = VERTEX_POINT('',#3760);
#3760 = CARTESIAN_POINT('',(46.26,-34.35,-1.));
#3761 = SURFACE_CURVE('',#3762,(#3766,#3773),.PCURVE_S1.);
#3762 = LINE('',#3763,#3764);
#3763 = CARTESIAN_POINT('',(46.26,-34.35,-9.));
#3764 = VECTOR('',#3765,1.);
#3765 = DIRECTION('',(0.,0.,1.));
#3766 = PCURVE('',#3645,#3767);
#3767 = DEFINITIONAL_REPRESENTATION('',(#3768),#3772);
#3768 = LINE('',#3769,#3770);
#3769 = CARTESIAN_POINT('',(0.,1.));
#3770 = VECTOR('',#3771,1.);
#3771 = DIRECTION('',(1.,0.));
#3772 = ( GEOMETRIC_REPRESENTATION_CONTEXT(2) 
PARAMETRIC_REPRESENTATION_CONTEXT() REPRESENTATION_CONTEXT('2D SPACE',''
  ) );
#3773 = PCURVE('',#3283,#3774);
#3774 = DEFINITIONAL_REPRESENTATION('',(#3775),#3779);
#3775 = LINE('',#3776,#3777);
#3776 = CARTESIAN_POINT('',(1.570796326795,0.));
#3777 = VECTOR('',#3778,1.);
#3778 = DIRECTION('',(0.,1.));
#3779 = ( GEOMETRIC_REPRESENTATION_CONTEXT(2) 
PARAMETRIC_REPRESENTATION_CONTEXT() REPRESENTATION_CONTEXT('2D SPACE',''
  ) );
#3780 = ORIENTED_EDGE('',*,*,#3781,.T.);
#3781 = EDGE_CURVE('',#3759,#3706,#3782,.T.);
#3782 = SURFACE_CURVE('',#3783,(#3787,#3794),.PCURVE_S1.);
#3783 = LINE('',#3784,#3785);
#3784 = CARTESIAN_POINT('',(45.26,-34.35,-1.));
#3785 = VECTOR('',#3786,1.);
#3786 = DIRECTION('',(1.,0.,0.));
#3787 = PCURVE('',#3645,#3788);
#3788 = DEFINITIONAL_REPRESENTATION('',(#3789),#3793);
#3789 = LINE('',#3790,#3791);
#3790 = CARTESIAN_POINT('',(8.,0.));
#3791 = VECTOR('',#3792,1.);
#3792 = DIRECTION('',(0.,1.));
#3793 = ( GEOMETRIC_REPRESENTATION_CONTEXT(2) 
PARAMETRIC_REPRESENTATION_CONTEXT() REPRESENTATION_CONTEXT('2D SPACE',''
  ) );
#3794 = PCURVE('',#3255,#3795);
#3795 = DEFINITIONAL_REPRESENTATION('',(#3796),#3800);
#3796 = LINE('',#3797,#3798);
#3797 = CARTESIAN_POINT('',(0.,0.));
#3798 = VECTOR('',#3799,1.);
#3799 = DIRECTION('',(1.,0.));
#3800 = ( GEOMETRIC_REPRESENTATION_CONTEXT(2) 
PARAMETRIC_REPRESENTATION_CONTEXT() REPRESENTATION_CONTEXT('2D SPACE',''
  ) );
#3801 = ORIENTED_EDGE('',*,*,#3705,.F.);
#3802 = ADVANCED_FACE('',(#3803),#3283,.T.);
#3803 = FACE_BOUND('',#3804,.T.);
#3804 = EDGE_LOOP('',(#3805,#3806,#3807,#3808));
#3805 = ORIENTED_EDGE('',*,*,#3267,.F.);
#3806 = ORIENTED_EDGE('',*,*,#3656,.T.);
#3807 = ORIENTED_EDGE('',*,*,#3758,.T.);
#3808 = ORIENTED_EDGE('',*,*,#3809,.F.);
#3809 = EDGE_CURVE('',#3240,#3759,#3810,.T.);
#3810 = SURFACE_CURVE('',#3811,(#3816,#3823),.PCURVE_S1.);
#3811 = CIRCLE('',#3812,1.);
#3812 = AXIS2_PLACEMENT_3D('',#3813,#3814,#3815);
#3813 = CARTESIAN_POINT('',(46.26,-33.35,-1.));
#3814 = DIRECTION('',(0.,0.,1.));
#3815 = DIRECTION('',(0.,-1.,0.));
#3816 = PCURVE('',#3283,#3817);
#3817 = DEFINITIONAL_REPRESENTATION('',(#3818),#3822);
#3818 = LINE('',#3819,#3820);
#3819 = CARTESIAN_POINT('',(-4.712388980385,8.));
#3820 = VECTOR('',#3821,1.);
#3821 = DIRECTION('',(1.,0.));
#3822 = ( GEOMETRIC_REPRESENTATION_CONTEXT(2) 
PARAMETRIC_REPRESENTATION_CONTEXT() REPRESENTATION_CONTEXT('2D SPACE',''
  ) );
#3823 = PCURVE('',#3255,#3824);
#3824 = DEFINITIONAL_REPRESENTATION('',(#3825),#3829);
#3825 = CIRCLE('',#3826,1.);
#3826 = AXIS2_PLACEMENT_2D('',#3827,#3828);
#3827 = CARTESIAN_POINT('',(1.,1.));
#3828 = DIRECTION('',(0.,-1.));
#3829 = ( GEOMETRIC_REPRESENTATION_CONTEXT(2) 
PARAMETRIC_REPRESENTATION_CONTEXT() REPRESENTATION_CONTEXT('2D SPACE',''
  ) );
#3830 = ADVANCED_FACE('',(#3831),#3255,.T.);
#3831 = FACE_BOUND('',#3832,.T.);
#3832 = EDGE_LOOP('',(#3833,#3834,#3835,#3836,#3837,#3858));
#3833 = ORIENTED_EDGE('',*,*,#3239,.F.);
#3834 = ORIENTED_EDGE('',*,*,#3809,.T.);
#3835 = ORIENTED_EDGE('',*,*,#3781,.T.);
#3836 = ORIENTED_EDGE('',*,*,#3728,.F.);
#3837 = ORIENTED_EDGE('',*,*,#3838,.T.);
#3838 = EDGE_CURVE('',#3682,#727,#3839,.T.);
#3839 = SURFACE_CURVE('',#3840,(#3844,#3851),.PCURVE_S1.);
#3840 = LINE('',#3841,#3842);
#3841 = CARTESIAN_POINT('',(50.26,-34.35,-1.));
#3842 = VECTOR('',#3843,1.);
#3843 = DIRECTION('',(0.,1.,0.));
#3844 = PCURVE('',#3255,#3845);
#3845 = DEFINITIONAL_REPRESENTATION('',(#3846),#3850);
#3846 = LINE('',#3847,#3848);
#3847 = CARTESIAN_POINT('',(5.,0.));
#3848 = VECTOR('',#3849,1.);
#3849 = DIRECTION('',(0.,1.));
#3850 = ( GEOMETRIC_REPRESENTATION_CONTEXT(2) 
PARAMETRIC_REPRESENTATION_CONTEXT() REPRESENTATION_CONTEXT('2D SPACE',''
  ) );
#3851 = PCURVE('',#742,#3852);
#3852 = DEFINITIONAL_REPRESENTATION('',(#3853),#3857);
#3853 = LINE('',#3854,#3855);
#3854 = CARTESIAN_POINT('',(8.,0.));
#3855 = VECTOR('',#3856,1.);
#3856 = DIRECTION('',(0.,-1.));
#3857 = ( GEOMETRIC_REPRESENTATION_CONTEXT(2) 
PARAMETRIC_REPRESENTATION_CONTEXT() REPRESENTATION_CONTEXT('2D SPACE',''
  ) );
#3858 = ORIENTED_EDGE('',*,*,#3859,.F.);
#3859 = EDGE_CURVE('',#586,#727,#3860,.T.);
#3860 = SURFACE_CURVE('',#3861,(#3865,#3872),.PCURVE_S1.);
#3861 = LINE('',#3862,#3863);
#3862 = CARTESIAN_POINT('',(-199.,-31.85,-1.));
#3863 = VECTOR('',#3864,1.);
#3864 = DIRECTION('',(1.,0.,0.));
#3865 = PCURVE('',#3255,#3866);
#3866 = DEFINITIONAL_REPRESENTATION('',(#3867),#3871);
#3867 = LINE('',#3868,#3869);
#3868 = CARTESIAN_POINT('',(-244.26,2.5));
#3869 = VECTOR('',#3870,1.);
#3870 = DIRECTION('',(1.,0.));
#3871 = ( GEOMETRIC_REPRESENTATION_CONTEXT(2) 
PARAMETRIC_REPRESENTATION_CONTEXT() REPRESENTATION_CONTEXT('2D SPACE',''
  ) );
#3872 = PCURVE('',#258,#3873);
#3873 = DEFINITIONAL_REPRESENTATION('',(#3874),#3878);
#3874 = LINE('',#3875,#3876);
#3875 = CARTESIAN_POINT('',(0.,0.));
#3876 = VECTOR('',#3877,1.);
#3877 = DIRECTION('',(0.,1.));
#3878 = ( GEOMETRIC_REPRESENTATION_CONTEXT(2) 
PARAMETRIC_REPRESENTATION_CONTEXT() REPRESENTATION_CONTEXT('2D SPACE',''
  ) );
#3879 = ADVANCED_FACE('',(#3880),#657,.T.);
#3880 = FACE_BOUND('',#3881,.F.);
#3881 = EDGE_LOOP('',(#3882,#3883,#3904,#3905));
#3882 = ORIENTED_EDGE('',*,*,#3498,.T.);
#3883 = ORIENTED_EDGE('',*,*,#3884,.T.);
#3884 = EDGE_CURVE('',#3476,#637,#3885,.T.);
#3885 = SURFACE_CURVE('',#3886,(#3890,#3897),.PCURVE_S1.);
#3886 = LINE('',#3887,#3888);
#3887 = CARTESIAN_POINT('',(46.26,-29.35,-9.));
#3888 = VECTOR('',#3889,1.);
#3889 = DIRECTION('',(0.,0.,1.));
#3890 = PCURVE('',#657,#3891);
#3891 = DEFINITIONAL_REPRESENTATION('',(#3892),#3896);
#3892 = LINE('',#3893,#3894);
#3893 = CARTESIAN_POINT('',(-1.570796326795,0.));
#3894 = VECTOR('',#3895,1.);
#3895 = DIRECTION('',(-0.,1.));
#3896 = ( GEOMETRIC_REPRESENTATION_CONTEXT(2) 
PARAMETRIC_REPRESENTATION_CONTEXT() REPRESENTATION_CONTEXT('2D SPACE',''
  ) );
#3897 = PCURVE('',#685,#3898);
#3898 = DEFINITIONAL_REPRESENTATION('',(#3899),#3903);
#3899 = LINE('',#3900,#3901);
#3900 = CARTESIAN_POINT('',(0.,1.));
#3901 = VECTOR('',#3902,1.);
#3902 = DIRECTION('',(1.,0.));
#3903 = ( GEOMETRIC_REPRESENTATION_CONTEXT(2) 
PARAMETRIC_REPRESENTATION_CONTEXT() REPRESENTATION_CONTEXT('2D SPACE',''
  ) );
#3904 = ORIENTED_EDGE('',*,*,#636,.F.);
#3905 = ORIENTED_EDGE('',*,*,#3379,.F.);
#3906 = ADVANCED_FACE('',(#3907),#685,.T.);
#3907 = FACE_BOUND('',#3908,.T.);
#3908 = EDGE_LOOP('',(#3909,#3910,#3911,#3912));
#3909 = ORIENTED_EDGE('',*,*,#3475,.F.);
#3910 = ORIENTED_EDGE('',*,*,#3884,.T.);
#3911 = ORIENTED_EDGE('',*,*,#669,.T.);
#3912 = ORIENTED_EDGE('',*,*,#3913,.F.);
#3913 = EDGE_CURVE('',#3452,#670,#3914,.T.);
#3914 = SURFACE_CURVE('',#3915,(#3919,#3926),.PCURVE_S1.);
#3915 = LINE('',#3916,#3917);
#3916 = CARTESIAN_POINT('',(49.26,-29.35,-9.));
#3917 = VECTOR('',#3918,1.);
#3918 = DIRECTION('',(0.,0.,1.));
#3919 = PCURVE('',#685,#3920);
#3920 = DEFINITIONAL_REPRESENTATION('',(#3921),#3925);
#3921 = LINE('',#3922,#3923);
#3922 = CARTESIAN_POINT('',(0.,4.));
#3923 = VECTOR('',#3924,1.);
#3924 = DIRECTION('',(1.,0.));
#3925 = ( GEOMETRIC_REPRESENTATION_CONTEXT(2) 
PARAMETRIC_REPRESENTATION_CONTEXT() REPRESENTATION_CONTEXT('2D SPACE',''
  ) );
#3926 = PCURVE('',#714,#3927);
#3927 = DEFINITIONAL_REPRESENTATION('',(#3928),#3932);
#3928 = LINE('',#3929,#3930);
#3929 = CARTESIAN_POINT('',(1.570796326795,0.));
#3930 = VECTOR('',#3931,1.);
#3931 = DIRECTION('',(0.,1.));
#3932 = ( GEOMETRIC_REPRESENTATION_CONTEXT(2) 
PARAMETRIC_REPRESENTATION_CONTEXT() REPRESENTATION_CONTEXT('2D SPACE',''
  ) );
#3933 = ADVANCED_FACE('',(#3934),#714,.T.);
#3934 = FACE_BOUND('',#3935,.T.);
#3935 = EDGE_LOOP('',(#3936,#3937,#3938,#3939));
#3936 = ORIENTED_EDGE('',*,*,#3451,.T.);
#3937 = ORIENTED_EDGE('',*,*,#3913,.T.);
#3938 = ORIENTED_EDGE('',*,*,#697,.F.);
#3939 = ORIENTED_EDGE('',*,*,#3940,.F.);
#3940 = EDGE_CURVE('',#3429,#698,#3941,.T.);
#3941 = SURFACE_CURVE('',#3942,(#3946,#3953),.PCURVE_S1.);
#3942 = LINE('',#3943,#3944);
#3943 = CARTESIAN_POINT('',(50.26,-30.35,-9.));
#3944 = VECTOR('',#3945,1.);
#3945 = DIRECTION('',(0.,0.,1.));
#3946 = PCURVE('',#714,#3947);
#3947 = DEFINITIONAL_REPRESENTATION('',(#3948),#3952);
#3948 = LINE('',#3949,#3950);
#3949 = CARTESIAN_POINT('',(0.,0.));
#3950 = VECTOR('',#3951,1.);
#3951 = DIRECTION('',(0.,1.));
#3952 = ( GEOMETRIC_REPRESENTATION_CONTEXT(2) 
PARAMETRIC_REPRESENTATION_CONTEXT() REPRESENTATION_CONTEXT('2D SPACE',''
  ) );
#3953 = PCURVE('',#742,#3954);
#3954 = DEFINITIONAL_REPRESENTATION('',(#3955),#3959);
#3955 = LINE('',#3956,#3957);
#3956 = CARTESIAN_POINT('',(0.,-4.));
#3957 = VECTOR('',#3958,1.);
#3958 = DIRECTION('',(1.,0.));
#3959 = ( GEOMETRIC_REPRESENTATION_CONTEXT(2) 
PARAMETRIC_REPRESENTATION_CONTEXT() REPRESENTATION_CONTEXT('2D SPACE',''
  ) );
#3960 = ADVANCED_FACE('',(#3961),#742,.T.);
#3961 = FACE_BOUND('',#3962,.T.);
#3962 = EDGE_LOOP('',(#3963,#3964,#3965,#3966,#3967,#3968,#3969));
#3963 = ORIENTED_EDGE('',*,*,#3838,.F.);
#3964 = ORIENTED_EDGE('',*,*,#3681,.F.);
#3965 = ORIENTED_EDGE('',*,*,#3578,.F.);
#3966 = ORIENTED_EDGE('',*,*,#3552,.F.);
#3967 = ORIENTED_EDGE('',*,*,#3428,.T.);
#3968 = ORIENTED_EDGE('',*,*,#3940,.T.);
#3969 = ORIENTED_EDGE('',*,*,#726,.F.);
#3970 = ADVANCED_FACE('',(#3971),#793,.F.);
#3971 = FACE_BOUND('',#3972,.F.);
#3972 = EDGE_LOOP('',(#3973,#4001,#4029,#4057,#4085,#4113,#4134));
#3973 = ORIENTED_EDGE('',*,*,#3974,.F.);
#3974 = EDGE_CURVE('',#3975,#755,#3977,.T.);
#3975 = VERTEX_POINT('',#3976);
#3976 = CARTESIAN_POINT('',(136.8,-33.35,-1.));
#3977 = SURFACE_CURVE('',#3978,(#3982,#3989),.PCURVE_S1.);
#3978 = LINE('',#3979,#3980);
#3979 = CARTESIAN_POINT('',(136.8,-34.35,-1.));
#3980 = VECTOR('',#3981,1.);
#3981 = DIRECTION('',(0.,1.,0.));
#3982 = PCURVE('',#793,#3983);
#3983 = DEFINITIONAL_REPRESENTATION('',(#3984),#3988);
#3984 = LINE('',#3985,#3986);
#3985 = CARTESIAN_POINT('',(8.,0.));
#3986 = VECTOR('',#3987,1.);
#3987 = DIRECTION('',(0.,-1.));
#3988 = ( GEOMETRIC_REPRESENTATION_CONTEXT(2) 
PARAMETRIC_REPRESENTATION_CONTEXT() REPRESENTATION_CONTEXT('2D SPACE',''
  ) );
#3989 = PCURVE('',#3990,#3995);
#3990 = PLANE('',#3991);
#3991 = AXIS2_PLACEMENT_3D('',#3992,#3993,#3994);
#3992 = CARTESIAN_POINT('',(136.8,-34.35,-1.));
#3993 = DIRECTION('',(0.,0.,1.));
#3994 = DIRECTION('',(1.,0.,0.));
#3995 = DEFINITIONAL_REPRESENTATION('',(#3996),#4000);
#3996 = LINE('',#3997,#3998);
#3997 = CARTESIAN_POINT('',(0.,0.));
#3998 = VECTOR('',#3999,1.);
#3999 = DIRECTION('',(0.,1.));
#4000 = ( GEOMETRIC_REPRESENTATION_CONTEXT(2) 
PARAMETRIC_REPRESENTATION_CONTEXT() REPRESENTATION_CONTEXT('2D SPACE',''
  ) );
#4001 = ORIENTED_EDGE('',*,*,#4002,.F.);
#4002 = EDGE_CURVE('',#4003,#3975,#4005,.T.);
#4003 = VERTEX_POINT('',#4004);
#4004 = CARTESIAN_POINT('',(136.8,-33.35,-7.));
#4005 = SURFACE_CURVE('',#4006,(#4010,#4017),.PCURVE_S1.);
#4006 = LINE('',#4007,#4008);
#4007 = CARTESIAN_POINT('',(136.8,-33.35,-9.));
#4008 = VECTOR('',#4009,1.);
#4009 = DIRECTION('',(0.,0.,1.));
#4010 = PCURVE('',#793,#4011);
#4011 = DEFINITIONAL_REPRESENTATION('',(#4012),#4016);
#4012 = LINE('',#4013,#4014);
#4013 = CARTESIAN_POINT('',(0.,-1.));
#4014 = VECTOR('',#4015,1.);
#4015 = DIRECTION('',(1.,0.));
#4016 = ( GEOMETRIC_REPRESENTATION_CONTEXT(2) 
PARAMETRIC_REPRESENTATION_CONTEXT() REPRESENTATION_CONTEXT('2D SPACE',''
  ) );
#4017 = PCURVE('',#4018,#4023);
#4018 = CYLINDRICAL_SURFACE('',#4019,1.);
#4019 = AXIS2_PLACEMENT_3D('',#4020,#4021,#4022);
#4020 = CARTESIAN_POINT('',(137.8,-33.35,-9.));
#4021 = DIRECTION('',(0.,0.,1.));
#4022 = DIRECTION('',(-1.,-0.,0.));
#4023 = DEFINITIONAL_REPRESENTATION('',(#4024),#4028);
#4024 = LINE('',#4025,#4026);
#4025 = CARTESIAN_POINT('',(0.,0.));
#4026 = VECTOR('',#4027,1.);
#4027 = DIRECTION('',(0.,1.));
#4028 = ( GEOMETRIC_REPRESENTATION_CONTEXT(2) 
PARAMETRIC_REPRESENTATION_CONTEXT() REPRESENTATION_CONTEXT('2D SPACE',''
  ) );
#4029 = ORIENTED_EDGE('',*,*,#4030,.F.);
#4030 = EDGE_CURVE('',#4031,#4003,#4033,.T.);
#4031 = VERTEX_POINT('',#4032);
#4032 = CARTESIAN_POINT('',(136.8,-34.6,-7.));
#4033 = SURFACE_CURVE('',#4034,(#4038,#4045),.PCURVE_S1.);
#4034 = LINE('',#4035,#4036);
#4035 = CARTESIAN_POINT('',(136.8,-34.6,-7.));
#4036 = VECTOR('',#4037,1.);
#4037 = DIRECTION('',(0.,1.,0.));
#4038 = PCURVE('',#793,#4039);
#4039 = DEFINITIONAL_REPRESENTATION('',(#4040),#4044);
#4040 = LINE('',#4041,#4042);
#4041 = CARTESIAN_POINT('',(2.,0.25));
#4042 = VECTOR('',#4043,1.);
#4043 = DIRECTION('',(0.,-1.));
#4044 = ( GEOMETRIC_REPRESENTATION_CONTEXT(2) 
PARAMETRIC_REPRESENTATION_CONTEXT() REPRESENTATION_CONTEXT('2D SPACE',''
  ) );
#4045 = PCURVE('',#4046,#4051);
#4046 = PLANE('',#4047);
#4047 = AXIS2_PLACEMENT_3D('',#4048,#4049,#4050);
#4048 = CARTESIAN_POINT('',(136.8,-34.6,-7.));
#4049 = DIRECTION('',(0.,0.,1.));
#4050 = DIRECTION('',(1.,0.,0.));
#4051 = DEFINITIONAL_REPRESENTATION('',(#4052),#4056);
#4052 = LINE('',#4053,#4054);
#4053 = CARTESIAN_POINT('',(0.,0.));
#4054 = VECTOR('',#4055,1.);
#4055 = DIRECTION('',(0.,1.));
#4056 = ( GEOMETRIC_REPRESENTATION_CONTEXT(2) 
PARAMETRIC_REPRESENTATION_CONTEXT() REPRESENTATION_CONTEXT('2D SPACE',''
  ) );
#4057 = ORIENTED_EDGE('',*,*,#4058,.F.);
#4058 = EDGE_CURVE('',#4059,#4031,#4061,.T.);
#4059 = VERTEX_POINT('',#4060);
#4060 = CARTESIAN_POINT('',(136.8,-34.6,-9.));
#4061 = SURFACE_CURVE('',#4062,(#4066,#4073),.PCURVE_S1.);
#4062 = LINE('',#4063,#4064);
#4063 = CARTESIAN_POINT('',(136.8,-34.6,-9.));
#4064 = VECTOR('',#4065,1.);
#4065 = DIRECTION('',(0.,0.,1.));
#4066 = PCURVE('',#793,#4067);
#4067 = DEFINITIONAL_REPRESENTATION('',(#4068),#4072);
#4068 = LINE('',#4069,#4070);
#4069 = CARTESIAN_POINT('',(0.,0.25));
#4070 = VECTOR('',#4071,1.);
#4071 = DIRECTION('',(1.,0.));
#4072 = ( GEOMETRIC_REPRESENTATION_CONTEXT(2) 
PARAMETRIC_REPRESENTATION_CONTEXT() REPRESENTATION_CONTEXT('2D SPACE',''
  ) );
#4073 = PCURVE('',#4074,#4079);
#4074 = PLANE('',#4075);
#4075 = AXIS2_PLACEMENT_3D('',#4076,#4077,#4078);
#4076 = CARTESIAN_POINT('',(136.8,-34.6,-9.));
#4077 = DIRECTION('',(0.,1.,0.));
#4078 = DIRECTION('',(0.,0.,1.));
#4079 = DEFINITIONAL_REPRESENTATION('',(#4080),#4084);
#4080 = LINE('',#4081,#4082);
#4081 = CARTESIAN_POINT('',(0.,0.));
#4082 = VECTOR('',#4083,1.);
#4083 = DIRECTION('',(1.,0.));
#4084 = ( GEOMETRIC_REPRESENTATION_CONTEXT(2) 
PARAMETRIC_REPRESENTATION_CONTEXT() REPRESENTATION_CONTEXT('2D SPACE',''
  ) );
#4085 = ORIENTED_EDGE('',*,*,#4086,.F.);
#4086 = EDGE_CURVE('',#4087,#4059,#4089,.T.);
#4087 = VERTEX_POINT('',#4088);
#4088 = CARTESIAN_POINT('',(136.8,-30.35,-9.));
#4089 = SURFACE_CURVE('',#4090,(#4094,#4101),.PCURVE_S1.);
#4090 = LINE('',#4091,#4092);
#4091 = CARTESIAN_POINT('',(136.8,-30.35,-9.));
#4092 = VECTOR('',#4093,1.);
#4093 = DIRECTION('',(0.,-1.,0.));
#4094 = PCURVE('',#793,#4095);
#4095 = DEFINITIONAL_REPRESENTATION('',(#4096),#4100);
#4096 = LINE('',#4097,#4098);
#4097 = CARTESIAN_POINT('',(0.,-4.));
#4098 = VECTOR('',#4099,1.);
#4099 = DIRECTION('',(0.,1.));
#4100 = ( GEOMETRIC_REPRESENTATION_CONTEXT(2) 
PARAMETRIC_REPRESENTATION_CONTEXT() REPRESENTATION_CONTEXT('2D SPACE',''
  ) );
#4101 = PCURVE('',#4102,#4107);
#4102 = PLANE('',#4103);
#4103 = AXIS2_PLACEMENT_3D('',#4104,#4105,#4106);
#4104 = CARTESIAN_POINT('',(136.8,-34.35,-9.));
#4105 = DIRECTION('',(0.,0.,1.));
#4106 = DIRECTION('',(1.,0.,0.));
#4107 = DEFINITIONAL_REPRESENTATION('',(#4108),#4112);
#4108 = LINE('',#4109,#4110);
#4109 = CARTESIAN_POINT('',(0.,4.));
#4110 = VECTOR('',#4111,1.);
#4111 = DIRECTION('',(0.,-1.));
#4112 = ( GEOMETRIC_REPRESENTATION_CONTEXT(2) 
PARAMETRIC_REPRESENTATION_CONTEXT() REPRESENTATION_CONTEXT('2D SPACE',''
  ) );
#4113 = ORIENTED_EDGE('',*,*,#4114,.T.);
#4114 = EDGE_CURVE('',#4087,#778,#4115,.T.);
#4115 = SURFACE_CURVE('',#4116,(#4120,#4127),.PCURVE_S1.);
#4116 = LINE('',#4117,#4118);
#4117 = CARTESIAN_POINT('',(136.8,-30.35,-9.));
#4118 = VECTOR('',#4119,1.);
#4119 = DIRECTION('',(0.,0.,1.));
#4120 = PCURVE('',#793,#4121);
#4121 = DEFINITIONAL_REPRESENTATION('',(#4122),#4126);
#4122 = LINE('',#4123,#4124);
#4123 = CARTESIAN_POINT('',(0.,-4.));
#4124 = VECTOR('',#4125,1.);
#4125 = DIRECTION('',(1.,0.));
#4126 = ( GEOMETRIC_REPRESENTATION_CONTEXT(2) 
PARAMETRIC_REPRESENTATION_CONTEXT() REPRESENTATION_CONTEXT('2D SPACE',''
  ) );
#4127 = PCURVE('',#826,#4128);
#4128 = DEFINITIONAL_REPRESENTATION('',(#4129),#4133);
#4129 = LINE('',#4130,#4131);
#4130 = CARTESIAN_POINT('',(-0.,0.));
#4131 = VECTOR('',#4132,1.);
#4132 = DIRECTION('',(-0.,1.));
#4133 = ( GEOMETRIC_REPRESENTATION_CONTEXT(2) 
PARAMETRIC_REPRESENTATION_CONTEXT() REPRESENTATION_CONTEXT('2D SPACE',''
  ) );
#4134 = ORIENTED_EDGE('',*,*,#777,.F.);
#4135 = ADVANCED_FACE('',(#4136),#4102,.F.);
#4136 = FACE_BOUND('',#4137,.F.);
#4137 = EDGE_LOOP('',(#4138,#4139,#4162,#4185,#4209,#4232));
#4138 = ORIENTED_EDGE('',*,*,#4086,.T.);
#4139 = ORIENTED_EDGE('',*,*,#4140,.T.);
#4140 = EDGE_CURVE('',#4059,#4141,#4143,.T.);
#4141 = VERTEX_POINT('',#4142);
#4142 = CARTESIAN_POINT('',(141.8,-34.6,-9.));
#4143 = SURFACE_CURVE('',#4144,(#4148,#4155),.PCURVE_S1.);
#4144 = LINE('',#4145,#4146);
#4145 = CARTESIAN_POINT('',(136.8,-34.6,-9.));
#4146 = VECTOR('',#4147,1.);
#4147 = DIRECTION('',(1.,0.,0.));
#4148 = PCURVE('',#4102,#4149);
#4149 = DEFINITIONAL_REPRESENTATION('',(#4150),#4154);
#4150 = LINE('',#4151,#4152);
#4151 = CARTESIAN_POINT('',(0.,-0.25));
#4152 = VECTOR('',#4153,1.);
#4153 = DIRECTION('',(1.,0.));
#4154 = ( GEOMETRIC_REPRESENTATION_CONTEXT(2) 
PARAMETRIC_REPRESENTATION_CONTEXT() REPRESENTATION_CONTEXT('2D SPACE',''
  ) );
#4155 = PCURVE('',#4074,#4156);
#4156 = DEFINITIONAL_REPRESENTATION('',(#4157),#4161);
#4157 = LINE('',#4158,#4159);
#4158 = CARTESIAN_POINT('',(0.,0.));
#4159 = VECTOR('',#4160,1.);
#4160 = DIRECTION('',(0.,1.));
#4161 = ( GEOMETRIC_REPRESENTATION_CONTEXT(2) 
PARAMETRIC_REPRESENTATION_CONTEXT() REPRESENTATION_CONTEXT('2D SPACE',''
  ) );
#4162 = ORIENTED_EDGE('',*,*,#4163,.T.);
#4163 = EDGE_CURVE('',#4141,#4164,#4166,.T.);
#4164 = VERTEX_POINT('',#4165);
#4165 = CARTESIAN_POINT('',(141.8,-30.35,-9.));
#4166 = SURFACE_CURVE('',#4167,(#4171,#4178),.PCURVE_S1.);
#4167 = LINE('',#4168,#4169);
#4168 = CARTESIAN_POINT('',(141.8,-34.6,-9.));
#4169 = VECTOR('',#4170,1.);
#4170 = DIRECTION('',(0.,1.,0.));
#4171 = PCURVE('',#4102,#4172);
#4172 = DEFINITIONAL_REPRESENTATION('',(#4173),#4177);
#4173 = LINE('',#4174,#4175);
#4174 = CARTESIAN_POINT('',(5.,-0.25));
#4175 = VECTOR('',#4176,1.);
#4176 = DIRECTION('',(0.,1.));
#4177 = ( GEOMETRIC_REPRESENTATION_CONTEXT(2) 
PARAMETRIC_REPRESENTATION_CONTEXT() REPRESENTATION_CONTEXT('2D SPACE',''
  ) );
#4178 = PCURVE('',#911,#4179);
#4179 = DEFINITIONAL_REPRESENTATION('',(#4180),#4184);
#4180 = LINE('',#4181,#4182);
#4181 = CARTESIAN_POINT('',(0.,0.25));
#4182 = VECTOR('',#4183,1.);
#4183 = DIRECTION('',(0.,-1.));
#4184 = ( GEOMETRIC_REPRESENTATION_CONTEXT(2) 
PARAMETRIC_REPRESENTATION_CONTEXT() REPRESENTATION_CONTEXT('2D SPACE',''
  ) );
#4185 = ORIENTED_EDGE('',*,*,#4186,.T.);
#4186 = EDGE_CURVE('',#4164,#4187,#4189,.T.);
#4187 = VERTEX_POINT('',#4188);
#4188 = CARTESIAN_POINT('',(140.8,-29.35,-9.));
#4189 = SURFACE_CURVE('',#4190,(#4195,#4202),.PCURVE_S1.);
#4190 = CIRCLE('',#4191,1.);
#4191 = AXIS2_PLACEMENT_3D('',#4192,#4193,#4194);
#4192 = CARTESIAN_POINT('',(140.8,-30.35,-9.));
#4193 = DIRECTION('',(0.,0.,1.));
#4194 = DIRECTION('',(0.,-1.,0.));
#4195 = PCURVE('',#4102,#4196);
#4196 = DEFINITIONAL_REPRESENTATION('',(#4197),#4201);
#4197 = CIRCLE('',#4198,1.);
#4198 = AXIS2_PLACEMENT_2D('',#4199,#4200);
#4199 = CARTESIAN_POINT('',(4.,4.));
#4200 = DIRECTION('',(0.,-1.));
#4201 = ( GEOMETRIC_REPRESENTATION_CONTEXT(2) 
PARAMETRIC_REPRESENTATION_CONTEXT() REPRESENTATION_CONTEXT('2D SPACE',''
  ) );
#4202 = PCURVE('',#883,#4203);
#4203 = DEFINITIONAL_REPRESENTATION('',(#4204),#4208);
#4204 = LINE('',#4205,#4206);
#4205 = CARTESIAN_POINT('',(-1.570796326795,0.));
#4206 = VECTOR('',#4207,1.);
#4207 = DIRECTION('',(1.,0.));
#4208 = ( GEOMETRIC_REPRESENTATION_CONTEXT(2) 
PARAMETRIC_REPRESENTATION_CONTEXT() REPRESENTATION_CONTEXT('2D SPACE',''
  ) );
#4209 = ORIENTED_EDGE('',*,*,#4210,.F.);
#4210 = EDGE_CURVE('',#4211,#4187,#4213,.T.);
#4211 = VERTEX_POINT('',#4212);
#4212 = CARTESIAN_POINT('',(137.8,-29.35,-9.));
#4213 = SURFACE_CURVE('',#4214,(#4218,#4225),.PCURVE_S1.);
#4214 = LINE('',#4215,#4216);
#4215 = CARTESIAN_POINT('',(136.8,-29.35,-9.));
#4216 = VECTOR('',#4217,1.);
#4217 = DIRECTION('',(1.,0.,0.));
#4218 = PCURVE('',#4102,#4219);
#4219 = DEFINITIONAL_REPRESENTATION('',(#4220),#4224);
#4220 = LINE('',#4221,#4222);
#4221 = CARTESIAN_POINT('',(0.,5.));
#4222 = VECTOR('',#4223,1.);
#4223 = DIRECTION('',(1.,0.));
#4224 = ( GEOMETRIC_REPRESENTATION_CONTEXT(2) 
PARAMETRIC_REPRESENTATION_CONTEXT() REPRESENTATION_CONTEXT('2D SPACE',''
  ) );
#4225 = PCURVE('',#854,#4226);
#4226 = DEFINITIONAL_REPRESENTATION('',(#4227),#4231);
#4227 = LINE('',#4228,#4229);
#4228 = CARTESIAN_POINT('',(0.,0.));
#4229 = VECTOR('',#4230,1.);
#4230 = DIRECTION('',(0.,1.));
#4231 = ( GEOMETRIC_REPRESENTATION_CONTEXT(2) 
PARAMETRIC_REPRESENTATION_CONTEXT() REPRESENTATION_CONTEXT('2D SPACE',''
  ) );
#4232 = ORIENTED_EDGE('',*,*,#4233,.F.);
#4233 = EDGE_CURVE('',#4087,#4211,#4234,.T.);
#4234 = SURFACE_CURVE('',#4235,(#4240,#4251),.PCURVE_S1.);
#4235 = CIRCLE('',#4236,1.);
#4236 = AXIS2_PLACEMENT_3D('',#4237,#4238,#4239);
#4237 = CARTESIAN_POINT('',(137.8,-30.35,-9.));
#4238 = DIRECTION('',(-0.,-0.,-1.));
#4239 = DIRECTION('',(0.,-1.,0.));
#4240 = PCURVE('',#4102,#4241);
#4241 = DEFINITIONAL_REPRESENTATION('',(#4242),#4250);
#4242 = ( BOUNDED_CURVE() B_SPLINE_CURVE(2,(#4243,#4244,#4245,#4246,
#4247,#4248,#4249),.UNSPECIFIED.,.T.,.F.) B_SPLINE_CURVE_WITH_KNOTS((1,2
    ,2,2,2,1),(-2.094395102393,0.,2.094395102393,4.188790204786,
6.28318530718,8.377580409573),.UNSPECIFIED.) CURVE() 
GEOMETRIC_REPRESENTATION_ITEM() RATIONAL_B_SPLINE_CURVE((1.,0.5,1.,0.5,
1.,0.5,1.)) REPRESENTATION_ITEM('') );
#4243 = CARTESIAN_POINT('',(1.,3.));
#4244 = CARTESIAN_POINT('',(-0.732050807569,3.));
#4245 = CARTESIAN_POINT('',(0.133974596216,4.5));
#4246 = CARTESIAN_POINT('',(1.,6.));
#4247 = CARTESIAN_POINT('',(1.866025403784,4.5));
#4248 = CARTESIAN_POINT('',(2.732050807569,3.));
#4249 = CARTESIAN_POINT('',(1.,3.));
#4250 = ( GEOMETRIC_REPRESENTATION_CONTEXT(2) 
PARAMETRIC_REPRESENTATION_CONTEXT() REPRESENTATION_CONTEXT('2D SPACE',''
  ) );
#4251 = PCURVE('',#826,#4252);
#4252 = DEFINITIONAL_REPRESENTATION('',(#4253),#4257);
#4253 = LINE('',#4254,#4255);
#4254 = CARTESIAN_POINT('',(1.570796326795,-0.));
#4255 = VECTOR('',#4256,1.);
#4256 = DIRECTION('',(-1.,0.));
#4257 = ( GEOMETRIC_REPRESENTATION_CONTEXT(2) 
PARAMETRIC_REPRESENTATION_CONTEXT() REPRESENTATION_CONTEXT('2D SPACE',''
  ) );
#4258 = ADVANCED_FACE('',(#4259),#4074,.F.);
#4259 = FACE_BOUND('',#4260,.F.);
#4260 = EDGE_LOOP('',(#4261,#4262,#4263,#4286));
#4261 = ORIENTED_EDGE('',*,*,#4140,.F.);
#4262 = ORIENTED_EDGE('',*,*,#4058,.T.);
#4263 = ORIENTED_EDGE('',*,*,#4264,.T.);
#4264 = EDGE_CURVE('',#4031,#4265,#4267,.T.);
#4265 = VERTEX_POINT('',#4266);
#4266 = CARTESIAN_POINT('',(141.8,-34.6,-7.));
#4267 = SURFACE_CURVE('',#4268,(#4272,#4279),.PCURVE_S1.);
#4268 = LINE('',#4269,#4270);
#4269 = CARTESIAN_POINT('',(136.8,-34.6,-7.));
#4270 = VECTOR('',#4271,1.);
#4271 = DIRECTION('',(1.,0.,0.));
#4272 = PCURVE('',#4074,#4273);
#4273 = DEFINITIONAL_REPRESENTATION('',(#4274),#4278);
#4274 = LINE('',#4275,#4276);
#4275 = CARTESIAN_POINT('',(2.,0.));
#4276 = VECTOR('',#4277,1.);
#4277 = DIRECTION('',(0.,1.));
#4278 = ( GEOMETRIC_REPRESENTATION_CONTEXT(2) 
PARAMETRIC_REPRESENTATION_CONTEXT() REPRESENTATION_CONTEXT('2D SPACE',''
  ) );
#4279 = PCURVE('',#4046,#4280);
#4280 = DEFINITIONAL_REPRESENTATION('',(#4281),#4285);
#4281 = LINE('',#4282,#4283);
#4282 = CARTESIAN_POINT('',(0.,0.));
#4283 = VECTOR('',#4284,1.);
#4284 = DIRECTION('',(1.,0.));
#4285 = ( GEOMETRIC_REPRESENTATION_CONTEXT(2) 
PARAMETRIC_REPRESENTATION_CONTEXT() REPRESENTATION_CONTEXT('2D SPACE',''
  ) );
#4286 = ORIENTED_EDGE('',*,*,#4287,.F.);
#4287 = EDGE_CURVE('',#4141,#4265,#4288,.T.);
#4288 = SURFACE_CURVE('',#4289,(#4293,#4300),.PCURVE_S1.);
#4289 = LINE('',#4290,#4291);
#4290 = CARTESIAN_POINT('',(141.8,-34.6,-9.));
#4291 = VECTOR('',#4292,1.);
#4292 = DIRECTION('',(0.,0.,1.));
#4293 = PCURVE('',#4074,#4294);
#4294 = DEFINITIONAL_REPRESENTATION('',(#4295),#4299);
#4295 = LINE('',#4296,#4297);
#4296 = CARTESIAN_POINT('',(0.,5.));
#4297 = VECTOR('',#4298,1.);
#4298 = DIRECTION('',(1.,0.));
#4299 = ( GEOMETRIC_REPRESENTATION_CONTEXT(2) 
PARAMETRIC_REPRESENTATION_CONTEXT() REPRESENTATION_CONTEXT('2D SPACE',''
  ) );
#4300 = PCURVE('',#911,#4301);
#4301 = DEFINITIONAL_REPRESENTATION('',(#4302),#4306);
#4302 = LINE('',#4303,#4304);
#4303 = CARTESIAN_POINT('',(0.,0.25));
#4304 = VECTOR('',#4305,1.);
#4305 = DIRECTION('',(1.,0.));
#4306 = ( GEOMETRIC_REPRESENTATION_CONTEXT(2) 
PARAMETRIC_REPRESENTATION_CONTEXT() REPRESENTATION_CONTEXT('2D SPACE',''
  ) );
#4307 = ADVANCED_FACE('',(#4308),#4046,.T.);
#4308 = FACE_BOUND('',#4309,.T.);
#4309 = EDGE_LOOP('',(#4310,#4311,#4312,#4335,#4364,#4390));
#4310 = ORIENTED_EDGE('',*,*,#4030,.F.);
#4311 = ORIENTED_EDGE('',*,*,#4264,.T.);
#4312 = ORIENTED_EDGE('',*,*,#4313,.T.);
#4313 = EDGE_CURVE('',#4265,#4314,#4316,.T.);
#4314 = VERTEX_POINT('',#4315);
#4315 = CARTESIAN_POINT('',(141.8,-33.35,-7.));
#4316 = SURFACE_CURVE('',#4317,(#4321,#4328),.PCURVE_S1.);
#4317 = LINE('',#4318,#4319);
#4318 = CARTESIAN_POINT('',(141.8,-34.6,-7.));
#4319 = VECTOR('',#4320,1.);
#4320 = DIRECTION('',(0.,1.,0.));
#4321 = PCURVE('',#4046,#4322);
#4322 = DEFINITIONAL_REPRESENTATION('',(#4323),#4327);
#4323 = LINE('',#4324,#4325);
#4324 = CARTESIAN_POINT('',(5.,0.));
#4325 = VECTOR('',#4326,1.);
#4326 = DIRECTION('',(0.,1.));
#4327 = ( GEOMETRIC_REPRESENTATION_CONTEXT(2) 
PARAMETRIC_REPRESENTATION_CONTEXT() REPRESENTATION_CONTEXT('2D SPACE',''
  ) );
#4328 = PCURVE('',#911,#4329);
#4329 = DEFINITIONAL_REPRESENTATION('',(#4330),#4334);
#4330 = LINE('',#4331,#4332);
#4331 = CARTESIAN_POINT('',(2.,0.25));
#4332 = VECTOR('',#4333,1.);
#4333 = DIRECTION('',(0.,-1.));
#4334 = ( GEOMETRIC_REPRESENTATION_CONTEXT(2) 
PARAMETRIC_REPRESENTATION_CONTEXT() REPRESENTATION_CONTEXT('2D SPACE',''
  ) );
#4335 = ORIENTED_EDGE('',*,*,#4336,.F.);
#4336 = EDGE_CURVE('',#4337,#4314,#4339,.T.);
#4337 = VERTEX_POINT('',#4338);
#4338 = CARTESIAN_POINT('',(140.8,-34.35,-7.));
#4339 = SURFACE_CURVE('',#4340,(#4345,#4352),.PCURVE_S1.);
#4340 = CIRCLE('',#4341,1.);
#4341 = AXIS2_PLACEMENT_3D('',#4342,#4343,#4344);
#4342 = CARTESIAN_POINT('',(140.8,-33.35,-7.));
#4343 = DIRECTION('',(0.,0.,1.));
#4344 = DIRECTION('',(1.,0.,-0.));
#4345 = PCURVE('',#4046,#4346);
#4346 = DEFINITIONAL_REPRESENTATION('',(#4347),#4351);
#4347 = CIRCLE('',#4348,1.);
#4348 = AXIS2_PLACEMENT_2D('',#4349,#4350);
#4349 = CARTESIAN_POINT('',(4.,1.25));
#4350 = DIRECTION('',(1.,0.));
#4351 = ( GEOMETRIC_REPRESENTATION_CONTEXT(2) 
PARAMETRIC_REPRESENTATION_CONTEXT() REPRESENTATION_CONTEXT('2D SPACE',''
  ) );
#4352 = PCURVE('',#4353,#4358);
#4353 = CYLINDRICAL_SURFACE('',#4354,1.);
#4354 = AXIS2_PLACEMENT_3D('',#4355,#4356,#4357);
#4355 = CARTESIAN_POINT('',(140.8,-33.35,-9.));
#4356 = DIRECTION('',(0.,0.,1.));
#4357 = DIRECTION('',(1.,0.,-0.));
#4358 = DEFINITIONAL_REPRESENTATION('',(#4359),#4363);
#4359 = LINE('',#4360,#4361);
#4360 = CARTESIAN_POINT('',(-6.28318530718,2.));
#4361 = VECTOR('',#4362,1.);
#4362 = DIRECTION('',(1.,-0.));
#4363 = ( GEOMETRIC_REPRESENTATION_CONTEXT(2) 
PARAMETRIC_REPRESENTATION_CONTEXT() REPRESENTATION_CONTEXT('2D SPACE',''
  ) );
#4364 = ORIENTED_EDGE('',*,*,#4365,.F.);
#4365 = EDGE_CURVE('',#4366,#4337,#4368,.T.);
#4366 = VERTEX_POINT('',#4367);
#4367 = CARTESIAN_POINT('',(137.8,-34.35,-7.));
#4368 = SURFACE_CURVE('',#4369,(#4373,#4379),.PCURVE_S1.);
#4369 = LINE('',#4370,#4371);
#4370 = CARTESIAN_POINT('',(136.8,-34.35,-7.));
#4371 = VECTOR('',#4372,1.);
#4372 = DIRECTION('',(1.,0.,0.));
#4373 = PCURVE('',#4046,#4374);
#4374 = DEFINITIONAL_REPRESENTATION('',(#4375),#4378);
#4375 = B_SPLINE_CURVE_WITH_KNOTS('',1,(#4376,#4377),.UNSPECIFIED.,.F.,
  .F.,(2,2),(1.,4.),.PIECEWISE_BEZIER_KNOTS.);
#4376 = CARTESIAN_POINT('',(1.,0.25));
#4377 = CARTESIAN_POINT('',(4.,0.25));
#4378 = ( GEOMETRIC_REPRESENTATION_CONTEXT(2) 
PARAMETRIC_REPRESENTATION_CONTEXT() REPRESENTATION_CONTEXT('2D SPACE',''
  ) );
#4379 = PCURVE('',#4380,#4385);
#4380 = PLANE('',#4381);
#4381 = AXIS2_PLACEMENT_3D('',#4382,#4383,#4384);
#4382 = CARTESIAN_POINT('',(136.8,-34.35,-9.));
#4383 = DIRECTION('',(0.,1.,0.));
#4384 = DIRECTION('',(0.,0.,1.));
#4385 = DEFINITIONAL_REPRESENTATION('',(#4386),#4389);
#4386 = B_SPLINE_CURVE_WITH_KNOTS('',1,(#4387,#4388),.UNSPECIFIED.,.F.,
  .F.,(2,2),(1.,4.),.PIECEWISE_BEZIER_KNOTS.);
#4387 = CARTESIAN_POINT('',(2.,1.));
#4388 = CARTESIAN_POINT('',(2.,4.));
#4389 = ( GEOMETRIC_REPRESENTATION_CONTEXT(2) 
PARAMETRIC_REPRESENTATION_CONTEXT() REPRESENTATION_CONTEXT('2D SPACE',''
  ) );
#4390 = ORIENTED_EDGE('',*,*,#4391,.F.);
#4391 = EDGE_CURVE('',#4003,#4366,#4392,.T.);
#4392 = SURFACE_CURVE('',#4393,(#4398,#4405),.PCURVE_S1.);
#4393 = CIRCLE('',#4394,1.);
#4394 = AXIS2_PLACEMENT_3D('',#4395,#4396,#4397);
#4395 = CARTESIAN_POINT('',(137.8,-33.35,-7.));
#4396 = DIRECTION('',(0.,0.,1.));
#4397 = DIRECTION('',(-1.,-0.,0.));
#4398 = PCURVE('',#4046,#4399);
#4399 = DEFINITIONAL_REPRESENTATION('',(#4400),#4404);
#4400 = CIRCLE('',#4401,1.);
#4401 = AXIS2_PLACEMENT_2D('',#4402,#4403);
#4402 = CARTESIAN_POINT('',(1.,1.25));
#4403 = DIRECTION('',(-1.,0.));
#4404 = ( GEOMETRIC_REPRESENTATION_CONTEXT(2) 
PARAMETRIC_REPRESENTATION_CONTEXT() REPRESENTATION_CONTEXT('2D SPACE',''
  ) );
#4405 = PCURVE('',#4018,#4406);
#4406 = DEFINITIONAL_REPRESENTATION('',(#4407),#4411);
#4407 = LINE('',#4408,#4409);
#4408 = CARTESIAN_POINT('',(0.,2.));
#4409 = VECTOR('',#4410,1.);
#4410 = DIRECTION('',(1.,0.));
#4411 = ( GEOMETRIC_REPRESENTATION_CONTEXT(2) 
PARAMETRIC_REPRESENTATION_CONTEXT() REPRESENTATION_CONTEXT('2D SPACE',''
  ) );
#4412 = ADVANCED_FACE('',(#4413),#4353,.T.);
#4413 = FACE_BOUND('',#4414,.F.);
#4414 = EDGE_LOOP('',(#4415,#4438,#4439,#4462));
#4415 = ORIENTED_EDGE('',*,*,#4416,.F.);
#4416 = EDGE_CURVE('',#4314,#4417,#4419,.T.);
#4417 = VERTEX_POINT('',#4418);
#4418 = CARTESIAN_POINT('',(141.8,-33.35,-1.));
#4419 = SURFACE_CURVE('',#4420,(#4424,#4431),.PCURVE_S1.);
#4420 = LINE('',#4421,#4422);
#4421 = CARTESIAN_POINT('',(141.8,-33.35,-9.));
#4422 = VECTOR('',#4423,1.);
#4423 = DIRECTION('',(0.,0.,1.));
#4424 = PCURVE('',#4353,#4425);
#4425 = DEFINITIONAL_REPRESENTATION('',(#4426),#4430);
#4426 = LINE('',#4427,#4428);
#4427 = CARTESIAN_POINT('',(-0.,0.));
#4428 = VECTOR('',#4429,1.);
#4429 = DIRECTION('',(-0.,1.));
#4430 = ( GEOMETRIC_REPRESENTATION_CONTEXT(2) 
PARAMETRIC_REPRESENTATION_CONTEXT() REPRESENTATION_CONTEXT('2D SPACE',''
  ) );
#4431 = PCURVE('',#911,#4432);
#4432 = DEFINITIONAL_REPRESENTATION('',(#4433),#4437);
#4433 = LINE('',#4434,#4435);
#4434 = CARTESIAN_POINT('',(0.,-1.));
#4435 = VECTOR('',#4436,1.);
#4436 = DIRECTION('',(1.,0.));
#4437 = ( GEOMETRIC_REPRESENTATION_CONTEXT(2) 
PARAMETRIC_REPRESENTATION_CONTEXT() REPRESENTATION_CONTEXT('2D SPACE',''
  ) );
#4438 = ORIENTED_EDGE('',*,*,#4336,.F.);
#4439 = ORIENTED_EDGE('',*,*,#4440,.T.);
#4440 = EDGE_CURVE('',#4337,#4441,#4443,.T.);
#4441 = VERTEX_POINT('',#4442);
#4442 = CARTESIAN_POINT('',(140.8,-34.35,-1.));
#4443 = SURFACE_CURVE('',#4444,(#4448,#4455),.PCURVE_S1.);
#4444 = LINE('',#4445,#4446);
#4445 = CARTESIAN_POINT('',(140.8,-34.35,-9.));
#4446 = VECTOR('',#4447,1.);
#4447 = DIRECTION('',(0.,0.,1.));
#4448 = PCURVE('',#4353,#4449);
#4449 = DEFINITIONAL_REPRESENTATION('',(#4450),#4454);
#4450 = LINE('',#4451,#4452);
#4451 = CARTESIAN_POINT('',(-1.570796326795,0.));
#4452 = VECTOR('',#4453,1.);
#4453 = DIRECTION('',(-0.,1.));
#4454 = ( GEOMETRIC_REPRESENTATION_CONTEXT(2) 
PARAMETRIC_REPRESENTATION_CONTEXT() REPRESENTATION_CONTEXT('2D SPACE',''
  ) );
#4455 = PCURVE('',#4380,#4456);
#4456 = DEFINITIONAL_REPRESENTATION('',(#4457),#4461);
#4457 = LINE('',#4458,#4459);
#4458 = CARTESIAN_POINT('',(0.,4.));
#4459 = VECTOR('',#4460,1.);
#4460 = DIRECTION('',(1.,0.));
#4461 = ( GEOMETRIC_REPRESENTATION_CONTEXT(2) 
PARAMETRIC_REPRESENTATION_CONTEXT() REPRESENTATION_CONTEXT('2D SPACE',''
  ) );
#4462 = ORIENTED_EDGE('',*,*,#4463,.F.);
#4463 = EDGE_CURVE('',#4417,#4441,#4464,.T.);
#4464 = SURFACE_CURVE('',#4465,(#4470,#4477),.PCURVE_S1.);
#4465 = CIRCLE('',#4466,1.);
#4466 = AXIS2_PLACEMENT_3D('',#4467,#4468,#4469);
#4467 = CARTESIAN_POINT('',(140.8,-33.35,-1.));
#4468 = DIRECTION('',(-0.,-0.,-1.));
#4469 = DIRECTION('',(0.,-1.,0.));
#4470 = PCURVE('',#4353,#4471);
#4471 = DEFINITIONAL_REPRESENTATION('',(#4472),#4476);
#4472 = LINE('',#4473,#4474);
#4473 = CARTESIAN_POINT('',(4.712388980385,8.));
#4474 = VECTOR('',#4475,1.);
#4475 = DIRECTION('',(-1.,0.));
#4476 = ( GEOMETRIC_REPRESENTATION_CONTEXT(2) 
PARAMETRIC_REPRESENTATION_CONTEXT() REPRESENTATION_CONTEXT('2D SPACE',''
  ) );
#4477 = PCURVE('',#3990,#4478);
#4478 = DEFINITIONAL_REPRESENTATION('',(#4479),#4487);
#4479 = ( BOUNDED_CURVE() B_SPLINE_CURVE(2,(#4480,#4481,#4482,#4483,
#4484,#4485,#4486),.UNSPECIFIED.,.T.,.F.) B_SPLINE_CURVE_WITH_KNOTS((1,2
    ,2,2,2,1),(-2.094395102393,0.,2.094395102393,4.188790204786,
6.28318530718,8.377580409573),.UNSPECIFIED.) CURVE() 
GEOMETRIC_REPRESENTATION_ITEM() RATIONAL_B_SPLINE_CURVE((1.,0.5,1.,0.5,
1.,0.5,1.)) REPRESENTATION_ITEM('') );
#4480 = CARTESIAN_POINT('',(4.,0.));
#4481 = CARTESIAN_POINT('',(2.267949192431,0.));
#4482 = CARTESIAN_POINT('',(3.133974596216,1.5));
#4483 = CARTESIAN_POINT('',(4.,3.));
#4484 = CARTESIAN_POINT('',(4.866025403784,1.5));
#4485 = CARTESIAN_POINT('',(5.732050807569,1.554312234475E-15));
#4486 = CARTESIAN_POINT('',(4.,0.));
#4487 = ( GEOMETRIC_REPRESENTATION_CONTEXT(2) 
PARAMETRIC_REPRESENTATION_CONTEXT() REPRESENTATION_CONTEXT('2D SPACE',''
  ) );
#4488 = ADVANCED_FACE('',(#4489),#4380,.F.);
#4489 = FACE_BOUND('',#4490,.F.);
#4490 = EDGE_LOOP('',(#4491,#4492,#4515,#4536));
#4491 = ORIENTED_EDGE('',*,*,#4365,.F.);
#4492 = ORIENTED_EDGE('',*,*,#4493,.T.);
#4493 = EDGE_CURVE('',#4366,#4494,#4496,.T.);
#4494 = VERTEX_POINT('',#4495);
#4495 = CARTESIAN_POINT('',(137.8,-34.35,-1.));
#4496 = SURFACE_CURVE('',#4497,(#4501,#4508),.PCURVE_S1.);
#4497 = LINE('',#4498,#4499);
#4498 = CARTESIAN_POINT('',(137.8,-34.35,-9.));
#4499 = VECTOR('',#4500,1.);
#4500 = DIRECTION('',(0.,0.,1.));
#4501 = PCURVE('',#4380,#4502);
#4502 = DEFINITIONAL_REPRESENTATION('',(#4503),#4507);
#4503 = LINE('',#4504,#4505);
#4504 = CARTESIAN_POINT('',(0.,1.));
#4505 = VECTOR('',#4506,1.);
#4506 = DIRECTION('',(1.,0.));
#4507 = ( GEOMETRIC_REPRESENTATION_CONTEXT(2) 
PARAMETRIC_REPRESENTATION_CONTEXT() REPRESENTATION_CONTEXT('2D SPACE',''
  ) );
#4508 = PCURVE('',#4018,#4509);
#4509 = DEFINITIONAL_REPRESENTATION('',(#4510),#4514);
#4510 = LINE('',#4511,#4512);
#4511 = CARTESIAN_POINT('',(1.570796326795,0.));
#4512 = VECTOR('',#4513,1.);
#4513 = DIRECTION('',(0.,1.));
#4514 = ( GEOMETRIC_REPRESENTATION_CONTEXT(2) 
PARAMETRIC_REPRESENTATION_CONTEXT() REPRESENTATION_CONTEXT('2D SPACE',''
  ) );
#4515 = ORIENTED_EDGE('',*,*,#4516,.T.);
#4516 = EDGE_CURVE('',#4494,#4441,#4517,.T.);
#4517 = SURFACE_CURVE('',#4518,(#4522,#4529),.PCURVE_S1.);
#4518 = LINE('',#4519,#4520);
#4519 = CARTESIAN_POINT('',(136.8,-34.35,-1.));
#4520 = VECTOR('',#4521,1.);
#4521 = DIRECTION('',(1.,0.,0.));
#4522 = PCURVE('',#4380,#4523);
#4523 = DEFINITIONAL_REPRESENTATION('',(#4524),#4528);
#4524 = LINE('',#4525,#4526);
#4525 = CARTESIAN_POINT('',(8.,0.));
#4526 = VECTOR('',#4527,1.);
#4527 = DIRECTION('',(0.,1.));
#4528 = ( GEOMETRIC_REPRESENTATION_CONTEXT(2) 
PARAMETRIC_REPRESENTATION_CONTEXT() REPRESENTATION_CONTEXT('2D SPACE',''
  ) );
#4529 = PCURVE('',#3990,#4530);
#4530 = DEFINITIONAL_REPRESENTATION('',(#4531),#4535);
#4531 = LINE('',#4532,#4533);
#4532 = CARTESIAN_POINT('',(0.,0.));
#4533 = VECTOR('',#4534,1.);
#4534 = DIRECTION('',(1.,0.));
#4535 = ( GEOMETRIC_REPRESENTATION_CONTEXT(2) 
PARAMETRIC_REPRESENTATION_CONTEXT() REPRESENTATION_CONTEXT('2D SPACE',''
  ) );
#4536 = ORIENTED_EDGE('',*,*,#4440,.F.);
#4537 = ADVANCED_FACE('',(#4538),#4018,.T.);
#4538 = FACE_BOUND('',#4539,.T.);
#4539 = EDGE_LOOP('',(#4540,#4541,#4542,#4543));
#4540 = ORIENTED_EDGE('',*,*,#4002,.F.);
#4541 = ORIENTED_EDGE('',*,*,#4391,.T.);
#4542 = ORIENTED_EDGE('',*,*,#4493,.T.);
#4543 = ORIENTED_EDGE('',*,*,#4544,.F.);
#4544 = EDGE_CURVE('',#3975,#4494,#4545,.T.);
#4545 = SURFACE_CURVE('',#4546,(#4551,#4558),.PCURVE_S1.);
#4546 = CIRCLE('',#4547,1.);
#4547 = AXIS2_PLACEMENT_3D('',#4548,#4549,#4550);
#4548 = CARTESIAN_POINT('',(137.8,-33.35,-1.));
#4549 = DIRECTION('',(0.,0.,1.));
#4550 = DIRECTION('',(0.,-1.,0.));
#4551 = PCURVE('',#4018,#4552);
#4552 = DEFINITIONAL_REPRESENTATION('',(#4553),#4557);
#4553 = LINE('',#4554,#4555);
#4554 = CARTESIAN_POINT('',(-4.712388980385,8.));
#4555 = VECTOR('',#4556,1.);
#4556 = DIRECTION('',(1.,0.));
#4557 = ( GEOMETRIC_REPRESENTATION_CONTEXT(2) 
PARAMETRIC_REPRESENTATION_CONTEXT() REPRESENTATION_CONTEXT('2D SPACE',''
  ) );
#4558 = PCURVE('',#3990,#4559);
#4559 = DEFINITIONAL_REPRESENTATION('',(#4560),#4564);
#4560 = CIRCLE('',#4561,1.);
#4561 = AXIS2_PLACEMENT_2D('',#4562,#4563);
#4562 = CARTESIAN_POINT('',(1.,1.));
#4563 = DIRECTION('',(0.,-1.));
#4564 = ( GEOMETRIC_REPRESENTATION_CONTEXT(2) 
PARAMETRIC_REPRESENTATION_CONTEXT() REPRESENTATION_CONTEXT('2D SPACE',''
  ) );
#4565 = ADVANCED_FACE('',(#4566),#3990,.T.);
#4566 = FACE_BOUND('',#4567,.T.);
#4567 = EDGE_LOOP('',(#4568,#4569,#4570,#4571,#4572,#4593));
#4568 = ORIENTED_EDGE('',*,*,#3974,.F.);
#4569 = ORIENTED_EDGE('',*,*,#4544,.T.);
#4570 = ORIENTED_EDGE('',*,*,#4516,.T.);
#4571 = ORIENTED_EDGE('',*,*,#4463,.F.);
#4572 = ORIENTED_EDGE('',*,*,#4573,.T.);
#4573 = EDGE_CURVE('',#4417,#896,#4574,.T.);
#4574 = SURFACE_CURVE('',#4575,(#4579,#4586),.PCURVE_S1.);
#4575 = LINE('',#4576,#4577);
#4576 = CARTESIAN_POINT('',(141.8,-34.35,-1.));
#4577 = VECTOR('',#4578,1.);
#4578 = DIRECTION('',(0.,1.,0.));
#4579 = PCURVE('',#3990,#4580);
#4580 = DEFINITIONAL_REPRESENTATION('',(#4581),#4585);
#4581 = LINE('',#4582,#4583);
#4582 = CARTESIAN_POINT('',(5.,0.));
#4583 = VECTOR('',#4584,1.);
#4584 = DIRECTION('',(0.,1.));
#4585 = ( GEOMETRIC_REPRESENTATION_CONTEXT(2) 
PARAMETRIC_REPRESENTATION_CONTEXT() REPRESENTATION_CONTEXT('2D SPACE',''
  ) );
#4586 = PCURVE('',#911,#4587);
#4587 = DEFINITIONAL_REPRESENTATION('',(#4588),#4592);
#4588 = LINE('',#4589,#4590);
#4589 = CARTESIAN_POINT('',(8.,0.));
#4590 = VECTOR('',#4591,1.);
#4591 = DIRECTION('',(0.,-1.));
#4592 = ( GEOMETRIC_REPRESENTATION_CONTEXT(2) 
PARAMETRIC_REPRESENTATION_CONTEXT() REPRESENTATION_CONTEXT('2D SPACE',''
  ) );
#4593 = ORIENTED_EDGE('',*,*,#4594,.F.);
#4594 = EDGE_CURVE('',#755,#896,#4595,.T.);
#4595 = SURFACE_CURVE('',#4596,(#4600,#4607),.PCURVE_S1.);
#4596 = LINE('',#4597,#4598);
#4597 = CARTESIAN_POINT('',(-199.,-31.85,-1.));
#4598 = VECTOR('',#4599,1.);
#4599 = DIRECTION('',(1.,0.,0.));
#4600 = PCURVE('',#3990,#4601);
#4601 = DEFINITIONAL_REPRESENTATION('',(#4602),#4606);
#4602 = LINE('',#4603,#4604);
#4603 = CARTESIAN_POINT('',(-335.8,2.5));
#4604 = VECTOR('',#4605,1.);
#4605 = DIRECTION('',(1.,0.));
#4606 = ( GEOMETRIC_REPRESENTATION_CONTEXT(2) 
PARAMETRIC_REPRESENTATION_CONTEXT() REPRESENTATION_CONTEXT('2D SPACE',''
  ) );
#4607 = PCURVE('',#258,#4608);
#4608 = DEFINITIONAL_REPRESENTATION('',(#4609),#4613);
#4609 = LINE('',#4610,#4611);
#4610 = CARTESIAN_POINT('',(0.,0.));
#4611 = VECTOR('',#4612,1.);
#4612 = DIRECTION('',(0.,1.));
#4613 = ( GEOMETRIC_REPRESENTATION_CONTEXT(2) 
PARAMETRIC_REPRESENTATION_CONTEXT() REPRESENTATION_CONTEXT('2D SPACE',''
  ) );
#4614 = ADVANCED_FACE('',(#4615),#826,.T.);
#4615 = FACE_BOUND('',#4616,.F.);
#4616 = EDGE_LOOP('',(#4617,#4618,#4639,#4640));
#4617 = ORIENTED_EDGE('',*,*,#4233,.T.);
#4618 = ORIENTED_EDGE('',*,*,#4619,.T.);
#4619 = EDGE_CURVE('',#4211,#806,#4620,.T.);
#4620 = SURFACE_CURVE('',#4621,(#4625,#4632),.PCURVE_S1.);
#4621 = LINE('',#4622,#4623);
#4622 = CARTESIAN_POINT('',(137.8,-29.35,-9.));
#4623 = VECTOR('',#4624,1.);
#4624 = DIRECTION('',(0.,0.,1.));
#4625 = PCURVE('',#826,#4626);
#4626 = DEFINITIONAL_REPRESENTATION('',(#4627),#4631);
#4627 = LINE('',#4628,#4629);
#4628 = CARTESIAN_POINT('',(-1.570796326795,0.));
#4629 = VECTOR('',#4630,1.);
#4630 = DIRECTION('',(-0.,1.));
#4631 = ( GEOMETRIC_REPRESENTATION_CONTEXT(2) 
PARAMETRIC_REPRESENTATION_CONTEXT() REPRESENTATION_CONTEXT('2D SPACE',''
  ) );
#4632 = PCURVE('',#854,#4633);
#4633 = DEFINITIONAL_REPRESENTATION('',(#4634),#4638);
#4634 = LINE('',#4635,#4636);
#4635 = CARTESIAN_POINT('',(0.,1.));
#4636 = VECTOR('',#4637,1.);
#4637 = DIRECTION('',(1.,0.));
#4638 = ( GEOMETRIC_REPRESENTATION_CONTEXT(2) 
PARAMETRIC_REPRESENTATION_CONTEXT() REPRESENTATION_CONTEXT('2D SPACE',''
  ) );
#4639 = ORIENTED_EDGE('',*,*,#805,.F.);
#4640 = ORIENTED_EDGE('',*,*,#4114,.F.);
#4641 = ADVANCED_FACE('',(#4642),#854,.T.);
#4642 = FACE_BOUND('',#4643,.T.);
#4643 = EDGE_LOOP('',(#4644,#4645,#4646,#4647));
#4644 = ORIENTED_EDGE('',*,*,#4210,.F.);
#4645 = ORIENTED_EDGE('',*,*,#4619,.T.);
#4646 = ORIENTED_EDGE('',*,*,#838,.T.);
#4647 = ORIENTED_EDGE('',*,*,#4648,.F.);
#4648 = EDGE_CURVE('',#4187,#839,#4649,.T.);
#4649 = SURFACE_CURVE('',#4650,(#4654,#4661),.PCURVE_S1.);
#4650 = LINE('',#4651,#4652);
#4651 = CARTESIAN_POINT('',(140.8,-29.35,-9.));
#4652 = VECTOR('',#4653,1.);
#4653 = DIRECTION('',(0.,0.,1.));
#4654 = PCURVE('',#854,#4655);
#4655 = DEFINITIONAL_REPRESENTATION('',(#4656),#4660);
#4656 = LINE('',#4657,#4658);
#4657 = CARTESIAN_POINT('',(0.,4.));
#4658 = VECTOR('',#4659,1.);
#4659 = DIRECTION('',(1.,0.));
#4660 = ( GEOMETRIC_REPRESENTATION_CONTEXT(2) 
PARAMETRIC_REPRESENTATION_CONTEXT() REPRESENTATION_CONTEXT('2D SPACE',''
  ) );
#4661 = PCURVE('',#883,#4662);
#4662 = DEFINITIONAL_REPRESENTATION('',(#4663),#4667);
#4663 = LINE('',#4664,#4665);
#4664 = CARTESIAN_POINT('',(1.570796326795,0.));
#4665 = VECTOR('',#4666,1.);
#4666 = DIRECTION('',(0.,1.));
#4667 = ( GEOMETRIC_REPRESENTATION_CONTEXT(2) 
PARAMETRIC_REPRESENTATION_CONTEXT() REPRESENTATION_CONTEXT('2D SPACE',''
  ) );
#4668 = ADVANCED_FACE('',(#4669),#883,.T.);
#4669 = FACE_BOUND('',#4670,.T.);
#4670 = EDGE_LOOP('',(#4671,#4672,#4673,#4674));
#4671 = ORIENTED_EDGE('',*,*,#4186,.T.);
#4672 = ORIENTED_EDGE('',*,*,#4648,.T.);
#4673 = ORIENTED_EDGE('',*,*,#866,.F.);
#4674 = ORIENTED_EDGE('',*,*,#4675,.F.);
#4675 = EDGE_CURVE('',#4164,#867,#4676,.T.);
#4676 = SURFACE_CURVE('',#4677,(#4681,#4688),.PCURVE_S1.);
#4677 = LINE('',#4678,#4679);
#4678 = CARTESIAN_POINT('',(141.8,-30.35,-9.));
#4679 = VECTOR('',#4680,1.);
#4680 = DIRECTION('',(0.,0.,1.));
#4681 = PCURVE('',#883,#4682);
#4682 = DEFINITIONAL_REPRESENTATION('',(#4683),#4687);
#4683 = LINE('',#4684,#4685);
#4684 = CARTESIAN_POINT('',(0.,0.));
#4685 = VECTOR('',#4686,1.);
#4686 = DIRECTION('',(0.,1.));
#4687 = ( GEOMETRIC_REPRESENTATION_CONTEXT(2) 
PARAMETRIC_REPRESENTATION_CONTEXT() REPRESENTATION_CONTEXT('2D SPACE',''
  ) );
#4688 = PCURVE('',#911,#4689);
#4689 = DEFINITIONAL_REPRESENTATION('',(#4690),#4694);
#4690 = LINE('',#4691,#4692);
#4691 = CARTESIAN_POINT('',(0.,-4.));
#4692 = VECTOR('',#4693,1.);
#4693 = DIRECTION('',(1.,0.));
#4694 = ( GEOMETRIC_REPRESENTATION_CONTEXT(2) 
PARAMETRIC_REPRESENTATION_CONTEXT() REPRESENTATION_CONTEXT('2D SPACE',''
  ) );
#4695 = ADVANCED_FACE('',(#4696),#911,.T.);
#4696 = FACE_BOUND('',#4697,.T.);
#4697 = EDGE_LOOP('',(#4698,#4699,#4700,#4701,#4702,#4703,#4704));
#4698 = ORIENTED_EDGE('',*,*,#4573,.F.);
#4699 = ORIENTED_EDGE('',*,*,#4416,.F.);
#4700 = ORIENTED_EDGE('',*,*,#4313,.F.);
#4701 = ORIENTED_EDGE('',*,*,#4287,.F.);
#4702 = ORIENTED_EDGE('',*,*,#4163,.T.);
#4703 = ORIENTED_EDGE('',*,*,#4675,.T.);
#4704 = ORIENTED_EDGE('',*,*,#895,.F.);
#4705 = ADVANCED_FACE('',(#4706),#258,.F.);
#4706 = FACE_BOUND('',#4707,.F.);
#4707 = EDGE_LOOP('',(#4708,#4709,#4732,#4755,#4776,#4777,#4778,#4779,
    #4780,#4781,#4782,#4783));
#4708 = ORIENTED_EDGE('',*,*,#242,.F.);
#4709 = ORIENTED_EDGE('',*,*,#4710,.T.);
#4710 = EDGE_CURVE('',#219,#4711,#4713,.T.);
#4711 = VERTEX_POINT('',#4712);
#4712 = CARTESIAN_POINT('',(-196.,-31.85,1.));
#4713 = SURFACE_CURVE('',#4714,(#4718,#4725),.PCURVE_S1.);
#4714 = LINE('',#4715,#4716);
#4715 = CARTESIAN_POINT('',(-196.,-31.85,-1.));
#4716 = VECTOR('',#4717,1.);
#4717 = DIRECTION('',(0.,0.,1.));
#4718 = PCURVE('',#258,#4719);
#4719 = DEFINITIONAL_REPRESENTATION('',(#4720),#4724);
#4720 = LINE('',#4721,#4722);
#4721 = CARTESIAN_POINT('',(0.,3.));
#4722 = VECTOR('',#4723,1.);
#4723 = DIRECTION('',(1.,0.));
#4724 = ( GEOMETRIC_REPRESENTATION_CONTEXT(2) 
PARAMETRIC_REPRESENTATION_CONTEXT() REPRESENTATION_CONTEXT('2D SPACE',''
  ) );
#4725 = PCURVE('',#148,#4726);
#4726 = DEFINITIONAL_REPRESENTATION('',(#4727),#4731);
#4727 = LINE('',#4728,#4729);
#4728 = CARTESIAN_POINT('',(1.570796326795,0.));
#4729 = VECTOR('',#4730,1.);
#4730 = DIRECTION('',(0.,1.));
#4731 = ( GEOMETRIC_REPRESENTATION_CONTEXT(2) 
PARAMETRIC_REPRESENTATION_CONTEXT() REPRESENTATION_CONTEXT('2D SPACE',''
  ) );
#4732 = ORIENTED_EDGE('',*,*,#4733,.T.);
#4733 = EDGE_CURVE('',#4711,#4734,#4736,.T.);
#4734 = VERTEX_POINT('',#4735);
#4735 = CARTESIAN_POINT('',(196.,-31.85,1.));
#4736 = SURFACE_CURVE('',#4737,(#4741,#4748),.PCURVE_S1.);
#4737 = LINE('',#4738,#4739);
#4738 = CARTESIAN_POINT('',(-199.,-31.85,1.));
#4739 = VECTOR('',#4740,1.);
#4740 = DIRECTION('',(1.,0.,0.));
#4741 = PCURVE('',#258,#4742);
#4742 = DEFINITIONAL_REPRESENTATION('',(#4743),#4747);
#4743 = LINE('',#4744,#4745);
#4744 = CARTESIAN_POINT('',(2.,0.));
#4745 = VECTOR('',#4746,1.);
#4746 = DIRECTION('',(0.,1.));
#4747 = ( GEOMETRIC_REPRESENTATION_CONTEXT(2) 
PARAMETRIC_REPRESENTATION_CONTEXT() REPRESENTATION_CONTEXT('2D SPACE',''
  ) );
#4748 = PCURVE('',#120,#4749);
#4749 = DEFINITIONAL_REPRESENTATION('',(#4750),#4754);
#4750 = LINE('',#4751,#4752);
#4751 = CARTESIAN_POINT('',(0.,0.));
#4752 = VECTOR('',#4753,1.);
#4753 = DIRECTION('',(1.,0.));
#4754 = ( GEOMETRIC_REPRESENTATION_CONTEXT(2) 
PARAMETRIC_REPRESENTATION_CONTEXT() REPRESENTATION_CONTEXT('2D SPACE',''
  ) );
#4755 = ORIENTED_EDGE('',*,*,#4756,.F.);
#4756 = EDGE_CURVE('',#924,#4734,#4757,.T.);
#4757 = SURFACE_CURVE('',#4758,(#4762,#4769),.PCURVE_S1.);
#4758 = LINE('',#4759,#4760);
#4759 = CARTESIAN_POINT('',(196.,-31.85,-1.));
#4760 = VECTOR('',#4761,1.);
#4761 = DIRECTION('',(0.,0.,1.));
#4762 = PCURVE('',#258,#4763);
#4763 = DEFINITIONAL_REPRESENTATION('',(#4764),#4768);
#4764 = LINE('',#4765,#4766);
#4765 = CARTESIAN_POINT('',(0.,395.));
#4766 = VECTOR('',#4767,1.);
#4767 = DIRECTION('',(1.,0.));
#4768 = ( GEOMETRIC_REPRESENTATION_CONTEXT(2) 
PARAMETRIC_REPRESENTATION_CONTEXT() REPRESENTATION_CONTEXT('2D SPACE',''
  ) );
#4769 = PCURVE('',#967,#4770);
#4770 = DEFINITIONAL_REPRESENTATION('',(#4771),#4775);
#4771 = LINE('',#4772,#4773);
#4772 = CARTESIAN_POINT('',(-1.570796326795,0.));
#4773 = VECTOR('',#4774,1.);
#4774 = DIRECTION('',(-0.,1.));
#4775 = ( GEOMETRIC_REPRESENTATION_CONTEXT(2) 
PARAMETRIC_REPRESENTATION_CONTEXT() REPRESENTATION_CONTEXT('2D SPACE',''
  ) );
#4776 = ORIENTED_EDGE('',*,*,#923,.F.);
#4777 = ORIENTED_EDGE('',*,*,#4594,.F.);
#4778 = ORIENTED_EDGE('',*,*,#754,.F.);
#4779 = ORIENTED_EDGE('',*,*,#3859,.F.);
#4780 = ORIENTED_EDGE('',*,*,#585,.F.);
#4781 = ORIENTED_EDGE('',*,*,#3124,.F.);
#4782 = ORIENTED_EDGE('',*,*,#416,.F.);
#4783 = ORIENTED_EDGE('',*,*,#2389,.F.);
#4784 = ADVANCED_FACE('',(#4785),#967,.T.);
#4785 = FACE_BOUND('',#4786,.F.);
#4786 = EDGE_LOOP('',(#4787,#4788,#4789,#4817));
#4787 = ORIENTED_EDGE('',*,*,#946,.T.);
#4788 = ORIENTED_EDGE('',*,*,#4756,.T.);
#4789 = ORIENTED_EDGE('',*,*,#4790,.F.);
#4790 = EDGE_CURVE('',#4791,#4734,#4793,.T.);
#4791 = VERTEX_POINT('',#4792);
#4792 = CARTESIAN_POINT('',(199.,-28.85,1.));
#4793 = SURFACE_CURVE('',#4794,(#4799,#4806),.PCURVE_S1.);
#4794 = CIRCLE('',#4795,3.);
#4795 = AXIS2_PLACEMENT_3D('',#4796,#4797,#4798);
#4796 = CARTESIAN_POINT('',(196.,-28.85,1.));
#4797 = DIRECTION('',(-0.,-0.,-1.));
#4798 = DIRECTION('',(0.,-1.,0.));
#4799 = PCURVE('',#967,#4800);
#4800 = DEFINITIONAL_REPRESENTATION('',(#4801),#4805);
#4801 = LINE('',#4802,#4803);
#4802 = CARTESIAN_POINT('',(4.712388980385,2.));
#4803 = VECTOR('',#4804,1.);
#4804 = DIRECTION('',(-1.,0.));
#4805 = ( GEOMETRIC_REPRESENTATION_CONTEXT(2) 
PARAMETRIC_REPRESENTATION_CONTEXT() REPRESENTATION_CONTEXT('2D SPACE',''
  ) );
#4806 = PCURVE('',#120,#4807);
#4807 = DEFINITIONAL_REPRESENTATION('',(#4808),#4816);
#4808 = ( BOUNDED_CURVE() B_SPLINE_CURVE(2,(#4809,#4810,#4811,#4812,
#4813,#4814,#4815),.UNSPECIFIED.,.T.,.F.) B_SPLINE_CURVE_WITH_KNOTS((1,2
    ,2,2,2,1),(-2.094395102393,0.,2.094395102393,4.188790204786,
6.28318530718,8.377580409573),.UNSPECIFIED.) CURVE() 
GEOMETRIC_REPRESENTATION_ITEM() RATIONAL_B_SPLINE_CURVE((1.,0.5,1.,0.5,
1.,0.5,1.)) REPRESENTATION_ITEM('') );
#4809 = CARTESIAN_POINT('',(395.,0.));
#4810 = CARTESIAN_POINT('',(389.80384757729,0.));
#4811 = CARTESIAN_POINT('',(392.40192378864,4.5));
#4812 = CARTESIAN_POINT('',(395.,9.));
#4813 = CARTESIAN_POINT('',(397.59807621135,4.5));
#4814 = CARTESIAN_POINT('',(400.1961524227,4.440892098501E-15));
#4815 = CARTESIAN_POINT('',(395.,0.));
#4816 = ( GEOMETRIC_REPRESENTATION_CONTEXT(2) 
PARAMETRIC_REPRESENTATION_CONTEXT() REPRESENTATION_CONTEXT('2D SPACE',''
  ) );
#4817 = ORIENTED_EDGE('',*,*,#4818,.F.);
#4818 = EDGE_CURVE('',#947,#4791,#4819,.T.);
#4819 = SURFACE_CURVE('',#4820,(#4824,#4831),.PCURVE_S1.);
#4820 = LINE('',#4821,#4822);
#4821 = CARTESIAN_POINT('',(199.,-28.85,-1.));
#4822 = VECTOR('',#4823,1.);
#4823 = DIRECTION('',(0.,0.,1.));
#4824 = PCURVE('',#967,#4825);
#4825 = DEFINITIONAL_REPRESENTATION('',(#4826),#4830);
#4826 = LINE('',#4827,#4828);
#4827 = CARTESIAN_POINT('',(-0.,0.));
#4828 = VECTOR('',#4829,1.);
#4829 = DIRECTION('',(-0.,1.));
#4830 = ( GEOMETRIC_REPRESENTATION_CONTEXT(2) 
PARAMETRIC_REPRESENTATION_CONTEXT() REPRESENTATION_CONTEXT('2D SPACE',''
  ) );
#4831 = PCURVE('',#995,#4832);
#4832 = DEFINITIONAL_REPRESENTATION('',(#4833),#4837);
#4833 = LINE('',#4834,#4835);
#4834 = CARTESIAN_POINT('',(0.,-3.));
#4835 = VECTOR('',#4836,1.);
#4836 = DIRECTION('',(1.,0.));
#4837 = ( GEOMETRIC_REPRESENTATION_CONTEXT(2) 
PARAMETRIC_REPRESENTATION_CONTEXT() REPRESENTATION_CONTEXT('2D SPACE',''
  ) );
#4838 = ADVANCED_FACE('',(#4839),#995,.T.);
#4839 = FACE_BOUND('',#4840,.T.);
#4840 = EDGE_LOOP('',(#4841,#4864,#4865,#4866));
#4841 = ORIENTED_EDGE('',*,*,#4842,.F.);
#4842 = EDGE_CURVE('',#4791,#4843,#4845,.T.);
#4843 = VERTEX_POINT('',#4844);
#4844 = CARTESIAN_POINT('',(199.,28.85,1.));
#4845 = SURFACE_CURVE('',#4846,(#4850,#4857),.PCURVE_S1.);
#4846 = LINE('',#4847,#4848);
#4847 = CARTESIAN_POINT('',(199.,-31.85,1.));
#4848 = VECTOR('',#4849,1.);
#4849 = DIRECTION('',(0.,1.,0.));
#4850 = PCURVE('',#995,#4851);
#4851 = DEFINITIONAL_REPRESENTATION('',(#4852),#4856);
#4852 = LINE('',#4853,#4854);
#4853 = CARTESIAN_POINT('',(2.,0.));
#4854 = VECTOR('',#4855,1.);
#4855 = DIRECTION('',(0.,-1.));
#4856 = ( GEOMETRIC_REPRESENTATION_CONTEXT(2) 
PARAMETRIC_REPRESENTATION_CONTEXT() REPRESENTATION_CONTEXT('2D SPACE',''
  ) );
#4857 = PCURVE('',#120,#4858);
#4858 = DEFINITIONAL_REPRESENTATION('',(#4859),#4863);
#4859 = LINE('',#4860,#4861);
#4860 = CARTESIAN_POINT('',(398.,0.));
#4861 = VECTOR('',#4862,1.);
#4862 = DIRECTION('',(0.,1.));
#4863 = ( GEOMETRIC_REPRESENTATION_CONTEXT(2) 
PARAMETRIC_REPRESENTATION_CONTEXT() REPRESENTATION_CONTEXT('2D SPACE',''
  ) );
#4864 = ORIENTED_EDGE('',*,*,#4818,.F.);
#4865 = ORIENTED_EDGE('',*,*,#979,.T.);
#4866 = ORIENTED_EDGE('',*,*,#4867,.T.);
#4867 = EDGE_CURVE('',#980,#4843,#4868,.T.);
#4868 = SURFACE_CURVE('',#4869,(#4873,#4880),.PCURVE_S1.);
#4869 = LINE('',#4870,#4871);
#4870 = CARTESIAN_POINT('',(199.,28.85,-1.));
#4871 = VECTOR('',#4872,1.);
#4872 = DIRECTION('',(0.,0.,1.));
#4873 = PCURVE('',#995,#4874);
#4874 = DEFINITIONAL_REPRESENTATION('',(#4875),#4879);
#4875 = LINE('',#4876,#4877);
#4876 = CARTESIAN_POINT('',(0.,-60.7));
#4877 = VECTOR('',#4878,1.);
#4878 = DIRECTION('',(1.,0.));
#4879 = ( GEOMETRIC_REPRESENTATION_CONTEXT(2) 
PARAMETRIC_REPRESENTATION_CONTEXT() REPRESENTATION_CONTEXT('2D SPACE',''
  ) );
#4880 = PCURVE('',#1024,#4881);
#4881 = DEFINITIONAL_REPRESENTATION('',(#4882),#4886);
#4882 = LINE('',#4883,#4884);
#4883 = CARTESIAN_POINT('',(0.,0.));
#4884 = VECTOR('',#4885,1.);
#4885 = DIRECTION('',(0.,1.));
#4886 = ( GEOMETRIC_REPRESENTATION_CONTEXT(2) 
PARAMETRIC_REPRESENTATION_CONTEXT() REPRESENTATION_CONTEXT('2D SPACE',''
  ) );
#4887 = ADVANCED_FACE('',(#4888),#1024,.T.);
#4888 = FACE_BOUND('',#4889,.T.);
#4889 = EDGE_LOOP('',(#4890,#4891,#4914,#4936));
#4890 = ORIENTED_EDGE('',*,*,#1007,.T.);
#4891 = ORIENTED_EDGE('',*,*,#4892,.T.);
#4892 = EDGE_CURVE('',#1008,#4893,#4895,.T.);
#4893 = VERTEX_POINT('',#4894);
#4894 = CARTESIAN_POINT('',(196.,31.85,1.));
#4895 = SURFACE_CURVE('',#4896,(#4900,#4907),.PCURVE_S1.);
#4896 = LINE('',#4897,#4898);
#4897 = CARTESIAN_POINT('',(196.,31.85,-1.));
#4898 = VECTOR('',#4899,1.);
#4899 = DIRECTION('',(0.,0.,1.));
#4900 = PCURVE('',#1024,#4901);
#4901 = DEFINITIONAL_REPRESENTATION('',(#4902),#4906);
#4902 = LINE('',#4903,#4904);
#4903 = CARTESIAN_POINT('',(1.570796326795,0.));
#4904 = VECTOR('',#4905,1.);
#4905 = DIRECTION('',(0.,1.));
#4906 = ( GEOMETRIC_REPRESENTATION_CONTEXT(2) 
PARAMETRIC_REPRESENTATION_CONTEXT() REPRESENTATION_CONTEXT('2D SPACE',''
  ) );
#4907 = PCURVE('',#1052,#4908);
#4908 = DEFINITIONAL_REPRESENTATION('',(#4909),#4913);
#4909 = LINE('',#4910,#4911);
#4910 = CARTESIAN_POINT('',(0.,395.));
#4911 = VECTOR('',#4912,1.);
#4912 = DIRECTION('',(1.,0.));
#4913 = ( GEOMETRIC_REPRESENTATION_CONTEXT(2) 
PARAMETRIC_REPRESENTATION_CONTEXT() REPRESENTATION_CONTEXT('2D SPACE',''
  ) );
#4914 = ORIENTED_EDGE('',*,*,#4915,.F.);
#4915 = EDGE_CURVE('',#4843,#4893,#4916,.T.);
#4916 = SURFACE_CURVE('',#4917,(#4922,#4929),.PCURVE_S1.);
#4917 = CIRCLE('',#4918,3.);
#4918 = AXIS2_PLACEMENT_3D('',#4919,#4920,#4921);
#4919 = CARTESIAN_POINT('',(196.,28.85,1.));
#4920 = DIRECTION('',(0.,0.,1.));
#4921 = DIRECTION('',(0.,-1.,0.));
#4922 = PCURVE('',#1024,#4923);
#4923 = DEFINITIONAL_REPRESENTATION('',(#4924),#4928);
#4924 = LINE('',#4925,#4926);
#4925 = CARTESIAN_POINT('',(-1.570796326795,2.));
#4926 = VECTOR('',#4927,1.);
#4927 = DIRECTION('',(1.,0.));
#4928 = ( GEOMETRIC_REPRESENTATION_CONTEXT(2) 
PARAMETRIC_REPRESENTATION_CONTEXT() REPRESENTATION_CONTEXT('2D SPACE',''
  ) );
#4929 = PCURVE('',#120,#4930);
#4930 = DEFINITIONAL_REPRESENTATION('',(#4931),#4935);
#4931 = CIRCLE('',#4932,3.);
#4932 = AXIS2_PLACEMENT_2D('',#4933,#4934);
#4933 = CARTESIAN_POINT('',(395.,60.7));
#4934 = DIRECTION('',(0.,-1.));
#4935 = ( GEOMETRIC_REPRESENTATION_CONTEXT(2) 
PARAMETRIC_REPRESENTATION_CONTEXT() REPRESENTATION_CONTEXT('2D SPACE',''
  ) );
#4936 = ORIENTED_EDGE('',*,*,#4867,.F.);
#4937 = ADVANCED_FACE('',(#4938),#1080,.T.);
#4938 = FACE_BOUND('',#4939,.T.);
#4939 = EDGE_LOOP('',(#4940,#4941,#4964,#4992,#5020,#5048,#5076));
#4940 = ORIENTED_EDGE('',*,*,#1064,.F.);
#4941 = ORIENTED_EDGE('',*,*,#4942,.F.);
#4942 = EDGE_CURVE('',#4943,#1065,#4945,.T.);
#4943 = VERTEX_POINT('',#4944);
#4944 = CARTESIAN_POINT('',(141.8,30.35,-9.));
#4945 = SURFACE_CURVE('',#4946,(#4950,#4957),.PCURVE_S1.);
#4946 = LINE('',#4947,#4948);
#4947 = CARTESIAN_POINT('',(141.8,30.35,-9.));
#4948 = VECTOR('',#4949,1.);
#4949 = DIRECTION('',(0.,0.,1.));
#4950 = PCURVE('',#1080,#4951);
#4951 = DEFINITIONAL_REPRESENTATION('',(#4952),#4956);
#4952 = LINE('',#4953,#4954);
#4953 = CARTESIAN_POINT('',(0.,-1.));
#4954 = VECTOR('',#4955,1.);
#4955 = DIRECTION('',(1.,0.));
#4956 = ( GEOMETRIC_REPRESENTATION_CONTEXT(2) 
PARAMETRIC_REPRESENTATION_CONTEXT() REPRESENTATION_CONTEXT('2D SPACE',''
  ) );
#4957 = PCURVE('',#1113,#4958);
#4958 = DEFINITIONAL_REPRESENTATION('',(#4959),#4963);
#4959 = LINE('',#4960,#4961);
#4960 = CARTESIAN_POINT('',(-0.,0.));
#4961 = VECTOR('',#4962,1.);
#4962 = DIRECTION('',(-0.,1.));
#4963 = ( GEOMETRIC_REPRESENTATION_CONTEXT(2) 
PARAMETRIC_REPRESENTATION_CONTEXT() REPRESENTATION_CONTEXT('2D SPACE',''
  ) );
#4964 = ORIENTED_EDGE('',*,*,#4965,.T.);
#4965 = EDGE_CURVE('',#4943,#4966,#4968,.T.);
#4966 = VERTEX_POINT('',#4967);
#4967 = CARTESIAN_POINT('',(141.8,34.6,-9.));
#4968 = SURFACE_CURVE('',#4969,(#4973,#4980),.PCURVE_S1.);
#4969 = LINE('',#4970,#4971);
#4970 = CARTESIAN_POINT('',(141.8,30.35,-9.));
#4971 = VECTOR('',#4972,1.);
#4972 = DIRECTION('',(0.,1.,0.));
#4973 = PCURVE('',#1080,#4974);
#4974 = DEFINITIONAL_REPRESENTATION('',(#4975),#4979);
#4975 = LINE('',#4976,#4977);
#4976 = CARTESIAN_POINT('',(0.,-1.));
#4977 = VECTOR('',#4978,1.);
#4978 = DIRECTION('',(0.,-1.));
#4979 = ( GEOMETRIC_REPRESENTATION_CONTEXT(2) 
PARAMETRIC_REPRESENTATION_CONTEXT() REPRESENTATION_CONTEXT('2D SPACE',''
  ) );
#4980 = PCURVE('',#4981,#4986);
#4981 = PLANE('',#4982);
#4982 = AXIS2_PLACEMENT_3D('',#4983,#4984,#4985);
#4983 = CARTESIAN_POINT('',(136.8,29.35,-9.));
#4984 = DIRECTION('',(0.,0.,1.));
#4985 = DIRECTION('',(1.,0.,0.));
#4986 = DEFINITIONAL_REPRESENTATION('',(#4987),#4991);
#4987 = LINE('',#4988,#4989);
#4988 = CARTESIAN_POINT('',(5.,1.));
#4989 = VECTOR('',#4990,1.);
#4990 = DIRECTION('',(0.,1.));
#4991 = ( GEOMETRIC_REPRESENTATION_CONTEXT(2) 
PARAMETRIC_REPRESENTATION_CONTEXT() REPRESENTATION_CONTEXT('2D SPACE',''
  ) );
#4992 = ORIENTED_EDGE('',*,*,#4993,.T.);
#4993 = EDGE_CURVE('',#4966,#4994,#4996,.T.);
#4994 = VERTEX_POINT('',#4995);
#4995 = CARTESIAN_POINT('',(141.8,34.6,-7.));
#4996 = SURFACE_CURVE('',#4997,(#5001,#5008),.PCURVE_S1.);
#4997 = LINE('',#4998,#4999);
#4998 = CARTESIAN_POINT('',(141.8,34.6,-9.));
#4999 = VECTOR('',#5000,1.);
#5000 = DIRECTION('',(0.,0.,1.));
#5001 = PCURVE('',#1080,#5002);
#5002 = DEFINITIONAL_REPRESENTATION('',(#5003),#5007);
#5003 = LINE('',#5004,#5005);
#5004 = CARTESIAN_POINT('',(0.,-5.25));
#5005 = VECTOR('',#5006,1.);
#5006 = DIRECTION('',(1.,0.));
#5007 = ( GEOMETRIC_REPRESENTATION_CONTEXT(2) 
PARAMETRIC_REPRESENTATION_CONTEXT() REPRESENTATION_CONTEXT('2D SPACE',''
  ) );
#5008 = PCURVE('',#5009,#5014);
#5009 = PLANE('',#5010);
#5010 = AXIS2_PLACEMENT_3D('',#5011,#5012,#5013);
#5011 = CARTESIAN_POINT('',(136.8,34.6,-9.));
#5012 = DIRECTION('',(0.,1.,0.));
#5013 = DIRECTION('',(0.,0.,1.));
#5014 = DEFINITIONAL_REPRESENTATION('',(#5015),#5019);
#5015 = LINE('',#5016,#5017);
#5016 = CARTESIAN_POINT('',(0.,5.));
#5017 = VECTOR('',#5018,1.);
#5018 = DIRECTION('',(1.,0.));
#5019 = ( GEOMETRIC_REPRESENTATION_CONTEXT(2) 
PARAMETRIC_REPRESENTATION_CONTEXT() REPRESENTATION_CONTEXT('2D SPACE',''
  ) );
#5020 = ORIENTED_EDGE('',*,*,#5021,.F.);
#5021 = EDGE_CURVE('',#5022,#4994,#5024,.T.);
#5022 = VERTEX_POINT('',#5023);
#5023 = CARTESIAN_POINT('',(141.8,33.35,-7.));
#5024 = SURFACE_CURVE('',#5025,(#5029,#5036),.PCURVE_S1.);
#5025 = LINE('',#5026,#5027);
#5026 = CARTESIAN_POINT('',(141.8,33.1,-7.));
#5027 = VECTOR('',#5028,1.);
#5028 = DIRECTION('',(0.,1.,0.));
#5029 = PCURVE('',#1080,#5030);
#5030 = DEFINITIONAL_REPRESENTATION('',(#5031),#5035);
#5031 = LINE('',#5032,#5033);
#5032 = CARTESIAN_POINT('',(2.,-3.75));
#5033 = VECTOR('',#5034,1.);
#5034 = DIRECTION('',(0.,-1.));
#5035 = ( GEOMETRIC_REPRESENTATION_CONTEXT(2) 
PARAMETRIC_REPRESENTATION_CONTEXT() REPRESENTATION_CONTEXT('2D SPACE',''
  ) );
#5036 = PCURVE('',#5037,#5042);
#5037 = PLANE('',#5038);
#5038 = AXIS2_PLACEMENT_3D('',#5039,#5040,#5041);
#5039 = CARTESIAN_POINT('',(136.8,33.1,-7.));
#5040 = DIRECTION('',(0.,0.,1.));
#5041 = DIRECTION('',(1.,0.,0.));
#5042 = DEFINITIONAL_REPRESENTATION('',(#5043),#5047);
#5043 = LINE('',#5044,#5045);
#5044 = CARTESIAN_POINT('',(5.,0.));
#5045 = VECTOR('',#5046,1.);
#5046 = DIRECTION('',(0.,1.));
#5047 = ( GEOMETRIC_REPRESENTATION_CONTEXT(2) 
PARAMETRIC_REPRESENTATION_CONTEXT() REPRESENTATION_CONTEXT('2D SPACE',''
  ) );
#5048 = ORIENTED_EDGE('',*,*,#5049,.T.);
#5049 = EDGE_CURVE('',#5022,#5050,#5052,.T.);
#5050 = VERTEX_POINT('',#5051);
#5051 = CARTESIAN_POINT('',(141.8,33.35,-1.));
#5052 = SURFACE_CURVE('',#5053,(#5057,#5064),.PCURVE_S1.);
#5053 = LINE('',#5054,#5055);
#5054 = CARTESIAN_POINT('',(141.8,33.35,-9.));
#5055 = VECTOR('',#5056,1.);
#5056 = DIRECTION('',(0.,0.,1.));
#5057 = PCURVE('',#1080,#5058);
#5058 = DEFINITIONAL_REPRESENTATION('',(#5059),#5063);
#5059 = LINE('',#5060,#5061);
#5060 = CARTESIAN_POINT('',(0.,-4.));
#5061 = VECTOR('',#5062,1.);
#5062 = DIRECTION('',(1.,0.));
#5063 = ( GEOMETRIC_REPRESENTATION_CONTEXT(2) 
PARAMETRIC_REPRESENTATION_CONTEXT() REPRESENTATION_CONTEXT('2D SPACE',''
  ) );
#5064 = PCURVE('',#5065,#5070);
#5065 = CYLINDRICAL_SURFACE('',#5066,1.);
#5066 = AXIS2_PLACEMENT_3D('',#5067,#5068,#5069);
#5067 = CARTESIAN_POINT('',(140.8,33.35,-9.));
#5068 = DIRECTION('',(0.,0.,1.));
#5069 = DIRECTION('',(1.,0.,-0.));
#5070 = DEFINITIONAL_REPRESENTATION('',(#5071),#5075);
#5071 = LINE('',#5072,#5073);
#5072 = CARTESIAN_POINT('',(0.,0.));
#5073 = VECTOR('',#5074,1.);
#5074 = DIRECTION('',(0.,1.));
#5075 = ( GEOMETRIC_REPRESENTATION_CONTEXT(2) 
PARAMETRIC_REPRESENTATION_CONTEXT() REPRESENTATION_CONTEXT('2D SPACE',''
  ) );
#5076 = ORIENTED_EDGE('',*,*,#5077,.F.);
#5077 = EDGE_CURVE('',#1037,#5050,#5078,.T.);
#5078 = SURFACE_CURVE('',#5079,(#5083,#5090),.PCURVE_S1.);
#5079 = LINE('',#5080,#5081);
#5080 = CARTESIAN_POINT('',(141.8,29.35,-1.));
#5081 = VECTOR('',#5082,1.);
#5082 = DIRECTION('',(0.,1.,0.));
#5083 = PCURVE('',#1080,#5084);
#5084 = DEFINITIONAL_REPRESENTATION('',(#5085),#5089);
#5085 = LINE('',#5086,#5087);
#5086 = CARTESIAN_POINT('',(8.,0.));
#5087 = VECTOR('',#5088,1.);
#5088 = DIRECTION('',(0.,-1.));
#5089 = ( GEOMETRIC_REPRESENTATION_CONTEXT(2) 
PARAMETRIC_REPRESENTATION_CONTEXT() REPRESENTATION_CONTEXT('2D SPACE',''
  ) );
#5090 = PCURVE('',#5091,#5096);
#5091 = PLANE('',#5092);
#5092 = AXIS2_PLACEMENT_3D('',#5093,#5094,#5095);
#5093 = CARTESIAN_POINT('',(136.8,29.35,-1.));
#5094 = DIRECTION('',(0.,0.,1.));
#5095 = DIRECTION('',(1.,0.,0.));
#5096 = DEFINITIONAL_REPRESENTATION('',(#5097),#5101);
#5097 = LINE('',#5098,#5099);
#5098 = CARTESIAN_POINT('',(5.,0.));
#5099 = VECTOR('',#5100,1.);
#5100 = DIRECTION('',(0.,1.));
#5101 = ( GEOMETRIC_REPRESENTATION_CONTEXT(2) 
PARAMETRIC_REPRESENTATION_CONTEXT() REPRESENTATION_CONTEXT('2D SPACE',''
  ) );
#5102 = ADVANCED_FACE('',(#5103),#5091,.T.);
#5103 = FACE_BOUND('',#5104,.T.);
#5104 = EDGE_LOOP('',(#5105,#5128,#5149,#5150,#5174,#5202));
#5105 = ORIENTED_EDGE('',*,*,#5106,.F.);
#5106 = EDGE_CURVE('',#1183,#5107,#5109,.T.);
#5107 = VERTEX_POINT('',#5108);
#5108 = CARTESIAN_POINT('',(136.8,33.35,-1.));
#5109 = SURFACE_CURVE('',#5110,(#5114,#5121),.PCURVE_S1.);
#5110 = LINE('',#5111,#5112);
#5111 = CARTESIAN_POINT('',(136.8,29.35,-1.));
#5112 = VECTOR('',#5113,1.);
#5113 = DIRECTION('',(0.,1.,0.));
#5114 = PCURVE('',#5091,#5115);
#5115 = DEFINITIONAL_REPRESENTATION('',(#5116),#5120);
#5116 = LINE('',#5117,#5118);
#5117 = CARTESIAN_POINT('',(0.,0.));
#5118 = VECTOR('',#5119,1.);
#5119 = DIRECTION('',(0.,1.));
#5120 = ( GEOMETRIC_REPRESENTATION_CONTEXT(2) 
PARAMETRIC_REPRESENTATION_CONTEXT() REPRESENTATION_CONTEXT('2D SPACE',''
  ) );
#5121 = PCURVE('',#1198,#5122);
#5122 = DEFINITIONAL_REPRESENTATION('',(#5123),#5127);
#5123 = LINE('',#5124,#5125);
#5124 = CARTESIAN_POINT('',(8.,0.));
#5125 = VECTOR('',#5126,1.);
#5126 = DIRECTION('',(0.,-1.));
#5127 = ( GEOMETRIC_REPRESENTATION_CONTEXT(2) 
PARAMETRIC_REPRESENTATION_CONTEXT() REPRESENTATION_CONTEXT('2D SPACE',''
  ) );
#5128 = ORIENTED_EDGE('',*,*,#5129,.T.);
#5129 = EDGE_CURVE('',#1183,#1037,#5130,.T.);
#5130 = SURFACE_CURVE('',#5131,(#5135,#5142),.PCURVE_S1.);
#5131 = LINE('',#5132,#5133);
#5132 = CARTESIAN_POINT('',(-199.,31.85,-1.));
#5133 = VECTOR('',#5134,1.);
#5134 = DIRECTION('',(1.,0.,0.));
#5135 = PCURVE('',#5091,#5136);
#5136 = DEFINITIONAL_REPRESENTATION('',(#5137),#5141);
#5137 = LINE('',#5138,#5139);
#5138 = CARTESIAN_POINT('',(-335.8,2.5));
#5139 = VECTOR('',#5140,1.);
#5140 = DIRECTION('',(1.,0.));
#5141 = ( GEOMETRIC_REPRESENTATION_CONTEXT(2) 
PARAMETRIC_REPRESENTATION_CONTEXT() REPRESENTATION_CONTEXT('2D SPACE',''
  ) );
#5142 = PCURVE('',#1052,#5143);
#5143 = DEFINITIONAL_REPRESENTATION('',(#5144),#5148);
#5144 = LINE('',#5145,#5146);
#5145 = CARTESIAN_POINT('',(0.,0.));
#5146 = VECTOR('',#5147,1.);
#5147 = DIRECTION('',(0.,1.));
#5148 = ( GEOMETRIC_REPRESENTATION_CONTEXT(2) 
PARAMETRIC_REPRESENTATION_CONTEXT() REPRESENTATION_CONTEXT('2D SPACE',''
  ) );
#5149 = ORIENTED_EDGE('',*,*,#5077,.T.);
#5150 = ORIENTED_EDGE('',*,*,#5151,.T.);
#5151 = EDGE_CURVE('',#5050,#5152,#5154,.T.);
#5152 = VERTEX_POINT('',#5153);
#5153 = CARTESIAN_POINT('',(140.8,34.35,-1.));
#5154 = SURFACE_CURVE('',#5155,(#5160,#5167),.PCURVE_S1.);
#5155 = CIRCLE('',#5156,1.);
#5156 = AXIS2_PLACEMENT_3D('',#5157,#5158,#5159);
#5157 = CARTESIAN_POINT('',(140.8,33.35,-1.));
#5158 = DIRECTION('',(0.,0.,1.));
#5159 = DIRECTION('',(0.,-1.,0.));
#5160 = PCURVE('',#5091,#5161);
#5161 = DEFINITIONAL_REPRESENTATION('',(#5162),#5166);
#5162 = CIRCLE('',#5163,1.);
#5163 = AXIS2_PLACEMENT_2D('',#5164,#5165);
#5164 = CARTESIAN_POINT('',(4.,4.));
#5165 = DIRECTION('',(0.,-1.));
#5166 = ( GEOMETRIC_REPRESENTATION_CONTEXT(2) 
PARAMETRIC_REPRESENTATION_CONTEXT() REPRESENTATION_CONTEXT('2D SPACE',''
  ) );
#5167 = PCURVE('',#5065,#5168);
#5168 = DEFINITIONAL_REPRESENTATION('',(#5169),#5173);
#5169 = LINE('',#5170,#5171);
#5170 = CARTESIAN_POINT('',(-1.570796326795,8.));
#5171 = VECTOR('',#5172,1.);
#5172 = DIRECTION('',(1.,0.));
#5173 = ( GEOMETRIC_REPRESENTATION_CONTEXT(2) 
PARAMETRIC_REPRESENTATION_CONTEXT() REPRESENTATION_CONTEXT('2D SPACE',''
  ) );
#5174 = ORIENTED_EDGE('',*,*,#5175,.F.);
#5175 = EDGE_CURVE('',#5176,#5152,#5178,.T.);
#5176 = VERTEX_POINT('',#5177);
#5177 = CARTESIAN_POINT('',(137.8,34.35,-1.));
#5178 = SURFACE_CURVE('',#5179,(#5183,#5190),.PCURVE_S1.);
#5179 = LINE('',#5180,#5181);
#5180 = CARTESIAN_POINT('',(136.8,34.35,-1.));
#5181 = VECTOR('',#5182,1.);
#5182 = DIRECTION('',(1.,0.,0.));
#5183 = PCURVE('',#5091,#5184);
#5184 = DEFINITIONAL_REPRESENTATION('',(#5185),#5189);
#5185 = LINE('',#5186,#5187);
#5186 = CARTESIAN_POINT('',(0.,5.));
#5187 = VECTOR('',#5188,1.);
#5188 = DIRECTION('',(1.,0.));
#5189 = ( GEOMETRIC_REPRESENTATION_CONTEXT(2) 
PARAMETRIC_REPRESENTATION_CONTEXT() REPRESENTATION_CONTEXT('2D SPACE',''
  ) );
#5190 = PCURVE('',#5191,#5196);
#5191 = PLANE('',#5192);
#5192 = AXIS2_PLACEMENT_3D('',#5193,#5194,#5195);
#5193 = CARTESIAN_POINT('',(136.8,34.35,-9.));
#5194 = DIRECTION('',(0.,1.,0.));
#5195 = DIRECTION('',(0.,0.,1.));
#5196 = DEFINITIONAL_REPRESENTATION('',(#5197),#5201);
#5197 = LINE('',#5198,#5199);
#5198 = CARTESIAN_POINT('',(8.,0.));
#5199 = VECTOR('',#5200,1.);
#5200 = DIRECTION('',(0.,1.));
#5201 = ( GEOMETRIC_REPRESENTATION_CONTEXT(2) 
PARAMETRIC_REPRESENTATION_CONTEXT() REPRESENTATION_CONTEXT('2D SPACE',''
  ) );
#5202 = ORIENTED_EDGE('',*,*,#5203,.F.);
#5203 = EDGE_CURVE('',#5107,#5176,#5204,.T.);
#5204 = SURFACE_CURVE('',#5205,(#5210,#5221),.PCURVE_S1.);
#5205 = CIRCLE('',#5206,1.);
#5206 = AXIS2_PLACEMENT_3D('',#5207,#5208,#5209);
#5207 = CARTESIAN_POINT('',(137.8,33.35,-1.));
#5208 = DIRECTION('',(-0.,-0.,-1.));
#5209 = DIRECTION('',(0.,-1.,0.));
#5210 = PCURVE('',#5091,#5211);
#5211 = DEFINITIONAL_REPRESENTATION('',(#5212),#5220);
#5212 = ( BOUNDED_CURVE() B_SPLINE_CURVE(2,(#5213,#5214,#5215,#5216,
#5217,#5218,#5219),.UNSPECIFIED.,.T.,.F.) B_SPLINE_CURVE_WITH_KNOTS((1,2
    ,2,2,2,1),(-2.094395102393,0.,2.094395102393,4.188790204786,
6.28318530718,8.377580409573),.UNSPECIFIED.) CURVE() 
GEOMETRIC_REPRESENTATION_ITEM() RATIONAL_B_SPLINE_CURVE((1.,0.5,1.,0.5,
1.,0.5,1.)) REPRESENTATION_ITEM('') );
#5213 = CARTESIAN_POINT('',(1.,3.));
#5214 = CARTESIAN_POINT('',(-0.732050807569,3.));
#5215 = CARTESIAN_POINT('',(0.133974596216,4.5));
#5216 = CARTESIAN_POINT('',(1.,6.));
#5217 = CARTESIAN_POINT('',(1.866025403784,4.5));
#5218 = CARTESIAN_POINT('',(2.732050807569,3.));
#5219 = CARTESIAN_POINT('',(1.,3.));
#5220 = ( GEOMETRIC_REPRESENTATION_CONTEXT(2) 
PARAMETRIC_REPRESENTATION_CONTEXT() REPRESENTATION_CONTEXT('2D SPACE',''
  ) );
#5221 = PCURVE('',#5222,#5227);
#5222 = CYLINDRICAL_SURFACE('',#5223,1.);
#5223 = AXIS2_PLACEMENT_3D('',#5224,#5225,#5226);
#5224 = CARTESIAN_POINT('',(137.8,33.35,-9.));
#5225 = DIRECTION('',(0.,0.,1.));
#5226 = DIRECTION('',(-1.,-0.,0.));
#5227 = DEFINITIONAL_REPRESENTATION('',(#5228),#5232);
#5228 = LINE('',#5229,#5230);
#5229 = CARTESIAN_POINT('',(1.570796326795,8.));
#5230 = VECTOR('',#5231,1.);
#5231 = DIRECTION('',(-1.,0.));
#5232 = ( GEOMETRIC_REPRESENTATION_CONTEXT(2) 
PARAMETRIC_REPRESENTATION_CONTEXT() REPRESENTATION_CONTEXT('2D SPACE',''
  ) );
#5233 = ADVANCED_FACE('',(#5234),#5191,.T.);
#5234 = FACE_BOUND('',#5235,.T.);
#5235 = EDGE_LOOP('',(#5236,#5259,#5280,#5281));
#5236 = ORIENTED_EDGE('',*,*,#5237,.F.);
#5237 = EDGE_CURVE('',#5238,#5240,#5242,.T.);
#5238 = VERTEX_POINT('',#5239);
#5239 = CARTESIAN_POINT('',(137.8,34.35,-7.));
#5240 = VERTEX_POINT('',#5241);
#5241 = CARTESIAN_POINT('',(140.8,34.35,-7.));
#5242 = SURFACE_CURVE('',#5243,(#5247,#5253),.PCURVE_S1.);
#5243 = LINE('',#5244,#5245);
#5244 = CARTESIAN_POINT('',(136.8,34.35,-7.));
#5245 = VECTOR('',#5246,1.);
#5246 = DIRECTION('',(1.,0.,0.));
#5247 = PCURVE('',#5191,#5248);
#5248 = DEFINITIONAL_REPRESENTATION('',(#5249),#5252);
#5249 = B_SPLINE_CURVE_WITH_KNOTS('',1,(#5250,#5251),.UNSPECIFIED.,.F.,
  .F.,(2,2),(1.,4.),.PIECEWISE_BEZIER_KNOTS.);
#5250 = CARTESIAN_POINT('',(2.,1.));
#5251 = CARTESIAN_POINT('',(2.,4.));
#5252 = ( GEOMETRIC_REPRESENTATION_CONTEXT(2) 
PARAMETRIC_REPRESENTATION_CONTEXT() REPRESENTATION_CONTEXT('2D SPACE',''
  ) );
#5253 = PCURVE('',#5037,#5254);
#5254 = DEFINITIONAL_REPRESENTATION('',(#5255),#5258);
#5255 = B_SPLINE_CURVE_WITH_KNOTS('',1,(#5256,#5257),.UNSPECIFIED.,.F.,
  .F.,(2,2),(1.,4.),.PIECEWISE_BEZIER_KNOTS.);
#5256 = CARTESIAN_POINT('',(1.,1.25));
#5257 = CARTESIAN_POINT('',(4.,1.25));
#5258 = ( GEOMETRIC_REPRESENTATION_CONTEXT(2) 
PARAMETRIC_REPRESENTATION_CONTEXT() REPRESENTATION_CONTEXT('2D SPACE',''
  ) );
#5259 = ORIENTED_EDGE('',*,*,#5260,.T.);
#5260 = EDGE_CURVE('',#5238,#5176,#5261,.T.);
#5261 = SURFACE_CURVE('',#5262,(#5266,#5273),.PCURVE_S1.);
#5262 = LINE('',#5263,#5264);
#5263 = CARTESIAN_POINT('',(137.8,34.35,-9.));
#5264 = VECTOR('',#5265,1.);
#5265 = DIRECTION('',(0.,0.,1.));
#5266 = PCURVE('',#5191,#5267);
#5267 = DEFINITIONAL_REPRESENTATION('',(#5268),#5272);
#5268 = LINE('',#5269,#5270);
#5269 = CARTESIAN_POINT('',(0.,1.));
#5270 = VECTOR('',#5271,1.);
#5271 = DIRECTION('',(1.,0.));
#5272 = ( GEOMETRIC_REPRESENTATION_CONTEXT(2) 
PARAMETRIC_REPRESENTATION_CONTEXT() REPRESENTATION_CONTEXT('2D SPACE',''
  ) );
#5273 = PCURVE('',#5222,#5274);
#5274 = DEFINITIONAL_REPRESENTATION('',(#5275),#5279);
#5275 = LINE('',#5276,#5277);
#5276 = CARTESIAN_POINT('',(-1.570796326795,0.));
#5277 = VECTOR('',#5278,1.);
#5278 = DIRECTION('',(-0.,1.));
#5279 = ( GEOMETRIC_REPRESENTATION_CONTEXT(2) 
PARAMETRIC_REPRESENTATION_CONTEXT() REPRESENTATION_CONTEXT('2D SPACE',''
  ) );
#5280 = ORIENTED_EDGE('',*,*,#5175,.T.);
#5281 = ORIENTED_EDGE('',*,*,#5282,.F.);
#5282 = EDGE_CURVE('',#5240,#5152,#5283,.T.);
#5283 = SURFACE_CURVE('',#5284,(#5288,#5295),.PCURVE_S1.);
#5284 = LINE('',#5285,#5286);
#5285 = CARTESIAN_POINT('',(140.8,34.35,-9.));
#5286 = VECTOR('',#5287,1.);
#5287 = DIRECTION('',(0.,0.,1.));
#5288 = PCURVE('',#5191,#5289);
#5289 = DEFINITIONAL_REPRESENTATION('',(#5290),#5294);
#5290 = LINE('',#5291,#5292);
#5291 = CARTESIAN_POINT('',(0.,4.));
#5292 = VECTOR('',#5293,1.);
#5293 = DIRECTION('',(1.,0.));
#5294 = ( GEOMETRIC_REPRESENTATION_CONTEXT(2) 
PARAMETRIC_REPRESENTATION_CONTEXT() REPRESENTATION_CONTEXT('2D SPACE',''
  ) );
#5295 = PCURVE('',#5065,#5296);
#5296 = DEFINITIONAL_REPRESENTATION('',(#5297),#5301);
#5297 = LINE('',#5298,#5299);
#5298 = CARTESIAN_POINT('',(1.570796326795,0.));
#5299 = VECTOR('',#5300,1.);
#5300 = DIRECTION('',(0.,1.));
#5301 = ( GEOMETRIC_REPRESENTATION_CONTEXT(2) 
PARAMETRIC_REPRESENTATION_CONTEXT() REPRESENTATION_CONTEXT('2D SPACE',''
  ) );
#5302 = ADVANCED_FACE('',(#5303),#5222,.T.);
#5303 = FACE_BOUND('',#5304,.F.);
#5304 = EDGE_LOOP('',(#5305,#5328,#5350,#5351));
#5305 = ORIENTED_EDGE('',*,*,#5306,.F.);
#5306 = EDGE_CURVE('',#5307,#5107,#5309,.T.);
#5307 = VERTEX_POINT('',#5308);
#5308 = CARTESIAN_POINT('',(136.8,33.35,-7.));
#5309 = SURFACE_CURVE('',#5310,(#5314,#5321),.PCURVE_S1.);
#5310 = LINE('',#5311,#5312);
#5311 = CARTESIAN_POINT('',(136.8,33.35,-9.));
#5312 = VECTOR('',#5313,1.);
#5313 = DIRECTION('',(0.,0.,1.));
#5314 = PCURVE('',#5222,#5315);
#5315 = DEFINITIONAL_REPRESENTATION('',(#5316),#5320);
#5316 = LINE('',#5317,#5318);
#5317 = CARTESIAN_POINT('',(-0.,0.));
#5318 = VECTOR('',#5319,1.);
#5319 = DIRECTION('',(-0.,1.));
#5320 = ( GEOMETRIC_REPRESENTATION_CONTEXT(2) 
PARAMETRIC_REPRESENTATION_CONTEXT() REPRESENTATION_CONTEXT('2D SPACE',''
  ) );
#5321 = PCURVE('',#1198,#5322);
#5322 = DEFINITIONAL_REPRESENTATION('',(#5323),#5327);
#5323 = LINE('',#5324,#5325);
#5324 = CARTESIAN_POINT('',(0.,-4.));
#5325 = VECTOR('',#5326,1.);
#5326 = DIRECTION('',(1.,0.));
#5327 = ( GEOMETRIC_REPRESENTATION_CONTEXT(2) 
PARAMETRIC_REPRESENTATION_CONTEXT() REPRESENTATION_CONTEXT('2D SPACE',''
  ) );
#5328 = ORIENTED_EDGE('',*,*,#5329,.F.);
#5329 = EDGE_CURVE('',#5238,#5307,#5330,.T.);
#5330 = SURFACE_CURVE('',#5331,(#5336,#5343),.PCURVE_S1.);
#5331 = CIRCLE('',#5332,1.);
#5332 = AXIS2_PLACEMENT_3D('',#5333,#5334,#5335);
#5333 = CARTESIAN_POINT('',(137.8,33.35,-7.));
#5334 = DIRECTION('',(0.,0.,1.));
#5335 = DIRECTION('',(-1.,-0.,0.));
#5336 = PCURVE('',#5222,#5337);
#5337 = DEFINITIONAL_REPRESENTATION('',(#5338),#5342);
#5338 = LINE('',#5339,#5340);
#5339 = CARTESIAN_POINT('',(-6.28318530718,2.));
#5340 = VECTOR('',#5341,1.);
#5341 = DIRECTION('',(1.,-0.));
#5342 = ( GEOMETRIC_REPRESENTATION_CONTEXT(2) 
PARAMETRIC_REPRESENTATION_CONTEXT() REPRESENTATION_CONTEXT('2D SPACE',''
  ) );
#5343 = PCURVE('',#5037,#5344);
#5344 = DEFINITIONAL_REPRESENTATION('',(#5345),#5349);
#5345 = CIRCLE('',#5346,1.);
#5346 = AXIS2_PLACEMENT_2D('',#5347,#5348);
#5347 = CARTESIAN_POINT('',(1.,0.25));
#5348 = DIRECTION('',(-1.,0.));
#5349 = ( GEOMETRIC_REPRESENTATION_CONTEXT(2) 
PARAMETRIC_REPRESENTATION_CONTEXT() REPRESENTATION_CONTEXT('2D SPACE',''
  ) );
#5350 = ORIENTED_EDGE('',*,*,#5260,.T.);
#5351 = ORIENTED_EDGE('',*,*,#5203,.F.);
#5352 = ADVANCED_FACE('',(#5353),#5065,.T.);
#5353 = FACE_BOUND('',#5354,.T.);
#5354 = EDGE_LOOP('',(#5355,#5356,#5378,#5379));
#5355 = ORIENTED_EDGE('',*,*,#5049,.F.);
#5356 = ORIENTED_EDGE('',*,*,#5357,.T.);
#5357 = EDGE_CURVE('',#5022,#5240,#5358,.T.);
#5358 = SURFACE_CURVE('',#5359,(#5364,#5371),.PCURVE_S1.);
#5359 = CIRCLE('',#5360,1.);
#5360 = AXIS2_PLACEMENT_3D('',#5361,#5362,#5363);
#5361 = CARTESIAN_POINT('',(140.8,33.35,-7.));
#5362 = DIRECTION('',(0.,0.,1.));
#5363 = DIRECTION('',(1.,0.,-0.));
#5364 = PCURVE('',#5065,#5365);
#5365 = DEFINITIONAL_REPRESENTATION('',(#5366),#5370);
#5366 = LINE('',#5367,#5368);
#5367 = CARTESIAN_POINT('',(0.,2.));
#5368 = VECTOR('',#5369,1.);
#5369 = DIRECTION('',(1.,0.));
#5370 = ( GEOMETRIC_REPRESENTATION_CONTEXT(2) 
PARAMETRIC_REPRESENTATION_CONTEXT() REPRESENTATION_CONTEXT('2D SPACE',''
  ) );
#5371 = PCURVE('',#5037,#5372);
#5372 = DEFINITIONAL_REPRESENTATION('',(#5373),#5377);
#5373 = CIRCLE('',#5374,1.);
#5374 = AXIS2_PLACEMENT_2D('',#5375,#5376);
#5375 = CARTESIAN_POINT('',(4.,0.25));
#5376 = DIRECTION('',(1.,0.));
#5377 = ( GEOMETRIC_REPRESENTATION_CONTEXT(2) 
PARAMETRIC_REPRESENTATION_CONTEXT() REPRESENTATION_CONTEXT('2D SPACE',''
  ) );
#5378 = ORIENTED_EDGE('',*,*,#5282,.T.);
#5379 = ORIENTED_EDGE('',*,*,#5151,.F.);
#5380 = ADVANCED_FACE('',(#5381),#5037,.T.);
#5381 = FACE_BOUND('',#5382,.T.);
#5382 = EDGE_LOOP('',(#5383,#5406,#5407,#5408,#5409,#5410));
#5383 = ORIENTED_EDGE('',*,*,#5384,.F.);
#5384 = EDGE_CURVE('',#5307,#5385,#5387,.T.);
#5385 = VERTEX_POINT('',#5386);
#5386 = CARTESIAN_POINT('',(136.8,34.6,-7.));
#5387 = SURFACE_CURVE('',#5388,(#5392,#5399),.PCURVE_S1.);
#5388 = LINE('',#5389,#5390);
#5389 = CARTESIAN_POINT('',(136.8,33.1,-7.));
#5390 = VECTOR('',#5391,1.);
#5391 = DIRECTION('',(0.,1.,0.));
#5392 = PCURVE('',#5037,#5393);
#5393 = DEFINITIONAL_REPRESENTATION('',(#5394),#5398);
#5394 = LINE('',#5395,#5396);
#5395 = CARTESIAN_POINT('',(0.,0.));
#5396 = VECTOR('',#5397,1.);
#5397 = DIRECTION('',(0.,1.));
#5398 = ( GEOMETRIC_REPRESENTATION_CONTEXT(2) 
PARAMETRIC_REPRESENTATION_CONTEXT() REPRESENTATION_CONTEXT('2D SPACE',''
  ) );
#5399 = PCURVE('',#1198,#5400);
#5400 = DEFINITIONAL_REPRESENTATION('',(#5401),#5405);
#5401 = LINE('',#5402,#5403);
#5402 = CARTESIAN_POINT('',(2.,-3.75));
#5403 = VECTOR('',#5404,1.);
#5404 = DIRECTION('',(0.,-1.));
#5405 = ( GEOMETRIC_REPRESENTATION_CONTEXT(2) 
PARAMETRIC_REPRESENTATION_CONTEXT() REPRESENTATION_CONTEXT('2D SPACE',''
  ) );
#5406 = ORIENTED_EDGE('',*,*,#5329,.F.);
#5407 = ORIENTED_EDGE('',*,*,#5237,.T.);
#5408 = ORIENTED_EDGE('',*,*,#5357,.F.);
#5409 = ORIENTED_EDGE('',*,*,#5021,.T.);
#5410 = ORIENTED_EDGE('',*,*,#5411,.F.);
#5411 = EDGE_CURVE('',#5385,#4994,#5412,.T.);
#5412 = SURFACE_CURVE('',#5413,(#5417,#5424),.PCURVE_S1.);
#5413 = LINE('',#5414,#5415);
#5414 = CARTESIAN_POINT('',(136.8,34.6,-7.));
#5415 = VECTOR('',#5416,1.);
#5416 = DIRECTION('',(1.,0.,0.));
#5417 = PCURVE('',#5037,#5418);
#5418 = DEFINITIONAL_REPRESENTATION('',(#5419),#5423);
#5419 = LINE('',#5420,#5421);
#5420 = CARTESIAN_POINT('',(0.,1.5));
#5421 = VECTOR('',#5422,1.);
#5422 = DIRECTION('',(1.,0.));
#5423 = ( GEOMETRIC_REPRESENTATION_CONTEXT(2) 
PARAMETRIC_REPRESENTATION_CONTEXT() REPRESENTATION_CONTEXT('2D SPACE',''
  ) );
#5424 = PCURVE('',#5009,#5425);
#5425 = DEFINITIONAL_REPRESENTATION('',(#5426),#5430);
#5426 = LINE('',#5427,#5428);
#5427 = CARTESIAN_POINT('',(2.,0.));
#5428 = VECTOR('',#5429,1.);
#5429 = DIRECTION('',(0.,1.));
#5430 = ( GEOMETRIC_REPRESENTATION_CONTEXT(2) 
PARAMETRIC_REPRESENTATION_CONTEXT() REPRESENTATION_CONTEXT('2D SPACE',''
  ) );
#5431 = ADVANCED_FACE('',(#5432),#5009,.T.);
#5432 = FACE_BOUND('',#5433,.T.);
#5433 = EDGE_LOOP('',(#5434,#5457,#5478,#5479));
#5434 = ORIENTED_EDGE('',*,*,#5435,.F.);
#5435 = EDGE_CURVE('',#5436,#4966,#5438,.T.);
#5436 = VERTEX_POINT('',#5437);
#5437 = CARTESIAN_POINT('',(136.8,34.6,-9.));
#5438 = SURFACE_CURVE('',#5439,(#5443,#5450),.PCURVE_S1.);
#5439 = LINE('',#5440,#5441);
#5440 = CARTESIAN_POINT('',(136.8,34.6,-9.));
#5441 = VECTOR('',#5442,1.);
#5442 = DIRECTION('',(1.,0.,0.));
#5443 = PCURVE('',#5009,#5444);
#5444 = DEFINITIONAL_REPRESENTATION('',(#5445),#5449);
#5445 = LINE('',#5446,#5447);
#5446 = CARTESIAN_POINT('',(0.,0.));
#5447 = VECTOR('',#5448,1.);
#5448 = DIRECTION('',(0.,1.));
#5449 = ( GEOMETRIC_REPRESENTATION_CONTEXT(2) 
PARAMETRIC_REPRESENTATION_CONTEXT() REPRESENTATION_CONTEXT('2D SPACE',''
  ) );
#5450 = PCURVE('',#4981,#5451);
#5451 = DEFINITIONAL_REPRESENTATION('',(#5452),#5456);
#5452 = LINE('',#5453,#5454);
#5453 = CARTESIAN_POINT('',(0.,5.25));
#5454 = VECTOR('',#5455,1.);
#5455 = DIRECTION('',(1.,0.));
#5456 = ( GEOMETRIC_REPRESENTATION_CONTEXT(2) 
PARAMETRIC_REPRESENTATION_CONTEXT() REPRESENTATION_CONTEXT('2D SPACE',''
  ) );
#5457 = ORIENTED_EDGE('',*,*,#5458,.T.);
#5458 = EDGE_CURVE('',#5436,#5385,#5459,.T.);
#5459 = SURFACE_CURVE('',#5460,(#5464,#5471),.PCURVE_S1.);
#5460 = LINE('',#5461,#5462);
#5461 = CARTESIAN_POINT('',(136.8,34.6,-9.));
#5462 = VECTOR('',#5463,1.);
#5463 = DIRECTION('',(0.,0.,1.));
#5464 = PCURVE('',#5009,#5465);
#5465 = DEFINITIONAL_REPRESENTATION('',(#5466),#5470);
#5466 = LINE('',#5467,#5468);
#5467 = CARTESIAN_POINT('',(0.,0.));
#5468 = VECTOR('',#5469,1.);
#5469 = DIRECTION('',(1.,0.));
#5470 = ( GEOMETRIC_REPRESENTATION_CONTEXT(2) 
PARAMETRIC_REPRESENTATION_CONTEXT() REPRESENTATION_CONTEXT('2D SPACE',''
  ) );
#5471 = PCURVE('',#1198,#5472);
#5472 = DEFINITIONAL_REPRESENTATION('',(#5473),#5477);
#5473 = LINE('',#5474,#5475);
#5474 = CARTESIAN_POINT('',(0.,-5.25));
#5475 = VECTOR('',#5476,1.);
#5476 = DIRECTION('',(1.,0.));
#5477 = ( GEOMETRIC_REPRESENTATION_CONTEXT(2) 
PARAMETRIC_REPRESENTATION_CONTEXT() REPRESENTATION_CONTEXT('2D SPACE',''
  ) );
#5478 = ORIENTED_EDGE('',*,*,#5411,.T.);
#5479 = ORIENTED_EDGE('',*,*,#4993,.F.);
#5480 = ADVANCED_FACE('',(#5481),#4981,.F.);
#5481 = FACE_BOUND('',#5482,.F.);
#5482 = EDGE_LOOP('',(#5483,#5509,#5532,#5558,#5559,#5560));
#5483 = ORIENTED_EDGE('',*,*,#5484,.T.);
#5484 = EDGE_CURVE('',#5485,#5487,#5489,.T.);
#5485 = VERTEX_POINT('',#5486);
#5486 = CARTESIAN_POINT('',(136.8,30.35,-9.));
#5487 = VERTEX_POINT('',#5488);
#5488 = CARTESIAN_POINT('',(137.8,29.35,-9.));
#5489 = SURFACE_CURVE('',#5490,(#5495,#5502),.PCURVE_S1.);
#5490 = CIRCLE('',#5491,1.);
#5491 = AXIS2_PLACEMENT_3D('',#5492,#5493,#5494);
#5492 = CARTESIAN_POINT('',(137.8,30.35,-9.));
#5493 = DIRECTION('',(0.,0.,1.));
#5494 = DIRECTION('',(0.,-1.,0.));
#5495 = PCURVE('',#4981,#5496);
#5496 = DEFINITIONAL_REPRESENTATION('',(#5497),#5501);
#5497 = CIRCLE('',#5498,1.);
#5498 = AXIS2_PLACEMENT_2D('',#5499,#5500);
#5499 = CARTESIAN_POINT('',(1.,1.));
#5500 = DIRECTION('',(0.,-1.));
#5501 = ( GEOMETRIC_REPRESENTATION_CONTEXT(2) 
PARAMETRIC_REPRESENTATION_CONTEXT() REPRESENTATION_CONTEXT('2D SPACE',''
  ) );
#5502 = PCURVE('',#1170,#5503);
#5503 = DEFINITIONAL_REPRESENTATION('',(#5504),#5508);
#5504 = LINE('',#5505,#5506);
#5505 = CARTESIAN_POINT('',(-4.712388980385,0.));
#5506 = VECTOR('',#5507,1.);
#5507 = DIRECTION('',(1.,0.));
#5508 = ( GEOMETRIC_REPRESENTATION_CONTEXT(2) 
PARAMETRIC_REPRESENTATION_CONTEXT() REPRESENTATION_CONTEXT('2D SPACE',''
  ) );
#5509 = ORIENTED_EDGE('',*,*,#5510,.T.);
#5510 = EDGE_CURVE('',#5487,#5511,#5513,.T.);
#5511 = VERTEX_POINT('',#5512);
#5512 = CARTESIAN_POINT('',(140.8,29.35,-9.));
#5513 = SURFACE_CURVE('',#5514,(#5518,#5525),.PCURVE_S1.);
#5514 = LINE('',#5515,#5516);
#5515 = CARTESIAN_POINT('',(136.8,29.35,-9.));
#5516 = VECTOR('',#5517,1.);
#5517 = DIRECTION('',(1.,0.,0.));
#5518 = PCURVE('',#4981,#5519);
#5519 = DEFINITIONAL_REPRESENTATION('',(#5520),#5524);
#5520 = LINE('',#5521,#5522);
#5521 = CARTESIAN_POINT('',(0.,0.));
#5522 = VECTOR('',#5523,1.);
#5523 = DIRECTION('',(1.,0.));
#5524 = ( GEOMETRIC_REPRESENTATION_CONTEXT(2) 
PARAMETRIC_REPRESENTATION_CONTEXT() REPRESENTATION_CONTEXT('2D SPACE',''
  ) );
#5525 = PCURVE('',#1141,#5526);
#5526 = DEFINITIONAL_REPRESENTATION('',(#5527),#5531);
#5527 = LINE('',#5528,#5529);
#5528 = CARTESIAN_POINT('',(0.,0.));
#5529 = VECTOR('',#5530,1.);
#5530 = DIRECTION('',(0.,1.));
#5531 = ( GEOMETRIC_REPRESENTATION_CONTEXT(2) 
PARAMETRIC_REPRESENTATION_CONTEXT() REPRESENTATION_CONTEXT('2D SPACE',''
  ) );
#5532 = ORIENTED_EDGE('',*,*,#5533,.F.);
#5533 = EDGE_CURVE('',#4943,#5511,#5534,.T.);
#5534 = SURFACE_CURVE('',#5535,(#5540,#5551),.PCURVE_S1.);
#5535 = CIRCLE('',#5536,1.);
#5536 = AXIS2_PLACEMENT_3D('',#5537,#5538,#5539);
#5537 = CARTESIAN_POINT('',(140.8,30.35,-9.));
#5538 = DIRECTION('',(-0.,-0.,-1.));
#5539 = DIRECTION('',(0.,-1.,0.));
#5540 = PCURVE('',#4981,#5541);
#5541 = DEFINITIONAL_REPRESENTATION('',(#5542),#5550);
#5542 = ( BOUNDED_CURVE() B_SPLINE_CURVE(2,(#5543,#5544,#5545,#5546,
#5547,#5548,#5549),.UNSPECIFIED.,.T.,.F.) B_SPLINE_CURVE_WITH_KNOTS((1,2
    ,2,2,2,1),(-2.094395102393,0.,2.094395102393,4.188790204786,
6.28318530718,8.377580409573),.UNSPECIFIED.) CURVE() 
GEOMETRIC_REPRESENTATION_ITEM() RATIONAL_B_SPLINE_CURVE((1.,0.5,1.,0.5,
1.,0.5,1.)) REPRESENTATION_ITEM('') );
#5543 = CARTESIAN_POINT('',(4.,0.));
#5544 = CARTESIAN_POINT('',(2.267949192431,0.));
#5545 = CARTESIAN_POINT('',(3.133974596216,1.5));
#5546 = CARTESIAN_POINT('',(4.,3.));
#5547 = CARTESIAN_POINT('',(4.866025403784,1.5));
#5548 = CARTESIAN_POINT('',(5.732050807569,1.554312234475E-15));
#5549 = CARTESIAN_POINT('',(4.,0.));
#5550 = ( GEOMETRIC_REPRESENTATION_CONTEXT(2) 
PARAMETRIC_REPRESENTATION_CONTEXT() REPRESENTATION_CONTEXT('2D SPACE',''
  ) );
#5551 = PCURVE('',#1113,#5552);
#5552 = DEFINITIONAL_REPRESENTATION('',(#5553),#5557);
#5553 = LINE('',#5554,#5555);
#5554 = CARTESIAN_POINT('',(4.712388980385,-0.));
#5555 = VECTOR('',#5556,1.);
#5556 = DIRECTION('',(-1.,0.));
#5557 = ( GEOMETRIC_REPRESENTATION_CONTEXT(2) 
PARAMETRIC_REPRESENTATION_CONTEXT() REPRESENTATION_CONTEXT('2D SPACE',''
  ) );
#5558 = ORIENTED_EDGE('',*,*,#4965,.T.);
#5559 = ORIENTED_EDGE('',*,*,#5435,.F.);
#5560 = ORIENTED_EDGE('',*,*,#5561,.T.);
#5561 = EDGE_CURVE('',#5436,#5485,#5562,.T.);
#5562 = SURFACE_CURVE('',#5563,(#5567,#5574),.PCURVE_S1.);
#5563 = LINE('',#5564,#5565);
#5564 = CARTESIAN_POINT('',(136.8,34.6,-9.));
#5565 = VECTOR('',#5566,1.);
#5566 = DIRECTION('',(0.,-1.,0.));
#5567 = PCURVE('',#4981,#5568);
#5568 = DEFINITIONAL_REPRESENTATION('',(#5569),#5573);
#5569 = LINE('',#5570,#5571);
#5570 = CARTESIAN_POINT('',(0.,5.25));
#5571 = VECTOR('',#5572,1.);
#5572 = DIRECTION('',(0.,-1.));
#5573 = ( GEOMETRIC_REPRESENTATION_CONTEXT(2) 
PARAMETRIC_REPRESENTATION_CONTEXT() REPRESENTATION_CONTEXT('2D SPACE',''
  ) );
#5574 = PCURVE('',#1198,#5575);
#5575 = DEFINITIONAL_REPRESENTATION('',(#5576),#5580);
#5576 = LINE('',#5577,#5578);
#5577 = CARTESIAN_POINT('',(0.,-5.25));
#5578 = VECTOR('',#5579,1.);
#5579 = DIRECTION('',(0.,1.));
#5580 = ( GEOMETRIC_REPRESENTATION_CONTEXT(2) 
PARAMETRIC_REPRESENTATION_CONTEXT() REPRESENTATION_CONTEXT('2D SPACE',''
  ) );
#5581 = ADVANCED_FACE('',(#5582),#1113,.T.);
#5582 = FACE_BOUND('',#5583,.F.);
#5583 = EDGE_LOOP('',(#5584,#5585,#5606,#5607));
#5584 = ORIENTED_EDGE('',*,*,#5533,.T.);
#5585 = ORIENTED_EDGE('',*,*,#5586,.T.);
#5586 = EDGE_CURVE('',#5511,#1093,#5587,.T.);
#5587 = SURFACE_CURVE('',#5588,(#5592,#5599),.PCURVE_S1.);
#5588 = LINE('',#5589,#5590);
#5589 = CARTESIAN_POINT('',(140.8,29.35,-9.));
#5590 = VECTOR('',#5591,1.);
#5591 = DIRECTION('',(0.,0.,1.));
#5592 = PCURVE('',#1113,#5593);
#5593 = DEFINITIONAL_REPRESENTATION('',(#5594),#5598);
#5594 = LINE('',#5595,#5596);
#5595 = CARTESIAN_POINT('',(-1.570796326795,0.));
#5596 = VECTOR('',#5597,1.);
#5597 = DIRECTION('',(-0.,1.));
#5598 = ( GEOMETRIC_REPRESENTATION_CONTEXT(2) 
PARAMETRIC_REPRESENTATION_CONTEXT() REPRESENTATION_CONTEXT('2D SPACE',''
  ) );
#5599 = PCURVE('',#1141,#5600);
#5600 = DEFINITIONAL_REPRESENTATION('',(#5601),#5605);
#5601 = LINE('',#5602,#5603);
#5602 = CARTESIAN_POINT('',(0.,4.));
#5603 = VECTOR('',#5604,1.);
#5604 = DIRECTION('',(1.,0.));
#5605 = ( GEOMETRIC_REPRESENTATION_CONTEXT(2) 
PARAMETRIC_REPRESENTATION_CONTEXT() REPRESENTATION_CONTEXT('2D SPACE',''
  ) );
#5606 = ORIENTED_EDGE('',*,*,#1092,.F.);
#5607 = ORIENTED_EDGE('',*,*,#4942,.F.);
#5608 = ADVANCED_FACE('',(#5609),#1141,.F.);
#5609 = FACE_BOUND('',#5610,.F.);
#5610 = EDGE_LOOP('',(#5611,#5612,#5633,#5634));
#5611 = ORIENTED_EDGE('',*,*,#5510,.F.);
#5612 = ORIENTED_EDGE('',*,*,#5613,.T.);
#5613 = EDGE_CURVE('',#5487,#1126,#5614,.T.);
#5614 = SURFACE_CURVE('',#5615,(#5619,#5626),.PCURVE_S1.);
#5615 = LINE('',#5616,#5617);
#5616 = CARTESIAN_POINT('',(137.8,29.35,-9.));
#5617 = VECTOR('',#5618,1.);
#5618 = DIRECTION('',(0.,0.,1.));
#5619 = PCURVE('',#1141,#5620);
#5620 = DEFINITIONAL_REPRESENTATION('',(#5621),#5625);
#5621 = LINE('',#5622,#5623);
#5622 = CARTESIAN_POINT('',(0.,1.));
#5623 = VECTOR('',#5624,1.);
#5624 = DIRECTION('',(1.,0.));
#5625 = ( GEOMETRIC_REPRESENTATION_CONTEXT(2) 
PARAMETRIC_REPRESENTATION_CONTEXT() REPRESENTATION_CONTEXT('2D SPACE',''
  ) );
#5626 = PCURVE('',#1170,#5627);
#5627 = DEFINITIONAL_REPRESENTATION('',(#5628),#5632);
#5628 = LINE('',#5629,#5630);
#5629 = CARTESIAN_POINT('',(1.570796326795,0.));
#5630 = VECTOR('',#5631,1.);
#5631 = DIRECTION('',(0.,1.));
#5632 = ( GEOMETRIC_REPRESENTATION_CONTEXT(2) 
PARAMETRIC_REPRESENTATION_CONTEXT() REPRESENTATION_CONTEXT('2D SPACE',''
  ) );
#5633 = ORIENTED_EDGE('',*,*,#1125,.T.);
#5634 = ORIENTED_EDGE('',*,*,#5586,.F.);
#5635 = ADVANCED_FACE('',(#5636),#1170,.T.);
#5636 = FACE_BOUND('',#5637,.T.);
#5637 = EDGE_LOOP('',(#5638,#5639,#5640,#5641));
#5638 = ORIENTED_EDGE('',*,*,#5484,.T.);
#5639 = ORIENTED_EDGE('',*,*,#5613,.T.);
#5640 = ORIENTED_EDGE('',*,*,#1153,.F.);
#5641 = ORIENTED_EDGE('',*,*,#5642,.F.);
#5642 = EDGE_CURVE('',#5485,#1154,#5643,.T.);
#5643 = SURFACE_CURVE('',#5644,(#5648,#5655),.PCURVE_S1.);
#5644 = LINE('',#5645,#5646);
#5645 = CARTESIAN_POINT('',(136.8,30.35,-9.));
#5646 = VECTOR('',#5647,1.);
#5647 = DIRECTION('',(0.,0.,1.));
#5648 = PCURVE('',#1170,#5649);
#5649 = DEFINITIONAL_REPRESENTATION('',(#5650),#5654);
#5650 = LINE('',#5651,#5652);
#5651 = CARTESIAN_POINT('',(0.,0.));
#5652 = VECTOR('',#5653,1.);
#5653 = DIRECTION('',(0.,1.));
#5654 = ( GEOMETRIC_REPRESENTATION_CONTEXT(2) 
PARAMETRIC_REPRESENTATION_CONTEXT() REPRESENTATION_CONTEXT('2D SPACE',''
  ) );
#5655 = PCURVE('',#1198,#5656);
#5656 = DEFINITIONAL_REPRESENTATION('',(#5657),#5661);
#5657 = LINE('',#5658,#5659);
#5658 = CARTESIAN_POINT('',(0.,-1.));
#5659 = VECTOR('',#5660,1.);
#5660 = DIRECTION('',(1.,0.));
#5661 = ( GEOMETRIC_REPRESENTATION_CONTEXT(2) 
PARAMETRIC_REPRESENTATION_CONTEXT() REPRESENTATION_CONTEXT('2D SPACE',''
  ) );
#5662 = ADVANCED_FACE('',(#5663),#1198,.F.);
#5663 = FACE_BOUND('',#5664,.F.);
#5664 = EDGE_LOOP('',(#5665,#5666,#5667,#5668,#5669,#5670,#5671));
#5665 = ORIENTED_EDGE('',*,*,#1182,.F.);
#5666 = ORIENTED_EDGE('',*,*,#5642,.F.);
#5667 = ORIENTED_EDGE('',*,*,#5561,.F.);
#5668 = ORIENTED_EDGE('',*,*,#5458,.T.);
#5669 = ORIENTED_EDGE('',*,*,#5384,.F.);
#5670 = ORIENTED_EDGE('',*,*,#5306,.T.);
#5671 = ORIENTED_EDGE('',*,*,#5106,.F.);
#5672 = ADVANCED_FACE('',(#5673),#1249,.T.);
#5673 = FACE_BOUND('',#5674,.T.);
#5674 = EDGE_LOOP('',(#5675,#5676,#5699,#5727,#5755,#5783,#5811));
#5675 = ORIENTED_EDGE('',*,*,#1233,.F.);
#5676 = ORIENTED_EDGE('',*,*,#5677,.F.);
#5677 = EDGE_CURVE('',#5678,#1234,#5680,.T.);
#5678 = VERTEX_POINT('',#5679);
#5679 = CARTESIAN_POINT('',(50.26,30.35,-9.));
#5680 = SURFACE_CURVE('',#5681,(#5685,#5692),.PCURVE_S1.);
#5681 = LINE('',#5682,#5683);
#5682 = CARTESIAN_POINT('',(50.26,30.35,-9.));
#5683 = VECTOR('',#5684,1.);
#5684 = DIRECTION('',(0.,0.,1.));
#5685 = PCURVE('',#1249,#5686);
#5686 = DEFINITIONAL_REPRESENTATION('',(#5687),#5691);
#5687 = LINE('',#5688,#5689);
#5688 = CARTESIAN_POINT('',(0.,-1.));
#5689 = VECTOR('',#5690,1.);
#5690 = DIRECTION('',(1.,0.));
#5691 = ( GEOMETRIC_REPRESENTATION_CONTEXT(2) 
PARAMETRIC_REPRESENTATION_CONTEXT() REPRESENTATION_CONTEXT('2D SPACE',''
  ) );
#5692 = PCURVE('',#1282,#5693);
#5693 = DEFINITIONAL_REPRESENTATION('',(#5694),#5698);
#5694 = LINE('',#5695,#5696);
#5695 = CARTESIAN_POINT('',(-0.,0.));
#5696 = VECTOR('',#5697,1.);
#5697 = DIRECTION('',(-0.,1.));
#5698 = ( GEOMETRIC_REPRESENTATION_CONTEXT(2) 
PARAMETRIC_REPRESENTATION_CONTEXT() REPRESENTATION_CONTEXT('2D SPACE',''
  ) );
#5699 = ORIENTED_EDGE('',*,*,#5700,.T.);
#5700 = EDGE_CURVE('',#5678,#5701,#5703,.T.);
#5701 = VERTEX_POINT('',#5702);
#5702 = CARTESIAN_POINT('',(50.26,34.6,-9.));
#5703 = SURFACE_CURVE('',#5704,(#5708,#5715),.PCURVE_S1.);
#5704 = LINE('',#5705,#5706);
#5705 = CARTESIAN_POINT('',(50.26,30.35,-9.));
#5706 = VECTOR('',#5707,1.);
#5707 = DIRECTION('',(0.,1.,0.));
#5708 = PCURVE('',#1249,#5709);
#5709 = DEFINITIONAL_REPRESENTATION('',(#5710),#5714);
#5710 = LINE('',#5711,#5712);
#5711 = CARTESIAN_POINT('',(0.,-1.));
#5712 = VECTOR('',#5713,1.);
#5713 = DIRECTION('',(0.,-1.));
#5714 = ( GEOMETRIC_REPRESENTATION_CONTEXT(2) 
PARAMETRIC_REPRESENTATION_CONTEXT() REPRESENTATION_CONTEXT('2D SPACE',''
  ) );
#5715 = PCURVE('',#5716,#5721);
#5716 = PLANE('',#5717);
#5717 = AXIS2_PLACEMENT_3D('',#5718,#5719,#5720);
#5718 = CARTESIAN_POINT('',(45.26,29.35,-9.));
#5719 = DIRECTION('',(0.,0.,1.));
#5720 = DIRECTION('',(1.,0.,0.));
#5721 = DEFINITIONAL_REPRESENTATION('',(#5722),#5726);
#5722 = LINE('',#5723,#5724);
#5723 = CARTESIAN_POINT('',(5.,1.));
#5724 = VECTOR('',#5725,1.);
#5725 = DIRECTION('',(0.,1.));
#5726 = ( GEOMETRIC_REPRESENTATION_CONTEXT(2) 
PARAMETRIC_REPRESENTATION_CONTEXT() REPRESENTATION_CONTEXT('2D SPACE',''
  ) );
#5727 = ORIENTED_EDGE('',*,*,#5728,.T.);
#5728 = EDGE_CURVE('',#5701,#5729,#5731,.T.);
#5729 = VERTEX_POINT('',#5730);
#5730 = CARTESIAN_POINT('',(50.26,34.6,-7.));
#5731 = SURFACE_CURVE('',#5732,(#5736,#5743),.PCURVE_S1.);
#5732 = LINE('',#5733,#5734);
#5733 = CARTESIAN_POINT('',(50.26,34.6,-9.));
#5734 = VECTOR('',#5735,1.);
#5735 = DIRECTION('',(0.,0.,1.));
#5736 = PCURVE('',#1249,#5737);
#5737 = DEFINITIONAL_REPRESENTATION('',(#5738),#5742);
#5738 = LINE('',#5739,#5740);
#5739 = CARTESIAN_POINT('',(0.,-5.25));
#5740 = VECTOR('',#5741,1.);
#5741 = DIRECTION('',(1.,0.));
#5742 = ( GEOMETRIC_REPRESENTATION_CONTEXT(2) 
PARAMETRIC_REPRESENTATION_CONTEXT() REPRESENTATION_CONTEXT('2D SPACE',''
  ) );
#5743 = PCURVE('',#5744,#5749);
#5744 = PLANE('',#5745);
#5745 = AXIS2_PLACEMENT_3D('',#5746,#5747,#5748);
#5746 = CARTESIAN_POINT('',(45.26,34.6,-9.));
#5747 = DIRECTION('',(0.,1.,0.));
#5748 = DIRECTION('',(0.,0.,1.));
#5749 = DEFINITIONAL_REPRESENTATION('',(#5750),#5754);
#5750 = LINE('',#5751,#5752);
#5751 = CARTESIAN_POINT('',(0.,5.));
#5752 = VECTOR('',#5753,1.);
#5753 = DIRECTION('',(1.,0.));
#5754 = ( GEOMETRIC_REPRESENTATION_CONTEXT(2) 
PARAMETRIC_REPRESENTATION_CONTEXT() REPRESENTATION_CONTEXT('2D SPACE',''
  ) );
#5755 = ORIENTED_EDGE('',*,*,#5756,.F.);
#5756 = EDGE_CURVE('',#5757,#5729,#5759,.T.);
#5757 = VERTEX_POINT('',#5758);
#5758 = CARTESIAN_POINT('',(50.26,33.35,-7.));
#5759 = SURFACE_CURVE('',#5760,(#5764,#5771),.PCURVE_S1.);
#5760 = LINE('',#5761,#5762);
#5761 = CARTESIAN_POINT('',(50.26,33.1,-7.));
#5762 = VECTOR('',#5763,1.);
#5763 = DIRECTION('',(0.,1.,0.));
#5764 = PCURVE('',#1249,#5765);
#5765 = DEFINITIONAL_REPRESENTATION('',(#5766),#5770);
#5766 = LINE('',#5767,#5768);
#5767 = CARTESIAN_POINT('',(2.,-3.75));
#5768 = VECTOR('',#5769,1.);
#5769 = DIRECTION('',(0.,-1.));
#5770 = ( GEOMETRIC_REPRESENTATION_CONTEXT(2) 
PARAMETRIC_REPRESENTATION_CONTEXT() REPRESENTATION_CONTEXT('2D SPACE',''
  ) );
#5771 = PCURVE('',#5772,#5777);
#5772 = PLANE('',#5773);
#5773 = AXIS2_PLACEMENT_3D('',#5774,#5775,#5776);
#5774 = CARTESIAN_POINT('',(45.26,33.1,-7.));
#5775 = DIRECTION('',(0.,0.,1.));
#5776 = DIRECTION('',(1.,0.,0.));
#5777 = DEFINITIONAL_REPRESENTATION('',(#5778),#5782);
#5778 = LINE('',#5779,#5780);
#5779 = CARTESIAN_POINT('',(5.,0.));
#5780 = VECTOR('',#5781,1.);
#5781 = DIRECTION('',(0.,1.));
#5782 = ( GEOMETRIC_REPRESENTATION_CONTEXT(2) 
PARAMETRIC_REPRESENTATION_CONTEXT() REPRESENTATION_CONTEXT('2D SPACE',''
  ) );
#5783 = ORIENTED_EDGE('',*,*,#5784,.T.);
#5784 = EDGE_CURVE('',#5757,#5785,#5787,.T.);
#5785 = VERTEX_POINT('',#5786);
#5786 = CARTESIAN_POINT('',(50.26,33.35,-1.));
#5787 = SURFACE_CURVE('',#5788,(#5792,#5799),.PCURVE_S1.);
#5788 = LINE('',#5789,#5790);
#5789 = CARTESIAN_POINT('',(50.26,33.35,-9.));
#5790 = VECTOR('',#5791,1.);
#5791 = DIRECTION('',(0.,0.,1.));
#5792 = PCURVE('',#1249,#5793);
#5793 = DEFINITIONAL_REPRESENTATION('',(#5794),#5798);
#5794 = LINE('',#5795,#5796);
#5795 = CARTESIAN_POINT('',(0.,-4.));
#5796 = VECTOR('',#5797,1.);
#5797 = DIRECTION('',(1.,0.));
#5798 = ( GEOMETRIC_REPRESENTATION_CONTEXT(2) 
PARAMETRIC_REPRESENTATION_CONTEXT() REPRESENTATION_CONTEXT('2D SPACE',''
  ) );
#5799 = PCURVE('',#5800,#5805);
#5800 = CYLINDRICAL_SURFACE('',#5801,1.);
#5801 = AXIS2_PLACEMENT_3D('',#5802,#5803,#5804);
#5802 = CARTESIAN_POINT('',(49.26,33.35,-9.));
#5803 = DIRECTION('',(0.,0.,1.));
#5804 = DIRECTION('',(1.,0.,-0.));
#5805 = DEFINITIONAL_REPRESENTATION('',(#5806),#5810);
#5806 = LINE('',#5807,#5808);
#5807 = CARTESIAN_POINT('',(0.,0.));
#5808 = VECTOR('',#5809,1.);
#5809 = DIRECTION('',(0.,1.));
#5810 = ( GEOMETRIC_REPRESENTATION_CONTEXT(2) 
PARAMETRIC_REPRESENTATION_CONTEXT() REPRESENTATION_CONTEXT('2D SPACE',''
  ) );
#5811 = ORIENTED_EDGE('',*,*,#5812,.F.);
#5812 = EDGE_CURVE('',#1211,#5785,#5813,.T.);
#5813 = SURFACE_CURVE('',#5814,(#5818,#5825),.PCURVE_S1.);
#5814 = LINE('',#5815,#5816);
#5815 = CARTESIAN_POINT('',(50.26,29.35,-1.));
#5816 = VECTOR('',#5817,1.);
#5817 = DIRECTION('',(0.,1.,0.));
#5818 = PCURVE('',#1249,#5819);
#5819 = DEFINITIONAL_REPRESENTATION('',(#5820),#5824);
#5820 = LINE('',#5821,#5822);
#5821 = CARTESIAN_POINT('',(8.,0.));
#5822 = VECTOR('',#5823,1.);
#5823 = DIRECTION('',(0.,-1.));
#5824 = ( GEOMETRIC_REPRESENTATION_CONTEXT(2) 
PARAMETRIC_REPRESENTATION_CONTEXT() REPRESENTATION_CONTEXT('2D SPACE',''
  ) );
#5825 = PCURVE('',#5826,#5831);
#5826 = PLANE('',#5827);
#5827 = AXIS2_PLACEMENT_3D('',#5828,#5829,#5830);
#5828 = CARTESIAN_POINT('',(45.26,29.35,-1.));
#5829 = DIRECTION('',(0.,0.,1.));
#5830 = DIRECTION('',(1.,0.,0.));
#5831 = DEFINITIONAL_REPRESENTATION('',(#5832),#5836);
#5832 = LINE('',#5833,#5834);
#5833 = CARTESIAN_POINT('',(5.,0.));
#5834 = VECTOR('',#5835,1.);
#5835 = DIRECTION('',(0.,1.));
#5836 = ( GEOMETRIC_REPRESENTATION_CONTEXT(2) 
PARAMETRIC_REPRESENTATION_CONTEXT() REPRESENTATION_CONTEXT('2D SPACE',''
  ) );
#5837 = ADVANCED_FACE('',(#5838),#5826,.T.);
#5838 = FACE_BOUND('',#5839,.T.);
#5839 = EDGE_LOOP('',(#5840,#5863,#5884,#5885,#5909,#5937));
#5840 = ORIENTED_EDGE('',*,*,#5841,.F.);
#5841 = EDGE_CURVE('',#1352,#5842,#5844,.T.);
#5842 = VERTEX_POINT('',#5843);
#5843 = CARTESIAN_POINT('',(45.26,33.35,-1.));
#5844 = SURFACE_CURVE('',#5845,(#5849,#5856),.PCURVE_S1.);
#5845 = LINE('',#5846,#5847);
#5846 = CARTESIAN_POINT('',(45.26,29.35,-1.));
#5847 = VECTOR('',#5848,1.);
#5848 = DIRECTION('',(0.,1.,0.));
#5849 = PCURVE('',#5826,#5850);
#5850 = DEFINITIONAL_REPRESENTATION('',(#5851),#5855);
#5851 = LINE('',#5852,#5853);
#5852 = CARTESIAN_POINT('',(0.,0.));
#5853 = VECTOR('',#5854,1.);
#5854 = DIRECTION('',(0.,1.));
#5855 = ( GEOMETRIC_REPRESENTATION_CONTEXT(2) 
PARAMETRIC_REPRESENTATION_CONTEXT() REPRESENTATION_CONTEXT('2D SPACE',''
  ) );
#5856 = PCURVE('',#1367,#5857);
#5857 = DEFINITIONAL_REPRESENTATION('',(#5858),#5862);
#5858 = LINE('',#5859,#5860);
#5859 = CARTESIAN_POINT('',(8.,0.));
#5860 = VECTOR('',#5861,1.);
#5861 = DIRECTION('',(0.,-1.));
#5862 = ( GEOMETRIC_REPRESENTATION_CONTEXT(2) 
PARAMETRIC_REPRESENTATION_CONTEXT() REPRESENTATION_CONTEXT('2D SPACE',''
  ) );
#5863 = ORIENTED_EDGE('',*,*,#5864,.T.);
#5864 = EDGE_CURVE('',#1352,#1211,#5865,.T.);
#5865 = SURFACE_CURVE('',#5866,(#5870,#5877),.PCURVE_S1.);
#5866 = LINE('',#5867,#5868);
#5867 = CARTESIAN_POINT('',(-199.,31.85,-1.));
#5868 = VECTOR('',#5869,1.);
#5869 = DIRECTION('',(1.,0.,0.));
#5870 = PCURVE('',#5826,#5871);
#5871 = DEFINITIONAL_REPRESENTATION('',(#5872),#5876);
#5872 = LINE('',#5873,#5874);
#5873 = CARTESIAN_POINT('',(-244.26,2.5));
#5874 = VECTOR('',#5875,1.);
#5875 = DIRECTION('',(1.,0.));
#5876 = ( GEOMETRIC_REPRESENTATION_CONTEXT(2) 
PARAMETRIC_REPRESENTATION_CONTEXT() REPRESENTATION_CONTEXT('2D SPACE',''
  ) );
#5877 = PCURVE('',#1052,#5878);
#5878 = DEFINITIONAL_REPRESENTATION('',(#5879),#5883);
#5879 = LINE('',#5880,#5881);
#5880 = CARTESIAN_POINT('',(0.,0.));
#5881 = VECTOR('',#5882,1.);
#5882 = DIRECTION('',(0.,1.));
#5883 = ( GEOMETRIC_REPRESENTATION_CONTEXT(2) 
PARAMETRIC_REPRESENTATION_CONTEXT() REPRESENTATION_CONTEXT('2D SPACE',''
  ) );
#5884 = ORIENTED_EDGE('',*,*,#5812,.T.);
#5885 = ORIENTED_EDGE('',*,*,#5886,.T.);
#5886 = EDGE_CURVE('',#5785,#5887,#5889,.T.);
#5887 = VERTEX_POINT('',#5888);
#5888 = CARTESIAN_POINT('',(49.26,34.35,-1.));
#5889 = SURFACE_CURVE('',#5890,(#5895,#5902),.PCURVE_S1.);
#5890 = CIRCLE('',#5891,1.);
#5891 = AXIS2_PLACEMENT_3D('',#5892,#5893,#5894);
#5892 = CARTESIAN_POINT('',(49.26,33.35,-1.));
#5893 = DIRECTION('',(0.,0.,1.));
#5894 = DIRECTION('',(0.,-1.,0.));
#5895 = PCURVE('',#5826,#5896);
#5896 = DEFINITIONAL_REPRESENTATION('',(#5897),#5901);
#5897 = CIRCLE('',#5898,1.);
#5898 = AXIS2_PLACEMENT_2D('',#5899,#5900);
#5899 = CARTESIAN_POINT('',(4.,4.));
#5900 = DIRECTION('',(0.,-1.));
#5901 = ( GEOMETRIC_REPRESENTATION_CONTEXT(2) 
PARAMETRIC_REPRESENTATION_CONTEXT() REPRESENTATION_CONTEXT('2D SPACE',''
  ) );
#5902 = PCURVE('',#5800,#5903);
#5903 = DEFINITIONAL_REPRESENTATION('',(#5904),#5908);
#5904 = LINE('',#5905,#5906);
#5905 = CARTESIAN_POINT('',(-1.570796326795,8.));
#5906 = VECTOR('',#5907,1.);
#5907 = DIRECTION('',(1.,0.));
#5908 = ( GEOMETRIC_REPRESENTATION_CONTEXT(2) 
PARAMETRIC_REPRESENTATION_CONTEXT() REPRESENTATION_CONTEXT('2D SPACE',''
  ) );
#5909 = ORIENTED_EDGE('',*,*,#5910,.F.);
#5910 = EDGE_CURVE('',#5911,#5887,#5913,.T.);
#5911 = VERTEX_POINT('',#5912);
#5912 = CARTESIAN_POINT('',(46.26,34.35,-1.));
#5913 = SURFACE_CURVE('',#5914,(#5918,#5925),.PCURVE_S1.);
#5914 = LINE('',#5915,#5916);
#5915 = CARTESIAN_POINT('',(45.26,34.35,-1.));
#5916 = VECTOR('',#5917,1.);
#5917 = DIRECTION('',(1.,0.,0.));
#5918 = PCURVE('',#5826,#5919);
#5919 = DEFINITIONAL_REPRESENTATION('',(#5920),#5924);
#5920 = LINE('',#5921,#5922);
#5921 = CARTESIAN_POINT('',(0.,5.));
#5922 = VECTOR('',#5923,1.);
#5923 = DIRECTION('',(1.,0.));
#5924 = ( GEOMETRIC_REPRESENTATION_CONTEXT(2) 
PARAMETRIC_REPRESENTATION_CONTEXT() REPRESENTATION_CONTEXT('2D SPACE',''
  ) );
#5925 = PCURVE('',#5926,#5931);
#5926 = PLANE('',#5927);
#5927 = AXIS2_PLACEMENT_3D('',#5928,#5929,#5930);
#5928 = CARTESIAN_POINT('',(45.26,34.35,-9.));
#5929 = DIRECTION('',(0.,1.,0.));
#5930 = DIRECTION('',(0.,0.,1.));
#5931 = DEFINITIONAL_REPRESENTATION('',(#5932),#5936);
#5932 = LINE('',#5933,#5934);
#5933 = CARTESIAN_POINT('',(8.,0.));
#5934 = VECTOR('',#5935,1.);
#5935 = DIRECTION('',(0.,1.));
#5936 = ( GEOMETRIC_REPRESENTATION_CONTEXT(2) 
PARAMETRIC_REPRESENTATION_CONTEXT() REPRESENTATION_CONTEXT('2D SPACE',''
  ) );
#5937 = ORIENTED_EDGE('',*,*,#5938,.F.);
#5938 = EDGE_CURVE('',#5842,#5911,#5939,.T.);
#5939 = SURFACE_CURVE('',#5940,(#5945,#5956),.PCURVE_S1.);
#5940 = CIRCLE('',#5941,1.);
#5941 = AXIS2_PLACEMENT_3D('',#5942,#5943,#5944);
#5942 = CARTESIAN_POINT('',(46.26,33.35,-1.));
#5943 = DIRECTION('',(-0.,-0.,-1.));
#5944 = DIRECTION('',(0.,-1.,0.));
#5945 = PCURVE('',#5826,#5946);
#5946 = DEFINITIONAL_REPRESENTATION('',(#5947),#5955);
#5947 = ( BOUNDED_CURVE() B_SPLINE_CURVE(2,(#5948,#5949,#5950,#5951,
#5952,#5953,#5954),.UNSPECIFIED.,.T.,.F.) B_SPLINE_CURVE_WITH_KNOTS((1,2
    ,2,2,2,1),(-2.094395102393,0.,2.094395102393,4.188790204786,
6.28318530718,8.377580409573),.UNSPECIFIED.) CURVE() 
GEOMETRIC_REPRESENTATION_ITEM() RATIONAL_B_SPLINE_CURVE((1.,0.5,1.,0.5,
1.,0.5,1.)) REPRESENTATION_ITEM('') );
#5948 = CARTESIAN_POINT('',(1.,3.));
#5949 = CARTESIAN_POINT('',(-0.732050807569,3.));
#5950 = CARTESIAN_POINT('',(0.133974596216,4.5));
#5951 = CARTESIAN_POINT('',(1.,6.));
#5952 = CARTESIAN_POINT('',(1.866025403784,4.5));
#5953 = CARTESIAN_POINT('',(2.732050807569,3.));
#5954 = CARTESIAN_POINT('',(1.,3.));
#5955 = ( GEOMETRIC_REPRESENTATION_CONTEXT(2) 
PARAMETRIC_REPRESENTATION_CONTEXT() REPRESENTATION_CONTEXT('2D SPACE',''
  ) );
#5956 = PCURVE('',#5957,#5962);
#5957 = CYLINDRICAL_SURFACE('',#5958,1.);
#5958 = AXIS2_PLACEMENT_3D('',#5959,#5960,#5961);
#5959 = CARTESIAN_POINT('',(46.26,33.35,-9.));
#5960 = DIRECTION('',(0.,0.,1.));
#5961 = DIRECTION('',(-1.,-0.,0.));
#5962 = DEFINITIONAL_REPRESENTATION('',(#5963),#5967);
#5963 = LINE('',#5964,#5965);
#5964 = CARTESIAN_POINT('',(1.570796326795,8.));
#5965 = VECTOR('',#5966,1.);
#5966 = DIRECTION('',(-1.,0.));
#5967 = ( GEOMETRIC_REPRESENTATION_CONTEXT(2) 
PARAMETRIC_REPRESENTATION_CONTEXT() REPRESENTATION_CONTEXT('2D SPACE',''
  ) );
#5968 = ADVANCED_FACE('',(#5969),#5926,.T.);
#5969 = FACE_BOUND('',#5970,.T.);
#5970 = EDGE_LOOP('',(#5971,#5994,#6015,#6016));
#5971 = ORIENTED_EDGE('',*,*,#5972,.F.);
#5972 = EDGE_CURVE('',#5973,#5975,#5977,.T.);
#5973 = VERTEX_POINT('',#5974);
#5974 = CARTESIAN_POINT('',(46.26,34.35,-7.));
#5975 = VERTEX_POINT('',#5976);
#5976 = CARTESIAN_POINT('',(49.26,34.35,-7.));
#5977 = SURFACE_CURVE('',#5978,(#5982,#5988),.PCURVE_S1.);
#5978 = LINE('',#5979,#5980);
#5979 = CARTESIAN_POINT('',(45.26,34.35,-7.));
#5980 = VECTOR('',#5981,1.);
#5981 = DIRECTION('',(1.,0.,0.));
#5982 = PCURVE('',#5926,#5983);
#5983 = DEFINITIONAL_REPRESENTATION('',(#5984),#5987);
#5984 = B_SPLINE_CURVE_WITH_KNOTS('',1,(#5985,#5986),.UNSPECIFIED.,.F.,
  .F.,(2,2),(1.,4.),.PIECEWISE_BEZIER_KNOTS.);
#5985 = CARTESIAN_POINT('',(2.,1.));
#5986 = CARTESIAN_POINT('',(2.,4.));
#5987 = ( GEOMETRIC_REPRESENTATION_CONTEXT(2) 
PARAMETRIC_REPRESENTATION_CONTEXT() REPRESENTATION_CONTEXT('2D SPACE',''
  ) );
#5988 = PCURVE('',#5772,#5989);
#5989 = DEFINITIONAL_REPRESENTATION('',(#5990),#5993);
#5990 = B_SPLINE_CURVE_WITH_KNOTS('',1,(#5991,#5992),.UNSPECIFIED.,.F.,
  .F.,(2,2),(1.,4.),.PIECEWISE_BEZIER_KNOTS.);
#5991 = CARTESIAN_POINT('',(1.,1.25));
#5992 = CARTESIAN_POINT('',(4.,1.25));
#5993 = ( GEOMETRIC_REPRESENTATION_CONTEXT(2) 
PARAMETRIC_REPRESENTATION_CONTEXT() REPRESENTATION_CONTEXT('2D SPACE',''
  ) );
#5994 = ORIENTED_EDGE('',*,*,#5995,.T.);
#5995 = EDGE_CURVE('',#5973,#5911,#5996,.T.);
#5996 = SURFACE_CURVE('',#5997,(#6001,#6008),.PCURVE_S1.);
#5997 = LINE('',#5998,#5999);
#5998 = CARTESIAN_POINT('',(46.26,34.35,-9.));
#5999 = VECTOR('',#6000,1.);
#6000 = DIRECTION('',(0.,0.,1.));
#6001 = PCURVE('',#5926,#6002);
#6002 = DEFINITIONAL_REPRESENTATION('',(#6003),#6007);
#6003 = LINE('',#6004,#6005);
#6004 = CARTESIAN_POINT('',(0.,1.));
#6005 = VECTOR('',#6006,1.);
#6006 = DIRECTION('',(1.,0.));
#6007 = ( GEOMETRIC_REPRESENTATION_CONTEXT(2) 
PARAMETRIC_REPRESENTATION_CONTEXT() REPRESENTATION_CONTEXT('2D SPACE',''
  ) );
#6008 = PCURVE('',#5957,#6009);
#6009 = DEFINITIONAL_REPRESENTATION('',(#6010),#6014);
#6010 = LINE('',#6011,#6012);
#6011 = CARTESIAN_POINT('',(-1.570796326795,0.));
#6012 = VECTOR('',#6013,1.);
#6013 = DIRECTION('',(-0.,1.));
#6014 = ( GEOMETRIC_REPRESENTATION_CONTEXT(2) 
PARAMETRIC_REPRESENTATION_CONTEXT() REPRESENTATION_CONTEXT('2D SPACE',''
  ) );
#6015 = ORIENTED_EDGE('',*,*,#5910,.T.);
#6016 = ORIENTED_EDGE('',*,*,#6017,.F.);
#6017 = EDGE_CURVE('',#5975,#5887,#6018,.T.);
#6018 = SURFACE_CURVE('',#6019,(#6023,#6030),.PCURVE_S1.);
#6019 = LINE('',#6020,#6021);
#6020 = CARTESIAN_POINT('',(49.26,34.35,-9.));
#6021 = VECTOR('',#6022,1.);
#6022 = DIRECTION('',(0.,0.,1.));
#6023 = PCURVE('',#5926,#6024);
#6024 = DEFINITIONAL_REPRESENTATION('',(#6025),#6029);
#6025 = LINE('',#6026,#6027);
#6026 = CARTESIAN_POINT('',(0.,4.));
#6027 = VECTOR('',#6028,1.);
#6028 = DIRECTION('',(1.,0.));
#6029 = ( GEOMETRIC_REPRESENTATION_CONTEXT(2) 
PARAMETRIC_REPRESENTATION_CONTEXT() REPRESENTATION_CONTEXT('2D SPACE',''
  ) );
#6030 = PCURVE('',#5800,#6031);
#6031 = DEFINITIONAL_REPRESENTATION('',(#6032),#6036);
#6032 = LINE('',#6033,#6034);
#6033 = CARTESIAN_POINT('',(1.570796326795,0.));
#6034 = VECTOR('',#6035,1.);
#6035 = DIRECTION('',(0.,1.));
#6036 = ( GEOMETRIC_REPRESENTATION_CONTEXT(2) 
PARAMETRIC_REPRESENTATION_CONTEXT() REPRESENTATION_CONTEXT('2D SPACE',''
  ) );
#6037 = ADVANCED_FACE('',(#6038),#5957,.T.);
#6038 = FACE_BOUND('',#6039,.F.);
#6039 = EDGE_LOOP('',(#6040,#6063,#6085,#6086));
#6040 = ORIENTED_EDGE('',*,*,#6041,.F.);
#6041 = EDGE_CURVE('',#6042,#5842,#6044,.T.);
#6042 = VERTEX_POINT('',#6043);
#6043 = CARTESIAN_POINT('',(45.26,33.35,-7.));
#6044 = SURFACE_CURVE('',#6045,(#6049,#6056),.PCURVE_S1.);
#6045 = LINE('',#6046,#6047);
#6046 = CARTESIAN_POINT('',(45.26,33.35,-9.));
#6047 = VECTOR('',#6048,1.);
#6048 = DIRECTION('',(0.,0.,1.));
#6049 = PCURVE('',#5957,#6050);
#6050 = DEFINITIONAL_REPRESENTATION('',(#6051),#6055);
#6051 = LINE('',#6052,#6053);
#6052 = CARTESIAN_POINT('',(-0.,0.));
#6053 = VECTOR('',#6054,1.);
#6054 = DIRECTION('',(-0.,1.));
#6055 = ( GEOMETRIC_REPRESENTATION_CONTEXT(2) 
PARAMETRIC_REPRESENTATION_CONTEXT() REPRESENTATION_CONTEXT('2D SPACE',''
  ) );
#6056 = PCURVE('',#1367,#6057);
#6057 = DEFINITIONAL_REPRESENTATION('',(#6058),#6062);
#6058 = LINE('',#6059,#6060);
#6059 = CARTESIAN_POINT('',(0.,-4.));
#6060 = VECTOR('',#6061,1.);
#6061 = DIRECTION('',(1.,0.));
#6062 = ( GEOMETRIC_REPRESENTATION_CONTEXT(2) 
PARAMETRIC_REPRESENTATION_CONTEXT() REPRESENTATION_CONTEXT('2D SPACE',''
  ) );
#6063 = ORIENTED_EDGE('',*,*,#6064,.F.);
#6064 = EDGE_CURVE('',#5973,#6042,#6065,.T.);
#6065 = SURFACE_CURVE('',#6066,(#6071,#6078),.PCURVE_S1.);
#6066 = CIRCLE('',#6067,1.);
#6067 = AXIS2_PLACEMENT_3D('',#6068,#6069,#6070);
#6068 = CARTESIAN_POINT('',(46.26,33.35,-7.));
#6069 = DIRECTION('',(0.,0.,1.));
#6070 = DIRECTION('',(-1.,-0.,0.));
#6071 = PCURVE('',#5957,#6072);
#6072 = DEFINITIONAL_REPRESENTATION('',(#6073),#6077);
#6073 = LINE('',#6074,#6075);
#6074 = CARTESIAN_POINT('',(-6.28318530718,2.));
#6075 = VECTOR('',#6076,1.);
#6076 = DIRECTION('',(1.,-0.));
#6077 = ( GEOMETRIC_REPRESENTATION_CONTEXT(2) 
PARAMETRIC_REPRESENTATION_CONTEXT() REPRESENTATION_CONTEXT('2D SPACE',''
  ) );
#6078 = PCURVE('',#5772,#6079);
#6079 = DEFINITIONAL_REPRESENTATION('',(#6080),#6084);
#6080 = CIRCLE('',#6081,1.);
#6081 = AXIS2_PLACEMENT_2D('',#6082,#6083);
#6082 = CARTESIAN_POINT('',(1.,0.25));
#6083 = DIRECTION('',(-1.,0.));
#6084 = ( GEOMETRIC_REPRESENTATION_CONTEXT(2) 
PARAMETRIC_REPRESENTATION_CONTEXT() REPRESENTATION_CONTEXT('2D SPACE',''
  ) );
#6085 = ORIENTED_EDGE('',*,*,#5995,.T.);
#6086 = ORIENTED_EDGE('',*,*,#5938,.F.);
#6087 = ADVANCED_FACE('',(#6088),#5800,.T.);
#6088 = FACE_BOUND('',#6089,.T.);
#6089 = EDGE_LOOP('',(#6090,#6091,#6113,#6114));
#6090 = ORIENTED_EDGE('',*,*,#5784,.F.);
#6091 = ORIENTED_EDGE('',*,*,#6092,.T.);
#6092 = EDGE_CURVE('',#5757,#5975,#6093,.T.);
#6093 = SURFACE_CURVE('',#6094,(#6099,#6106),.PCURVE_S1.);
#6094 = CIRCLE('',#6095,1.);
#6095 = AXIS2_PLACEMENT_3D('',#6096,#6097,#6098);
#6096 = CARTESIAN_POINT('',(49.26,33.35,-7.));
#6097 = DIRECTION('',(0.,0.,1.));
#6098 = DIRECTION('',(1.,0.,-0.));
#6099 = PCURVE('',#5800,#6100);
#6100 = DEFINITIONAL_REPRESENTATION('',(#6101),#6105);
#6101 = LINE('',#6102,#6103);
#6102 = CARTESIAN_POINT('',(0.,2.));
#6103 = VECTOR('',#6104,1.);
#6104 = DIRECTION('',(1.,0.));
#6105 = ( GEOMETRIC_REPRESENTATION_CONTEXT(2) 
PARAMETRIC_REPRESENTATION_CONTEXT() REPRESENTATION_CONTEXT('2D SPACE',''
  ) );
#6106 = PCURVE('',#5772,#6107);
#6107 = DEFINITIONAL_REPRESENTATION('',(#6108),#6112);
#6108 = CIRCLE('',#6109,1.);
#6109 = AXIS2_PLACEMENT_2D('',#6110,#6111);
#6110 = CARTESIAN_POINT('',(4.,0.25));
#6111 = DIRECTION('',(1.,0.));
#6112 = ( GEOMETRIC_REPRESENTATION_CONTEXT(2) 
PARAMETRIC_REPRESENTATION_CONTEXT() REPRESENTATION_CONTEXT('2D SPACE',''
  ) );
#6113 = ORIENTED_EDGE('',*,*,#6017,.T.);
#6114 = ORIENTED_EDGE('',*,*,#5886,.F.);
#6115 = ADVANCED_FACE('',(#6116),#5772,.T.);
#6116 = FACE_BOUND('',#6117,.T.);
#6117 = EDGE_LOOP('',(#6118,#6141,#6142,#6143,#6144,#6145));
#6118 = ORIENTED_EDGE('',*,*,#6119,.F.);
#6119 = EDGE_CURVE('',#6042,#6120,#6122,.T.);
#6120 = VERTEX_POINT('',#6121);
#6121 = CARTESIAN_POINT('',(45.26,34.6,-7.));
#6122 = SURFACE_CURVE('',#6123,(#6127,#6134),.PCURVE_S1.);
#6123 = LINE('',#6124,#6125);
#6124 = CARTESIAN_POINT('',(45.26,33.1,-7.));
#6125 = VECTOR('',#6126,1.);
#6126 = DIRECTION('',(0.,1.,0.));
#6127 = PCURVE('',#5772,#6128);
#6128 = DEFINITIONAL_REPRESENTATION('',(#6129),#6133);
#6129 = LINE('',#6130,#6131);
#6130 = CARTESIAN_POINT('',(0.,0.));
#6131 = VECTOR('',#6132,1.);
#6132 = DIRECTION('',(0.,1.));
#6133 = ( GEOMETRIC_REPRESENTATION_CONTEXT(2) 
PARAMETRIC_REPRESENTATION_CONTEXT() REPRESENTATION_CONTEXT('2D SPACE',''
  ) );
#6134 = PCURVE('',#1367,#6135);
#6135 = DEFINITIONAL_REPRESENTATION('',(#6136),#6140);
#6136 = LINE('',#6137,#6138);
#6137 = CARTESIAN_POINT('',(2.,-3.75));
#6138 = VECTOR('',#6139,1.);
#6139 = DIRECTION('',(0.,-1.));
#6140 = ( GEOMETRIC_REPRESENTATION_CONTEXT(2) 
PARAMETRIC_REPRESENTATION_CONTEXT() REPRESENTATION_CONTEXT('2D SPACE',''
  ) );
#6141 = ORIENTED_EDGE('',*,*,#6064,.F.);
#6142 = ORIENTED_EDGE('',*,*,#5972,.T.);
#6143 = ORIENTED_EDGE('',*,*,#6092,.F.);
#6144 = ORIENTED_EDGE('',*,*,#5756,.T.);
#6145 = ORIENTED_EDGE('',*,*,#6146,.F.);
#6146 = EDGE_CURVE('',#6120,#5729,#6147,.T.);
#6147 = SURFACE_CURVE('',#6148,(#6152,#6159),.PCURVE_S1.);
#6148 = LINE('',#6149,#6150);
#6149 = CARTESIAN_POINT('',(45.26,34.6,-7.));
#6150 = VECTOR('',#6151,1.);
#6151 = DIRECTION('',(1.,0.,0.));
#6152 = PCURVE('',#5772,#6153);
#6153 = DEFINITIONAL_REPRESENTATION('',(#6154),#6158);
#6154 = LINE('',#6155,#6156);
#6155 = CARTESIAN_POINT('',(0.,1.5));
#6156 = VECTOR('',#6157,1.);
#6157 = DIRECTION('',(1.,0.));
#6158 = ( GEOMETRIC_REPRESENTATION_CONTEXT(2) 
PARAMETRIC_REPRESENTATION_CONTEXT() REPRESENTATION_CONTEXT('2D SPACE',''
  ) );
#6159 = PCURVE('',#5744,#6160);
#6160 = DEFINITIONAL_REPRESENTATION('',(#6161),#6165);
#6161 = LINE('',#6162,#6163);
#6162 = CARTESIAN_POINT('',(2.,0.));
#6163 = VECTOR('',#6164,1.);
#6164 = DIRECTION('',(0.,1.));
#6165 = ( GEOMETRIC_REPRESENTATION_CONTEXT(2) 
PARAMETRIC_REPRESENTATION_CONTEXT() REPRESENTATION_CONTEXT('2D SPACE',''
  ) );
#6166 = ADVANCED_FACE('',(#6167),#5744,.T.);
#6167 = FACE_BOUND('',#6168,.T.);
#6168 = EDGE_LOOP('',(#6169,#6192,#6213,#6214));
#6169 = ORIENTED_EDGE('',*,*,#6170,.F.);
#6170 = EDGE_CURVE('',#6171,#5701,#6173,.T.);
#6171 = VERTEX_POINT('',#6172);
#6172 = CARTESIAN_POINT('',(45.26,34.6,-9.));
#6173 = SURFACE_CURVE('',#6174,(#6178,#6185),.PCURVE_S1.);
#6174 = LINE('',#6175,#6176);
#6175 = CARTESIAN_POINT('',(45.26,34.6,-9.));
#6176 = VECTOR('',#6177,1.);
#6177 = DIRECTION('',(1.,0.,0.));
#6178 = PCURVE('',#5744,#6179);
#6179 = DEFINITIONAL_REPRESENTATION('',(#6180),#6184);
#6180 = LINE('',#6181,#6182);
#6181 = CARTESIAN_POINT('',(0.,0.));
#6182 = VECTOR('',#6183,1.);
#6183 = DIRECTION('',(0.,1.));
#6184 = ( GEOMETRIC_REPRESENTATION_CONTEXT(2) 
PARAMETRIC_REPRESENTATION_CONTEXT() REPRESENTATION_CONTEXT('2D SPACE',''
  ) );
#6185 = PCURVE('',#5716,#6186);
#6186 = DEFINITIONAL_REPRESENTATION('',(#6187),#6191);
#6187 = LINE('',#6188,#6189);
#6188 = CARTESIAN_POINT('',(0.,5.25));
#6189 = VECTOR('',#6190,1.);
#6190 = DIRECTION('',(1.,0.));
#6191 = ( GEOMETRIC_REPRESENTATION_CONTEXT(2) 
PARAMETRIC_REPRESENTATION_CONTEXT() REPRESENTATION_CONTEXT('2D SPACE',''
  ) );
#6192 = ORIENTED_EDGE('',*,*,#6193,.T.);
#6193 = EDGE_CURVE('',#6171,#6120,#6194,.T.);
#6194 = SURFACE_CURVE('',#6195,(#6199,#6206),.PCURVE_S1.);
#6195 = LINE('',#6196,#6197);
#6196 = CARTESIAN_POINT('',(45.26,34.6,-9.));
#6197 = VECTOR('',#6198,1.);
#6198 = DIRECTION('',(0.,0.,1.));
#6199 = PCURVE('',#5744,#6200);
#6200 = DEFINITIONAL_REPRESENTATION('',(#6201),#6205);
#6201 = LINE('',#6202,#6203);
#6202 = CARTESIAN_POINT('',(0.,0.));
#6203 = VECTOR('',#6204,1.);
#6204 = DIRECTION('',(1.,0.));
#6205 = ( GEOMETRIC_REPRESENTATION_CONTEXT(2) 
PARAMETRIC_REPRESENTATION_CONTEXT() REPRESENTATION_CONTEXT('2D SPACE',''
  ) );
#6206 = PCURVE('',#1367,#6207);
#6207 = DEFINITIONAL_REPRESENTATION('',(#6208),#6212);
#6208 = LINE('',#6209,#6210);
#6209 = CARTESIAN_POINT('',(0.,-5.25));
#6210 = VECTOR('',#6211,1.);
#6211 = DIRECTION('',(1.,0.));
#6212 = ( GEOMETRIC_REPRESENTATION_CONTEXT(2) 
PARAMETRIC_REPRESENTATION_CONTEXT() REPRESENTATION_CONTEXT('2D SPACE',''
  ) );
#6213 = ORIENTED_EDGE('',*,*,#6146,.T.);
#6214 = ORIENTED_EDGE('',*,*,#5728,.F.);
#6215 = ADVANCED_FACE('',(#6216),#5716,.F.);
#6216 = FACE_BOUND('',#6217,.F.);
#6217 = EDGE_LOOP('',(#6218,#6244,#6267,#6293,#6294,#6295));
#6218 = ORIENTED_EDGE('',*,*,#6219,.T.);
#6219 = EDGE_CURVE('',#6220,#6222,#6224,.T.);
#6220 = VERTEX_POINT('',#6221);
#6221 = CARTESIAN_POINT('',(45.26,30.35,-9.));
#6222 = VERTEX_POINT('',#6223);
#6223 = CARTESIAN_POINT('',(46.26,29.35,-9.));
#6224 = SURFACE_CURVE('',#6225,(#6230,#6237),.PCURVE_S1.);
#6225 = CIRCLE('',#6226,1.);
#6226 = AXIS2_PLACEMENT_3D('',#6227,#6228,#6229);
#6227 = CARTESIAN_POINT('',(46.26,30.35,-9.));
#6228 = DIRECTION('',(0.,0.,1.));
#6229 = DIRECTION('',(0.,-1.,0.));
#6230 = PCURVE('',#5716,#6231);
#6231 = DEFINITIONAL_REPRESENTATION('',(#6232),#6236);
#6232 = CIRCLE('',#6233,1.);
#6233 = AXIS2_PLACEMENT_2D('',#6234,#6235);
#6234 = CARTESIAN_POINT('',(1.,1.));
#6235 = DIRECTION('',(0.,-1.));
#6236 = ( GEOMETRIC_REPRESENTATION_CONTEXT(2) 
PARAMETRIC_REPRESENTATION_CONTEXT() REPRESENTATION_CONTEXT('2D SPACE',''
  ) );
#6237 = PCURVE('',#1339,#6238);
#6238 = DEFINITIONAL_REPRESENTATION('',(#6239),#6243);
#6239 = LINE('',#6240,#6241);
#6240 = CARTESIAN_POINT('',(-4.712388980385,0.));
#6241 = VECTOR('',#6242,1.);
#6242 = DIRECTION('',(1.,0.));
#6243 = ( GEOMETRIC_REPRESENTATION_CONTEXT(2) 
PARAMETRIC_REPRESENTATION_CONTEXT() REPRESENTATION_CONTEXT('2D SPACE',''
  ) );
#6244 = ORIENTED_EDGE('',*,*,#6245,.T.);
#6245 = EDGE_CURVE('',#6222,#6246,#6248,.T.);
#6246 = VERTEX_POINT('',#6247);
#6247 = CARTESIAN_POINT('',(49.26,29.35,-9.));
#6248 = SURFACE_CURVE('',#6249,(#6253,#6260),.PCURVE_S1.);
#6249 = LINE('',#6250,#6251);
#6250 = CARTESIAN_POINT('',(45.26,29.35,-9.));
#6251 = VECTOR('',#6252,1.);
#6252 = DIRECTION('',(1.,0.,0.));
#6253 = PCURVE('',#5716,#6254);
#6254 = DEFINITIONAL_REPRESENTATION('',(#6255),#6259);
#6255 = LINE('',#6256,#6257);
#6256 = CARTESIAN_POINT('',(0.,0.));
#6257 = VECTOR('',#6258,1.);
#6258 = DIRECTION('',(1.,0.));
#6259 = ( GEOMETRIC_REPRESENTATION_CONTEXT(2) 
PARAMETRIC_REPRESENTATION_CONTEXT() REPRESENTATION_CONTEXT('2D SPACE',''
  ) );
#6260 = PCURVE('',#1310,#6261);
#6261 = DEFINITIONAL_REPRESENTATION('',(#6262),#6266);
#6262 = LINE('',#6263,#6264);
#6263 = CARTESIAN_POINT('',(0.,0.));
#6264 = VECTOR('',#6265,1.);
#6265 = DIRECTION('',(0.,1.));
#6266 = ( GEOMETRIC_REPRESENTATION_CONTEXT(2) 
PARAMETRIC_REPRESENTATION_CONTEXT() REPRESENTATION_CONTEXT('2D SPACE',''
  ) );
#6267 = ORIENTED_EDGE('',*,*,#6268,.F.);
#6268 = EDGE_CURVE('',#5678,#6246,#6269,.T.);
#6269 = SURFACE_CURVE('',#6270,(#6275,#6286),.PCURVE_S1.);
#6270 = CIRCLE('',#6271,1.);
#6271 = AXIS2_PLACEMENT_3D('',#6272,#6273,#6274);
#6272 = CARTESIAN_POINT('',(49.26,30.35,-9.));
#6273 = DIRECTION('',(-0.,-0.,-1.));
#6274 = DIRECTION('',(0.,-1.,0.));
#6275 = PCURVE('',#5716,#6276);
#6276 = DEFINITIONAL_REPRESENTATION('',(#6277),#6285);
#6277 = ( BOUNDED_CURVE() B_SPLINE_CURVE(2,(#6278,#6279,#6280,#6281,
#6282,#6283,#6284),.UNSPECIFIED.,.T.,.F.) B_SPLINE_CURVE_WITH_KNOTS((1,2
    ,2,2,2,1),(-2.094395102393,0.,2.094395102393,4.188790204786,
6.28318530718,8.377580409573),.UNSPECIFIED.) CURVE() 
GEOMETRIC_REPRESENTATION_ITEM() RATIONAL_B_SPLINE_CURVE((1.,0.5,1.,0.5,
1.,0.5,1.)) REPRESENTATION_ITEM('') );
#6278 = CARTESIAN_POINT('',(4.,0.));
#6279 = CARTESIAN_POINT('',(2.267949192431,0.));
#6280 = CARTESIAN_POINT('',(3.133974596216,1.5));
#6281 = CARTESIAN_POINT('',(4.,3.));
#6282 = CARTESIAN_POINT('',(4.866025403784,1.5));
#6283 = CARTESIAN_POINT('',(5.732050807569,1.554312234475E-15));
#6284 = CARTESIAN_POINT('',(4.,0.));
#6285 = ( GEOMETRIC_REPRESENTATION_CONTEXT(2) 
PARAMETRIC_REPRESENTATION_CONTEXT() REPRESENTATION_CONTEXT('2D SPACE',''
  ) );
#6286 = PCURVE('',#1282,#6287);
#6287 = DEFINITIONAL_REPRESENTATION('',(#6288),#6292);
#6288 = LINE('',#6289,#6290);
#6289 = CARTESIAN_POINT('',(4.712388980385,-0.));
#6290 = VECTOR('',#6291,1.);
#6291 = DIRECTION('',(-1.,0.));
#6292 = ( GEOMETRIC_REPRESENTATION_CONTEXT(2) 
PARAMETRIC_REPRESENTATION_CONTEXT() REPRESENTATION_CONTEXT('2D SPACE',''
  ) );
#6293 = ORIENTED_EDGE('',*,*,#5700,.T.);
#6294 = ORIENTED_EDGE('',*,*,#6170,.F.);
#6295 = ORIENTED_EDGE('',*,*,#6296,.T.);
#6296 = EDGE_CURVE('',#6171,#6220,#6297,.T.);
#6297 = SURFACE_CURVE('',#6298,(#6302,#6309),.PCURVE_S1.);
#6298 = LINE('',#6299,#6300);
#6299 = CARTESIAN_POINT('',(45.26,34.6,-9.));
#6300 = VECTOR('',#6301,1.);
#6301 = DIRECTION('',(0.,-1.,0.));
#6302 = PCURVE('',#5716,#6303);
#6303 = DEFINITIONAL_REPRESENTATION('',(#6304),#6308);
#6304 = LINE('',#6305,#6306);
#6305 = CARTESIAN_POINT('',(0.,5.25));
#6306 = VECTOR('',#6307,1.);
#6307 = DIRECTION('',(0.,-1.));
#6308 = ( GEOMETRIC_REPRESENTATION_CONTEXT(2) 
PARAMETRIC_REPRESENTATION_CONTEXT() REPRESENTATION_CONTEXT('2D SPACE',''
  ) );
#6309 = PCURVE('',#1367,#6310);
#6310 = DEFINITIONAL_REPRESENTATION('',(#6311),#6315);
#6311 = LINE('',#6312,#6313);
#6312 = CARTESIAN_POINT('',(0.,-5.25));
#6313 = VECTOR('',#6314,1.);
#6314 = DIRECTION('',(0.,1.));
#6315 = ( GEOMETRIC_REPRESENTATION_CONTEXT(2) 
PARAMETRIC_REPRESENTATION_CONTEXT() REPRESENTATION_CONTEXT('2D SPACE',''
  ) );
#6316 = ADVANCED_FACE('',(#6317),#1282,.T.);
#6317 = FACE_BOUND('',#6318,.F.);
#6318 = EDGE_LOOP('',(#6319,#6320,#6341,#6342));
#6319 = ORIENTED_EDGE('',*,*,#6268,.T.);
#6320 = ORIENTED_EDGE('',*,*,#6321,.T.);
#6321 = EDGE_CURVE('',#6246,#1262,#6322,.T.);
#6322 = SURFACE_CURVE('',#6323,(#6327,#6334),.PCURVE_S1.);
#6323 = LINE('',#6324,#6325);
#6324 = CARTESIAN_POINT('',(49.26,29.35,-9.));
#6325 = VECTOR('',#6326,1.);
#6326 = DIRECTION('',(0.,0.,1.));
#6327 = PCURVE('',#1282,#6328);
#6328 = DEFINITIONAL_REPRESENTATION('',(#6329),#6333);
#6329 = LINE('',#6330,#6331);
#6330 = CARTESIAN_POINT('',(-1.570796326795,0.));
#6331 = VECTOR('',#6332,1.);
#6332 = DIRECTION('',(-0.,1.));
#6333 = ( GEOMETRIC_REPRESENTATION_CONTEXT(2) 
PARAMETRIC_REPRESENTATION_CONTEXT() REPRESENTATION_CONTEXT('2D SPACE',''
  ) );
#6334 = PCURVE('',#1310,#6335);
#6335 = DEFINITIONAL_REPRESENTATION('',(#6336),#6340);
#6336 = LINE('',#6337,#6338);
#6337 = CARTESIAN_POINT('',(0.,4.));
#6338 = VECTOR('',#6339,1.);
#6339 = DIRECTION('',(1.,0.));
#6340 = ( GEOMETRIC_REPRESENTATION_CONTEXT(2) 
PARAMETRIC_REPRESENTATION_CONTEXT() REPRESENTATION_CONTEXT('2D SPACE',''
  ) );
#6341 = ORIENTED_EDGE('',*,*,#1261,.F.);
#6342 = ORIENTED_EDGE('',*,*,#5677,.F.);
#6343 = ADVANCED_FACE('',(#6344),#1310,.F.);
#6344 = FACE_BOUND('',#6345,.F.);
#6345 = EDGE_LOOP('',(#6346,#6347,#6368,#6369));
#6346 = ORIENTED_EDGE('',*,*,#6245,.F.);
#6347 = ORIENTED_EDGE('',*,*,#6348,.T.);
#6348 = EDGE_CURVE('',#6222,#1295,#6349,.T.);
#6349 = SURFACE_CURVE('',#6350,(#6354,#6361),.PCURVE_S1.);
#6350 = LINE('',#6351,#6352);
#6351 = CARTESIAN_POINT('',(46.26,29.35,-9.));
#6352 = VECTOR('',#6353,1.);
#6353 = DIRECTION('',(0.,0.,1.));
#6354 = PCURVE('',#1310,#6355);
#6355 = DEFINITIONAL_REPRESENTATION('',(#6356),#6360);
#6356 = LINE('',#6357,#6358);
#6357 = CARTESIAN_POINT('',(0.,1.));
#6358 = VECTOR('',#6359,1.);
#6359 = DIRECTION('',(1.,0.));
#6360 = ( GEOMETRIC_REPRESENTATION_CONTEXT(2) 
PARAMETRIC_REPRESENTATION_CONTEXT() REPRESENTATION_CONTEXT('2D SPACE',''
  ) );
#6361 = PCURVE('',#1339,#6362);
#6362 = DEFINITIONAL_REPRESENTATION('',(#6363),#6367);
#6363 = LINE('',#6364,#6365);
#6364 = CARTESIAN_POINT('',(1.570796326795,0.));
#6365 = VECTOR('',#6366,1.);
#6366 = DIRECTION('',(0.,1.));
#6367 = ( GEOMETRIC_REPRESENTATION_CONTEXT(2) 
PARAMETRIC_REPRESENTATION_CONTEXT() REPRESENTATION_CONTEXT('2D SPACE',''
  ) );
#6368 = ORIENTED_EDGE('',*,*,#1294,.T.);
#6369 = ORIENTED_EDGE('',*,*,#6321,.F.);
#6370 = ADVANCED_FACE('',(#6371),#1339,.T.);
#6371 = FACE_BOUND('',#6372,.T.);
#6372 = EDGE_LOOP('',(#6373,#6374,#6375,#6376));
#6373 = ORIENTED_EDGE('',*,*,#6219,.T.);
#6374 = ORIENTED_EDGE('',*,*,#6348,.T.);
#6375 = ORIENTED_EDGE('',*,*,#1322,.F.);
#6376 = ORIENTED_EDGE('',*,*,#6377,.F.);
#6377 = EDGE_CURVE('',#6220,#1323,#6378,.T.);
#6378 = SURFACE_CURVE('',#6379,(#6383,#6390),.PCURVE_S1.);
#6379 = LINE('',#6380,#6381);
#6380 = CARTESIAN_POINT('',(45.26,30.35,-9.));
#6381 = VECTOR('',#6382,1.);
#6382 = DIRECTION('',(0.,0.,1.));
#6383 = PCURVE('',#1339,#6384);
#6384 = DEFINITIONAL_REPRESENTATION('',(#6385),#6389);
#6385 = LINE('',#6386,#6387);
#6386 = CARTESIAN_POINT('',(0.,0.));
#6387 = VECTOR('',#6388,1.);
#6388 = DIRECTION('',(0.,1.));
#6389 = ( GEOMETRIC_REPRESENTATION_CONTEXT(2) 
PARAMETRIC_REPRESENTATION_CONTEXT() REPRESENTATION_CONTEXT('2D SPACE',''
  ) );
#6390 = PCURVE('',#1367,#6391);
#6391 = DEFINITIONAL_REPRESENTATION('',(#6392),#6396);
#6392 = LINE('',#6393,#6394);
#6393 = CARTESIAN_POINT('',(0.,-1.));
#6394 = VECTOR('',#6395,1.);
#6395 = DIRECTION('',(1.,0.));
#6396 = ( GEOMETRIC_REPRESENTATION_CONTEXT(2) 
PARAMETRIC_REPRESENTATION_CONTEXT() REPRESENTATION_CONTEXT('2D SPACE',''
  ) );
#6397 = ADVANCED_FACE('',(#6398),#1367,.F.);
#6398 = FACE_BOUND('',#6399,.F.);
#6399 = EDGE_LOOP('',(#6400,#6401,#6402,#6403,#6404,#6405,#6406));
#6400 = ORIENTED_EDGE('',*,*,#1351,.F.);
#6401 = ORIENTED_EDGE('',*,*,#6377,.F.);
#6402 = ORIENTED_EDGE('',*,*,#6296,.F.);
#6403 = ORIENTED_EDGE('',*,*,#6193,.T.);
#6404 = ORIENTED_EDGE('',*,*,#6119,.F.);
#6405 = ORIENTED_EDGE('',*,*,#6041,.T.);
#6406 = ORIENTED_EDGE('',*,*,#5841,.F.);
#6407 = ADVANCED_FACE('',(#6408),#1418,.T.);
#6408 = FACE_BOUND('',#6409,.T.);
#6409 = EDGE_LOOP('',(#6410,#6411,#6434,#6462,#6490,#6518,#6546));
#6410 = ORIENTED_EDGE('',*,*,#1402,.F.);
#6411 = ORIENTED_EDGE('',*,*,#6412,.F.);
#6412 = EDGE_CURVE('',#6413,#1403,#6415,.T.);
#6413 = VERTEX_POINT('',#6414);
#6414 = CARTESIAN_POINT('',(-45.26,30.35,-9.));
#6415 = SURFACE_CURVE('',#6416,(#6420,#6427),.PCURVE_S1.);
#6416 = LINE('',#6417,#6418);
#6417 = CARTESIAN_POINT('',(-45.26,30.35,-9.));
#6418 = VECTOR('',#6419,1.);
#6419 = DIRECTION('',(0.,0.,1.));
#6420 = PCURVE('',#1418,#6421);
#6421 = DEFINITIONAL_REPRESENTATION('',(#6422),#6426);
#6422 = LINE('',#6423,#6424);
#6423 = CARTESIAN_POINT('',(0.,-1.));
#6424 = VECTOR('',#6425,1.);
#6425 = DIRECTION('',(1.,0.));
#6426 = ( GEOMETRIC_REPRESENTATION_CONTEXT(2) 
PARAMETRIC_REPRESENTATION_CONTEXT() REPRESENTATION_CONTEXT('2D SPACE',''
  ) );
#6427 = PCURVE('',#1451,#6428);
#6428 = DEFINITIONAL_REPRESENTATION('',(#6429),#6433);
#6429 = LINE('',#6430,#6431);
#6430 = CARTESIAN_POINT('',(-0.,0.));
#6431 = VECTOR('',#6432,1.);
#6432 = DIRECTION('',(-0.,1.));
#6433 = ( GEOMETRIC_REPRESENTATION_CONTEXT(2) 
PARAMETRIC_REPRESENTATION_CONTEXT() REPRESENTATION_CONTEXT('2D SPACE',''
  ) );
#6434 = ORIENTED_EDGE('',*,*,#6435,.T.);
#6435 = EDGE_CURVE('',#6413,#6436,#6438,.T.);
#6436 = VERTEX_POINT('',#6437);
#6437 = CARTESIAN_POINT('',(-45.26,34.6,-9.));
#6438 = SURFACE_CURVE('',#6439,(#6443,#6450),.PCURVE_S1.);
#6439 = LINE('',#6440,#6441);
#6440 = CARTESIAN_POINT('',(-45.26,30.35,-9.));
#6441 = VECTOR('',#6442,1.);
#6442 = DIRECTION('',(0.,1.,0.));
#6443 = PCURVE('',#1418,#6444);
#6444 = DEFINITIONAL_REPRESENTATION('',(#6445),#6449);
#6445 = LINE('',#6446,#6447);
#6446 = CARTESIAN_POINT('',(0.,-1.));
#6447 = VECTOR('',#6448,1.);
#6448 = DIRECTION('',(0.,-1.));
#6449 = ( GEOMETRIC_REPRESENTATION_CONTEXT(2) 
PARAMETRIC_REPRESENTATION_CONTEXT() REPRESENTATION_CONTEXT('2D SPACE',''
  ) );
#6450 = PCURVE('',#6451,#6456);
#6451 = PLANE('',#6452);
#6452 = AXIS2_PLACEMENT_3D('',#6453,#6454,#6455);
#6453 = CARTESIAN_POINT('',(-50.26,29.35,-9.));
#6454 = DIRECTION('',(0.,0.,1.));
#6455 = DIRECTION('',(1.,0.,0.));
#6456 = DEFINITIONAL_REPRESENTATION('',(#6457),#6461);
#6457 = LINE('',#6458,#6459);
#6458 = CARTESIAN_POINT('',(5.,1.));
#6459 = VECTOR('',#6460,1.);
#6460 = DIRECTION('',(0.,1.));
#6461 = ( GEOMETRIC_REPRESENTATION_CONTEXT(2) 
PARAMETRIC_REPRESENTATION_CONTEXT() REPRESENTATION_CONTEXT('2D SPACE',''
  ) );
#6462 = ORIENTED_EDGE('',*,*,#6463,.T.);
#6463 = EDGE_CURVE('',#6436,#6464,#6466,.T.);
#6464 = VERTEX_POINT('',#6465);
#6465 = CARTESIAN_POINT('',(-45.26,34.6,-7.));
#6466 = SURFACE_CURVE('',#6467,(#6471,#6478),.PCURVE_S1.);
#6467 = LINE('',#6468,#6469);
#6468 = CARTESIAN_POINT('',(-45.26,34.6,-9.));
#6469 = VECTOR('',#6470,1.);
#6470 = DIRECTION('',(0.,0.,1.));
#6471 = PCURVE('',#1418,#6472);
#6472 = DEFINITIONAL_REPRESENTATION('',(#6473),#6477);
#6473 = LINE('',#6474,#6475);
#6474 = CARTESIAN_POINT('',(0.,-5.25));
#6475 = VECTOR('',#6476,1.);
#6476 = DIRECTION('',(1.,0.));
#6477 = ( GEOMETRIC_REPRESENTATION_CONTEXT(2) 
PARAMETRIC_REPRESENTATION_CONTEXT() REPRESENTATION_CONTEXT('2D SPACE',''
  ) );
#6478 = PCURVE('',#6479,#6484);
#6479 = PLANE('',#6480);
#6480 = AXIS2_PLACEMENT_3D('',#6481,#6482,#6483);
#6481 = CARTESIAN_POINT('',(-50.26,34.6,-9.));
#6482 = DIRECTION('',(0.,1.,0.));
#6483 = DIRECTION('',(0.,0.,1.));
#6484 = DEFINITIONAL_REPRESENTATION('',(#6485),#6489);
#6485 = LINE('',#6486,#6487);
#6486 = CARTESIAN_POINT('',(0.,5.));
#6487 = VECTOR('',#6488,1.);
#6488 = DIRECTION('',(1.,0.));
#6489 = ( GEOMETRIC_REPRESENTATION_CONTEXT(2) 
PARAMETRIC_REPRESENTATION_CONTEXT() REPRESENTATION_CONTEXT('2D SPACE',''
  ) );
#6490 = ORIENTED_EDGE('',*,*,#6491,.F.);
#6491 = EDGE_CURVE('',#6492,#6464,#6494,.T.);
#6492 = VERTEX_POINT('',#6493);
#6493 = CARTESIAN_POINT('',(-45.26,33.35,-7.));
#6494 = SURFACE_CURVE('',#6495,(#6499,#6506),.PCURVE_S1.);
#6495 = LINE('',#6496,#6497);
#6496 = CARTESIAN_POINT('',(-45.26,33.1,-7.));
#6497 = VECTOR('',#6498,1.);
#6498 = DIRECTION('',(0.,1.,0.));
#6499 = PCURVE('',#1418,#6500);
#6500 = DEFINITIONAL_REPRESENTATION('',(#6501),#6505);
#6501 = LINE('',#6502,#6503);
#6502 = CARTESIAN_POINT('',(2.,-3.75));
#6503 = VECTOR('',#6504,1.);
#6504 = DIRECTION('',(0.,-1.));
#6505 = ( GEOMETRIC_REPRESENTATION_CONTEXT(2) 
PARAMETRIC_REPRESENTATION_CONTEXT() REPRESENTATION_CONTEXT('2D SPACE',''
  ) );
#6506 = PCURVE('',#6507,#6512);
#6507 = PLANE('',#6508);
#6508 = AXIS2_PLACEMENT_3D('',#6509,#6510,#6511);
#6509 = CARTESIAN_POINT('',(-50.26,33.1,-7.));
#6510 = DIRECTION('',(0.,0.,1.));
#6511 = DIRECTION('',(1.,0.,0.));
#6512 = DEFINITIONAL_REPRESENTATION('',(#6513),#6517);
#6513 = LINE('',#6514,#6515);
#6514 = CARTESIAN_POINT('',(5.,0.));
#6515 = VECTOR('',#6516,1.);
#6516 = DIRECTION('',(0.,1.));
#6517 = ( GEOMETRIC_REPRESENTATION_CONTEXT(2) 
PARAMETRIC_REPRESENTATION_CONTEXT() REPRESENTATION_CONTEXT('2D SPACE',''
  ) );
#6518 = ORIENTED_EDGE('',*,*,#6519,.T.);
#6519 = EDGE_CURVE('',#6492,#6520,#6522,.T.);
#6520 = VERTEX_POINT('',#6521);
#6521 = CARTESIAN_POINT('',(-45.26,33.35,-1.));
#6522 = SURFACE_CURVE('',#6523,(#6527,#6534),.PCURVE_S1.);
#6523 = LINE('',#6524,#6525);
#6524 = CARTESIAN_POINT('',(-45.26,33.35,-9.));
#6525 = VECTOR('',#6526,1.);
#6526 = DIRECTION('',(0.,0.,1.));
#6527 = PCURVE('',#1418,#6528);
#6528 = DEFINITIONAL_REPRESENTATION('',(#6529),#6533);
#6529 = LINE('',#6530,#6531);
#6530 = CARTESIAN_POINT('',(0.,-4.));
#6531 = VECTOR('',#6532,1.);
#6532 = DIRECTION('',(1.,0.));
#6533 = ( GEOMETRIC_REPRESENTATION_CONTEXT(2) 
PARAMETRIC_REPRESENTATION_CONTEXT() REPRESENTATION_CONTEXT('2D SPACE',''
  ) );
#6534 = PCURVE('',#6535,#6540);
#6535 = CYLINDRICAL_SURFACE('',#6536,1.);
#6536 = AXIS2_PLACEMENT_3D('',#6537,#6538,#6539);
#6537 = CARTESIAN_POINT('',(-46.26,33.35,-9.));
#6538 = DIRECTION('',(0.,0.,1.));
#6539 = DIRECTION('',(1.,0.,-0.));
#6540 = DEFINITIONAL_REPRESENTATION('',(#6541),#6545);
#6541 = LINE('',#6542,#6543);
#6542 = CARTESIAN_POINT('',(0.,0.));
#6543 = VECTOR('',#6544,1.);
#6544 = DIRECTION('',(0.,1.));
#6545 = ( GEOMETRIC_REPRESENTATION_CONTEXT(2) 
PARAMETRIC_REPRESENTATION_CONTEXT() REPRESENTATION_CONTEXT('2D SPACE',''
  ) );
#6546 = ORIENTED_EDGE('',*,*,#6547,.F.);
#6547 = EDGE_CURVE('',#1380,#6520,#6548,.T.);
#6548 = SURFACE_CURVE('',#6549,(#6553,#6560),.PCURVE_S1.);
#6549 = LINE('',#6550,#6551);
#6550 = CARTESIAN_POINT('',(-45.26,29.35,-1.));
#6551 = VECTOR('',#6552,1.);
#6552 = DIRECTION('',(0.,1.,0.));
#6553 = PCURVE('',#1418,#6554);
#6554 = DEFINITIONAL_REPRESENTATION('',(#6555),#6559);
#6555 = LINE('',#6556,#6557);
#6556 = CARTESIAN_POINT('',(8.,0.));
#6557 = VECTOR('',#6558,1.);
#6558 = DIRECTION('',(0.,-1.));
#6559 = ( GEOMETRIC_REPRESENTATION_CONTEXT(2) 
PARAMETRIC_REPRESENTATION_CONTEXT() REPRESENTATION_CONTEXT('2D SPACE',''
  ) );
#6560 = PCURVE('',#6561,#6566);
#6561 = PLANE('',#6562);
#6562 = AXIS2_PLACEMENT_3D('',#6563,#6564,#6565);
#6563 = CARTESIAN_POINT('',(-50.26,29.35,-1.));
#6564 = DIRECTION('',(0.,0.,1.));
#6565 = DIRECTION('',(1.,0.,0.));
#6566 = DEFINITIONAL_REPRESENTATION('',(#6567),#6571);
#6567 = LINE('',#6568,#6569);
#6568 = CARTESIAN_POINT('',(5.,0.));
#6569 = VECTOR('',#6570,1.);
#6570 = DIRECTION('',(0.,1.));
#6571 = ( GEOMETRIC_REPRESENTATION_CONTEXT(2) 
PARAMETRIC_REPRESENTATION_CONTEXT() REPRESENTATION_CONTEXT('2D SPACE',''
  ) );
#6572 = ADVANCED_FACE('',(#6573),#6561,.T.);
#6573 = FACE_BOUND('',#6574,.T.);
#6574 = EDGE_LOOP('',(#6575,#6598,#6619,#6620,#6644,#6672));
#6575 = ORIENTED_EDGE('',*,*,#6576,.F.);
#6576 = EDGE_CURVE('',#1521,#6577,#6579,.T.);
#6577 = VERTEX_POINT('',#6578);
#6578 = CARTESIAN_POINT('',(-50.26,33.35,-1.));
#6579 = SURFACE_CURVE('',#6580,(#6584,#6591),.PCURVE_S1.);
#6580 = LINE('',#6581,#6582);
#6581 = CARTESIAN_POINT('',(-50.26,29.35,-1.));
#6582 = VECTOR('',#6583,1.);
#6583 = DIRECTION('',(0.,1.,0.));
#6584 = PCURVE('',#6561,#6585);
#6585 = DEFINITIONAL_REPRESENTATION('',(#6586),#6590);
#6586 = LINE('',#6587,#6588);
#6587 = CARTESIAN_POINT('',(0.,0.));
#6588 = VECTOR('',#6589,1.);
#6589 = DIRECTION('',(0.,1.));
#6590 = ( GEOMETRIC_REPRESENTATION_CONTEXT(2) 
PARAMETRIC_REPRESENTATION_CONTEXT() REPRESENTATION_CONTEXT('2D SPACE',''
  ) );
#6591 = PCURVE('',#1536,#6592);
#6592 = DEFINITIONAL_REPRESENTATION('',(#6593),#6597);
#6593 = LINE('',#6594,#6595);
#6594 = CARTESIAN_POINT('',(8.,0.));
#6595 = VECTOR('',#6596,1.);
#6596 = DIRECTION('',(0.,-1.));
#6597 = ( GEOMETRIC_REPRESENTATION_CONTEXT(2) 
PARAMETRIC_REPRESENTATION_CONTEXT() REPRESENTATION_CONTEXT('2D SPACE',''
  ) );
#6598 = ORIENTED_EDGE('',*,*,#6599,.T.);
#6599 = EDGE_CURVE('',#1521,#1380,#6600,.T.);
#6600 = SURFACE_CURVE('',#6601,(#6605,#6612),.PCURVE_S1.);
#6601 = LINE('',#6602,#6603);
#6602 = CARTESIAN_POINT('',(-199.,31.85,-1.));
#6603 = VECTOR('',#6604,1.);
#6604 = DIRECTION('',(1.,0.,0.));
#6605 = PCURVE('',#6561,#6606);
#6606 = DEFINITIONAL_REPRESENTATION('',(#6607),#6611);
#6607 = LINE('',#6608,#6609);
#6608 = CARTESIAN_POINT('',(-148.74,2.5));
#6609 = VECTOR('',#6610,1.);
#6610 = DIRECTION('',(1.,0.));
#6611 = ( GEOMETRIC_REPRESENTATION_CONTEXT(2) 
PARAMETRIC_REPRESENTATION_CONTEXT() REPRESENTATION_CONTEXT('2D SPACE',''
  ) );
#6612 = PCURVE('',#1052,#6613);
#6613 = DEFINITIONAL_REPRESENTATION('',(#6614),#6618);
#6614 = LINE('',#6615,#6616);
#6615 = CARTESIAN_POINT('',(0.,0.));
#6616 = VECTOR('',#6617,1.);
#6617 = DIRECTION('',(0.,1.));
#6618 = ( GEOMETRIC_REPRESENTATION_CONTEXT(2) 
PARAMETRIC_REPRESENTATION_CONTEXT() REPRESENTATION_CONTEXT('2D SPACE',''
  ) );
#6619 = ORIENTED_EDGE('',*,*,#6547,.T.);
#6620 = ORIENTED_EDGE('',*,*,#6621,.T.);
#6621 = EDGE_CURVE('',#6520,#6622,#6624,.T.);
#6622 = VERTEX_POINT('',#6623);
#6623 = CARTESIAN_POINT('',(-46.26,34.35,-1.));
#6624 = SURFACE_CURVE('',#6625,(#6630,#6637),.PCURVE_S1.);
#6625 = CIRCLE('',#6626,1.);
#6626 = AXIS2_PLACEMENT_3D('',#6627,#6628,#6629);
#6627 = CARTESIAN_POINT('',(-46.26,33.35,-1.));
#6628 = DIRECTION('',(0.,0.,1.));
#6629 = DIRECTION('',(0.,-1.,0.));
#6630 = PCURVE('',#6561,#6631);
#6631 = DEFINITIONAL_REPRESENTATION('',(#6632),#6636);
#6632 = CIRCLE('',#6633,1.);
#6633 = AXIS2_PLACEMENT_2D('',#6634,#6635);
#6634 = CARTESIAN_POINT('',(4.,4.));
#6635 = DIRECTION('',(0.,-1.));
#6636 = ( GEOMETRIC_REPRESENTATION_CONTEXT(2) 
PARAMETRIC_REPRESENTATION_CONTEXT() REPRESENTATION_CONTEXT('2D SPACE',''
  ) );
#6637 = PCURVE('',#6535,#6638);
#6638 = DEFINITIONAL_REPRESENTATION('',(#6639),#6643);
#6639 = LINE('',#6640,#6641);
#6640 = CARTESIAN_POINT('',(-1.570796326795,8.));
#6641 = VECTOR('',#6642,1.);
#6642 = DIRECTION('',(1.,0.));
#6643 = ( GEOMETRIC_REPRESENTATION_CONTEXT(2) 
PARAMETRIC_REPRESENTATION_CONTEXT() REPRESENTATION_CONTEXT('2D SPACE',''
  ) );
#6644 = ORIENTED_EDGE('',*,*,#6645,.F.);
#6645 = EDGE_CURVE('',#6646,#6622,#6648,.T.);
#6646 = VERTEX_POINT('',#6647);
#6647 = CARTESIAN_POINT('',(-49.26,34.35,-1.));
#6648 = SURFACE_CURVE('',#6649,(#6653,#6660),.PCURVE_S1.);
#6649 = LINE('',#6650,#6651);
#6650 = CARTESIAN_POINT('',(-50.26,34.35,-1.));
#6651 = VECTOR('',#6652,1.);
#6652 = DIRECTION('',(1.,0.,0.));
#6653 = PCURVE('',#6561,#6654);
#6654 = DEFINITIONAL_REPRESENTATION('',(#6655),#6659);
#6655 = LINE('',#6656,#6657);
#6656 = CARTESIAN_POINT('',(0.,5.));
#6657 = VECTOR('',#6658,1.);
#6658 = DIRECTION('',(1.,0.));
#6659 = ( GEOMETRIC_REPRESENTATION_CONTEXT(2) 
PARAMETRIC_REPRESENTATION_CONTEXT() REPRESENTATION_CONTEXT('2D SPACE',''
  ) );
#6660 = PCURVE('',#6661,#6666);
#6661 = PLANE('',#6662);
#6662 = AXIS2_PLACEMENT_3D('',#6663,#6664,#6665);
#6663 = CARTESIAN_POINT('',(-50.26,34.35,-9.));
#6664 = DIRECTION('',(0.,1.,0.));
#6665 = DIRECTION('',(0.,0.,1.));
#6666 = DEFINITIONAL_REPRESENTATION('',(#6667),#6671);
#6667 = LINE('',#6668,#6669);
#6668 = CARTESIAN_POINT('',(8.,0.));
#6669 = VECTOR('',#6670,1.);
#6670 = DIRECTION('',(0.,1.));
#6671 = ( GEOMETRIC_REPRESENTATION_CONTEXT(2) 
PARAMETRIC_REPRESENTATION_CONTEXT() REPRESENTATION_CONTEXT('2D SPACE',''
  ) );
#6672 = ORIENTED_EDGE('',*,*,#6673,.F.);
#6673 = EDGE_CURVE('',#6577,#6646,#6674,.T.);
#6674 = SURFACE_CURVE('',#6675,(#6680,#6691),.PCURVE_S1.);
#6675 = CIRCLE('',#6676,1.);
#6676 = AXIS2_PLACEMENT_3D('',#6677,#6678,#6679);
#6677 = CARTESIAN_POINT('',(-49.26,33.35,-1.));
#6678 = DIRECTION('',(-0.,-0.,-1.));
#6679 = DIRECTION('',(0.,-1.,0.));
#6680 = PCURVE('',#6561,#6681);
#6681 = DEFINITIONAL_REPRESENTATION('',(#6682),#6690);
#6682 = ( BOUNDED_CURVE() B_SPLINE_CURVE(2,(#6683,#6684,#6685,#6686,
#6687,#6688,#6689),.UNSPECIFIED.,.T.,.F.) B_SPLINE_CURVE_WITH_KNOTS((1,2
    ,2,2,2,1),(-2.094395102393,0.,2.094395102393,4.188790204786,
6.28318530718,8.377580409573),.UNSPECIFIED.) CURVE() 
GEOMETRIC_REPRESENTATION_ITEM() RATIONAL_B_SPLINE_CURVE((1.,0.5,1.,0.5,
1.,0.5,1.)) REPRESENTATION_ITEM('') );
#6683 = CARTESIAN_POINT('',(1.,3.));
#6684 = CARTESIAN_POINT('',(-0.732050807569,3.));
#6685 = CARTESIAN_POINT('',(0.133974596216,4.5));
#6686 = CARTESIAN_POINT('',(1.,6.));
#6687 = CARTESIAN_POINT('',(1.866025403784,4.5));
#6688 = CARTESIAN_POINT('',(2.732050807569,3.));
#6689 = CARTESIAN_POINT('',(1.,3.));
#6690 = ( GEOMETRIC_REPRESENTATION_CONTEXT(2) 
PARAMETRIC_REPRESENTATION_CONTEXT() REPRESENTATION_CONTEXT('2D SPACE',''
  ) );
#6691 = PCURVE('',#6692,#6697);
#6692 = CYLINDRICAL_SURFACE('',#6693,1.);
#6693 = AXIS2_PLACEMENT_3D('',#6694,#6695,#6696);
#6694 = CARTESIAN_POINT('',(-49.26,33.35,-9.));
#6695 = DIRECTION('',(0.,0.,1.));
#6696 = DIRECTION('',(-1.,-0.,0.));
#6697 = DEFINITIONAL_REPRESENTATION('',(#6698),#6702);
#6698 = LINE('',#6699,#6700);
#6699 = CARTESIAN_POINT('',(1.570796326795,8.));
#6700 = VECTOR('',#6701,1.);
#6701 = DIRECTION('',(-1.,0.));
#6702 = ( GEOMETRIC_REPRESENTATION_CONTEXT(2) 
PARAMETRIC_REPRESENTATION_CONTEXT() REPRESENTATION_CONTEXT('2D SPACE',''
  ) );
#6703 = ADVANCED_FACE('',(#6704),#6661,.T.);
#6704 = FACE_BOUND('',#6705,.T.);
#6705 = EDGE_LOOP('',(#6706,#6729,#6750,#6751));
#6706 = ORIENTED_EDGE('',*,*,#6707,.F.);
#6707 = EDGE_CURVE('',#6708,#6710,#6712,.T.);
#6708 = VERTEX_POINT('',#6709);
#6709 = CARTESIAN_POINT('',(-49.26,34.35,-7.));
#6710 = VERTEX_POINT('',#6711);
#6711 = CARTESIAN_POINT('',(-46.26,34.35,-7.));
#6712 = SURFACE_CURVE('',#6713,(#6717,#6723),.PCURVE_S1.);
#6713 = LINE('',#6714,#6715);
#6714 = CARTESIAN_POINT('',(-50.26,34.35,-7.));
#6715 = VECTOR('',#6716,1.);
#6716 = DIRECTION('',(1.,0.,0.));
#6717 = PCURVE('',#6661,#6718);
#6718 = DEFINITIONAL_REPRESENTATION('',(#6719),#6722);
#6719 = B_SPLINE_CURVE_WITH_KNOTS('',1,(#6720,#6721),.UNSPECIFIED.,.F.,
  .F.,(2,2),(1.,4.),.PIECEWISE_BEZIER_KNOTS.);
#6720 = CARTESIAN_POINT('',(2.,1.));
#6721 = CARTESIAN_POINT('',(2.,4.));
#6722 = ( GEOMETRIC_REPRESENTATION_CONTEXT(2) 
PARAMETRIC_REPRESENTATION_CONTEXT() REPRESENTATION_CONTEXT('2D SPACE',''
  ) );
#6723 = PCURVE('',#6507,#6724);
#6724 = DEFINITIONAL_REPRESENTATION('',(#6725),#6728);
#6725 = B_SPLINE_CURVE_WITH_KNOTS('',1,(#6726,#6727),.UNSPECIFIED.,.F.,
  .F.,(2,2),(1.,4.),.PIECEWISE_BEZIER_KNOTS.);
#6726 = CARTESIAN_POINT('',(1.,1.25));
#6727 = CARTESIAN_POINT('',(4.,1.25));
#6728 = ( GEOMETRIC_REPRESENTATION_CONTEXT(2) 
PARAMETRIC_REPRESENTATION_CONTEXT() REPRESENTATION_CONTEXT('2D SPACE',''
  ) );
#6729 = ORIENTED_EDGE('',*,*,#6730,.T.);
#6730 = EDGE_CURVE('',#6708,#6646,#6731,.T.);
#6731 = SURFACE_CURVE('',#6732,(#6736,#6743),.PCURVE_S1.);
#6732 = LINE('',#6733,#6734);
#6733 = CARTESIAN_POINT('',(-49.26,34.35,-9.));
#6734 = VECTOR('',#6735,1.);
#6735 = DIRECTION('',(0.,0.,1.));
#6736 = PCURVE('',#6661,#6737);
#6737 = DEFINITIONAL_REPRESENTATION('',(#6738),#6742);
#6738 = LINE('',#6739,#6740);
#6739 = CARTESIAN_POINT('',(0.,1.));
#6740 = VECTOR('',#6741,1.);
#6741 = DIRECTION('',(1.,0.));
#6742 = ( GEOMETRIC_REPRESENTATION_CONTEXT(2) 
PARAMETRIC_REPRESENTATION_CONTEXT() REPRESENTATION_CONTEXT('2D SPACE',''
  ) );
#6743 = PCURVE('',#6692,#6744);
#6744 = DEFINITIONAL_REPRESENTATION('',(#6745),#6749);
#6745 = LINE('',#6746,#6747);
#6746 = CARTESIAN_POINT('',(-1.570796326795,0.));
#6747 = VECTOR('',#6748,1.);
#6748 = DIRECTION('',(-0.,1.));
#6749 = ( GEOMETRIC_REPRESENTATION_CONTEXT(2) 
PARAMETRIC_REPRESENTATION_CONTEXT() REPRESENTATION_CONTEXT('2D SPACE',''
  ) );
#6750 = ORIENTED_EDGE('',*,*,#6645,.T.);
#6751 = ORIENTED_EDGE('',*,*,#6752,.F.);
#6752 = EDGE_CURVE('',#6710,#6622,#6753,.T.);
#6753 = SURFACE_CURVE('',#6754,(#6758,#6765),.PCURVE_S1.);
#6754 = LINE('',#6755,#6756);
#6755 = CARTESIAN_POINT('',(-46.26,34.35,-9.));
#6756 = VECTOR('',#6757,1.);
#6757 = DIRECTION('',(0.,0.,1.));
#6758 = PCURVE('',#6661,#6759);
#6759 = DEFINITIONAL_REPRESENTATION('',(#6760),#6764);
#6760 = LINE('',#6761,#6762);
#6761 = CARTESIAN_POINT('',(0.,4.));
#6762 = VECTOR('',#6763,1.);
#6763 = DIRECTION('',(1.,0.));
#6764 = ( GEOMETRIC_REPRESENTATION_CONTEXT(2) 
PARAMETRIC_REPRESENTATION_CONTEXT() REPRESENTATION_CONTEXT('2D SPACE',''
  ) );
#6765 = PCURVE('',#6535,#6766);
#6766 = DEFINITIONAL_REPRESENTATION('',(#6767),#6771);
#6767 = LINE('',#6768,#6769);
#6768 = CARTESIAN_POINT('',(1.570796326795,0.));
#6769 = VECTOR('',#6770,1.);
#6770 = DIRECTION('',(0.,1.));
#6771 = ( GEOMETRIC_REPRESENTATION_CONTEXT(2) 
PARAMETRIC_REPRESENTATION_CONTEXT() REPRESENTATION_CONTEXT('2D SPACE',''
  ) );
#6772 = ADVANCED_FACE('',(#6773),#6692,.T.);
#6773 = FACE_BOUND('',#6774,.F.);
#6774 = EDGE_LOOP('',(#6775,#6798,#6820,#6821));
#6775 = ORIENTED_EDGE('',*,*,#6776,.F.);
#6776 = EDGE_CURVE('',#6777,#6577,#6779,.T.);
#6777 = VERTEX_POINT('',#6778);
#6778 = CARTESIAN_POINT('',(-50.26,33.35,-7.));
#6779 = SURFACE_CURVE('',#6780,(#6784,#6791),.PCURVE_S1.);
#6780 = LINE('',#6781,#6782);
#6781 = CARTESIAN_POINT('',(-50.26,33.35,-9.));
#6782 = VECTOR('',#6783,1.);
#6783 = DIRECTION('',(0.,0.,1.));
#6784 = PCURVE('',#6692,#6785);
#6785 = DEFINITIONAL_REPRESENTATION('',(#6786),#6790);
#6786 = LINE('',#6787,#6788);
#6787 = CARTESIAN_POINT('',(-0.,0.));
#6788 = VECTOR('',#6789,1.);
#6789 = DIRECTION('',(-0.,1.));
#6790 = ( GEOMETRIC_REPRESENTATION_CONTEXT(2) 
PARAMETRIC_REPRESENTATION_CONTEXT() REPRESENTATION_CONTEXT('2D SPACE',''
  ) );
#6791 = PCURVE('',#1536,#6792);
#6792 = DEFINITIONAL_REPRESENTATION('',(#6793),#6797);
#6793 = LINE('',#6794,#6795);
#6794 = CARTESIAN_POINT('',(0.,-4.));
#6795 = VECTOR('',#6796,1.);
#6796 = DIRECTION('',(1.,0.));
#6797 = ( GEOMETRIC_REPRESENTATION_CONTEXT(2) 
PARAMETRIC_REPRESENTATION_CONTEXT() REPRESENTATION_CONTEXT('2D SPACE',''
  ) );
#6798 = ORIENTED_EDGE('',*,*,#6799,.F.);
#6799 = EDGE_CURVE('',#6708,#6777,#6800,.T.);
#6800 = SURFACE_CURVE('',#6801,(#6806,#6813),.PCURVE_S1.);
#6801 = CIRCLE('',#6802,1.);
#6802 = AXIS2_PLACEMENT_3D('',#6803,#6804,#6805);
#6803 = CARTESIAN_POINT('',(-49.26,33.35,-7.));
#6804 = DIRECTION('',(0.,0.,1.));
#6805 = DIRECTION('',(-1.,-0.,0.));
#6806 = PCURVE('',#6692,#6807);
#6807 = DEFINITIONAL_REPRESENTATION('',(#6808),#6812);
#6808 = LINE('',#6809,#6810);
#6809 = CARTESIAN_POINT('',(-6.28318530718,2.));
#6810 = VECTOR('',#6811,1.);
#6811 = DIRECTION('',(1.,-0.));
#6812 = ( GEOMETRIC_REPRESENTATION_CONTEXT(2) 
PARAMETRIC_REPRESENTATION_CONTEXT() REPRESENTATION_CONTEXT('2D SPACE',''
  ) );
#6813 = PCURVE('',#6507,#6814);
#6814 = DEFINITIONAL_REPRESENTATION('',(#6815),#6819);
#6815 = CIRCLE('',#6816,1.);
#6816 = AXIS2_PLACEMENT_2D('',#6817,#6818);
#6817 = CARTESIAN_POINT('',(1.,0.25));
#6818 = DIRECTION('',(-1.,0.));
#6819 = ( GEOMETRIC_REPRESENTATION_CONTEXT(2) 
PARAMETRIC_REPRESENTATION_CONTEXT() REPRESENTATION_CONTEXT('2D SPACE',''
  ) );
#6820 = ORIENTED_EDGE('',*,*,#6730,.T.);
#6821 = ORIENTED_EDGE('',*,*,#6673,.F.);
#6822 = ADVANCED_FACE('',(#6823),#6535,.T.);
#6823 = FACE_BOUND('',#6824,.T.);
#6824 = EDGE_LOOP('',(#6825,#6826,#6848,#6849));
#6825 = ORIENTED_EDGE('',*,*,#6519,.F.);
#6826 = ORIENTED_EDGE('',*,*,#6827,.T.);
#6827 = EDGE_CURVE('',#6492,#6710,#6828,.T.);
#6828 = SURFACE_CURVE('',#6829,(#6834,#6841),.PCURVE_S1.);
#6829 = CIRCLE('',#6830,1.);
#6830 = AXIS2_PLACEMENT_3D('',#6831,#6832,#6833);
#6831 = CARTESIAN_POINT('',(-46.26,33.35,-7.));
#6832 = DIRECTION('',(0.,0.,1.));
#6833 = DIRECTION('',(1.,0.,-0.));
#6834 = PCURVE('',#6535,#6835);
#6835 = DEFINITIONAL_REPRESENTATION('',(#6836),#6840);
#6836 = LINE('',#6837,#6838);
#6837 = CARTESIAN_POINT('',(0.,2.));
#6838 = VECTOR('',#6839,1.);
#6839 = DIRECTION('',(1.,0.));
#6840 = ( GEOMETRIC_REPRESENTATION_CONTEXT(2) 
PARAMETRIC_REPRESENTATION_CONTEXT() REPRESENTATION_CONTEXT('2D SPACE',''
  ) );
#6841 = PCURVE('',#6507,#6842);
#6842 = DEFINITIONAL_REPRESENTATION('',(#6843),#6847);
#6843 = CIRCLE('',#6844,1.);
#6844 = AXIS2_PLACEMENT_2D('',#6845,#6846);
#6845 = CARTESIAN_POINT('',(4.,0.25));
#6846 = DIRECTION('',(1.,0.));
#6847 = ( GEOMETRIC_REPRESENTATION_CONTEXT(2) 
PARAMETRIC_REPRESENTATION_CONTEXT() REPRESENTATION_CONTEXT('2D SPACE',''
  ) );
#6848 = ORIENTED_EDGE('',*,*,#6752,.T.);
#6849 = ORIENTED_EDGE('',*,*,#6621,.F.);
#6850 = ADVANCED_FACE('',(#6851),#6507,.T.);
#6851 = FACE_BOUND('',#6852,.T.);
#6852 = EDGE_LOOP('',(#6853,#6876,#6877,#6878,#6879,#6880));
#6853 = ORIENTED_EDGE('',*,*,#6854,.F.);
#6854 = EDGE_CURVE('',#6777,#6855,#6857,.T.);
#6855 = VERTEX_POINT('',#6856);
#6856 = CARTESIAN_POINT('',(-50.26,34.6,-7.));
#6857 = SURFACE_CURVE('',#6858,(#6862,#6869),.PCURVE_S1.);
#6858 = LINE('',#6859,#6860);
#6859 = CARTESIAN_POINT('',(-50.26,33.1,-7.));
#6860 = VECTOR('',#6861,1.);
#6861 = DIRECTION('',(0.,1.,0.));
#6862 = PCURVE('',#6507,#6863);
#6863 = DEFINITIONAL_REPRESENTATION('',(#6864),#6868);
#6864 = LINE('',#6865,#6866);
#6865 = CARTESIAN_POINT('',(0.,0.));
#6866 = VECTOR('',#6867,1.);
#6867 = DIRECTION('',(0.,1.));
#6868 = ( GEOMETRIC_REPRESENTATION_CONTEXT(2) 
PARAMETRIC_REPRESENTATION_CONTEXT() REPRESENTATION_CONTEXT('2D SPACE',''
  ) );
#6869 = PCURVE('',#1536,#6870);
#6870 = DEFINITIONAL_REPRESENTATION('',(#6871),#6875);
#6871 = LINE('',#6872,#6873);
#6872 = CARTESIAN_POINT('',(2.,-3.75));
#6873 = VECTOR('',#6874,1.);
#6874 = DIRECTION('',(0.,-1.));
#6875 = ( GEOMETRIC_REPRESENTATION_CONTEXT(2) 
PARAMETRIC_REPRESENTATION_CONTEXT() REPRESENTATION_CONTEXT('2D SPACE',''
  ) );
#6876 = ORIENTED_EDGE('',*,*,#6799,.F.);
#6877 = ORIENTED_EDGE('',*,*,#6707,.T.);
#6878 = ORIENTED_EDGE('',*,*,#6827,.F.);
#6879 = ORIENTED_EDGE('',*,*,#6491,.T.);
#6880 = ORIENTED_EDGE('',*,*,#6881,.F.);
#6881 = EDGE_CURVE('',#6855,#6464,#6882,.T.);
#6882 = SURFACE_CURVE('',#6883,(#6887,#6894),.PCURVE_S1.);
#6883 = LINE('',#6884,#6885);
#6884 = CARTESIAN_POINT('',(-50.26,34.6,-7.));
#6885 = VECTOR('',#6886,1.);
#6886 = DIRECTION('',(1.,0.,0.));
#6887 = PCURVE('',#6507,#6888);
#6888 = DEFINITIONAL_REPRESENTATION('',(#6889),#6893);
#6889 = LINE('',#6890,#6891);
#6890 = CARTESIAN_POINT('',(0.,1.5));
#6891 = VECTOR('',#6892,1.);
#6892 = DIRECTION('',(1.,0.));
#6893 = ( GEOMETRIC_REPRESENTATION_CONTEXT(2) 
PARAMETRIC_REPRESENTATION_CONTEXT() REPRESENTATION_CONTEXT('2D SPACE',''
  ) );
#6894 = PCURVE('',#6479,#6895);
#6895 = DEFINITIONAL_REPRESENTATION('',(#6896),#6900);
#6896 = LINE('',#6897,#6898);
#6897 = CARTESIAN_POINT('',(2.,0.));
#6898 = VECTOR('',#6899,1.);
#6899 = DIRECTION('',(0.,1.));
#6900 = ( GEOMETRIC_REPRESENTATION_CONTEXT(2) 
PARAMETRIC_REPRESENTATION_CONTEXT() REPRESENTATION_CONTEXT('2D SPACE',''
  ) );
#6901 = ADVANCED_FACE('',(#6902),#6479,.T.);
#6902 = FACE_BOUND('',#6903,.T.);
#6903 = EDGE_LOOP('',(#6904,#6927,#6948,#6949));
#6904 = ORIENTED_EDGE('',*,*,#6905,.F.);
#6905 = EDGE_CURVE('',#6906,#6436,#6908,.T.);
#6906 = VERTEX_POINT('',#6907);
#6907 = CARTESIAN_POINT('',(-50.26,34.6,-9.));
#6908 = SURFACE_CURVE('',#6909,(#6913,#6920),.PCURVE_S1.);
#6909 = LINE('',#6910,#6911);
#6910 = CARTESIAN_POINT('',(-50.26,34.6,-9.));
#6911 = VECTOR('',#6912,1.);
#6912 = DIRECTION('',(1.,0.,0.));
#6913 = PCURVE('',#6479,#6914);
#6914 = DEFINITIONAL_REPRESENTATION('',(#6915),#6919);
#6915 = LINE('',#6916,#6917);
#6916 = CARTESIAN_POINT('',(0.,0.));
#6917 = VECTOR('',#6918,1.);
#6918 = DIRECTION('',(0.,1.));
#6919 = ( GEOMETRIC_REPRESENTATION_CONTEXT(2) 
PARAMETRIC_REPRESENTATION_CONTEXT() REPRESENTATION_CONTEXT('2D SPACE',''
  ) );
#6920 = PCURVE('',#6451,#6921);
#6921 = DEFINITIONAL_REPRESENTATION('',(#6922),#6926);
#6922 = LINE('',#6923,#6924);
#6923 = CARTESIAN_POINT('',(0.,5.25));
#6924 = VECTOR('',#6925,1.);
#6925 = DIRECTION('',(1.,0.));
#6926 = ( GEOMETRIC_REPRESENTATION_CONTEXT(2) 
PARAMETRIC_REPRESENTATION_CONTEXT() REPRESENTATION_CONTEXT('2D SPACE',''
  ) );
#6927 = ORIENTED_EDGE('',*,*,#6928,.T.);
#6928 = EDGE_CURVE('',#6906,#6855,#6929,.T.);
#6929 = SURFACE_CURVE('',#6930,(#6934,#6941),.PCURVE_S1.);
#6930 = LINE('',#6931,#6932);
#6931 = CARTESIAN_POINT('',(-50.26,34.6,-9.));
#6932 = VECTOR('',#6933,1.);
#6933 = DIRECTION('',(0.,0.,1.));
#6934 = PCURVE('',#6479,#6935);
#6935 = DEFINITIONAL_REPRESENTATION('',(#6936),#6940);
#6936 = LINE('',#6937,#6938);
#6937 = CARTESIAN_POINT('',(0.,0.));
#6938 = VECTOR('',#6939,1.);
#6939 = DIRECTION('',(1.,0.));
#6940 = ( GEOMETRIC_REPRESENTATION_CONTEXT(2) 
PARAMETRIC_REPRESENTATION_CONTEXT() REPRESENTATION_CONTEXT('2D SPACE',''
  ) );
#6941 = PCURVE('',#1536,#6942);
#6942 = DEFINITIONAL_REPRESENTATION('',(#6943),#6947);
#6943 = LINE('',#6944,#6945);
#6944 = CARTESIAN_POINT('',(0.,-5.25));
#6945 = VECTOR('',#6946,1.);
#6946 = DIRECTION('',(1.,0.));
#6947 = ( GEOMETRIC_REPRESENTATION_CONTEXT(2) 
PARAMETRIC_REPRESENTATION_CONTEXT() REPRESENTATION_CONTEXT('2D SPACE',''
  ) );
#6948 = ORIENTED_EDGE('',*,*,#6881,.T.);
#6949 = ORIENTED_EDGE('',*,*,#6463,.F.);
#6950 = ADVANCED_FACE('',(#6951),#6451,.F.);
#6951 = FACE_BOUND('',#6952,.F.);
#6952 = EDGE_LOOP('',(#6953,#6979,#7002,#7028,#7029,#7030));
#6953 = ORIENTED_EDGE('',*,*,#6954,.T.);
#6954 = EDGE_CURVE('',#6955,#6957,#6959,.T.);
#6955 = VERTEX_POINT('',#6956);
#6956 = CARTESIAN_POINT('',(-50.26,30.35,-9.));
#6957 = VERTEX_POINT('',#6958);
#6958 = CARTESIAN_POINT('',(-49.26,29.35,-9.));
#6959 = SURFACE_CURVE('',#6960,(#6965,#6972),.PCURVE_S1.);
#6960 = CIRCLE('',#6961,1.);
#6961 = AXIS2_PLACEMENT_3D('',#6962,#6963,#6964);
#6962 = CARTESIAN_POINT('',(-49.26,30.35,-9.));
#6963 = DIRECTION('',(0.,0.,1.));
#6964 = DIRECTION('',(0.,-1.,0.));
#6965 = PCURVE('',#6451,#6966);
#6966 = DEFINITIONAL_REPRESENTATION('',(#6967),#6971);
#6967 = CIRCLE('',#6968,1.);
#6968 = AXIS2_PLACEMENT_2D('',#6969,#6970);
#6969 = CARTESIAN_POINT('',(1.,1.));
#6970 = DIRECTION('',(0.,-1.));
#6971 = ( GEOMETRIC_REPRESENTATION_CONTEXT(2) 
PARAMETRIC_REPRESENTATION_CONTEXT() REPRESENTATION_CONTEXT('2D SPACE',''
  ) );
#6972 = PCURVE('',#1508,#6973);
#6973 = DEFINITIONAL_REPRESENTATION('',(#6974),#6978);
#6974 = LINE('',#6975,#6976);
#6975 = CARTESIAN_POINT('',(-4.712388980385,0.));
#6976 = VECTOR('',#6977,1.);
#6977 = DIRECTION('',(1.,0.));
#6978 = ( GEOMETRIC_REPRESENTATION_CONTEXT(2) 
PARAMETRIC_REPRESENTATION_CONTEXT() REPRESENTATION_CONTEXT('2D SPACE',''
  ) );
#6979 = ORIENTED_EDGE('',*,*,#6980,.T.);
#6980 = EDGE_CURVE('',#6957,#6981,#6983,.T.);
#6981 = VERTEX_POINT('',#6982);
#6982 = CARTESIAN_POINT('',(-46.26,29.35,-9.));
#6983 = SURFACE_CURVE('',#6984,(#6988,#6995),.PCURVE_S1.);
#6984 = LINE('',#6985,#6986);
#6985 = CARTESIAN_POINT('',(-50.26,29.35,-9.));
#6986 = VECTOR('',#6987,1.);
#6987 = DIRECTION('',(1.,0.,0.));
#6988 = PCURVE('',#6451,#6989);
#6989 = DEFINITIONAL_REPRESENTATION('',(#6990),#6994);
#6990 = LINE('',#6991,#6992);
#6991 = CARTESIAN_POINT('',(0.,0.));
#6992 = VECTOR('',#6993,1.);
#6993 = DIRECTION('',(1.,0.));
#6994 = ( GEOMETRIC_REPRESENTATION_CONTEXT(2) 
PARAMETRIC_REPRESENTATION_CONTEXT() REPRESENTATION_CONTEXT('2D SPACE',''
  ) );
#6995 = PCURVE('',#1479,#6996);
#6996 = DEFINITIONAL_REPRESENTATION('',(#6997),#7001);
#6997 = LINE('',#6998,#6999);
#6998 = CARTESIAN_POINT('',(0.,0.));
#6999 = VECTOR('',#7000,1.);
#7000 = DIRECTION('',(0.,1.));
#7001 = ( GEOMETRIC_REPRESENTATION_CONTEXT(2) 
PARAMETRIC_REPRESENTATION_CONTEXT() REPRESENTATION_CONTEXT('2D SPACE',''
  ) );
#7002 = ORIENTED_EDGE('',*,*,#7003,.F.);
#7003 = EDGE_CURVE('',#6413,#6981,#7004,.T.);
#7004 = SURFACE_CURVE('',#7005,(#7010,#7021),.PCURVE_S1.);
#7005 = CIRCLE('',#7006,1.);
#7006 = AXIS2_PLACEMENT_3D('',#7007,#7008,#7009);
#7007 = CARTESIAN_POINT('',(-46.26,30.35,-9.));
#7008 = DIRECTION('',(-0.,-0.,-1.));
#7009 = DIRECTION('',(0.,-1.,0.));
#7010 = PCURVE('',#6451,#7011);
#7011 = DEFINITIONAL_REPRESENTATION('',(#7012),#7020);
#7012 = ( BOUNDED_CURVE() B_SPLINE_CURVE(2,(#7013,#7014,#7015,#7016,
#7017,#7018,#7019),.UNSPECIFIED.,.T.,.F.) B_SPLINE_CURVE_WITH_KNOTS((1,2
    ,2,2,2,1),(-2.094395102393,0.,2.094395102393,4.188790204786,
6.28318530718,8.377580409573),.UNSPECIFIED.) CURVE() 
GEOMETRIC_REPRESENTATION_ITEM() RATIONAL_B_SPLINE_CURVE((1.,0.5,1.,0.5,
1.,0.5,1.)) REPRESENTATION_ITEM('') );
#7013 = CARTESIAN_POINT('',(4.,0.));
#7014 = CARTESIAN_POINT('',(2.267949192431,0.));
#7015 = CARTESIAN_POINT('',(3.133974596216,1.5));
#7016 = CARTESIAN_POINT('',(4.,3.));
#7017 = CARTESIAN_POINT('',(4.866025403784,1.5));
#7018 = CARTESIAN_POINT('',(5.732050807569,1.554312234475E-15));
#7019 = CARTESIAN_POINT('',(4.,0.));
#7020 = ( GEOMETRIC_REPRESENTATION_CONTEXT(2) 
PARAMETRIC_REPRESENTATION_CONTEXT() REPRESENTATION_CONTEXT('2D SPACE',''
  ) );
#7021 = PCURVE('',#1451,#7022);
#7022 = DEFINITIONAL_REPRESENTATION('',(#7023),#7027);
#7023 = LINE('',#7024,#7025);
#7024 = CARTESIAN_POINT('',(4.712388980385,-0.));
#7025 = VECTOR('',#7026,1.);
#7026 = DIRECTION('',(-1.,0.));
#7027 = ( GEOMETRIC_REPRESENTATION_CONTEXT(2) 
PARAMETRIC_REPRESENTATION_CONTEXT() REPRESENTATION_CONTEXT('2D SPACE',''
  ) );
#7028 = ORIENTED_EDGE('',*,*,#6435,.T.);
#7029 = ORIENTED_EDGE('',*,*,#6905,.F.);
#7030 = ORIENTED_EDGE('',*,*,#7031,.T.);
#7031 = EDGE_CURVE('',#6906,#6955,#7032,.T.);
#7032 = SURFACE_CURVE('',#7033,(#7037,#7044),.PCURVE_S1.);
#7033 = LINE('',#7034,#7035);
#7034 = CARTESIAN_POINT('',(-50.26,34.6,-9.));
#7035 = VECTOR('',#7036,1.);
#7036 = DIRECTION('',(0.,-1.,0.));
#7037 = PCURVE('',#6451,#7038);
#7038 = DEFINITIONAL_REPRESENTATION('',(#7039),#7043);
#7039 = LINE('',#7040,#7041);
#7040 = CARTESIAN_POINT('',(0.,5.25));
#7041 = VECTOR('',#7042,1.);
#7042 = DIRECTION('',(0.,-1.));
#7043 = ( GEOMETRIC_REPRESENTATION_CONTEXT(2) 
PARAMETRIC_REPRESENTATION_CONTEXT() REPRESENTATION_CONTEXT('2D SPACE',''
  ) );
#7044 = PCURVE('',#1536,#7045);
#7045 = DEFINITIONAL_REPRESENTATION('',(#7046),#7050);
#7046 = LINE('',#7047,#7048);
#7047 = CARTESIAN_POINT('',(0.,-5.25));
#7048 = VECTOR('',#7049,1.);
#7049 = DIRECTION('',(0.,1.));
#7050 = ( GEOMETRIC_REPRESENTATION_CONTEXT(2) 
PARAMETRIC_REPRESENTATION_CONTEXT() REPRESENTATION_CONTEXT('2D SPACE',''
  ) );
#7051 = ADVANCED_FACE('',(#7052),#1451,.T.);
#7052 = FACE_BOUND('',#7053,.F.);
#7053 = EDGE_LOOP('',(#7054,#7055,#7076,#7077));
#7054 = ORIENTED_EDGE('',*,*,#7003,.T.);
#7055 = ORIENTED_EDGE('',*,*,#7056,.T.);
#7056 = EDGE_CURVE('',#6981,#1431,#7057,.T.);
#7057 = SURFACE_CURVE('',#7058,(#7062,#7069),.PCURVE_S1.);
#7058 = LINE('',#7059,#7060);
#7059 = CARTESIAN_POINT('',(-46.26,29.35,-9.));
#7060 = VECTOR('',#7061,1.);
#7061 = DIRECTION('',(0.,0.,1.));
#7062 = PCURVE('',#1451,#7063);
#7063 = DEFINITIONAL_REPRESENTATION('',(#7064),#7068);
#7064 = LINE('',#7065,#7066);
#7065 = CARTESIAN_POINT('',(-1.570796326795,0.));
#7066 = VECTOR('',#7067,1.);
#7067 = DIRECTION('',(-0.,1.));
#7068 = ( GEOMETRIC_REPRESENTATION_CONTEXT(2) 
PARAMETRIC_REPRESENTATION_CONTEXT() REPRESENTATION_CONTEXT('2D SPACE',''
  ) );
#7069 = PCURVE('',#1479,#7070);
#7070 = DEFINITIONAL_REPRESENTATION('',(#7071),#7075);
#7071 = LINE('',#7072,#7073);
#7072 = CARTESIAN_POINT('',(0.,4.));
#7073 = VECTOR('',#7074,1.);
#7074 = DIRECTION('',(1.,0.));
#7075 = ( GEOMETRIC_REPRESENTATION_CONTEXT(2) 
PARAMETRIC_REPRESENTATION_CONTEXT() REPRESENTATION_CONTEXT('2D SPACE',''
  ) );
#7076 = ORIENTED_EDGE('',*,*,#1430,.F.);
#7077 = ORIENTED_EDGE('',*,*,#6412,.F.);
#7078 = ADVANCED_FACE('',(#7079),#1479,.F.);
#7079 = FACE_BOUND('',#7080,.F.);
#7080 = EDGE_LOOP('',(#7081,#7082,#7103,#7104));
#7081 = ORIENTED_EDGE('',*,*,#6980,.F.);
#7082 = ORIENTED_EDGE('',*,*,#7083,.T.);
#7083 = EDGE_CURVE('',#6957,#1464,#7084,.T.);
#7084 = SURFACE_CURVE('',#7085,(#7089,#7096),.PCURVE_S1.);
#7085 = LINE('',#7086,#7087);
#7086 = CARTESIAN_POINT('',(-49.26,29.35,-9.));
#7087 = VECTOR('',#7088,1.);
#7088 = DIRECTION('',(0.,0.,1.));
#7089 = PCURVE('',#1479,#7090);
#7090 = DEFINITIONAL_REPRESENTATION('',(#7091),#7095);
#7091 = LINE('',#7092,#7093);
#7092 = CARTESIAN_POINT('',(0.,1.));
#7093 = VECTOR('',#7094,1.);
#7094 = DIRECTION('',(1.,0.));
#7095 = ( GEOMETRIC_REPRESENTATION_CONTEXT(2) 
PARAMETRIC_REPRESENTATION_CONTEXT() REPRESENTATION_CONTEXT('2D SPACE',''
  ) );
#7096 = PCURVE('',#1508,#7097);
#7097 = DEFINITIONAL_REPRESENTATION('',(#7098),#7102);
#7098 = LINE('',#7099,#7100);
#7099 = CARTESIAN_POINT('',(1.570796326795,0.));
#7100 = VECTOR('',#7101,1.);
#7101 = DIRECTION('',(0.,1.));
#7102 = ( GEOMETRIC_REPRESENTATION_CONTEXT(2) 
PARAMETRIC_REPRESENTATION_CONTEXT() REPRESENTATION_CONTEXT('2D SPACE',''
  ) );
#7103 = ORIENTED_EDGE('',*,*,#1463,.T.);
#7104 = ORIENTED_EDGE('',*,*,#7056,.F.);
#7105 = ADVANCED_FACE('',(#7106),#1508,.T.);
#7106 = FACE_BOUND('',#7107,.T.);
#7107 = EDGE_LOOP('',(#7108,#7109,#7110,#7111));
#7108 = ORIENTED_EDGE('',*,*,#6954,.T.);
#7109 = ORIENTED_EDGE('',*,*,#7083,.T.);
#7110 = ORIENTED_EDGE('',*,*,#1491,.F.);
#7111 = ORIENTED_EDGE('',*,*,#7112,.F.);
#7112 = EDGE_CURVE('',#6955,#1492,#7113,.T.);
#7113 = SURFACE_CURVE('',#7114,(#7118,#7125),.PCURVE_S1.);
#7114 = LINE('',#7115,#7116);
#7115 = CARTESIAN_POINT('',(-50.26,30.35,-9.));
#7116 = VECTOR('',#7117,1.);
#7117 = DIRECTION('',(0.,0.,1.));
#7118 = PCURVE('',#1508,#7119);
#7119 = DEFINITIONAL_REPRESENTATION('',(#7120),#7124);
#7120 = LINE('',#7121,#7122);
#7121 = CARTESIAN_POINT('',(0.,0.));
#7122 = VECTOR('',#7123,1.);
#7123 = DIRECTION('',(0.,1.));
#7124 = ( GEOMETRIC_REPRESENTATION_CONTEXT(2) 
PARAMETRIC_REPRESENTATION_CONTEXT() REPRESENTATION_CONTEXT('2D SPACE',''
  ) );
#7125 = PCURVE('',#1536,#7126);
#7126 = DEFINITIONAL_REPRESENTATION('',(#7127),#7131);
#7127 = LINE('',#7128,#7129);
#7128 = CARTESIAN_POINT('',(0.,-1.));
#7129 = VECTOR('',#7130,1.);
#7130 = DIRECTION('',(1.,0.));
#7131 = ( GEOMETRIC_REPRESENTATION_CONTEXT(2) 
PARAMETRIC_REPRESENTATION_CONTEXT() REPRESENTATION_CONTEXT('2D SPACE',''
  ) );
#7132 = ADVANCED_FACE('',(#7133),#1536,.F.);
#7133 = FACE_BOUND('',#7134,.F.);
#7134 = EDGE_LOOP('',(#7135,#7136,#7137,#7138,#7139,#7140,#7141));
#7135 = ORIENTED_EDGE('',*,*,#1520,.F.);
#7136 = ORIENTED_EDGE('',*,*,#7112,.F.);
#7137 = ORIENTED_EDGE('',*,*,#7031,.F.);
#7138 = ORIENTED_EDGE('',*,*,#6928,.T.);
#7139 = ORIENTED_EDGE('',*,*,#6854,.F.);
#7140 = ORIENTED_EDGE('',*,*,#6776,.T.);
#7141 = ORIENTED_EDGE('',*,*,#6576,.F.);
#7142 = ADVANCED_FACE('',(#7143),#1587,.T.);
#7143 = FACE_BOUND('',#7144,.T.);
#7144 = EDGE_LOOP('',(#7145,#7146,#7169,#7197,#7225,#7253,#7281));
#7145 = ORIENTED_EDGE('',*,*,#1571,.F.);
#7146 = ORIENTED_EDGE('',*,*,#7147,.F.);
#7147 = EDGE_CURVE('',#7148,#1572,#7150,.T.);
#7148 = VERTEX_POINT('',#7149);
#7149 = CARTESIAN_POINT('',(-136.8,30.35,-9.));
#7150 = SURFACE_CURVE('',#7151,(#7155,#7162),.PCURVE_S1.);
#7151 = LINE('',#7152,#7153);
#7152 = CARTESIAN_POINT('',(-136.8,30.35,-9.));
#7153 = VECTOR('',#7154,1.);
#7154 = DIRECTION('',(0.,0.,1.));
#7155 = PCURVE('',#1587,#7156);
#7156 = DEFINITIONAL_REPRESENTATION('',(#7157),#7161);
#7157 = LINE('',#7158,#7159);
#7158 = CARTESIAN_POINT('',(0.,-1.));
#7159 = VECTOR('',#7160,1.);
#7160 = DIRECTION('',(1.,0.));
#7161 = ( GEOMETRIC_REPRESENTATION_CONTEXT(2) 
PARAMETRIC_REPRESENTATION_CONTEXT() REPRESENTATION_CONTEXT('2D SPACE',''
  ) );
#7162 = PCURVE('',#1620,#7163);
#7163 = DEFINITIONAL_REPRESENTATION('',(#7164),#7168);
#7164 = LINE('',#7165,#7166);
#7165 = CARTESIAN_POINT('',(-0.,0.));
#7166 = VECTOR('',#7167,1.);
#7167 = DIRECTION('',(-0.,1.));
#7168 = ( GEOMETRIC_REPRESENTATION_CONTEXT(2) 
PARAMETRIC_REPRESENTATION_CONTEXT() REPRESENTATION_CONTEXT('2D SPACE',''
  ) );
#7169 = ORIENTED_EDGE('',*,*,#7170,.T.);
#7170 = EDGE_CURVE('',#7148,#7171,#7173,.T.);
#7171 = VERTEX_POINT('',#7172);
#7172 = CARTESIAN_POINT('',(-136.8,34.6,-9.));
#7173 = SURFACE_CURVE('',#7174,(#7178,#7185),.PCURVE_S1.);
#7174 = LINE('',#7175,#7176);
#7175 = CARTESIAN_POINT('',(-136.8,30.35,-9.));
#7176 = VECTOR('',#7177,1.);
#7177 = DIRECTION('',(0.,1.,0.));
#7178 = PCURVE('',#1587,#7179);
#7179 = DEFINITIONAL_REPRESENTATION('',(#7180),#7184);
#7180 = LINE('',#7181,#7182);
#7181 = CARTESIAN_POINT('',(0.,-1.));
#7182 = VECTOR('',#7183,1.);
#7183 = DIRECTION('',(0.,-1.));
#7184 = ( GEOMETRIC_REPRESENTATION_CONTEXT(2) 
PARAMETRIC_REPRESENTATION_CONTEXT() REPRESENTATION_CONTEXT('2D SPACE',''
  ) );
#7185 = PCURVE('',#7186,#7191);
#7186 = PLANE('',#7187);
#7187 = AXIS2_PLACEMENT_3D('',#7188,#7189,#7190);
#7188 = CARTESIAN_POINT('',(-141.8,29.35,-9.));
#7189 = DIRECTION('',(0.,0.,1.));
#7190 = DIRECTION('',(1.,0.,0.));
#7191 = DEFINITIONAL_REPRESENTATION('',(#7192),#7196);
#7192 = LINE('',#7193,#7194);
#7193 = CARTESIAN_POINT('',(5.,1.));
#7194 = VECTOR('',#7195,1.);
#7195 = DIRECTION('',(0.,1.));
#7196 = ( GEOMETRIC_REPRESENTATION_CONTEXT(2) 
PARAMETRIC_REPRESENTATION_CONTEXT() REPRESENTATION_CONTEXT('2D SPACE',''
  ) );
#7197 = ORIENTED_EDGE('',*,*,#7198,.T.);
#7198 = EDGE_CURVE('',#7171,#7199,#7201,.T.);
#7199 = VERTEX_POINT('',#7200);
#7200 = CARTESIAN_POINT('',(-136.8,34.6,-7.));
#7201 = SURFACE_CURVE('',#7202,(#7206,#7213),.PCURVE_S1.);
#7202 = LINE('',#7203,#7204);
#7203 = CARTESIAN_POINT('',(-136.8,34.6,-9.));
#7204 = VECTOR('',#7205,1.);
#7205 = DIRECTION('',(0.,0.,1.));
#7206 = PCURVE('',#1587,#7207);
#7207 = DEFINITIONAL_REPRESENTATION('',(#7208),#7212);
#7208 = LINE('',#7209,#7210);
#7209 = CARTESIAN_POINT('',(0.,-5.25));
#7210 = VECTOR('',#7211,1.);
#7211 = DIRECTION('',(1.,0.));
#7212 = ( GEOMETRIC_REPRESENTATION_CONTEXT(2) 
PARAMETRIC_REPRESENTATION_CONTEXT() REPRESENTATION_CONTEXT('2D SPACE',''
  ) );
#7213 = PCURVE('',#7214,#7219);
#7214 = PLANE('',#7215);
#7215 = AXIS2_PLACEMENT_3D('',#7216,#7217,#7218);
#7216 = CARTESIAN_POINT('',(-141.8,34.6,-9.));
#7217 = DIRECTION('',(0.,1.,0.));
#7218 = DIRECTION('',(0.,0.,1.));
#7219 = DEFINITIONAL_REPRESENTATION('',(#7220),#7224);
#7220 = LINE('',#7221,#7222);
#7221 = CARTESIAN_POINT('',(0.,5.));
#7222 = VECTOR('',#7223,1.);
#7223 = DIRECTION('',(1.,0.));
#7224 = ( GEOMETRIC_REPRESENTATION_CONTEXT(2) 
PARAMETRIC_REPRESENTATION_CONTEXT() REPRESENTATION_CONTEXT('2D SPACE',''
  ) );
#7225 = ORIENTED_EDGE('',*,*,#7226,.F.);
#7226 = EDGE_CURVE('',#7227,#7199,#7229,.T.);
#7227 = VERTEX_POINT('',#7228);
#7228 = CARTESIAN_POINT('',(-136.8,33.35,-7.));
#7229 = SURFACE_CURVE('',#7230,(#7234,#7241),.PCURVE_S1.);
#7230 = LINE('',#7231,#7232);
#7231 = CARTESIAN_POINT('',(-136.8,33.1,-7.));
#7232 = VECTOR('',#7233,1.);
#7233 = DIRECTION('',(0.,1.,0.));
#7234 = PCURVE('',#1587,#7235);
#7235 = DEFINITIONAL_REPRESENTATION('',(#7236),#7240);
#7236 = LINE('',#7237,#7238);
#7237 = CARTESIAN_POINT('',(2.,-3.75));
#7238 = VECTOR('',#7239,1.);
#7239 = DIRECTION('',(0.,-1.));
#7240 = ( GEOMETRIC_REPRESENTATION_CONTEXT(2) 
PARAMETRIC_REPRESENTATION_CONTEXT() REPRESENTATION_CONTEXT('2D SPACE',''
  ) );
#7241 = PCURVE('',#7242,#7247);
#7242 = PLANE('',#7243);
#7243 = AXIS2_PLACEMENT_3D('',#7244,#7245,#7246);
#7244 = CARTESIAN_POINT('',(-141.8,33.1,-7.));
#7245 = DIRECTION('',(0.,0.,1.));
#7246 = DIRECTION('',(1.,0.,0.));
#7247 = DEFINITIONAL_REPRESENTATION('',(#7248),#7252);
#7248 = LINE('',#7249,#7250);
#7249 = CARTESIAN_POINT('',(5.,0.));
#7250 = VECTOR('',#7251,1.);
#7251 = DIRECTION('',(0.,1.));
#7252 = ( GEOMETRIC_REPRESENTATION_CONTEXT(2) 
PARAMETRIC_REPRESENTATION_CONTEXT() REPRESENTATION_CONTEXT('2D SPACE',''
  ) );
#7253 = ORIENTED_EDGE('',*,*,#7254,.T.);
#7254 = EDGE_CURVE('',#7227,#7255,#7257,.T.);
#7255 = VERTEX_POINT('',#7256);
#7256 = CARTESIAN_POINT('',(-136.8,33.35,-1.));
#7257 = SURFACE_CURVE('',#7258,(#7262,#7269),.PCURVE_S1.);
#7258 = LINE('',#7259,#7260);
#7259 = CARTESIAN_POINT('',(-136.8,33.35,-9.));
#7260 = VECTOR('',#7261,1.);
#7261 = DIRECTION('',(0.,0.,1.));
#7262 = PCURVE('',#1587,#7263);
#7263 = DEFINITIONAL_REPRESENTATION('',(#7264),#7268);
#7264 = LINE('',#7265,#7266);
#7265 = CARTESIAN_POINT('',(0.,-4.));
#7266 = VECTOR('',#7267,1.);
#7267 = DIRECTION('',(1.,0.));
#7268 = ( GEOMETRIC_REPRESENTATION_CONTEXT(2) 
PARAMETRIC_REPRESENTATION_CONTEXT() REPRESENTATION_CONTEXT('2D SPACE',''
  ) );
#7269 = PCURVE('',#7270,#7275);
#7270 = CYLINDRICAL_SURFACE('',#7271,1.);
#7271 = AXIS2_PLACEMENT_3D('',#7272,#7273,#7274);
#7272 = CARTESIAN_POINT('',(-137.8,33.35,-9.));
#7273 = DIRECTION('',(0.,0.,1.));
#7274 = DIRECTION('',(1.,0.,-0.));
#7275 = DEFINITIONAL_REPRESENTATION('',(#7276),#7280);
#7276 = LINE('',#7277,#7278);
#7277 = CARTESIAN_POINT('',(0.,0.));
#7278 = VECTOR('',#7279,1.);
#7279 = DIRECTION('',(0.,1.));
#7280 = ( GEOMETRIC_REPRESENTATION_CONTEXT(2) 
PARAMETRIC_REPRESENTATION_CONTEXT() REPRESENTATION_CONTEXT('2D SPACE',''
  ) );
#7281 = ORIENTED_EDGE('',*,*,#7282,.F.);
#7282 = EDGE_CURVE('',#1549,#7255,#7283,.T.);
#7283 = SURFACE_CURVE('',#7284,(#7288,#7295),.PCURVE_S1.);
#7284 = LINE('',#7285,#7286);
#7285 = CARTESIAN_POINT('',(-136.8,29.35,-1.));
#7286 = VECTOR('',#7287,1.);
#7287 = DIRECTION('',(0.,1.,0.));
#7288 = PCURVE('',#1587,#7289);
#7289 = DEFINITIONAL_REPRESENTATION('',(#7290),#7294);
#7290 = LINE('',#7291,#7292);
#7291 = CARTESIAN_POINT('',(8.,0.));
#7292 = VECTOR('',#7293,1.);
#7293 = DIRECTION('',(0.,-1.));
#7294 = ( GEOMETRIC_REPRESENTATION_CONTEXT(2) 
PARAMETRIC_REPRESENTATION_CONTEXT() REPRESENTATION_CONTEXT('2D SPACE',''
  ) );
#7295 = PCURVE('',#7296,#7301);
#7296 = PLANE('',#7297);
#7297 = AXIS2_PLACEMENT_3D('',#7298,#7299,#7300);
#7298 = CARTESIAN_POINT('',(-141.8,29.35,-1.));
#7299 = DIRECTION('',(0.,0.,1.));
#7300 = DIRECTION('',(1.,0.,0.));
#7301 = DEFINITIONAL_REPRESENTATION('',(#7302),#7306);
#7302 = LINE('',#7303,#7304);
#7303 = CARTESIAN_POINT('',(5.,0.));
#7304 = VECTOR('',#7305,1.);
#7305 = DIRECTION('',(0.,1.));
#7306 = ( GEOMETRIC_REPRESENTATION_CONTEXT(2) 
PARAMETRIC_REPRESENTATION_CONTEXT() REPRESENTATION_CONTEXT('2D SPACE',''
  ) );
#7307 = ADVANCED_FACE('',(#7308),#7296,.T.);
#7308 = FACE_BOUND('',#7309,.T.);
#7309 = EDGE_LOOP('',(#7310,#7333,#7354,#7355,#7379,#7407));
#7310 = ORIENTED_EDGE('',*,*,#7311,.F.);
#7311 = EDGE_CURVE('',#1690,#7312,#7314,.T.);
#7312 = VERTEX_POINT('',#7313);
#7313 = CARTESIAN_POINT('',(-141.8,33.35,-1.));
#7314 = SURFACE_CURVE('',#7315,(#7319,#7326),.PCURVE_S1.);
#7315 = LINE('',#7316,#7317);
#7316 = CARTESIAN_POINT('',(-141.8,29.35,-1.));
#7317 = VECTOR('',#7318,1.);
#7318 = DIRECTION('',(0.,1.,0.));
#7319 = PCURVE('',#7296,#7320);
#7320 = DEFINITIONAL_REPRESENTATION('',(#7321),#7325);
#7321 = LINE('',#7322,#7323);
#7322 = CARTESIAN_POINT('',(0.,0.));
#7323 = VECTOR('',#7324,1.);
#7324 = DIRECTION('',(0.,1.));
#7325 = ( GEOMETRIC_REPRESENTATION_CONTEXT(2) 
PARAMETRIC_REPRESENTATION_CONTEXT() REPRESENTATION_CONTEXT('2D SPACE',''
  ) );
#7326 = PCURVE('',#1705,#7327);
#7327 = DEFINITIONAL_REPRESENTATION('',(#7328),#7332);
#7328 = LINE('',#7329,#7330);
#7329 = CARTESIAN_POINT('',(8.,0.));
#7330 = VECTOR('',#7331,1.);
#7331 = DIRECTION('',(0.,-1.));
#7332 = ( GEOMETRIC_REPRESENTATION_CONTEXT(2) 
PARAMETRIC_REPRESENTATION_CONTEXT() REPRESENTATION_CONTEXT('2D SPACE',''
  ) );
#7333 = ORIENTED_EDGE('',*,*,#7334,.T.);
#7334 = EDGE_CURVE('',#1690,#1549,#7335,.T.);
#7335 = SURFACE_CURVE('',#7336,(#7340,#7347),.PCURVE_S1.);
#7336 = LINE('',#7337,#7338);
#7337 = CARTESIAN_POINT('',(-199.,31.85,-1.));
#7338 = VECTOR('',#7339,1.);
#7339 = DIRECTION('',(1.,0.,0.));
#7340 = PCURVE('',#7296,#7341);
#7341 = DEFINITIONAL_REPRESENTATION('',(#7342),#7346);
#7342 = LINE('',#7343,#7344);
#7343 = CARTESIAN_POINT('',(-57.2,2.5));
#7344 = VECTOR('',#7345,1.);
#7345 = DIRECTION('',(1.,0.));
#7346 = ( GEOMETRIC_REPRESENTATION_CONTEXT(2) 
PARAMETRIC_REPRESENTATION_CONTEXT() REPRESENTATION_CONTEXT('2D SPACE',''
  ) );
#7347 = PCURVE('',#1052,#7348);
#7348 = DEFINITIONAL_REPRESENTATION('',(#7349),#7353);
#7349 = LINE('',#7350,#7351);
#7350 = CARTESIAN_POINT('',(0.,0.));
#7351 = VECTOR('',#7352,1.);
#7352 = DIRECTION('',(0.,1.));
#7353 = ( GEOMETRIC_REPRESENTATION_CONTEXT(2) 
PARAMETRIC_REPRESENTATION_CONTEXT() REPRESENTATION_CONTEXT('2D SPACE',''
  ) );
#7354 = ORIENTED_EDGE('',*,*,#7282,.T.);
#7355 = ORIENTED_EDGE('',*,*,#7356,.T.);
#7356 = EDGE_CURVE('',#7255,#7357,#7359,.T.);
#7357 = VERTEX_POINT('',#7358);
#7358 = CARTESIAN_POINT('',(-137.8,34.35,-1.));
#7359 = SURFACE_CURVE('',#7360,(#7365,#7372),.PCURVE_S1.);
#7360 = CIRCLE('',#7361,1.);
#7361 = AXIS2_PLACEMENT_3D('',#7362,#7363,#7364);
#7362 = CARTESIAN_POINT('',(-137.8,33.35,-1.));
#7363 = DIRECTION('',(0.,0.,1.));
#7364 = DIRECTION('',(0.,-1.,0.));
#7365 = PCURVE('',#7296,#7366);
#7366 = DEFINITIONAL_REPRESENTATION('',(#7367),#7371);
#7367 = CIRCLE('',#7368,1.);
#7368 = AXIS2_PLACEMENT_2D('',#7369,#7370);
#7369 = CARTESIAN_POINT('',(4.,4.));
#7370 = DIRECTION('',(0.,-1.));
#7371 = ( GEOMETRIC_REPRESENTATION_CONTEXT(2) 
PARAMETRIC_REPRESENTATION_CONTEXT() REPRESENTATION_CONTEXT('2D SPACE',''
  ) );
#7372 = PCURVE('',#7270,#7373);
#7373 = DEFINITIONAL_REPRESENTATION('',(#7374),#7378);
#7374 = LINE('',#7375,#7376);
#7375 = CARTESIAN_POINT('',(-1.570796326795,8.));
#7376 = VECTOR('',#7377,1.);
#7377 = DIRECTION('',(1.,0.));
#7378 = ( GEOMETRIC_REPRESENTATION_CONTEXT(2) 
PARAMETRIC_REPRESENTATION_CONTEXT() REPRESENTATION_CONTEXT('2D SPACE',''
  ) );
#7379 = ORIENTED_EDGE('',*,*,#7380,.F.);
#7380 = EDGE_CURVE('',#7381,#7357,#7383,.T.);
#7381 = VERTEX_POINT('',#7382);
#7382 = CARTESIAN_POINT('',(-140.8,34.35,-1.));
#7383 = SURFACE_CURVE('',#7384,(#7388,#7395),.PCURVE_S1.);
#7384 = LINE('',#7385,#7386);
#7385 = CARTESIAN_POINT('',(-141.8,34.35,-1.));
#7386 = VECTOR('',#7387,1.);
#7387 = DIRECTION('',(1.,0.,0.));
#7388 = PCURVE('',#7296,#7389);
#7389 = DEFINITIONAL_REPRESENTATION('',(#7390),#7394);
#7390 = LINE('',#7391,#7392);
#7391 = CARTESIAN_POINT('',(0.,5.));
#7392 = VECTOR('',#7393,1.);
#7393 = DIRECTION('',(1.,0.));
#7394 = ( GEOMETRIC_REPRESENTATION_CONTEXT(2) 
PARAMETRIC_REPRESENTATION_CONTEXT() REPRESENTATION_CONTEXT('2D SPACE',''
  ) );
#7395 = PCURVE('',#7396,#7401);
#7396 = PLANE('',#7397);
#7397 = AXIS2_PLACEMENT_3D('',#7398,#7399,#7400);
#7398 = CARTESIAN_POINT('',(-141.8,34.35,-9.));
#7399 = DIRECTION('',(0.,1.,0.));
#7400 = DIRECTION('',(0.,0.,1.));
#7401 = DEFINITIONAL_REPRESENTATION('',(#7402),#7406);
#7402 = LINE('',#7403,#7404);
#7403 = CARTESIAN_POINT('',(8.,0.));
#7404 = VECTOR('',#7405,1.);
#7405 = DIRECTION('',(0.,1.));
#7406 = ( GEOMETRIC_REPRESENTATION_CONTEXT(2) 
PARAMETRIC_REPRESENTATION_CONTEXT() REPRESENTATION_CONTEXT('2D SPACE',''
  ) );
#7407 = ORIENTED_EDGE('',*,*,#7408,.F.);
#7408 = EDGE_CURVE('',#7312,#7381,#7409,.T.);
#7409 = SURFACE_CURVE('',#7410,(#7415,#7426),.PCURVE_S1.);
#7410 = CIRCLE('',#7411,1.);
#7411 = AXIS2_PLACEMENT_3D('',#7412,#7413,#7414);
#7412 = CARTESIAN_POINT('',(-140.8,33.35,-1.));
#7413 = DIRECTION('',(-0.,-0.,-1.));
#7414 = DIRECTION('',(0.,-1.,0.));
#7415 = PCURVE('',#7296,#7416);
#7416 = DEFINITIONAL_REPRESENTATION('',(#7417),#7425);
#7417 = ( BOUNDED_CURVE() B_SPLINE_CURVE(2,(#7418,#7419,#7420,#7421,
#7422,#7423,#7424),.UNSPECIFIED.,.T.,.F.) B_SPLINE_CURVE_WITH_KNOTS((1,2
    ,2,2,2,1),(-2.094395102393,0.,2.094395102393,4.188790204786,
6.28318530718,8.377580409573),.UNSPECIFIED.) CURVE() 
GEOMETRIC_REPRESENTATION_ITEM() RATIONAL_B_SPLINE_CURVE((1.,0.5,1.,0.5,
1.,0.5,1.)) REPRESENTATION_ITEM('') );
#7418 = CARTESIAN_POINT('',(1.,3.));
#7419 = CARTESIAN_POINT('',(-0.732050807569,3.));
#7420 = CARTESIAN_POINT('',(0.133974596216,4.5));
#7421 = CARTESIAN_POINT('',(1.,6.));
#7422 = CARTESIAN_POINT('',(1.866025403784,4.5));
#7423 = CARTESIAN_POINT('',(2.732050807569,3.));
#7424 = CARTESIAN_POINT('',(1.,3.));
#7425 = ( GEOMETRIC_REPRESENTATION_CONTEXT(2) 
PARAMETRIC_REPRESENTATION_CONTEXT() REPRESENTATION_CONTEXT('2D SPACE',''
  ) );
#7426 = PCURVE('',#7427,#7432);
#7427 = CYLINDRICAL_SURFACE('',#7428,1.);
#7428 = AXIS2_PLACEMENT_3D('',#7429,#7430,#7431);
#7429 = CARTESIAN_POINT('',(-140.8,33.35,-9.));
#7430 = DIRECTION('',(0.,0.,1.));
#7431 = DIRECTION('',(-1.,-0.,0.));
#7432 = DEFINITIONAL_REPRESENTATION('',(#7433),#7437);
#7433 = LINE('',#7434,#7435);
#7434 = CARTESIAN_POINT('',(1.570796326795,8.));
#7435 = VECTOR('',#7436,1.);
#7436 = DIRECTION('',(-1.,0.));
#7437 = ( GEOMETRIC_REPRESENTATION_CONTEXT(2) 
PARAMETRIC_REPRESENTATION_CONTEXT() REPRESENTATION_CONTEXT('2D SPACE',''
  ) );
#7438 = ADVANCED_FACE('',(#7439),#7396,.T.);
#7439 = FACE_BOUND('',#7440,.T.);
#7440 = EDGE_LOOP('',(#7441,#7464,#7485,#7486));
#7441 = ORIENTED_EDGE('',*,*,#7442,.F.);
#7442 = EDGE_CURVE('',#7443,#7445,#7447,.T.);
#7443 = VERTEX_POINT('',#7444);
#7444 = CARTESIAN_POINT('',(-140.8,34.35,-7.));
#7445 = VERTEX_POINT('',#7446);
#7446 = CARTESIAN_POINT('',(-137.8,34.35,-7.));
#7447 = SURFACE_CURVE('',#7448,(#7452,#7458),.PCURVE_S1.);
#7448 = LINE('',#7449,#7450);
#7449 = CARTESIAN_POINT('',(-141.8,34.35,-7.));
#7450 = VECTOR('',#7451,1.);
#7451 = DIRECTION('',(1.,0.,0.));
#7452 = PCURVE('',#7396,#7453);
#7453 = DEFINITIONAL_REPRESENTATION('',(#7454),#7457);
#7454 = B_SPLINE_CURVE_WITH_KNOTS('',1,(#7455,#7456),.UNSPECIFIED.,.F.,
  .F.,(2,2),(1.,4.),.PIECEWISE_BEZIER_KNOTS.);
#7455 = CARTESIAN_POINT('',(2.,1.));
#7456 = CARTESIAN_POINT('',(2.,4.));
#7457 = ( GEOMETRIC_REPRESENTATION_CONTEXT(2) 
PARAMETRIC_REPRESENTATION_CONTEXT() REPRESENTATION_CONTEXT('2D SPACE',''
  ) );
#7458 = PCURVE('',#7242,#7459);
#7459 = DEFINITIONAL_REPRESENTATION('',(#7460),#7463);
#7460 = B_SPLINE_CURVE_WITH_KNOTS('',1,(#7461,#7462),.UNSPECIFIED.,.F.,
  .F.,(2,2),(1.,4.),.PIECEWISE_BEZIER_KNOTS.);
#7461 = CARTESIAN_POINT('',(1.,1.25));
#7462 = CARTESIAN_POINT('',(4.,1.25));
#7463 = ( GEOMETRIC_REPRESENTATION_CONTEXT(2) 
PARAMETRIC_REPRESENTATION_CONTEXT() REPRESENTATION_CONTEXT('2D SPACE',''
  ) );
#7464 = ORIENTED_EDGE('',*,*,#7465,.T.);
#7465 = EDGE_CURVE('',#7443,#7381,#7466,.T.);
#7466 = SURFACE_CURVE('',#7467,(#7471,#7478),.PCURVE_S1.);
#7467 = LINE('',#7468,#7469);
#7468 = CARTESIAN_POINT('',(-140.8,34.35,-9.));
#7469 = VECTOR('',#7470,1.);
#7470 = DIRECTION('',(0.,0.,1.));
#7471 = PCURVE('',#7396,#7472);
#7472 = DEFINITIONAL_REPRESENTATION('',(#7473),#7477);
#7473 = LINE('',#7474,#7475);
#7474 = CARTESIAN_POINT('',(0.,1.));
#7475 = VECTOR('',#7476,1.);
#7476 = DIRECTION('',(1.,0.));
#7477 = ( GEOMETRIC_REPRESENTATION_CONTEXT(2) 
PARAMETRIC_REPRESENTATION_CONTEXT() REPRESENTATION_CONTEXT('2D SPACE',''
  ) );
#7478 = PCURVE('',#7427,#7479);
#7479 = DEFINITIONAL_REPRESENTATION('',(#7480),#7484);
#7480 = LINE('',#7481,#7482);
#7481 = CARTESIAN_POINT('',(-1.570796326795,0.));
#7482 = VECTOR('',#7483,1.);
#7483 = DIRECTION('',(-0.,1.));
#7484 = ( GEOMETRIC_REPRESENTATION_CONTEXT(2) 
PARAMETRIC_REPRESENTATION_CONTEXT() REPRESENTATION_CONTEXT('2D SPACE',''
  ) );
#7485 = ORIENTED_EDGE('',*,*,#7380,.T.);
#7486 = ORIENTED_EDGE('',*,*,#7487,.F.);
#7487 = EDGE_CURVE('',#7445,#7357,#7488,.T.);
#7488 = SURFACE_CURVE('',#7489,(#7493,#7500),.PCURVE_S1.);
#7489 = LINE('',#7490,#7491);
#7490 = CARTESIAN_POINT('',(-137.8,34.35,-9.));
#7491 = VECTOR('',#7492,1.);
#7492 = DIRECTION('',(0.,0.,1.));
#7493 = PCURVE('',#7396,#7494);
#7494 = DEFINITIONAL_REPRESENTATION('',(#7495),#7499);
#7495 = LINE('',#7496,#7497);
#7496 = CARTESIAN_POINT('',(0.,4.));
#7497 = VECTOR('',#7498,1.);
#7498 = DIRECTION('',(1.,0.));
#7499 = ( GEOMETRIC_REPRESENTATION_CONTEXT(2) 
PARAMETRIC_REPRESENTATION_CONTEXT() REPRESENTATION_CONTEXT('2D SPACE',''
  ) );
#7500 = PCURVE('',#7270,#7501);
#7501 = DEFINITIONAL_REPRESENTATION('',(#7502),#7506);
#7502 = LINE('',#7503,#7504);
#7503 = CARTESIAN_POINT('',(1.570796326795,0.));
#7504 = VECTOR('',#7505,1.);
#7505 = DIRECTION('',(0.,1.));
#7506 = ( GEOMETRIC_REPRESENTATION_CONTEXT(2) 
PARAMETRIC_REPRESENTATION_CONTEXT() REPRESENTATION_CONTEXT('2D SPACE',''
  ) );
#7507 = ADVANCED_FACE('',(#7508),#7427,.T.);
#7508 = FACE_BOUND('',#7509,.F.);
#7509 = EDGE_LOOP('',(#7510,#7533,#7555,#7556));
#7510 = ORIENTED_EDGE('',*,*,#7511,.F.);
#7511 = EDGE_CURVE('',#7512,#7312,#7514,.T.);
#7512 = VERTEX_POINT('',#7513);
#7513 = CARTESIAN_POINT('',(-141.8,33.35,-7.));
#7514 = SURFACE_CURVE('',#7515,(#7519,#7526),.PCURVE_S1.);
#7515 = LINE('',#7516,#7517);
#7516 = CARTESIAN_POINT('',(-141.8,33.35,-9.));
#7517 = VECTOR('',#7518,1.);
#7518 = DIRECTION('',(0.,0.,1.));
#7519 = PCURVE('',#7427,#7520);
#7520 = DEFINITIONAL_REPRESENTATION('',(#7521),#7525);
#7521 = LINE('',#7522,#7523);
#7522 = CARTESIAN_POINT('',(-0.,0.));
#7523 = VECTOR('',#7524,1.);
#7524 = DIRECTION('',(-0.,1.));
#7525 = ( GEOMETRIC_REPRESENTATION_CONTEXT(2) 
PARAMETRIC_REPRESENTATION_CONTEXT() REPRESENTATION_CONTEXT('2D SPACE',''
  ) );
#7526 = PCURVE('',#1705,#7527);
#7527 = DEFINITIONAL_REPRESENTATION('',(#7528),#7532);
#7528 = LINE('',#7529,#7530);
#7529 = CARTESIAN_POINT('',(0.,-4.));
#7530 = VECTOR('',#7531,1.);
#7531 = DIRECTION('',(1.,0.));
#7532 = ( GEOMETRIC_REPRESENTATION_CONTEXT(2) 
PARAMETRIC_REPRESENTATION_CONTEXT() REPRESENTATION_CONTEXT('2D SPACE',''
  ) );
#7533 = ORIENTED_EDGE('',*,*,#7534,.F.);
#7534 = EDGE_CURVE('',#7443,#7512,#7535,.T.);
#7535 = SURFACE_CURVE('',#7536,(#7541,#7548),.PCURVE_S1.);
#7536 = CIRCLE('',#7537,1.);
#7537 = AXIS2_PLACEMENT_3D('',#7538,#7539,#7540);
#7538 = CARTESIAN_POINT('',(-140.8,33.35,-7.));
#7539 = DIRECTION('',(0.,0.,1.));
#7540 = DIRECTION('',(-1.,-0.,0.));
#7541 = PCURVE('',#7427,#7542);
#7542 = DEFINITIONAL_REPRESENTATION('',(#7543),#7547);
#7543 = LINE('',#7544,#7545);
#7544 = CARTESIAN_POINT('',(-6.28318530718,2.));
#7545 = VECTOR('',#7546,1.);
#7546 = DIRECTION('',(1.,-0.));
#7547 = ( GEOMETRIC_REPRESENTATION_CONTEXT(2) 
PARAMETRIC_REPRESENTATION_CONTEXT() REPRESENTATION_CONTEXT('2D SPACE',''
  ) );
#7548 = PCURVE('',#7242,#7549);
#7549 = DEFINITIONAL_REPRESENTATION('',(#7550),#7554);
#7550 = CIRCLE('',#7551,1.);
#7551 = AXIS2_PLACEMENT_2D('',#7552,#7553);
#7552 = CARTESIAN_POINT('',(1.,0.25));
#7553 = DIRECTION('',(-1.,0.));
#7554 = ( GEOMETRIC_REPRESENTATION_CONTEXT(2) 
PARAMETRIC_REPRESENTATION_CONTEXT() REPRESENTATION_CONTEXT('2D SPACE',''
  ) );
#7555 = ORIENTED_EDGE('',*,*,#7465,.T.);
#7556 = ORIENTED_EDGE('',*,*,#7408,.F.);
#7557 = ADVANCED_FACE('',(#7558),#7270,.T.);
#7558 = FACE_BOUND('',#7559,.T.);
#7559 = EDGE_LOOP('',(#7560,#7561,#7583,#7584));
#7560 = ORIENTED_EDGE('',*,*,#7254,.F.);
#7561 = ORIENTED_EDGE('',*,*,#7562,.T.);
#7562 = EDGE_CURVE('',#7227,#7445,#7563,.T.);
#7563 = SURFACE_CURVE('',#7564,(#7569,#7576),.PCURVE_S1.);
#7564 = CIRCLE('',#7565,1.);
#7565 = AXIS2_PLACEMENT_3D('',#7566,#7567,#7568);
#7566 = CARTESIAN_POINT('',(-137.8,33.35,-7.));
#7567 = DIRECTION('',(0.,0.,1.));
#7568 = DIRECTION('',(1.,0.,-0.));
#7569 = PCURVE('',#7270,#7570);
#7570 = DEFINITIONAL_REPRESENTATION('',(#7571),#7575);
#7571 = LINE('',#7572,#7573);
#7572 = CARTESIAN_POINT('',(0.,2.));
#7573 = VECTOR('',#7574,1.);
#7574 = DIRECTION('',(1.,0.));
#7575 = ( GEOMETRIC_REPRESENTATION_CONTEXT(2) 
PARAMETRIC_REPRESENTATION_CONTEXT() REPRESENTATION_CONTEXT('2D SPACE',''
  ) );
#7576 = PCURVE('',#7242,#7577);
#7577 = DEFINITIONAL_REPRESENTATION('',(#7578),#7582);
#7578 = CIRCLE('',#7579,1.);
#7579 = AXIS2_PLACEMENT_2D('',#7580,#7581);
#7580 = CARTESIAN_POINT('',(4.,0.25));
#7581 = DIRECTION('',(1.,0.));
#7582 = ( GEOMETRIC_REPRESENTATION_CONTEXT(2) 
PARAMETRIC_REPRESENTATION_CONTEXT() REPRESENTATION_CONTEXT('2D SPACE',''
  ) );
#7583 = ORIENTED_EDGE('',*,*,#7487,.T.);
#7584 = ORIENTED_EDGE('',*,*,#7356,.F.);
#7585 = ADVANCED_FACE('',(#7586),#7242,.T.);
#7586 = FACE_BOUND('',#7587,.T.);
#7587 = EDGE_LOOP('',(#7588,#7611,#7612,#7613,#7614,#7615));
#7588 = ORIENTED_EDGE('',*,*,#7589,.F.);
#7589 = EDGE_CURVE('',#7512,#7590,#7592,.T.);
#7590 = VERTEX_POINT('',#7591);
#7591 = CARTESIAN_POINT('',(-141.8,34.6,-7.));
#7592 = SURFACE_CURVE('',#7593,(#7597,#7604),.PCURVE_S1.);
#7593 = LINE('',#7594,#7595);
#7594 = CARTESIAN_POINT('',(-141.8,33.1,-7.));
#7595 = VECTOR('',#7596,1.);
#7596 = DIRECTION('',(0.,1.,0.));
#7597 = PCURVE('',#7242,#7598);
#7598 = DEFINITIONAL_REPRESENTATION('',(#7599),#7603);
#7599 = LINE('',#7600,#7601);
#7600 = CARTESIAN_POINT('',(0.,0.));
#7601 = VECTOR('',#7602,1.);
#7602 = DIRECTION('',(0.,1.));
#7603 = ( GEOMETRIC_REPRESENTATION_CONTEXT(2) 
PARAMETRIC_REPRESENTATION_CONTEXT() REPRESENTATION_CONTEXT('2D SPACE',''
  ) );
#7604 = PCURVE('',#1705,#7605);
#7605 = DEFINITIONAL_REPRESENTATION('',(#7606),#7610);
#7606 = LINE('',#7607,#7608);
#7607 = CARTESIAN_POINT('',(2.,-3.75));
#7608 = VECTOR('',#7609,1.);
#7609 = DIRECTION('',(0.,-1.));
#7610 = ( GEOMETRIC_REPRESENTATION_CONTEXT(2) 
PARAMETRIC_REPRESENTATION_CONTEXT() REPRESENTATION_CONTEXT('2D SPACE',''
  ) );
#7611 = ORIENTED_EDGE('',*,*,#7534,.F.);
#7612 = ORIENTED_EDGE('',*,*,#7442,.T.);
#7613 = ORIENTED_EDGE('',*,*,#7562,.F.);
#7614 = ORIENTED_EDGE('',*,*,#7226,.T.);
#7615 = ORIENTED_EDGE('',*,*,#7616,.F.);
#7616 = EDGE_CURVE('',#7590,#7199,#7617,.T.);
#7617 = SURFACE_CURVE('',#7618,(#7622,#7629),.PCURVE_S1.);
#7618 = LINE('',#7619,#7620);
#7619 = CARTESIAN_POINT('',(-141.8,34.6,-7.));
#7620 = VECTOR('',#7621,1.);
#7621 = DIRECTION('',(1.,0.,0.));
#7622 = PCURVE('',#7242,#7623);
#7623 = DEFINITIONAL_REPRESENTATION('',(#7624),#7628);
#7624 = LINE('',#7625,#7626);
#7625 = CARTESIAN_POINT('',(0.,1.5));
#7626 = VECTOR('',#7627,1.);
#7627 = DIRECTION('',(1.,0.));
#7628 = ( GEOMETRIC_REPRESENTATION_CONTEXT(2) 
PARAMETRIC_REPRESENTATION_CONTEXT() REPRESENTATION_CONTEXT('2D SPACE',''
  ) );
#7629 = PCURVE('',#7214,#7630);
#7630 = DEFINITIONAL_REPRESENTATION('',(#7631),#7635);
#7631 = LINE('',#7632,#7633);
#7632 = CARTESIAN_POINT('',(2.,0.));
#7633 = VECTOR('',#7634,1.);
#7634 = DIRECTION('',(0.,1.));
#7635 = ( GEOMETRIC_REPRESENTATION_CONTEXT(2) 
PARAMETRIC_REPRESENTATION_CONTEXT() REPRESENTATION_CONTEXT('2D SPACE',''
  ) );
#7636 = ADVANCED_FACE('',(#7637),#7214,.T.);
#7637 = FACE_BOUND('',#7638,.T.);
#7638 = EDGE_LOOP('',(#7639,#7662,#7683,#7684));
#7639 = ORIENTED_EDGE('',*,*,#7640,.F.);
#7640 = EDGE_CURVE('',#7641,#7171,#7643,.T.);
#7641 = VERTEX_POINT('',#7642);
#7642 = CARTESIAN_POINT('',(-141.8,34.6,-9.));
#7643 = SURFACE_CURVE('',#7644,(#7648,#7655),.PCURVE_S1.);
#7644 = LINE('',#7645,#7646);
#7645 = CARTESIAN_POINT('',(-141.8,34.6,-9.));
#7646 = VECTOR('',#7647,1.);
#7647 = DIRECTION('',(1.,0.,0.));
#7648 = PCURVE('',#7214,#7649);
#7649 = DEFINITIONAL_REPRESENTATION('',(#7650),#7654);
#7650 = LINE('',#7651,#7652);
#7651 = CARTESIAN_POINT('',(0.,0.));
#7652 = VECTOR('',#7653,1.);
#7653 = DIRECTION('',(0.,1.));
#7654 = ( GEOMETRIC_REPRESENTATION_CONTEXT(2) 
PARAMETRIC_REPRESENTATION_CONTEXT() REPRESENTATION_CONTEXT('2D SPACE',''
  ) );
#7655 = PCURVE('',#7186,#7656);
#7656 = DEFINITIONAL_REPRESENTATION('',(#7657),#7661);
#7657 = LINE('',#7658,#7659);
#7658 = CARTESIAN_POINT('',(0.,5.25));
#7659 = VECTOR('',#7660,1.);
#7660 = DIRECTION('',(1.,0.));
#7661 = ( GEOMETRIC_REPRESENTATION_CONTEXT(2) 
PARAMETRIC_REPRESENTATION_CONTEXT() REPRESENTATION_CONTEXT('2D SPACE',''
  ) );
#7662 = ORIENTED_EDGE('',*,*,#7663,.T.);
#7663 = EDGE_CURVE('',#7641,#7590,#7664,.T.);
#7664 = SURFACE_CURVE('',#7665,(#7669,#7676),.PCURVE_S1.);
#7665 = LINE('',#7666,#7667);
#7666 = CARTESIAN_POINT('',(-141.8,34.6,-9.));
#7667 = VECTOR('',#7668,1.);
#7668 = DIRECTION('',(0.,0.,1.));
#7669 = PCURVE('',#7214,#7670);
#7670 = DEFINITIONAL_REPRESENTATION('',(#7671),#7675);
#7671 = LINE('',#7672,#7673);
#7672 = CARTESIAN_POINT('',(0.,0.));
#7673 = VECTOR('',#7674,1.);
#7674 = DIRECTION('',(1.,0.));
#7675 = ( GEOMETRIC_REPRESENTATION_CONTEXT(2) 
PARAMETRIC_REPRESENTATION_CONTEXT() REPRESENTATION_CONTEXT('2D SPACE',''
  ) );
#7676 = PCURVE('',#1705,#7677);
#7677 = DEFINITIONAL_REPRESENTATION('',(#7678),#7682);
#7678 = LINE('',#7679,#7680);
#7679 = CARTESIAN_POINT('',(0.,-5.25));
#7680 = VECTOR('',#7681,1.);
#7681 = DIRECTION('',(1.,0.));
#7682 = ( GEOMETRIC_REPRESENTATION_CONTEXT(2) 
PARAMETRIC_REPRESENTATION_CONTEXT() REPRESENTATION_CONTEXT('2D SPACE',''
  ) );
#7683 = ORIENTED_EDGE('',*,*,#7616,.T.);
#7684 = ORIENTED_EDGE('',*,*,#7198,.F.);
#7685 = ADVANCED_FACE('',(#7686),#7186,.F.);
#7686 = FACE_BOUND('',#7687,.F.);
#7687 = EDGE_LOOP('',(#7688,#7714,#7737,#7763,#7764,#7765));
#7688 = ORIENTED_EDGE('',*,*,#7689,.T.);
#7689 = EDGE_CURVE('',#7690,#7692,#7694,.T.);
#7690 = VERTEX_POINT('',#7691);
#7691 = CARTESIAN_POINT('',(-141.8,30.35,-9.));
#7692 = VERTEX_POINT('',#7693);
#7693 = CARTESIAN_POINT('',(-140.8,29.35,-9.));
#7694 = SURFACE_CURVE('',#7695,(#7700,#7707),.PCURVE_S1.);
#7695 = CIRCLE('',#7696,1.);
#7696 = AXIS2_PLACEMENT_3D('',#7697,#7698,#7699);
#7697 = CARTESIAN_POINT('',(-140.8,30.35,-9.));
#7698 = DIRECTION('',(0.,0.,1.));
#7699 = DIRECTION('',(0.,-1.,0.));
#7700 = PCURVE('',#7186,#7701);
#7701 = DEFINITIONAL_REPRESENTATION('',(#7702),#7706);
#7702 = CIRCLE('',#7703,1.);
#7703 = AXIS2_PLACEMENT_2D('',#7704,#7705);
#7704 = CARTESIAN_POINT('',(1.,1.));
#7705 = DIRECTION('',(0.,-1.));
#7706 = ( GEOMETRIC_REPRESENTATION_CONTEXT(2) 
PARAMETRIC_REPRESENTATION_CONTEXT() REPRESENTATION_CONTEXT('2D SPACE',''
  ) );
#7707 = PCURVE('',#1677,#7708);
#7708 = DEFINITIONAL_REPRESENTATION('',(#7709),#7713);
#7709 = LINE('',#7710,#7711);
#7710 = CARTESIAN_POINT('',(-4.712388980385,0.));
#7711 = VECTOR('',#7712,1.);
#7712 = DIRECTION('',(1.,0.));
#7713 = ( GEOMETRIC_REPRESENTATION_CONTEXT(2) 
PARAMETRIC_REPRESENTATION_CONTEXT() REPRESENTATION_CONTEXT('2D SPACE',''
  ) );
#7714 = ORIENTED_EDGE('',*,*,#7715,.T.);
#7715 = EDGE_CURVE('',#7692,#7716,#7718,.T.);
#7716 = VERTEX_POINT('',#7717);
#7717 = CARTESIAN_POINT('',(-137.8,29.35,-9.));
#7718 = SURFACE_CURVE('',#7719,(#7723,#7730),.PCURVE_S1.);
#7719 = LINE('',#7720,#7721);
#7720 = CARTESIAN_POINT('',(-141.8,29.35,-9.));
#7721 = VECTOR('',#7722,1.);
#7722 = DIRECTION('',(1.,0.,0.));
#7723 = PCURVE('',#7186,#7724);
#7724 = DEFINITIONAL_REPRESENTATION('',(#7725),#7729);
#7725 = LINE('',#7726,#7727);
#7726 = CARTESIAN_POINT('',(0.,0.));
#7727 = VECTOR('',#7728,1.);
#7728 = DIRECTION('',(1.,0.));
#7729 = ( GEOMETRIC_REPRESENTATION_CONTEXT(2) 
PARAMETRIC_REPRESENTATION_CONTEXT() REPRESENTATION_CONTEXT('2D SPACE',''
  ) );
#7730 = PCURVE('',#1648,#7731);
#7731 = DEFINITIONAL_REPRESENTATION('',(#7732),#7736);
#7732 = LINE('',#7733,#7734);
#7733 = CARTESIAN_POINT('',(0.,0.));
#7734 = VECTOR('',#7735,1.);
#7735 = DIRECTION('',(0.,1.));
#7736 = ( GEOMETRIC_REPRESENTATION_CONTEXT(2) 
PARAMETRIC_REPRESENTATION_CONTEXT() REPRESENTATION_CONTEXT('2D SPACE',''
  ) );
#7737 = ORIENTED_EDGE('',*,*,#7738,.F.);
#7738 = EDGE_CURVE('',#7148,#7716,#7739,.T.);
#7739 = SURFACE_CURVE('',#7740,(#7745,#7756),.PCURVE_S1.);
#7740 = CIRCLE('',#7741,1.);
#7741 = AXIS2_PLACEMENT_3D('',#7742,#7743,#7744);
#7742 = CARTESIAN_POINT('',(-137.8,30.35,-9.));
#7743 = DIRECTION('',(-0.,-0.,-1.));
#7744 = DIRECTION('',(0.,-1.,0.));
#7745 = PCURVE('',#7186,#7746);
#7746 = DEFINITIONAL_REPRESENTATION('',(#7747),#7755);
#7747 = ( BOUNDED_CURVE() B_SPLINE_CURVE(2,(#7748,#7749,#7750,#7751,
#7752,#7753,#7754),.UNSPECIFIED.,.T.,.F.) B_SPLINE_CURVE_WITH_KNOTS((1,2
    ,2,2,2,1),(-2.094395102393,0.,2.094395102393,4.188790204786,
6.28318530718,8.377580409573),.UNSPECIFIED.) CURVE() 
GEOMETRIC_REPRESENTATION_ITEM() RATIONAL_B_SPLINE_CURVE((1.,0.5,1.,0.5,
1.,0.5,1.)) REPRESENTATION_ITEM('') );
#7748 = CARTESIAN_POINT('',(4.,0.));
#7749 = CARTESIAN_POINT('',(2.267949192431,0.));
#7750 = CARTESIAN_POINT('',(3.133974596216,1.5));
#7751 = CARTESIAN_POINT('',(4.,3.));
#7752 = CARTESIAN_POINT('',(4.866025403784,1.5));
#7753 = CARTESIAN_POINT('',(5.732050807569,1.554312234475E-15));
#7754 = CARTESIAN_POINT('',(4.,0.));
#7755 = ( GEOMETRIC_REPRESENTATION_CONTEXT(2) 
PARAMETRIC_REPRESENTATION_CONTEXT() REPRESENTATION_CONTEXT('2D SPACE',''
  ) );
#7756 = PCURVE('',#1620,#7757);
#7757 = DEFINITIONAL_REPRESENTATION('',(#7758),#7762);
#7758 = LINE('',#7759,#7760);
#7759 = CARTESIAN_POINT('',(4.712388980385,-0.));
#7760 = VECTOR('',#7761,1.);
#7761 = DIRECTION('',(-1.,0.));
#7762 = ( GEOMETRIC_REPRESENTATION_CONTEXT(2) 
PARAMETRIC_REPRESENTATION_CONTEXT() REPRESENTATION_CONTEXT('2D SPACE',''
  ) );
#7763 = ORIENTED_EDGE('',*,*,#7170,.T.);
#7764 = ORIENTED_EDGE('',*,*,#7640,.F.);
#7765 = ORIENTED_EDGE('',*,*,#7766,.T.);
#7766 = EDGE_CURVE('',#7641,#7690,#7767,.T.);
#7767 = SURFACE_CURVE('',#7768,(#7772,#7779),.PCURVE_S1.);
#7768 = LINE('',#7769,#7770);
#7769 = CARTESIAN_POINT('',(-141.8,34.6,-9.));
#7770 = VECTOR('',#7771,1.);
#7771 = DIRECTION('',(0.,-1.,0.));
#7772 = PCURVE('',#7186,#7773);
#7773 = DEFINITIONAL_REPRESENTATION('',(#7774),#7778);
#7774 = LINE('',#7775,#7776);
#7775 = CARTESIAN_POINT('',(0.,5.25));
#7776 = VECTOR('',#7777,1.);
#7777 = DIRECTION('',(0.,-1.));
#7778 = ( GEOMETRIC_REPRESENTATION_CONTEXT(2) 
PARAMETRIC_REPRESENTATION_CONTEXT() REPRESENTATION_CONTEXT('2D SPACE',''
  ) );
#7779 = PCURVE('',#1705,#7780);
#7780 = DEFINITIONAL_REPRESENTATION('',(#7781),#7785);
#7781 = LINE('',#7782,#7783);
#7782 = CARTESIAN_POINT('',(0.,-5.25));
#7783 = VECTOR('',#7784,1.);
#7784 = DIRECTION('',(0.,1.));
#7785 = ( GEOMETRIC_REPRESENTATION_CONTEXT(2) 
PARAMETRIC_REPRESENTATION_CONTEXT() REPRESENTATION_CONTEXT('2D SPACE',''
  ) );
#7786 = ADVANCED_FACE('',(#7787),#1620,.T.);
#7787 = FACE_BOUND('',#7788,.F.);
#7788 = EDGE_LOOP('',(#7789,#7790,#7811,#7812));
#7789 = ORIENTED_EDGE('',*,*,#7738,.T.);
#7790 = ORIENTED_EDGE('',*,*,#7791,.T.);
#7791 = EDGE_CURVE('',#7716,#1600,#7792,.T.);
#7792 = SURFACE_CURVE('',#7793,(#7797,#7804),.PCURVE_S1.);
#7793 = LINE('',#7794,#7795);
#7794 = CARTESIAN_POINT('',(-137.8,29.35,-9.));
#7795 = VECTOR('',#7796,1.);
#7796 = DIRECTION('',(0.,0.,1.));
#7797 = PCURVE('',#1620,#7798);
#7798 = DEFINITIONAL_REPRESENTATION('',(#7799),#7803);
#7799 = LINE('',#7800,#7801);
#7800 = CARTESIAN_POINT('',(-1.570796326795,0.));
#7801 = VECTOR('',#7802,1.);
#7802 = DIRECTION('',(-0.,1.));
#7803 = ( GEOMETRIC_REPRESENTATION_CONTEXT(2) 
PARAMETRIC_REPRESENTATION_CONTEXT() REPRESENTATION_CONTEXT('2D SPACE',''
  ) );
#7804 = PCURVE('',#1648,#7805);
#7805 = DEFINITIONAL_REPRESENTATION('',(#7806),#7810);
#7806 = LINE('',#7807,#7808);
#7807 = CARTESIAN_POINT('',(0.,4.));
#7808 = VECTOR('',#7809,1.);
#7809 = DIRECTION('',(1.,0.));
#7810 = ( GEOMETRIC_REPRESENTATION_CONTEXT(2) 
PARAMETRIC_REPRESENTATION_CONTEXT() REPRESENTATION_CONTEXT('2D SPACE',''
  ) );
#7811 = ORIENTED_EDGE('',*,*,#1599,.F.);
#7812 = ORIENTED_EDGE('',*,*,#7147,.F.);
#7813 = ADVANCED_FACE('',(#7814),#1648,.F.);
#7814 = FACE_BOUND('',#7815,.F.);
#7815 = EDGE_LOOP('',(#7816,#7817,#7838,#7839));
#7816 = ORIENTED_EDGE('',*,*,#7715,.F.);
#7817 = ORIENTED_EDGE('',*,*,#7818,.T.);
#7818 = EDGE_CURVE('',#7692,#1633,#7819,.T.);
#7819 = SURFACE_CURVE('',#7820,(#7824,#7831),.PCURVE_S1.);
#7820 = LINE('',#7821,#7822);
#7821 = CARTESIAN_POINT('',(-140.8,29.35,-9.));
#7822 = VECTOR('',#7823,1.);
#7823 = DIRECTION('',(0.,0.,1.));
#7824 = PCURVE('',#1648,#7825);
#7825 = DEFINITIONAL_REPRESENTATION('',(#7826),#7830);
#7826 = LINE('',#7827,#7828);
#7827 = CARTESIAN_POINT('',(0.,1.));
#7828 = VECTOR('',#7829,1.);
#7829 = DIRECTION('',(1.,0.));
#7830 = ( GEOMETRIC_REPRESENTATION_CONTEXT(2) 
PARAMETRIC_REPRESENTATION_CONTEXT() REPRESENTATION_CONTEXT('2D SPACE',''
  ) );
#7831 = PCURVE('',#1677,#7832);
#7832 = DEFINITIONAL_REPRESENTATION('',(#7833),#7837);
#7833 = LINE('',#7834,#7835);
#7834 = CARTESIAN_POINT('',(1.570796326795,0.));
#7835 = VECTOR('',#7836,1.);
#7836 = DIRECTION('',(0.,1.));
#7837 = ( GEOMETRIC_REPRESENTATION_CONTEXT(2) 
PARAMETRIC_REPRESENTATION_CONTEXT() REPRESENTATION_CONTEXT('2D SPACE',''
  ) );
#7838 = ORIENTED_EDGE('',*,*,#1632,.T.);
#7839 = ORIENTED_EDGE('',*,*,#7791,.F.);
#7840 = ADVANCED_FACE('',(#7841),#1677,.T.);
#7841 = FACE_BOUND('',#7842,.T.);
#7842 = EDGE_LOOP('',(#7843,#7844,#7845,#7846));
#7843 = ORIENTED_EDGE('',*,*,#7689,.T.);
#7844 = ORIENTED_EDGE('',*,*,#7818,.T.);
#7845 = ORIENTED_EDGE('',*,*,#1660,.F.);
#7846 = ORIENTED_EDGE('',*,*,#7847,.F.);
#7847 = EDGE_CURVE('',#7690,#1661,#7848,.T.);
#7848 = SURFACE_CURVE('',#7849,(#7853,#7860),.PCURVE_S1.);
#7849 = LINE('',#7850,#7851);
#7850 = CARTESIAN_POINT('',(-141.8,30.35,-9.));
#7851 = VECTOR('',#7852,1.);
#7852 = DIRECTION('',(0.,0.,1.));
#7853 = PCURVE('',#1677,#7854);
#7854 = DEFINITIONAL_REPRESENTATION('',(#7855),#7859);
#7855 = LINE('',#7856,#7857);
#7856 = CARTESIAN_POINT('',(0.,0.));
#7857 = VECTOR('',#7858,1.);
#7858 = DIRECTION('',(0.,1.));
#7859 = ( GEOMETRIC_REPRESENTATION_CONTEXT(2) 
PARAMETRIC_REPRESENTATION_CONTEXT() REPRESENTATION_CONTEXT('2D SPACE',''
  ) );
#7860 = PCURVE('',#1705,#7861);
#7861 = DEFINITIONAL_REPRESENTATION('',(#7862),#7866);
#7862 = LINE('',#7863,#7864);
#7863 = CARTESIAN_POINT('',(0.,-1.));
#7864 = VECTOR('',#7865,1.);
#7865 = DIRECTION('',(1.,0.));
#7866 = ( GEOMETRIC_REPRESENTATION_CONTEXT(2) 
PARAMETRIC_REPRESENTATION_CONTEXT() REPRESENTATION_CONTEXT('2D SPACE',''
  ) );
#7867 = ADVANCED_FACE('',(#7868),#1705,.F.);
#7868 = FACE_BOUND('',#7869,.F.);
#7869 = EDGE_LOOP('',(#7870,#7871,#7872,#7873,#7874,#7875,#7876));
#7870 = ORIENTED_EDGE('',*,*,#1689,.F.);
#7871 = ORIENTED_EDGE('',*,*,#7847,.F.);
#7872 = ORIENTED_EDGE('',*,*,#7766,.F.);
#7873 = ORIENTED_EDGE('',*,*,#7663,.T.);
#7874 = ORIENTED_EDGE('',*,*,#7589,.F.);
#7875 = ORIENTED_EDGE('',*,*,#7511,.T.);
#7876 = ORIENTED_EDGE('',*,*,#7311,.F.);
#7877 = ADVANCED_FACE('',(#7878),#1052,.T.);
#7878 = FACE_BOUND('',#7879,.T.);
#7879 = EDGE_LOOP('',(#7880,#7881,#7904,#7925,#7926,#7927,#7928,#7929,
    #7930,#7931,#7932,#7933));
#7880 = ORIENTED_EDGE('',*,*,#1717,.F.);
#7881 = ORIENTED_EDGE('',*,*,#7882,.T.);
#7882 = EDGE_CURVE('',#1718,#7883,#7885,.T.);
#7883 = VERTEX_POINT('',#7884);
#7884 = CARTESIAN_POINT('',(-196.,31.85,1.));
#7885 = SURFACE_CURVE('',#7886,(#7890,#7897),.PCURVE_S1.);
#7886 = LINE('',#7887,#7888);
#7887 = CARTESIAN_POINT('',(-196.,31.85,-1.));
#7888 = VECTOR('',#7889,1.);
#7889 = DIRECTION('',(0.,0.,1.));
#7890 = PCURVE('',#1052,#7891);
#7891 = DEFINITIONAL_REPRESENTATION('',(#7892),#7896);
#7892 = LINE('',#7893,#7894);
#7893 = CARTESIAN_POINT('',(0.,3.));
#7894 = VECTOR('',#7895,1.);
#7895 = DIRECTION('',(1.,0.));
#7896 = ( GEOMETRIC_REPRESENTATION_CONTEXT(2) 
PARAMETRIC_REPRESENTATION_CONTEXT() REPRESENTATION_CONTEXT('2D SPACE',''
  ) );
#7897 = PCURVE('',#202,#7898);
#7898 = DEFINITIONAL_REPRESENTATION('',(#7899),#7903);
#7899 = LINE('',#7900,#7901);
#7900 = CARTESIAN_POINT('',(-1.570796326795,0.));
#7901 = VECTOR('',#7902,1.);
#7902 = DIRECTION('',(-0.,1.));
#7903 = ( GEOMETRIC_REPRESENTATION_CONTEXT(2) 
PARAMETRIC_REPRESENTATION_CONTEXT() REPRESENTATION_CONTEXT('2D SPACE',''
  ) );
#7904 = ORIENTED_EDGE('',*,*,#7905,.T.);
#7905 = EDGE_CURVE('',#7883,#4893,#7906,.T.);
#7906 = SURFACE_CURVE('',#7907,(#7911,#7918),.PCURVE_S1.);
#7907 = LINE('',#7908,#7909);
#7908 = CARTESIAN_POINT('',(-199.,31.85,1.));
#7909 = VECTOR('',#7910,1.);
#7910 = DIRECTION('',(1.,0.,0.));
#7911 = PCURVE('',#1052,#7912);
#7912 = DEFINITIONAL_REPRESENTATION('',(#7913),#7917);
#7913 = LINE('',#7914,#7915);
#7914 = CARTESIAN_POINT('',(2.,0.));
#7915 = VECTOR('',#7916,1.);
#7916 = DIRECTION('',(0.,1.));
#7917 = ( GEOMETRIC_REPRESENTATION_CONTEXT(2) 
PARAMETRIC_REPRESENTATION_CONTEXT() REPRESENTATION_CONTEXT('2D SPACE',''
  ) );
#7918 = PCURVE('',#120,#7919);
#7919 = DEFINITIONAL_REPRESENTATION('',(#7920),#7924);
#7920 = LINE('',#7921,#7922);
#7921 = CARTESIAN_POINT('',(0.,63.7));
#7922 = VECTOR('',#7923,1.);
#7923 = DIRECTION('',(1.,0.));
#7924 = ( GEOMETRIC_REPRESENTATION_CONTEXT(2) 
PARAMETRIC_REPRESENTATION_CONTEXT() REPRESENTATION_CONTEXT('2D SPACE',''
  ) );
#7925 = ORIENTED_EDGE('',*,*,#4892,.F.);
#7926 = ORIENTED_EDGE('',*,*,#1036,.F.);
#7927 = ORIENTED_EDGE('',*,*,#5129,.F.);
#7928 = ORIENTED_EDGE('',*,*,#1210,.F.);
#7929 = ORIENTED_EDGE('',*,*,#5864,.F.);
#7930 = ORIENTED_EDGE('',*,*,#1379,.F.);
#7931 = ORIENTED_EDGE('',*,*,#6599,.F.);
#7932 = ORIENTED_EDGE('',*,*,#1548,.F.);
#7933 = ORIENTED_EDGE('',*,*,#7334,.F.);
#7934 = ADVANCED_FACE('',(#7935),#202,.T.);
#7935 = FACE_BOUND('',#7936,.F.);
#7936 = EDGE_LOOP('',(#7937,#7938,#7939,#7965));
#7937 = ORIENTED_EDGE('',*,*,#1740,.T.);
#7938 = ORIENTED_EDGE('',*,*,#7882,.T.);
#7939 = ORIENTED_EDGE('',*,*,#7940,.F.);
#7940 = EDGE_CURVE('',#100,#7883,#7941,.T.);
#7941 = SURFACE_CURVE('',#7942,(#7947,#7954),.PCURVE_S1.);
#7942 = CIRCLE('',#7943,3.);
#7943 = AXIS2_PLACEMENT_3D('',#7944,#7945,#7946);
#7944 = CARTESIAN_POINT('',(-196.,28.85,1.));
#7945 = DIRECTION('',(-0.,-0.,-1.));
#7946 = DIRECTION('',(0.,-1.,0.));
#7947 = PCURVE('',#202,#7948);
#7948 = DEFINITIONAL_REPRESENTATION('',(#7949),#7953);
#7949 = LINE('',#7950,#7951);
#7950 = CARTESIAN_POINT('',(1.570796326795,2.));
#7951 = VECTOR('',#7952,1.);
#7952 = DIRECTION('',(-1.,0.));
#7953 = ( GEOMETRIC_REPRESENTATION_CONTEXT(2) 
PARAMETRIC_REPRESENTATION_CONTEXT() REPRESENTATION_CONTEXT('2D SPACE',''
  ) );
#7954 = PCURVE('',#120,#7955);
#7955 = DEFINITIONAL_REPRESENTATION('',(#7956),#7964);
#7956 = ( BOUNDED_CURVE() B_SPLINE_CURVE(2,(#7957,#7958,#7959,#7960,
#7961,#7962,#7963),.UNSPECIFIED.,.T.,.F.) B_SPLINE_CURVE_WITH_KNOTS((1,2
    ,2,2,2,1),(-2.094395102393,0.,2.094395102393,4.188790204786,
6.28318530718,8.377580409573),.UNSPECIFIED.) CURVE() 
GEOMETRIC_REPRESENTATION_ITEM() RATIONAL_B_SPLINE_CURVE((1.,0.5,1.,0.5,
1.,0.5,1.)) REPRESENTATION_ITEM('') );
#7957 = CARTESIAN_POINT('',(3.,57.7));
#7958 = CARTESIAN_POINT('',(-2.196152422707,57.7));
#7959 = CARTESIAN_POINT('',(0.401923788647,62.2));
#7960 = CARTESIAN_POINT('',(3.,66.7));
#7961 = CARTESIAN_POINT('',(5.598076211353,62.2));
#7962 = CARTESIAN_POINT('',(8.196152422707,57.7));
#7963 = CARTESIAN_POINT('',(3.,57.7));
#7964 = ( GEOMETRIC_REPRESENTATION_CONTEXT(2) 
PARAMETRIC_REPRESENTATION_CONTEXT() REPRESENTATION_CONTEXT('2D SPACE',''
  ) );
#7965 = ORIENTED_EDGE('',*,*,#188,.F.);
#7966 = ADVANCED_FACE('',(#7967),#148,.T.);
#7967 = FACE_BOUND('',#7968,.T.);
#7968 = EDGE_LOOP('',(#7969,#7970,#7971,#7993));
#7969 = ORIENTED_EDGE('',*,*,#218,.T.);
#7970 = ORIENTED_EDGE('',*,*,#4710,.T.);
#7971 = ORIENTED_EDGE('',*,*,#7972,.F.);
#7972 = EDGE_CURVE('',#98,#4711,#7973,.T.);
#7973 = SURFACE_CURVE('',#7974,(#7979,#7986),.PCURVE_S1.);
#7974 = CIRCLE('',#7975,3.);
#7975 = AXIS2_PLACEMENT_3D('',#7976,#7977,#7978);
#7976 = CARTESIAN_POINT('',(-196.,-28.85,1.));
#7977 = DIRECTION('',(0.,0.,1.));
#7978 = DIRECTION('',(0.,-1.,0.));
#7979 = PCURVE('',#148,#7980);
#7980 = DEFINITIONAL_REPRESENTATION('',(#7981),#7985);
#7981 = LINE('',#7982,#7983);
#7982 = CARTESIAN_POINT('',(-4.712388980385,2.));
#7983 = VECTOR('',#7984,1.);
#7984 = DIRECTION('',(1.,0.));
#7985 = ( GEOMETRIC_REPRESENTATION_CONTEXT(2) 
PARAMETRIC_REPRESENTATION_CONTEXT() REPRESENTATION_CONTEXT('2D SPACE',''
  ) );
#7986 = PCURVE('',#120,#7987);
#7987 = DEFINITIONAL_REPRESENTATION('',(#7988),#7992);
#7988 = CIRCLE('',#7989,3.);
#7989 = AXIS2_PLACEMENT_2D('',#7990,#7991);
#7990 = CARTESIAN_POINT('',(3.,3.));
#7991 = DIRECTION('',(0.,-1.));
#7992 = ( GEOMETRIC_REPRESENTATION_CONTEXT(2) 
PARAMETRIC_REPRESENTATION_CONTEXT() REPRESENTATION_CONTEXT('2D SPACE',''
  ) );
#7993 = ORIENTED_EDGE('',*,*,#132,.F.);
#7994 = ADVANCED_FACE('',(#7995,#8005,#8040,#8075,#8110),#120,.T.);
#7995 = FACE_BOUND('',#7996,.T.);
#7996 = EDGE_LOOP('',(#7997,#7998,#7999,#8000,#8001,#8002,#8003,#8004));
#7997 = ORIENTED_EDGE('',*,*,#97,.F.);
#7998 = ORIENTED_EDGE('',*,*,#7972,.T.);
#7999 = ORIENTED_EDGE('',*,*,#4733,.T.);
#8000 = ORIENTED_EDGE('',*,*,#4790,.F.);
#8001 = ORIENTED_EDGE('',*,*,#4842,.T.);
#8002 = ORIENTED_EDGE('',*,*,#4915,.T.);
#8003 = ORIENTED_EDGE('',*,*,#7905,.F.);
#8004 = ORIENTED_EDGE('',*,*,#7940,.F.);
#8005 = FACE_BOUND('',#8006,.T.);
#8006 = EDGE_LOOP('',(#8007));
#8007 = ORIENTED_EDGE('',*,*,#8008,.T.);
#8008 = EDGE_CURVE('',#8009,#8009,#8011,.T.);
#8009 = VERTEX_POINT('',#8010);
#8010 = CARTESIAN_POINT('',(106.,-6.,1.));
#8011 = SURFACE_CURVE('',#8012,(#8017,#8028),.PCURVE_S1.);
#8012 = CIRCLE('',#8013,1.6);
#8013 = AXIS2_PLACEMENT_3D('',#8014,#8015,#8016);
#8014 = CARTESIAN_POINT('',(104.4,-6.,1.));
#8015 = DIRECTION('',(0.,0.,-1.));
#8016 = DIRECTION('',(1.,0.,0.));
#8017 = PCURVE('',#120,#8018);
#8018 = DEFINITIONAL_REPRESENTATION('',(#8019),#8027);
#8019 = ( BOUNDED_CURVE() B_SPLINE_CURVE(2,(#8020,#8021,#8022,#8023,
#8024,#8025,#8026),.UNSPECIFIED.,.T.,.F.) B_SPLINE_CURVE_WITH_KNOTS((1,2
    ,2,2,2,1),(-2.094395102393,0.,2.094395102393,4.188790204786,
6.28318530718,8.377580409573),.UNSPECIFIED.) CURVE() 
GEOMETRIC_REPRESENTATION_ITEM() RATIONAL_B_SPLINE_CURVE((1.,0.5,1.,0.5,
1.,0.5,1.)) REPRESENTATION_ITEM('') );
#8020 = CARTESIAN_POINT('',(305.,25.85));
#8021 = CARTESIAN_POINT('',(305.,23.07871870789));
#8022 = CARTESIAN_POINT('',(302.6,24.464359353945));
#8023 = CARTESIAN_POINT('',(300.2,25.85));
#8024 = CARTESIAN_POINT('',(302.6,27.235640646055));
#8025 = CARTESIAN_POINT('',(305.,28.62128129211));
#8026 = CARTESIAN_POINT('',(305.,25.85));
#8027 = ( GEOMETRIC_REPRESENTATION_CONTEXT(2) 
PARAMETRIC_REPRESENTATION_CONTEXT() REPRESENTATION_CONTEXT('2D SPACE',''
  ) );
#8028 = PCURVE('',#8029,#8034);
#8029 = CYLINDRICAL_SURFACE('',#8030,1.6);
#8030 = AXIS2_PLACEMENT_3D('',#8031,#8032,#8033);
#8031 = CARTESIAN_POINT('',(104.4,-6.,0.));
#8032 = DIRECTION('',(-0.,-0.,-1.));
#8033 = DIRECTION('',(1.,0.,0.));
#8034 = DEFINITIONAL_REPRESENTATION('',(#8035),#8039);
#8035 = LINE('',#8036,#8037);
#8036 = CARTESIAN_POINT('',(-6.28318530718,-1.));
#8037 = VECTOR('',#8038,1.);
#8038 = DIRECTION('',(1.,-0.));
#8039 = ( GEOMETRIC_REPRESENTATION_CONTEXT(2) 
PARAMETRIC_REPRESENTATION_CONTEXT() REPRESENTATION_CONTEXT('2D SPACE',''
  ) );
#8040 = FACE_BOUND('',#8041,.T.);
#8041 = EDGE_LOOP('',(#8042));
#8042 = ORIENTED_EDGE('',*,*,#8043,.T.);
#8043 = EDGE_CURVE('',#8044,#8044,#8046,.T.);
#8044 = VERTEX_POINT('',#8045);
#8045 = CARTESIAN_POINT('',(136.,-6.,1.));
#8046 = SURFACE_CURVE('',#8047,(#8052,#8063),.PCURVE_S1.);
#8047 = CIRCLE('',#8048,1.6);
#8048 = AXIS2_PLACEMENT_3D('',#8049,#8050,#8051);
#8049 = CARTESIAN_POINT('',(134.4,-6.,1.));
#8050 = DIRECTION('',(0.,0.,-1.));
#8051 = DIRECTION('',(1.,0.,0.));
#8052 = PCURVE('',#120,#8053);
#8053 = DEFINITIONAL_REPRESENTATION('',(#8054),#8062);
#8054 = ( BOUNDED_CURVE() B_SPLINE_CURVE(2,(#8055,#8056,#8057,#8058,
#8059,#8060,#8061),.UNSPECIFIED.,.T.,.F.) B_SPLINE_CURVE_WITH_KNOTS((1,2
    ,2,2,2,1),(-2.094395102393,0.,2.094395102393,4.188790204786,
6.28318530718,8.377580409573),.UNSPECIFIED.) CURVE() 
GEOMETRIC_REPRESENTATION_ITEM() RATIONAL_B_SPLINE_CURVE((1.,0.5,1.,0.5,
1.,0.5,1.)) REPRESENTATION_ITEM('') );
#8055 = CARTESIAN_POINT('',(335.,25.85));
#8056 = CARTESIAN_POINT('',(335.,23.07871870789));
#8057 = CARTESIAN_POINT('',(332.6,24.464359353945));
#8058 = CARTESIAN_POINT('',(330.2,25.85));
#8059 = CARTESIAN_POINT('',(332.6,27.235640646055));
#8060 = CARTESIAN_POINT('',(335.,28.62128129211));
#8061 = CARTESIAN_POINT('',(335.,25.85));
#8062 = ( GEOMETRIC_REPRESENTATION_CONTEXT(2) 
PARAMETRIC_REPRESENTATION_CONTEXT() REPRESENTATION_CONTEXT('2D SPACE',''
  ) );
#8063 = PCURVE('',#8064,#8069);
#8064 = CYLINDRICAL_SURFACE('',#8065,1.6);
#8065 = AXIS2_PLACEMENT_3D('',#8066,#8067,#8068);
#8066 = CARTESIAN_POINT('',(134.4,-6.,0.));
#8067 = DIRECTION('',(-0.,-0.,-1.));
#8068 = DIRECTION('',(1.,0.,0.));
#8069 = DEFINITIONAL_REPRESENTATION('',(#8070),#8074);
#8070 = LINE('',#8071,#8072);
#8071 = CARTESIAN_POINT('',(-6.28318530718,-1.));
#8072 = VECTOR('',#8073,1.);
#8073 = DIRECTION('',(1.,-0.));
#8074 = ( GEOMETRIC_REPRESENTATION_CONTEXT(2) 
PARAMETRIC_REPRESENTATION_CONTEXT() REPRESENTATION_CONTEXT('2D SPACE',''
  ) );
#8075 = FACE_BOUND('',#8076,.T.);
#8076 = EDGE_LOOP('',(#8077));
#8077 = ORIENTED_EDGE('',*,*,#8078,.T.);
#8078 = EDGE_CURVE('',#8079,#8079,#8081,.T.);
#8079 = VERTEX_POINT('',#8080);
#8080 = CARTESIAN_POINT('',(106.,6.,1.));
#8081 = SURFACE_CURVE('',#8082,(#8087,#8098),.PCURVE_S1.);
#8082 = CIRCLE('',#8083,1.6);
#8083 = AXIS2_PLACEMENT_3D('',#8084,#8085,#8086);
#8084 = CARTESIAN_POINT('',(104.4,6.,1.));
#8085 = DIRECTION('',(0.,0.,-1.));
#8086 = DIRECTION('',(1.,0.,0.));
#8087 = PCURVE('',#120,#8088);
#8088 = DEFINITIONAL_REPRESENTATION('',(#8089),#8097);
#8089 = ( BOUNDED_CURVE() B_SPLINE_CURVE(2,(#8090,#8091,#8092,#8093,
#8094,#8095,#8096),.UNSPECIFIED.,.T.,.F.) B_SPLINE_CURVE_WITH_KNOTS((1,2
    ,2,2,2,1),(-2.094395102393,0.,2.094395102393,4.188790204786,
6.28318530718,8.377580409573),.UNSPECIFIED.) CURVE() 
GEOMETRIC_REPRESENTATION_ITEM() RATIONAL_B_SPLINE_CURVE((1.,0.5,1.,0.5,
1.,0.5,1.)) REPRESENTATION_ITEM('') );
#8090 = CARTESIAN_POINT('',(305.,37.85));
#8091 = CARTESIAN_POINT('',(305.,35.07871870789));
#8092 = CARTESIAN_POINT('',(302.6,36.464359353945));
#8093 = CARTESIAN_POINT('',(300.2,37.85));
#8094 = CARTESIAN_POINT('',(302.6,39.235640646055));
#8095 = CARTESIAN_POINT('',(305.,40.62128129211));
#8096 = CARTESIAN_POINT('',(305.,37.85));
#8097 = ( GEOMETRIC_REPRESENTATION_CONTEXT(2) 
PARAMETRIC_REPRESENTATION_CONTEXT() REPRESENTATION_CONTEXT('2D SPACE',''
  ) );
#8098 = PCURVE('',#8099,#8104);
#8099 = CYLINDRICAL_SURFACE('',#8100,1.6);
#8100 = AXIS2_PLACEMENT_3D('',#8101,#8102,#8103);
#8101 = CARTESIAN_POINT('',(104.4,6.,0.));
#8102 = DIRECTION('',(-0.,-0.,-1.));
#8103 = DIRECTION('',(1.,0.,0.));
#8104 = DEFINITIONAL_REPRESENTATION('',(#8105),#8109);
#8105 = LINE('',#8106,#8107);
#8106 = CARTESIAN_POINT('',(-6.28318530718,-1.));
#8107 = VECTOR('',#8108,1.);
#8108 = DIRECTION('',(1.,-0.));
#8109 = ( GEOMETRIC_REPRESENTATION_CONTEXT(2) 
PARAMETRIC_REPRESENTATION_CONTEXT() REPRESENTATION_CONTEXT('2D SPACE',''
  ) );
#8110 = FACE_BOUND('',#8111,.T.);
#8111 = EDGE_LOOP('',(#8112));
#8112 = ORIENTED_EDGE('',*,*,#8113,.T.);
#8113 = EDGE_CURVE('',#8114,#8114,#8116,.T.);
#8114 = VERTEX_POINT('',#8115);
#8115 = CARTESIAN_POINT('',(136.,6.,1.));
#8116 = SURFACE_CURVE('',#8117,(#8122,#8133),.PCURVE_S1.);
#8117 = CIRCLE('',#8118,1.6);
#8118 = AXIS2_PLACEMENT_3D('',#8119,#8120,#8121);
#8119 = CARTESIAN_POINT('',(134.4,6.,1.));
#8120 = DIRECTION('',(0.,0.,-1.));
#8121 = DIRECTION('',(1.,0.,0.));
#8122 = PCURVE('',#120,#8123);
#8123 = DEFINITIONAL_REPRESENTATION('',(#8124),#8132);
#8124 = ( BOUNDED_CURVE() B_SPLINE_CURVE(2,(#8125,#8126,#8127,#8128,
#8129,#8130,#8131),.UNSPECIFIED.,.T.,.F.) B_SPLINE_CURVE_WITH_KNOTS((1,2
    ,2,2,2,1),(-2.094395102393,0.,2.094395102393,4.188790204786,
6.28318530718,8.377580409573),.UNSPECIFIED.) CURVE() 
GEOMETRIC_REPRESENTATION_ITEM() RATIONAL_B_SPLINE_CURVE((1.,0.5,1.,0.5,
1.,0.5,1.)) REPRESENTATION_ITEM('') );
#8125 = CARTESIAN_POINT('',(335.,37.85));
#8126 = CARTESIAN_POINT('',(335.,35.07871870789));
#8127 = CARTESIAN_POINT('',(332.6,36.464359353945));
#8128 = CARTESIAN_POINT('',(330.2,37.85));
#8129 = CARTESIAN_POINT('',(332.6,39.235640646055));
#8130 = CARTESIAN_POINT('',(335.,40.62128129211));
#8131 = CARTESIAN_POINT('',(335.,37.85));
#8132 = ( GEOMETRIC_REPRESENTATION_CONTEXT(2) 
PARAMETRIC_REPRESENTATION_CONTEXT() REPRESENTATION_CONTEXT('2D SPACE',''
  ) );
#8133 = PCURVE('',#8134,#8139);
#8134 = CYLINDRICAL_SURFACE('',#8135,1.6);
#8135 = AXIS2_PLACEMENT_3D('',#8136,#8137,#8138);
#8136 = CARTESIAN_POINT('',(134.4,6.,0.));
#8137 = DIRECTION('',(-0.,-0.,-1.));
#8138 = DIRECTION('',(1.,0.,0.));
#8139 = DEFINITIONAL_REPRESENTATION('',(#8140),#8144);
#8140 = LINE('',#8141,#8142);
#8141 = CARTESIAN_POINT('',(-6.28318530718,-1.));
#8142 = VECTOR('',#8143,1.);
#8143 = DIRECTION('',(1.,-0.));
#8144 = ( GEOMETRIC_REPRESENTATION_CONTEXT(2) 
PARAMETRIC_REPRESENTATION_CONTEXT() REPRESENTATION_CONTEXT('2D SPACE',''
  ) );
#8145 = ADVANCED_FACE('',(#8146),#8134,.F.);
#8146 = FACE_BOUND('',#8147,.T.);
#8147 = EDGE_LOOP('',(#8148,#8177,#8198,#8199));
#8148 = ORIENTED_EDGE('',*,*,#8149,.F.);
#8149 = EDGE_CURVE('',#8150,#8150,#8152,.T.);
#8150 = VERTEX_POINT('',#8151);
#8151 = CARTESIAN_POINT('',(136.,6.,0.));
#8152 = SURFACE_CURVE('',#8153,(#8158,#8165),.PCURVE_S1.);
#8153 = CIRCLE('',#8154,1.6);
#8154 = AXIS2_PLACEMENT_3D('',#8155,#8156,#8157);
#8155 = CARTESIAN_POINT('',(134.4,6.,0.));
#8156 = DIRECTION('',(0.,0.,1.));
#8157 = DIRECTION('',(1.,0.,0.));
#8158 = PCURVE('',#8134,#8159);
#8159 = DEFINITIONAL_REPRESENTATION('',(#8160),#8164);
#8160 = LINE('',#8161,#8162);
#8161 = CARTESIAN_POINT('',(-0.,0.));
#8162 = VECTOR('',#8163,1.);
#8163 = DIRECTION('',(-1.,0.));
#8164 = ( GEOMETRIC_REPRESENTATION_CONTEXT(2) 
PARAMETRIC_REPRESENTATION_CONTEXT() REPRESENTATION_CONTEXT('2D SPACE',''
  ) );
#8165 = PCURVE('',#8166,#8171);
#8166 = PLANE('',#8167);
#8167 = AXIS2_PLACEMENT_3D('',#8168,#8169,#8170);
#8168 = CARTESIAN_POINT('',(134.4,6.,0.));
#8169 = DIRECTION('',(0.,0.,1.));
#8170 = DIRECTION('',(1.,0.,-0.));
#8171 = DEFINITIONAL_REPRESENTATION('',(#8172),#8176);
#8172 = CIRCLE('',#8173,1.6);
#8173 = AXIS2_PLACEMENT_2D('',#8174,#8175);
#8174 = CARTESIAN_POINT('',(0.,-8.881784197001E-16));
#8175 = DIRECTION('',(1.,0.));
#8176 = ( GEOMETRIC_REPRESENTATION_CONTEXT(2) 
PARAMETRIC_REPRESENTATION_CONTEXT() REPRESENTATION_CONTEXT('2D SPACE',''
  ) );
#8177 = ORIENTED_EDGE('',*,*,#8178,.T.);
#8178 = EDGE_CURVE('',#8150,#8114,#8179,.T.);
#8179 = SEAM_CURVE('',#8180,(#8184,#8191),.PCURVE_S1.);
#8180 = LINE('',#8181,#8182);
#8181 = CARTESIAN_POINT('',(136.,6.,0.));
#8182 = VECTOR('',#8183,1.);
#8183 = DIRECTION('',(0.,0.,1.));
#8184 = PCURVE('',#8134,#8185);
#8185 = DEFINITIONAL_REPRESENTATION('',(#8186),#8190);
#8186 = LINE('',#8187,#8188);
#8187 = CARTESIAN_POINT('',(-6.28318530718,0.));
#8188 = VECTOR('',#8189,1.);
#8189 = DIRECTION('',(-0.,-1.));
#8190 = ( GEOMETRIC_REPRESENTATION_CONTEXT(2) 
PARAMETRIC_REPRESENTATION_CONTEXT() REPRESENTATION_CONTEXT('2D SPACE',''
  ) );
#8191 = PCURVE('',#8134,#8192);
#8192 = DEFINITIONAL_REPRESENTATION('',(#8193),#8197);
#8193 = LINE('',#8194,#8195);
#8194 = CARTESIAN_POINT('',(-0.,0.));
#8195 = VECTOR('',#8196,1.);
#8196 = DIRECTION('',(-0.,-1.));
#8197 = ( GEOMETRIC_REPRESENTATION_CONTEXT(2) 
PARAMETRIC_REPRESENTATION_CONTEXT() REPRESENTATION_CONTEXT('2D SPACE',''
  ) );
#8198 = ORIENTED_EDGE('',*,*,#8113,.F.);
#8199 = ORIENTED_EDGE('',*,*,#8178,.F.);
#8200 = ADVANCED_FACE('',(#8201),#8166,.T.);
#8201 = FACE_BOUND('',#8202,.T.);
#8202 = EDGE_LOOP('',(#8203));
#8203 = ORIENTED_EDGE('',*,*,#8149,.T.);
#8204 = ADVANCED_FACE('',(#8205),#8099,.F.);
#8205 = FACE_BOUND('',#8206,.T.);
#8206 = EDGE_LOOP('',(#8207,#8236,#8257,#8258));
#8207 = ORIENTED_EDGE('',*,*,#8208,.F.);
#8208 = EDGE_CURVE('',#8209,#8209,#8211,.T.);
#8209 = VERTEX_POINT('',#8210);
#8210 = CARTESIAN_POINT('',(106.,6.,0.));
#8211 = SURFACE_CURVE('',#8212,(#8217,#8224),.PCURVE_S1.);
#8212 = CIRCLE('',#8213,1.6);
#8213 = AXIS2_PLACEMENT_3D('',#8214,#8215,#8216);
#8214 = CARTESIAN_POINT('',(104.4,6.,0.));
#8215 = DIRECTION('',(0.,0.,1.));
#8216 = DIRECTION('',(1.,0.,0.));
#8217 = PCURVE('',#8099,#8218);
#8218 = DEFINITIONAL_REPRESENTATION('',(#8219),#8223);
#8219 = LINE('',#8220,#8221);
#8220 = CARTESIAN_POINT('',(-0.,0.));
#8221 = VECTOR('',#8222,1.);
#8222 = DIRECTION('',(-1.,0.));
#8223 = ( GEOMETRIC_REPRESENTATION_CONTEXT(2) 
PARAMETRIC_REPRESENTATION_CONTEXT() REPRESENTATION_CONTEXT('2D SPACE',''
  ) );
#8224 = PCURVE('',#8225,#8230);
#8225 = PLANE('',#8226);
#8226 = AXIS2_PLACEMENT_3D('',#8227,#8228,#8229);
#8227 = CARTESIAN_POINT('',(104.4,6.,0.));
#8228 = DIRECTION('',(0.,0.,1.));
#8229 = DIRECTION('',(1.,0.,-0.));
#8230 = DEFINITIONAL_REPRESENTATION('',(#8231),#8235);
#8231 = CIRCLE('',#8232,1.6);
#8232 = AXIS2_PLACEMENT_2D('',#8233,#8234);
#8233 = CARTESIAN_POINT('',(1.42108547152E-14,0.));
#8234 = DIRECTION('',(1.,0.));
#8235 = ( GEOMETRIC_REPRESENTATION_CONTEXT(2) 
PARAMETRIC_REPRESENTATION_CONTEXT() REPRESENTATION_CONTEXT('2D SPACE',''
  ) );
#8236 = ORIENTED_EDGE('',*,*,#8237,.T.);
#8237 = EDGE_CURVE('',#8209,#8079,#8238,.T.);
#8238 = SEAM_CURVE('',#8239,(#8243,#8250),.PCURVE_S1.);
#8239 = LINE('',#8240,#8241);
#8240 = CARTESIAN_POINT('',(106.,6.,0.));
#8241 = VECTOR('',#8242,1.);
#8242 = DIRECTION('',(0.,0.,1.));
#8243 = PCURVE('',#8099,#8244);
#8244 = DEFINITIONAL_REPRESENTATION('',(#8245),#8249);
#8245 = LINE('',#8246,#8247);
#8246 = CARTESIAN_POINT('',(-6.28318530718,0.));
#8247 = VECTOR('',#8248,1.);
#8248 = DIRECTION('',(-0.,-1.));
#8249 = ( GEOMETRIC_REPRESENTATION_CONTEXT(2) 
PARAMETRIC_REPRESENTATION_CONTEXT() REPRESENTATION_CONTEXT('2D SPACE',''
  ) );
#8250 = PCURVE('',#8099,#8251);
#8251 = DEFINITIONAL_REPRESENTATION('',(#8252),#8256);
#8252 = LINE('',#8253,#8254);
#8253 = CARTESIAN_POINT('',(-0.,0.));
#8254 = VECTOR('',#8255,1.);
#8255 = DIRECTION('',(-0.,-1.));
#8256 = ( GEOMETRIC_REPRESENTATION_CONTEXT(2) 
PARAMETRIC_REPRESENTATION_CONTEXT() REPRESENTATION_CONTEXT('2D SPACE',''
  ) );
#8257 = ORIENTED_EDGE('',*,*,#8078,.F.);
#8258 = ORIENTED_EDGE('',*,*,#8237,.F.);
#8259 = ADVANCED_FACE('',(#8260),#8225,.T.);
#8260 = FACE_BOUND('',#8261,.T.);
#8261 = EDGE_LOOP('',(#8262));
#8262 = ORIENTED_EDGE('',*,*,#8208,.T.);
#8263 = ADVANCED_FACE('',(#8264),#8064,.F.);
#8264 = FACE_BOUND('',#8265,.T.);
#8265 = EDGE_LOOP('',(#8266,#8295,#8316,#8317));
#8266 = ORIENTED_EDGE('',*,*,#8267,.F.);
#8267 = EDGE_CURVE('',#8268,#8268,#8270,.T.);
#8268 = VERTEX_POINT('',#8269);
#8269 = CARTESIAN_POINT('',(136.,-6.,0.));
#8270 = SURFACE_CURVE('',#8271,(#8276,#8283),.PCURVE_S1.);
#8271 = CIRCLE('',#8272,1.6);
#8272 = AXIS2_PLACEMENT_3D('',#8273,#8274,#8275);
#8273 = CARTESIAN_POINT('',(134.4,-6.,0.));
#8274 = DIRECTION('',(0.,0.,1.));
#8275 = DIRECTION('',(1.,0.,0.));
#8276 = PCURVE('',#8064,#8277);
#8277 = DEFINITIONAL_REPRESENTATION('',(#8278),#8282);
#8278 = LINE('',#8279,#8280);
#8279 = CARTESIAN_POINT('',(-0.,0.));
#8280 = VECTOR('',#8281,1.);
#8281 = DIRECTION('',(-1.,0.));
#8282 = ( GEOMETRIC_REPRESENTATION_CONTEXT(2) 
PARAMETRIC_REPRESENTATION_CONTEXT() REPRESENTATION_CONTEXT('2D SPACE',''
  ) );
#8283 = PCURVE('',#8284,#8289);
#8284 = PLANE('',#8285);
#8285 = AXIS2_PLACEMENT_3D('',#8286,#8287,#8288);
#8286 = CARTESIAN_POINT('',(134.4,-6.,0.));
#8287 = DIRECTION('',(0.,0.,1.));
#8288 = DIRECTION('',(1.,0.,-0.));
#8289 = DEFINITIONAL_REPRESENTATION('',(#8290),#8294);
#8290 = CIRCLE('',#8291,1.6);
#8291 = AXIS2_PLACEMENT_2D('',#8292,#8293);
#8292 = CARTESIAN_POINT('',(0.,0.));
#8293 = DIRECTION('',(1.,0.));
#8294 = ( GEOMETRIC_REPRESENTATION_CONTEXT(2) 
PARAMETRIC_REPRESENTATION_CONTEXT() REPRESENTATION_CONTEXT('2D SPACE',''
  ) );
#8295 = ORIENTED_EDGE('',*,*,#8296,.T.);
#8296 = EDGE_CURVE('',#8268,#8044,#8297,.T.);
#8297 = SEAM_CURVE('',#8298,(#8302,#8309),.PCURVE_S1.);
#8298 = LINE('',#8299,#8300);
#8299 = CARTESIAN_POINT('',(136.,-6.,0.));
#8300 = VECTOR('',#8301,1.);
#8301 = DIRECTION('',(0.,0.,1.));
#8302 = PCURVE('',#8064,#8303);
#8303 = DEFINITIONAL_REPRESENTATION('',(#8304),#8308);
#8304 = LINE('',#8305,#8306);
#8305 = CARTESIAN_POINT('',(-6.28318530718,0.));
#8306 = VECTOR('',#8307,1.);
#8307 = DIRECTION('',(-0.,-1.));
#8308 = ( GEOMETRIC_REPRESENTATION_CONTEXT(2) 
PARAMETRIC_REPRESENTATION_CONTEXT() REPRESENTATION_CONTEXT('2D SPACE',''
  ) );
#8309 = PCURVE('',#8064,#8310);
#8310 = DEFINITIONAL_REPRESENTATION('',(#8311),#8315);
#8311 = LINE('',#8312,#8313);
#8312 = CARTESIAN_POINT('',(-0.,0.));
#8313 = VECTOR('',#8314,1.);
#8314 = DIRECTION('',(-0.,-1.));
#8315 = ( GEOMETRIC_REPRESENTATION_CONTEXT(2) 
PARAMETRIC_REPRESENTATION_CONTEXT() REPRESENTATION_CONTEXT('2D SPACE',''
  ) );
#8316 = ORIENTED_EDGE('',*,*,#8043,.F.);
#8317 = ORIENTED_EDGE('',*,*,#8296,.F.);
#8318 = ADVANCED_FACE('',(#8319),#8284,.T.);
#8319 = FACE_BOUND('',#8320,.T.);
#8320 = EDGE_LOOP('',(#8321));
#8321 = ORIENTED_EDGE('',*,*,#8267,.T.);
#8322 = ADVANCED_FACE('',(#8323),#8029,.F.);
#8323 = FACE_BOUND('',#8324,.T.);
#8324 = EDGE_LOOP('',(#8325,#8354,#8375,#8376));
#8325 = ORIENTED_EDGE('',*,*,#8326,.F.);
#8326 = EDGE_CURVE('',#8327,#8327,#8329,.T.);
#8327 = VERTEX_POINT('',#8328);
#8328 = CARTESIAN_POINT('',(106.,-6.,0.));
#8329 = SURFACE_CURVE('',#8330,(#8335,#8342),.PCURVE_S1.);
#8330 = CIRCLE('',#8331,1.6);
#8331 = AXIS2_PLACEMENT_3D('',#8332,#8333,#8334);
#8332 = CARTESIAN_POINT('',(104.4,-6.,0.));
#8333 = DIRECTION('',(0.,0.,1.));
#8334 = DIRECTION('',(1.,0.,0.));
#8335 = PCURVE('',#8029,#8336);
#8336 = DEFINITIONAL_REPRESENTATION('',(#8337),#8341);
#8337 = LINE('',#8338,#8339);
#8338 = CARTESIAN_POINT('',(-0.,0.));
#8339 = VECTOR('',#8340,1.);
#8340 = DIRECTION('',(-1.,0.));
#8341 = ( GEOMETRIC_REPRESENTATION_CONTEXT(2) 
PARAMETRIC_REPRESENTATION_CONTEXT() REPRESENTATION_CONTEXT('2D SPACE',''
  ) );
#8342 = PCURVE('',#8343,#8348);
#8343 = PLANE('',#8344);
#8344 = AXIS2_PLACEMENT_3D('',#8345,#8346,#8347);
#8345 = CARTESIAN_POINT('',(104.4,-6.,0.));
#8346 = DIRECTION('',(0.,0.,1.));
#8347 = DIRECTION('',(1.,0.,-0.));
#8348 = DEFINITIONAL_REPRESENTATION('',(#8349),#8353);
#8349 = CIRCLE('',#8350,1.6);
#8350 = AXIS2_PLACEMENT_2D('',#8351,#8352);
#8351 = CARTESIAN_POINT('',(1.42108547152E-14,-1.7763568394E-15));
#8352 = DIRECTION('',(1.,0.));
#8353 = ( GEOMETRIC_REPRESENTATION_CONTEXT(2) 
PARAMETRIC_REPRESENTATION_CONTEXT() REPRESENTATION_CONTEXT('2D SPACE',''
  ) );
#8354 = ORIENTED_EDGE('',*,*,#8355,.T.);
#8355 = EDGE_CURVE('',#8327,#8009,#8356,.T.);
#8356 = SEAM_CURVE('',#8357,(#8361,#8368),.PCURVE_S1.);
#8357 = LINE('',#8358,#8359);
#8358 = CARTESIAN_POINT('',(106.,-6.,0.));
#8359 = VECTOR('',#8360,1.);
#8360 = DIRECTION('',(0.,0.,1.));
#8361 = PCURVE('',#8029,#8362);
#8362 = DEFINITIONAL_REPRESENTATION('',(#8363),#8367);
#8363 = LINE('',#8364,#8365);
#8364 = CARTESIAN_POINT('',(-6.28318530718,0.));
#8365 = VECTOR('',#8366,1.);
#8366 = DIRECTION('',(-0.,-1.));
#8367 = ( GEOMETRIC_REPRESENTATION_CONTEXT(2) 
PARAMETRIC_REPRESENTATION_CONTEXT() REPRESENTATION_CONTEXT('2D SPACE',''
  ) );
#8368 = PCURVE('',#8029,#8369);
#8369 = DEFINITIONAL_REPRESENTATION('',(#8370),#8374);
#8370 = LINE('',#8371,#8372);
#8371 = CARTESIAN_POINT('',(-0.,0.));
#8372 = VECTOR('',#8373,1.);
#8373 = DIRECTION('',(-0.,-1.));
#8374 = ( GEOMETRIC_REPRESENTATION_CONTEXT(2) 
PARAMETRIC_REPRESENTATION_CONTEXT() REPRESENTATION_CONTEXT('2D SPACE',''
  ) );
#8375 = ORIENTED_EDGE('',*,*,#8008,.F.);
#8376 = ORIENTED_EDGE('',*,*,#8355,.F.);
#8377 = ADVANCED_FACE('',(#8378),#8343,.T.);
#8378 = FACE_BOUND('',#8379,.T.);
#8379 = EDGE_LOOP('',(#8380));
#8380 = ORIENTED_EDGE('',*,*,#8326,.T.);
#8381 = ( GEOMETRIC_REPRESENTATION_CONTEXT(3) 
GLOBAL_UNCERTAINTY_ASSIGNED_CONTEXT((#8385)) 
GLOBAL_UNIT_ASSIGNED_CONTEXT((#8382,#8383,#8384)) REPRESENTATION_CONTEXT
('Context #1','3D Context with UNIT and UNCERTAINTY') );
#8382 = ( LENGTH_UNIT() NAMED_UNIT(*) SI_UNIT(.MILLI.,.METRE.) );
#8383 = ( NAMED_UNIT(*) PLANE_ANGLE_UNIT() SI_UNIT($,.RADIAN.) );
#8384 = ( NAMED_UNIT(*) SI_UNIT($,.STERADIAN.) SOLID_ANGLE_UNIT() );
#8385 = UNCERTAINTY_MEASURE_WITH_UNIT(LENGTH_MEASURE(1.E-07),#8382,
  'distance_accuracy_value','confusion accuracy');
#8386 = CONTEXT_DEPENDENT_SHAPE_REPRESENTATION(#8387,#8389);
#8387 = ( REPRESENTATION_RELATIONSHIP('','',#90,#55) 
REPRESENTATION_RELATIONSHIP_WITH_TRANSFORMATION(#8388) 
SHAPE_REPRESENTATION_RELATIONSHIP() );
#8388 = ITEM_DEFINED_TRANSFORMATION('','',#11,#56);
#8389 = PRODUCT_DEFINITION_SHAPE('Placement','Placement of an item',
  #8390);
#8390 = NEXT_ASSEMBLY_USAGE_OCCURRENCE('1','','',#50,#85,$);
#8391 = PRODUCT_RELATED_PRODUCT_CATEGORY('part',$,(#87));
#8392 = SHAPE_DEFINITION_REPRESENTATION(#8393,#8399);
#8393 = PRODUCT_DEFINITION_SHAPE('','',#8394);
#8394 = PRODUCT_DEFINITION('design','',#8395,#8398);
#8395 = PRODUCT_DEFINITION_FORMATION('','',#8396);
#8396 = PRODUCT('Open CASCADE STEP translator 7.9 4.1.1.2',
  'Open CASCADE STEP translator 7.9 4.1.1.2','',(#8397));
#8397 = PRODUCT_CONTEXT('',#2,'mechanical');
#8398 = PRODUCT_DEFINITION_CONTEXT('part definition',#2,'design');
#8399 = ADVANCED_BREP_SHAPE_REPRESENTATION('',(#11,#8400),#11376);
#8400 = MANIFOLD_SOLID_BREP('',#8401);
#8401 = CLOSED_SHELL('',(#8402,#8522,#8862,#8921,#9253,#9324,#9374,#9428
    ,#9477,#9526,#9580,#9630,#9657,#9684,#9711,#9738,#9809,#9859,#9913,
    #9962,#10011,#10043,#10071,#10536,#10613,#10787,#10814,#10841,#10868
    ,#10895,#10922,#10949,#10956,#11033,#11207,#11234,#11261,#11288,
    #11315,#11342,#11369));
#8402 = ADVANCED_FACE('',(#8403),#8417,.F.);
#8403 = FACE_BOUND('',#8404,.F.);
#8404 = EDGE_LOOP('',(#8405,#8440,#8468,#8496));
#8405 = ORIENTED_EDGE('',*,*,#8406,.F.);
#8406 = EDGE_CURVE('',#8407,#8409,#8411,.T.);
#8407 = VERTEX_POINT('',#8408);
#8408 = CARTESIAN_POINT('',(-198.,-23.85,9.));
#8409 = VERTEX_POINT('',#8410);
#8410 = CARTESIAN_POINT('',(-198.,23.85,9.));
#8411 = SURFACE_CURVE('',#8412,(#8416,#8428),.PCURVE_S1.);
#8412 = LINE('',#8413,#8414);
#8413 = CARTESIAN_POINT('',(-198.,-25.85,9.));
#8414 = VECTOR('',#8415,1.);
#8415 = DIRECTION('',(0.,1.,0.));
#8416 = PCURVE('',#8417,#8422);
#8417 = PLANE('',#8418);
#8418 = AXIS2_PLACEMENT_3D('',#8419,#8420,#8421);
#8419 = CARTESIAN_POINT('',(-198.,-25.85,7.8));
#8420 = DIRECTION('',(1.,0.,0.));
#8421 = DIRECTION('',(0.,0.,1.));
#8422 = DEFINITIONAL_REPRESENTATION('',(#8423),#8427);
#8423 = LINE('',#8424,#8425);
#8424 = CARTESIAN_POINT('',(1.2,0.));
#8425 = VECTOR('',#8426,1.);
#8426 = DIRECTION('',(0.,-1.));
#8427 = ( GEOMETRIC_REPRESENTATION_CONTEXT(2) 
PARAMETRIC_REPRESENTATION_CONTEXT() REPRESENTATION_CONTEXT('2D SPACE',''
  ) );
#8428 = PCURVE('',#8429,#8434);
#8429 = PLANE('',#8430);
#8430 = AXIS2_PLACEMENT_3D('',#8431,#8432,#8433);
#8431 = CARTESIAN_POINT('',(-198.,-25.85,9.));
#8432 = DIRECTION('',(0.,0.,1.));
#8433 = DIRECTION('',(1.,0.,0.));
#8434 = DEFINITIONAL_REPRESENTATION('',(#8435),#8439);
#8435 = LINE('',#8436,#8437);
#8436 = CARTESIAN_POINT('',(0.,0.));
#8437 = VECTOR('',#8438,1.);
#8438 = DIRECTION('',(0.,1.));
#8439 = ( GEOMETRIC_REPRESENTATION_CONTEXT(2) 
PARAMETRIC_REPRESENTATION_CONTEXT() REPRESENTATION_CONTEXT('2D SPACE',''
  ) );
#8440 = ORIENTED_EDGE('',*,*,#8441,.F.);
#8441 = EDGE_CURVE('',#8442,#8407,#8444,.T.);
#8442 = VERTEX_POINT('',#8443);
#8443 = CARTESIAN_POINT('',(-198.,-23.85,7.8));
#8444 = SURFACE_CURVE('',#8445,(#8449,#8456),.PCURVE_S1.);
#8445 = LINE('',#8446,#8447);
#8446 = CARTESIAN_POINT('',(-198.,-23.85,7.8));
#8447 = VECTOR('',#8448,1.);
#8448 = DIRECTION('',(0.,0.,1.));
#8449 = PCURVE('',#8417,#8450);
#8450 = DEFINITIONAL_REPRESENTATION('',(#8451),#8455);
#8451 = LINE('',#8452,#8453);
#8452 = CARTESIAN_POINT('',(0.,-2.));
#8453 = VECTOR('',#8454,1.);
#8454 = DIRECTION('',(1.,0.));
#8455 = ( GEOMETRIC_REPRESENTATION_CONTEXT(2) 
PARAMETRIC_REPRESENTATION_CONTEXT() REPRESENTATION_CONTEXT('2D SPACE',''
  ) );
#8456 = PCURVE('',#8457,#8462);
#8457 = CYLINDRICAL_SURFACE('',#8458,2.);
#8458 = AXIS2_PLACEMENT_3D('',#8459,#8460,#8461);
#8459 = CARTESIAN_POINT('',(-196.,-23.85,7.8));
#8460 = DIRECTION('',(0.,0.,1.));
#8461 = DIRECTION('',(-1.,-0.,0.));
#8462 = DEFINITIONAL_REPRESENTATION('',(#8463),#8467);
#8463 = LINE('',#8464,#8465);
#8464 = CARTESIAN_POINT('',(0.,0.));
#8465 = VECTOR('',#8466,1.);
#8466 = DIRECTION('',(0.,1.));
#8467 = ( GEOMETRIC_REPRESENTATION_CONTEXT(2) 
PARAMETRIC_REPRESENTATION_CONTEXT() REPRESENTATION_CONTEXT('2D SPACE',''
  ) );
#8468 = ORIENTED_EDGE('',*,*,#8469,.T.);
#8469 = EDGE_CURVE('',#8442,#8470,#8472,.T.);
#8470 = VERTEX_POINT('',#8471);
#8471 = CARTESIAN_POINT('',(-198.,23.85,7.8));
#8472 = SURFACE_CURVE('',#8473,(#8477,#8484),.PCURVE_S1.);
#8473 = LINE('',#8474,#8475);
#8474 = CARTESIAN_POINT('',(-198.,-25.85,7.8));
#8475 = VECTOR('',#8476,1.);
#8476 = DIRECTION('',(0.,1.,0.));
#8477 = PCURVE('',#8417,#8478);
#8478 = DEFINITIONAL_REPRESENTATION('',(#8479),#8483);
#8479 = LINE('',#8480,#8481);
#8480 = CARTESIAN_POINT('',(0.,0.));
#8481 = VECTOR('',#8482,1.);
#8482 = DIRECTION('',(0.,-1.));
#8483 = ( GEOMETRIC_REPRESENTATION_CONTEXT(2) 
PARAMETRIC_REPRESENTATION_CONTEXT() REPRESENTATION_CONTEXT('2D SPACE',''
  ) );
#8484 = PCURVE('',#8485,#8490);
#8485 = PLANE('',#8486);
#8486 = AXIS2_PLACEMENT_3D('',#8487,#8488,#8489);
#8487 = CARTESIAN_POINT('',(-198.,-25.85,7.8));
#8488 = DIRECTION('',(0.,0.,1.));
#8489 = DIRECTION('',(1.,0.,0.));
#8490 = DEFINITIONAL_REPRESENTATION('',(#8491),#8495);
#8491 = LINE('',#8492,#8493);
#8492 = CARTESIAN_POINT('',(0.,0.));
#8493 = VECTOR('',#8494,1.);
#8494 = DIRECTION('',(0.,1.));
#8495 = ( GEOMETRIC_REPRESENTATION_CONTEXT(2) 
PARAMETRIC_REPRESENTATION_CONTEXT() REPRESENTATION_CONTEXT('2D SPACE',''
  ) );
#8496 = ORIENTED_EDGE('',*,*,#8497,.T.);
#8497 = EDGE_CURVE('',#8470,#8409,#8498,.T.);
#8498 = SURFACE_CURVE('',#8499,(#8503,#8510),.PCURVE_S1.);
#8499 = LINE('',#8500,#8501);
#8500 = CARTESIAN_POINT('',(-198.,23.85,7.8));
#8501 = VECTOR('',#8502,1.);
#8502 = DIRECTION('',(0.,0.,1.));
#8503 = PCURVE('',#8417,#8504);
#8504 = DEFINITIONAL_REPRESENTATION('',(#8505),#8509);
#8505 = LINE('',#8506,#8507);
#8506 = CARTESIAN_POINT('',(0.,-49.7));
#8507 = VECTOR('',#8508,1.);
#8508 = DIRECTION('',(1.,0.));
#8509 = ( GEOMETRIC_REPRESENTATION_CONTEXT(2) 
PARAMETRIC_REPRESENTATION_CONTEXT() REPRESENTATION_CONTEXT('2D SPACE',''
  ) );
#8510 = PCURVE('',#8511,#8516);
#8511 = CYLINDRICAL_SURFACE('',#8512,2.);
#8512 = AXIS2_PLACEMENT_3D('',#8513,#8514,#8515);
#8513 = CARTESIAN_POINT('',(-196.,23.85,7.8));
#8514 = DIRECTION('',(0.,0.,1.));
#8515 = DIRECTION('',(-1.,-0.,0.));
#8516 = DEFINITIONAL_REPRESENTATION('',(#8517),#8521);
#8517 = LINE('',#8518,#8519);
#8518 = CARTESIAN_POINT('',(-0.,0.));
#8519 = VECTOR('',#8520,1.);
#8520 = DIRECTION('',(-0.,1.));
#8521 = ( GEOMETRIC_REPRESENTATION_CONTEXT(2) 
PARAMETRIC_REPRESENTATION_CONTEXT() REPRESENTATION_CONTEXT('2D SPACE',''
  ) );
#8522 = ADVANCED_FACE('',(#8523,#8722,#8757,#8792,#8827),#8485,.F.);
#8523 = FACE_BOUND('',#8524,.F.);
#8524 = EDGE_LOOP('',(#8525,#8526,#8550,#8578,#8611,#8639,#8668,#8696));
#8525 = ORIENTED_EDGE('',*,*,#8469,.F.);
#8526 = ORIENTED_EDGE('',*,*,#8527,.T.);
#8527 = EDGE_CURVE('',#8442,#8528,#8530,.T.);
#8528 = VERTEX_POINT('',#8529);
#8529 = CARTESIAN_POINT('',(-196.,-25.85,7.8));
#8530 = SURFACE_CURVE('',#8531,(#8536,#8543),.PCURVE_S1.);
#8531 = CIRCLE('',#8532,2.);
#8532 = AXIS2_PLACEMENT_3D('',#8533,#8534,#8535);
#8533 = CARTESIAN_POINT('',(-196.,-23.85,7.8));
#8534 = DIRECTION('',(0.,0.,1.));
#8535 = DIRECTION('',(0.,-1.,0.));
#8536 = PCURVE('',#8485,#8537);
#8537 = DEFINITIONAL_REPRESENTATION('',(#8538),#8542);
#8538 = CIRCLE('',#8539,2.);
#8539 = AXIS2_PLACEMENT_2D('',#8540,#8541);
#8540 = CARTESIAN_POINT('',(2.,2.));
#8541 = DIRECTION('',(0.,-1.));
#8542 = ( GEOMETRIC_REPRESENTATION_CONTEXT(2) 
PARAMETRIC_REPRESENTATION_CONTEXT() REPRESENTATION_CONTEXT('2D SPACE',''
  ) );
#8543 = PCURVE('',#8457,#8544);
#8544 = DEFINITIONAL_REPRESENTATION('',(#8545),#8549);
#8545 = LINE('',#8546,#8547);
#8546 = CARTESIAN_POINT('',(-4.712388980385,0.));
#8547 = VECTOR('',#8548,1.);
#8548 = DIRECTION('',(1.,0.));
#8549 = ( GEOMETRIC_REPRESENTATION_CONTEXT(2) 
PARAMETRIC_REPRESENTATION_CONTEXT() REPRESENTATION_CONTEXT('2D SPACE',''
  ) );
#8550 = ORIENTED_EDGE('',*,*,#8551,.T.);
#8551 = EDGE_CURVE('',#8528,#8552,#8554,.T.);
#8552 = VERTEX_POINT('',#8553);
#8553 = CARTESIAN_POINT('',(196.,-25.85,7.8));
#8554 = SURFACE_CURVE('',#8555,(#8559,#8566),.PCURVE_S1.);
#8555 = LINE('',#8556,#8557);
#8556 = CARTESIAN_POINT('',(-198.,-25.85,7.8));
#8557 = VECTOR('',#8558,1.);
#8558 = DIRECTION('',(1.,0.,0.));
#8559 = PCURVE('',#8485,#8560);
#8560 = DEFINITIONAL_REPRESENTATION('',(#8561),#8565);
#8561 = LINE('',#8562,#8563);
#8562 = CARTESIAN_POINT('',(0.,0.));
#8563 = VECTOR('',#8564,1.);
#8564 = DIRECTION('',(1.,0.));
#8565 = ( GEOMETRIC_REPRESENTATION_CONTEXT(2) 
PARAMETRIC_REPRESENTATION_CONTEXT() REPRESENTATION_CONTEXT('2D SPACE',''
  ) );
#8566 = PCURVE('',#8567,#8572);
#8567 = PLANE('',#8568);
#8568 = AXIS2_PLACEMENT_3D('',#8569,#8570,#8571);
#8569 = CARTESIAN_POINT('',(-198.,-25.85,7.8));
#8570 = DIRECTION('',(0.,1.,0.));
#8571 = DIRECTION('',(0.,0.,1.));
#8572 = DEFINITIONAL_REPRESENTATION('',(#8573),#8577);
#8573 = LINE('',#8574,#8575);
#8574 = CARTESIAN_POINT('',(0.,0.));
#8575 = VECTOR('',#8576,1.);
#8576 = DIRECTION('',(0.,1.));
#8577 = ( GEOMETRIC_REPRESENTATION_CONTEXT(2) 
PARAMETRIC_REPRESENTATION_CONTEXT() REPRESENTATION_CONTEXT('2D SPACE',''
  ) );
#8578 = ORIENTED_EDGE('',*,*,#8579,.F.);
#8579 = EDGE_CURVE('',#8580,#8552,#8582,.T.);
#8580 = VERTEX_POINT('',#8581);
#8581 = CARTESIAN_POINT('',(198.,-23.85,7.8));
#8582 = SURFACE_CURVE('',#8583,(#8588,#8599),.PCURVE_S1.);
#8583 = CIRCLE('',#8584,2.);
#8584 = AXIS2_PLACEMENT_3D('',#8585,#8586,#8587);
#8585 = CARTESIAN_POINT('',(196.,-23.85,7.8));
#8586 = DIRECTION('',(-0.,-0.,-1.));
#8587 = DIRECTION('',(0.,-1.,0.));
#8588 = PCURVE('',#8485,#8589);
#8589 = DEFINITIONAL_REPRESENTATION('',(#8590),#8598);
#8590 = ( BOUNDED_CURVE() B_SPLINE_CURVE(2,(#8591,#8592,#8593,#8594,
#8595,#8596,#8597),.UNSPECIFIED.,.T.,.F.) B_SPLINE_CURVE_WITH_KNOTS((1,2
    ,2,2,2,1),(-2.094395102393,0.,2.094395102393,4.188790204786,
6.28318530718,8.377580409573),.UNSPECIFIED.) CURVE() 
GEOMETRIC_REPRESENTATION_ITEM() RATIONAL_B_SPLINE_CURVE((1.,0.5,1.,0.5,
1.,0.5,1.)) REPRESENTATION_ITEM('') );
#8591 = CARTESIAN_POINT('',(394.,0.));
#8592 = CARTESIAN_POINT('',(390.53589838486,0.));
#8593 = CARTESIAN_POINT('',(392.26794919243,3.));
#8594 = CARTESIAN_POINT('',(394.,6.));
#8595 = CARTESIAN_POINT('',(395.73205080756,3.));
#8596 = CARTESIAN_POINT('',(397.46410161513,3.10862446895E-15));
#8597 = CARTESIAN_POINT('',(394.,0.));
#8598 = ( GEOMETRIC_REPRESENTATION_CONTEXT(2) 
PARAMETRIC_REPRESENTATION_CONTEXT() REPRESENTATION_CONTEXT('2D SPACE',''
  ) );
#8599 = PCURVE('',#8600,#8605);
#8600 = CYLINDRICAL_SURFACE('',#8601,2.);
#8601 = AXIS2_PLACEMENT_3D('',#8602,#8603,#8604);
#8602 = CARTESIAN_POINT('',(196.,-23.85,7.8));
#8603 = DIRECTION('',(0.,0.,1.));
#8604 = DIRECTION('',(1.,0.,-0.));
#8605 = DEFINITIONAL_REPRESENTATION('',(#8606),#8610);
#8606 = LINE('',#8607,#8608);
#8607 = CARTESIAN_POINT('',(4.712388980385,-0.));
#8608 = VECTOR('',#8609,1.);
#8609 = DIRECTION('',(-1.,0.));
#8610 = ( GEOMETRIC_REPRESENTATION_CONTEXT(2) 
PARAMETRIC_REPRESENTATION_CONTEXT() REPRESENTATION_CONTEXT('2D SPACE',''
  ) );
#8611 = ORIENTED_EDGE('',*,*,#8612,.T.);
#8612 = EDGE_CURVE('',#8580,#8613,#8615,.T.);
#8613 = VERTEX_POINT('',#8614);
#8614 = CARTESIAN_POINT('',(198.,23.85,7.8));
#8615 = SURFACE_CURVE('',#8616,(#8620,#8627),.PCURVE_S1.);
#8616 = LINE('',#8617,#8618);
#8617 = CARTESIAN_POINT('',(198.,-25.85,7.8));
#8618 = VECTOR('',#8619,1.);
#8619 = DIRECTION('',(0.,1.,0.));
#8620 = PCURVE('',#8485,#8621);
#8621 = DEFINITIONAL_REPRESENTATION('',(#8622),#8626);
#8622 = LINE('',#8623,#8624);
#8623 = CARTESIAN_POINT('',(396.,0.));
#8624 = VECTOR('',#8625,1.);
#8625 = DIRECTION('',(0.,1.));
#8626 = ( GEOMETRIC_REPRESENTATION_CONTEXT(2) 
PARAMETRIC_REPRESENTATION_CONTEXT() REPRESENTATION_CONTEXT('2D SPACE',''
  ) );
#8627 = PCURVE('',#8628,#8633);
#8628 = PLANE('',#8629);
#8629 = AXIS2_PLACEMENT_3D('',#8630,#8631,#8632);
#8630 = CARTESIAN_POINT('',(198.,-25.85,7.8));
#8631 = DIRECTION('',(1.,0.,0.));
#8632 = DIRECTION('',(0.,0.,1.));
#8633 = DEFINITIONAL_REPRESENTATION('',(#8634),#8638);
#8634 = LINE('',#8635,#8636);
#8635 = CARTESIAN_POINT('',(0.,0.));
#8636 = VECTOR('',#8637,1.);
#8637 = DIRECTION('',(0.,-1.));
#8638 = ( GEOMETRIC_REPRESENTATION_CONTEXT(2) 
PARAMETRIC_REPRESENTATION_CONTEXT() REPRESENTATION_CONTEXT('2D SPACE',''
  ) );
#8639 = ORIENTED_EDGE('',*,*,#8640,.T.);
#8640 = EDGE_CURVE('',#8613,#8641,#8643,.T.);
#8641 = VERTEX_POINT('',#8642);
#8642 = CARTESIAN_POINT('',(196.,25.85,7.8));
#8643 = SURFACE_CURVE('',#8644,(#8649,#8656),.PCURVE_S1.);
#8644 = CIRCLE('',#8645,2.);
#8645 = AXIS2_PLACEMENT_3D('',#8646,#8647,#8648);
#8646 = CARTESIAN_POINT('',(196.,23.85,7.8));
#8647 = DIRECTION('',(0.,0.,1.));
#8648 = DIRECTION('',(0.,-1.,0.));
#8649 = PCURVE('',#8485,#8650);
#8650 = DEFINITIONAL_REPRESENTATION('',(#8651),#8655);
#8651 = CIRCLE('',#8652,2.);
#8652 = AXIS2_PLACEMENT_2D('',#8653,#8654);
#8653 = CARTESIAN_POINT('',(394.,49.7));
#8654 = DIRECTION('',(0.,-1.));
#8655 = ( GEOMETRIC_REPRESENTATION_CONTEXT(2) 
PARAMETRIC_REPRESENTATION_CONTEXT() REPRESENTATION_CONTEXT('2D SPACE',''
  ) );
#8656 = PCURVE('',#8657,#8662);
#8657 = CYLINDRICAL_SURFACE('',#8658,2.);
#8658 = AXIS2_PLACEMENT_3D('',#8659,#8660,#8661);
#8659 = CARTESIAN_POINT('',(196.,23.85,7.8));
#8660 = DIRECTION('',(0.,0.,1.));
#8661 = DIRECTION('',(1.,0.,-0.));
#8662 = DEFINITIONAL_REPRESENTATION('',(#8663),#8667);
#8663 = LINE('',#8664,#8665);
#8664 = CARTESIAN_POINT('',(-1.570796326795,0.));
#8665 = VECTOR('',#8666,1.);
#8666 = DIRECTION('',(1.,0.));
#8667 = ( GEOMETRIC_REPRESENTATION_CONTEXT(2) 
PARAMETRIC_REPRESENTATION_CONTEXT() REPRESENTATION_CONTEXT('2D SPACE',''
  ) );
#8668 = ORIENTED_EDGE('',*,*,#8669,.F.);
#8669 = EDGE_CURVE('',#8670,#8641,#8672,.T.);
#8670 = VERTEX_POINT('',#8671);
#8671 = CARTESIAN_POINT('',(-196.,25.85,7.8));
#8672 = SURFACE_CURVE('',#8673,(#8677,#8684),.PCURVE_S1.);
#8673 = LINE('',#8674,#8675);
#8674 = CARTESIAN_POINT('',(-198.,25.85,7.8));
#8675 = VECTOR('',#8676,1.);
#8676 = DIRECTION('',(1.,0.,0.));
#8677 = PCURVE('',#8485,#8678);
#8678 = DEFINITIONAL_REPRESENTATION('',(#8679),#8683);
#8679 = LINE('',#8680,#8681);
#8680 = CARTESIAN_POINT('',(0.,51.7));
#8681 = VECTOR('',#8682,1.);
#8682 = DIRECTION('',(1.,0.));
#8683 = ( GEOMETRIC_REPRESENTATION_CONTEXT(2) 
PARAMETRIC_REPRESENTATION_CONTEXT() REPRESENTATION_CONTEXT('2D SPACE',''
  ) );
#8684 = PCURVE('',#8685,#8690);
#8685 = PLANE('',#8686);
#8686 = AXIS2_PLACEMENT_3D('',#8687,#8688,#8689);
#8687 = CARTESIAN_POINT('',(-198.,25.85,7.8));
#8688 = DIRECTION('',(0.,1.,0.));
#8689 = DIRECTION('',(0.,0.,1.));
#8690 = DEFINITIONAL_REPRESENTATION('',(#8691),#8695);
#8691 = LINE('',#8692,#8693);
#8692 = CARTESIAN_POINT('',(0.,0.));
#8693 = VECTOR('',#8694,1.);
#8694 = DIRECTION('',(0.,1.));
#8695 = ( GEOMETRIC_REPRESENTATION_CONTEXT(2) 
PARAMETRIC_REPRESENTATION_CONTEXT() REPRESENTATION_CONTEXT('2D SPACE',''
  ) );
#8696 = ORIENTED_EDGE('',*,*,#8697,.F.);
#8697 = EDGE_CURVE('',#8470,#8670,#8698,.T.);
#8698 = SURFACE_CURVE('',#8699,(#8704,#8715),.PCURVE_S1.);
#8699 = CIRCLE('',#8700,2.);
#8700 = AXIS2_PLACEMENT_3D('',#8701,#8702,#8703);
#8701 = CARTESIAN_POINT('',(-196.,23.85,7.8));
#8702 = DIRECTION('',(-0.,-0.,-1.));
#8703 = DIRECTION('',(0.,-1.,0.));
#8704 = PCURVE('',#8485,#8705);
#8705 = DEFINITIONAL_REPRESENTATION('',(#8706),#8714);
#8706 = ( BOUNDED_CURVE() B_SPLINE_CURVE(2,(#8707,#8708,#8709,#8710,
#8711,#8712,#8713),.UNSPECIFIED.,.T.,.F.) B_SPLINE_CURVE_WITH_KNOTS((1,2
    ,2,2,2,1),(-2.094395102393,0.,2.094395102393,4.188790204786,
6.28318530718,8.377580409573),.UNSPECIFIED.) CURVE() 
GEOMETRIC_REPRESENTATION_ITEM() RATIONAL_B_SPLINE_CURVE((1.,0.5,1.,0.5,
1.,0.5,1.)) REPRESENTATION_ITEM('') );
#8707 = CARTESIAN_POINT('',(2.,47.7));
#8708 = CARTESIAN_POINT('',(-1.464101615138,47.7));
#8709 = CARTESIAN_POINT('',(0.267949192431,50.7));
#8710 = CARTESIAN_POINT('',(2.,53.7));
#8711 = CARTESIAN_POINT('',(3.732050807569,50.7));
#8712 = CARTESIAN_POINT('',(5.464101615138,47.7));
#8713 = CARTESIAN_POINT('',(2.,47.7));
#8714 = ( GEOMETRIC_REPRESENTATION_CONTEXT(2) 
PARAMETRIC_REPRESENTATION_CONTEXT() REPRESENTATION_CONTEXT('2D SPACE',''
  ) );
#8715 = PCURVE('',#8511,#8716);
#8716 = DEFINITIONAL_REPRESENTATION('',(#8717),#8721);
#8717 = LINE('',#8718,#8719);
#8718 = CARTESIAN_POINT('',(1.570796326795,-0.));
#8719 = VECTOR('',#8720,1.);
#8720 = DIRECTION('',(-1.,0.));
#8721 = ( GEOMETRIC_REPRESENTATION_CONTEXT(2) 
PARAMETRIC_REPRESENTATION_CONTEXT() REPRESENTATION_CONTEXT('2D SPACE',''
  ) );
#8722 = FACE_BOUND('',#8723,.F.);
#8723 = EDGE_LOOP('',(#8724));
#8724 = ORIENTED_EDGE('',*,*,#8725,.T.);
#8725 = EDGE_CURVE('',#8726,#8726,#8728,.T.);
#8726 = VERTEX_POINT('',#8727);
#8727 = CARTESIAN_POINT('',(106.,-6.,7.8));
#8728 = SURFACE_CURVE('',#8729,(#8734,#8745),.PCURVE_S1.);
#8729 = CIRCLE('',#8730,1.6);
#8730 = AXIS2_PLACEMENT_3D('',#8731,#8732,#8733);
#8731 = CARTESIAN_POINT('',(104.4,-6.,7.8));
#8732 = DIRECTION('',(0.,0.,-1.));
#8733 = DIRECTION('',(1.,0.,0.));
#8734 = PCURVE('',#8485,#8735);
#8735 = DEFINITIONAL_REPRESENTATION('',(#8736),#8744);
#8736 = ( BOUNDED_CURVE() B_SPLINE_CURVE(2,(#8737,#8738,#8739,#8740,
#8741,#8742,#8743),.UNSPECIFIED.,.T.,.F.) B_SPLINE_CURVE_WITH_KNOTS((1,2
    ,2,2,2,1),(-2.094395102393,0.,2.094395102393,4.188790204786,
6.28318530718,8.377580409573),.UNSPECIFIED.) CURVE() 
GEOMETRIC_REPRESENTATION_ITEM() RATIONAL_B_SPLINE_CURVE((1.,0.5,1.,0.5,
1.,0.5,1.)) REPRESENTATION_ITEM('') );
#8737 = CARTESIAN_POINT('',(304.,19.85));
#8738 = CARTESIAN_POINT('',(304.,17.07871870789));
#8739 = CARTESIAN_POINT('',(301.6,18.464359353945));
#8740 = CARTESIAN_POINT('',(299.2,19.85));
#8741 = CARTESIAN_POINT('',(301.6,21.235640646055));
#8742 = CARTESIAN_POINT('',(304.,22.62128129211));
#8743 = CARTESIAN_POINT('',(304.,19.85));
#8744 = ( GEOMETRIC_REPRESENTATION_CONTEXT(2) 
PARAMETRIC_REPRESENTATION_CONTEXT() REPRESENTATION_CONTEXT('2D SPACE',''
  ) );
#8745 = PCURVE('',#8746,#8751);
#8746 = CYLINDRICAL_SURFACE('',#8747,1.6);
#8747 = AXIS2_PLACEMENT_3D('',#8748,#8749,#8750);
#8748 = CARTESIAN_POINT('',(104.4,-6.,0.));
#8749 = DIRECTION('',(-0.,-0.,-1.));
#8750 = DIRECTION('',(1.,0.,0.));
#8751 = DEFINITIONAL_REPRESENTATION('',(#8752),#8756);
#8752 = LINE('',#8753,#8754);
#8753 = CARTESIAN_POINT('',(-6.28318530718,-7.8));
#8754 = VECTOR('',#8755,1.);
#8755 = DIRECTION('',(1.,-0.));
#8756 = ( GEOMETRIC_REPRESENTATION_CONTEXT(2) 
PARAMETRIC_REPRESENTATION_CONTEXT() REPRESENTATION_CONTEXT('2D SPACE',''
  ) );
#8757 = FACE_BOUND('',#8758,.F.);
#8758 = EDGE_LOOP('',(#8759));
#8759 = ORIENTED_EDGE('',*,*,#8760,.T.);
#8760 = EDGE_CURVE('',#8761,#8761,#8763,.T.);
#8761 = VERTEX_POINT('',#8762);
#8762 = CARTESIAN_POINT('',(136.,-6.,7.8));
#8763 = SURFACE_CURVE('',#8764,(#8769,#8780),.PCURVE_S1.);
#8764 = CIRCLE('',#8765,1.6);
#8765 = AXIS2_PLACEMENT_3D('',#8766,#8767,#8768);
#8766 = CARTESIAN_POINT('',(134.4,-6.,7.8));
#8767 = DIRECTION('',(0.,0.,-1.));
#8768 = DIRECTION('',(1.,0.,0.));
#8769 = PCURVE('',#8485,#8770);
#8770 = DEFINITIONAL_REPRESENTATION('',(#8771),#8779);
#8771 = ( BOUNDED_CURVE() B_SPLINE_CURVE(2,(#8772,#8773,#8774,#8775,
#8776,#8777,#8778),.UNSPECIFIED.,.T.,.F.) B_SPLINE_CURVE_WITH_KNOTS((1,2
    ,2,2,2,1),(-2.094395102393,0.,2.094395102393,4.188790204786,
6.28318530718,8.377580409573),.UNSPECIFIED.) CURVE() 
GEOMETRIC_REPRESENTATION_ITEM() RATIONAL_B_SPLINE_CURVE((1.,0.5,1.,0.5,
1.,0.5,1.)) REPRESENTATION_ITEM('') );
#8772 = CARTESIAN_POINT('',(334.,19.85));
#8773 = CARTESIAN_POINT('',(334.,17.07871870789));
#8774 = CARTESIAN_POINT('',(331.6,18.464359353945));
#8775 = CARTESIAN_POINT('',(329.2,19.85));
#8776 = CARTESIAN_POINT('',(331.6,21.235640646055));
#8777 = CARTESIAN_POINT('',(334.,22.62128129211));
#8778 = CARTESIAN_POINT('',(334.,19.85));
#8779 = ( GEOMETRIC_REPRESENTATION_CONTEXT(2) 
PARAMETRIC_REPRESENTATION_CONTEXT() REPRESENTATION_CONTEXT('2D SPACE',''
  ) );
#8780 = PCURVE('',#8781,#8786);
#8781 = CYLINDRICAL_SURFACE('',#8782,1.6);
#8782 = AXIS2_PLACEMENT_3D('',#8783,#8784,#8785);
#8783 = CARTESIAN_POINT('',(134.4,-6.,0.));
#8784 = DIRECTION('',(-0.,-0.,-1.));
#8785 = DIRECTION('',(1.,0.,0.));
#8786 = DEFINITIONAL_REPRESENTATION('',(#8787),#8791);
#8787 = LINE('',#8788,#8789);
#8788 = CARTESIAN_POINT('',(-6.28318530718,-7.8));
#8789 = VECTOR('',#8790,1.);
#8790 = DIRECTION('',(1.,-0.));
#8791 = ( GEOMETRIC_REPRESENTATION_CONTEXT(2) 
PARAMETRIC_REPRESENTATION_CONTEXT() REPRESENTATION_CONTEXT('2D SPACE',''
  ) );
#8792 = FACE_BOUND('',#8793,.F.);
#8793 = EDGE_LOOP('',(#8794));
#8794 = ORIENTED_EDGE('',*,*,#8795,.T.);
#8795 = EDGE_CURVE('',#8796,#8796,#8798,.T.);
#8796 = VERTEX_POINT('',#8797);
#8797 = CARTESIAN_POINT('',(106.,6.,7.8));
#8798 = SURFACE_CURVE('',#8799,(#8804,#8815),.PCURVE_S1.);
#8799 = CIRCLE('',#8800,1.6);
#8800 = AXIS2_PLACEMENT_3D('',#8801,#8802,#8803);
#8801 = CARTESIAN_POINT('',(104.4,6.,7.8));
#8802 = DIRECTION('',(0.,0.,-1.));
#8803 = DIRECTION('',(1.,0.,0.));
#8804 = PCURVE('',#8485,#8805);
#8805 = DEFINITIONAL_REPRESENTATION('',(#8806),#8814);
#8806 = ( BOUNDED_CURVE() B_SPLINE_CURVE(2,(#8807,#8808,#8809,#8810,
#8811,#8812,#8813),.UNSPECIFIED.,.T.,.F.) B_SPLINE_CURVE_WITH_KNOTS((1,2
    ,2,2,2,1),(-2.094395102393,0.,2.094395102393,4.188790204786,
6.28318530718,8.377580409573),.UNSPECIFIED.) CURVE() 
GEOMETRIC_REPRESENTATION_ITEM() RATIONAL_B_SPLINE_CURVE((1.,0.5,1.,0.5,
1.,0.5,1.)) REPRESENTATION_ITEM('') );
#8807 = CARTESIAN_POINT('',(304.,31.85));
#8808 = CARTESIAN_POINT('',(304.,29.07871870789));
#8809 = CARTESIAN_POINT('',(301.6,30.464359353945));
#8810 = CARTESIAN_POINT('',(299.2,31.85));
#8811 = CARTESIAN_POINT('',(301.6,33.235640646055));
#8812 = CARTESIAN_POINT('',(304.,34.62128129211));
#8813 = CARTESIAN_POINT('',(304.,31.85));
#8814 = ( GEOMETRIC_REPRESENTATION_CONTEXT(2) 
PARAMETRIC_REPRESENTATION_CONTEXT() REPRESENTATION_CONTEXT('2D SPACE',''
  ) );
#8815 = PCURVE('',#8816,#8821);
#8816 = CYLINDRICAL_SURFACE('',#8817,1.6);
#8817 = AXIS2_PLACEMENT_3D('',#8818,#8819,#8820);
#8818 = CARTESIAN_POINT('',(104.4,6.,0.));
#8819 = DIRECTION('',(-0.,-0.,-1.));
#8820 = DIRECTION('',(1.,0.,0.));
#8821 = DEFINITIONAL_REPRESENTATION('',(#8822),#8826);
#8822 = LINE('',#8823,#8824);
#8823 = CARTESIAN_POINT('',(-6.28318530718,-7.8));
#8824 = VECTOR('',#8825,1.);
#8825 = DIRECTION('',(1.,-0.));
#8826 = ( GEOMETRIC_REPRESENTATION_CONTEXT(2) 
PARAMETRIC_REPRESENTATION_CONTEXT() REPRESENTATION_CONTEXT('2D SPACE',''
  ) );
#8827 = FACE_BOUND('',#8828,.F.);
#8828 = EDGE_LOOP('',(#8829));
#8829 = ORIENTED_EDGE('',*,*,#8830,.T.);
#8830 = EDGE_CURVE('',#8831,#8831,#8833,.T.);
#8831 = VERTEX_POINT('',#8832);
#8832 = CARTESIAN_POINT('',(136.,6.,7.8));
#8833 = SURFACE_CURVE('',#8834,(#8839,#8850),.PCURVE_S1.);
#8834 = CIRCLE('',#8835,1.6);
#8835 = AXIS2_PLACEMENT_3D('',#8836,#8837,#8838);
#8836 = CARTESIAN_POINT('',(134.4,6.,7.8));
#8837 = DIRECTION('',(0.,0.,-1.));
#8838 = DIRECTION('',(1.,0.,0.));
#8839 = PCURVE('',#8485,#8840);
#8840 = DEFINITIONAL_REPRESENTATION('',(#8841),#8849);
#8841 = ( BOUNDED_CURVE() B_SPLINE_CURVE(2,(#8842,#8843,#8844,#8845,
#8846,#8847,#8848),.UNSPECIFIED.,.T.,.F.) B_SPLINE_CURVE_WITH_KNOTS((1,2
    ,2,2,2,1),(-2.094395102393,0.,2.094395102393,4.188790204786,
6.28318530718,8.377580409573),.UNSPECIFIED.) CURVE() 
GEOMETRIC_REPRESENTATION_ITEM() RATIONAL_B_SPLINE_CURVE((1.,0.5,1.,0.5,
1.,0.5,1.)) REPRESENTATION_ITEM('') );
#8842 = CARTESIAN_POINT('',(334.,31.85));
#8843 = CARTESIAN_POINT('',(334.,29.07871870789));
#8844 = CARTESIAN_POINT('',(331.6,30.464359353945));
#8845 = CARTESIAN_POINT('',(329.2,31.85));
#8846 = CARTESIAN_POINT('',(331.6,33.235640646055));
#8847 = CARTESIAN_POINT('',(334.,34.62128129211));
#8848 = CARTESIAN_POINT('',(334.,31.85));
#8849 = ( GEOMETRIC_REPRESENTATION_CONTEXT(2) 
PARAMETRIC_REPRESENTATION_CONTEXT() REPRESENTATION_CONTEXT('2D SPACE',''
  ) );
#8850 = PCURVE('',#8851,#8856);
#8851 = CYLINDRICAL_SURFACE('',#8852,1.6);
#8852 = AXIS2_PLACEMENT_3D('',#8853,#8854,#8855);
#8853 = CARTESIAN_POINT('',(134.4,6.,0.));
#8854 = DIRECTION('',(-0.,-0.,-1.));
#8855 = DIRECTION('',(1.,0.,0.));
#8856 = DEFINITIONAL_REPRESENTATION('',(#8857),#8861);
#8857 = LINE('',#8858,#8859);
#8858 = CARTESIAN_POINT('',(-6.28318530718,-7.8));
#8859 = VECTOR('',#8860,1.);
#8860 = DIRECTION('',(1.,-0.));
#8861 = ( GEOMETRIC_REPRESENTATION_CONTEXT(2) 
PARAMETRIC_REPRESENTATION_CONTEXT() REPRESENTATION_CONTEXT('2D SPACE',''
  ) );
#8862 = ADVANCED_FACE('',(#8863),#8851,.F.);
#8863 = FACE_BOUND('',#8864,.T.);
#8864 = EDGE_LOOP('',(#8865,#8866,#8889,#8920));
#8865 = ORIENTED_EDGE('',*,*,#8830,.T.);
#8866 = ORIENTED_EDGE('',*,*,#8867,.T.);
#8867 = EDGE_CURVE('',#8831,#8868,#8870,.T.);
#8868 = VERTEX_POINT('',#8869);
#8869 = CARTESIAN_POINT('',(136.,6.,12.));
#8870 = SEAM_CURVE('',#8871,(#8875,#8882),.PCURVE_S1.);
#8871 = LINE('',#8872,#8873);
#8872 = CARTESIAN_POINT('',(136.,6.,0.));
#8873 = VECTOR('',#8874,1.);
#8874 = DIRECTION('',(0.,0.,1.));
#8875 = PCURVE('',#8851,#8876);
#8876 = DEFINITIONAL_REPRESENTATION('',(#8877),#8881);
#8877 = LINE('',#8878,#8879);
#8878 = CARTESIAN_POINT('',(-6.28318530718,0.));
#8879 = VECTOR('',#8880,1.);
#8880 = DIRECTION('',(-0.,-1.));
#8881 = ( GEOMETRIC_REPRESENTATION_CONTEXT(2) 
PARAMETRIC_REPRESENTATION_CONTEXT() REPRESENTATION_CONTEXT('2D SPACE',''
  ) );
#8882 = PCURVE('',#8851,#8883);
#8883 = DEFINITIONAL_REPRESENTATION('',(#8884),#8888);
#8884 = LINE('',#8885,#8886);
#8885 = CARTESIAN_POINT('',(-0.,0.));
#8886 = VECTOR('',#8887,1.);
#8887 = DIRECTION('',(-0.,-1.));
#8888 = ( GEOMETRIC_REPRESENTATION_CONTEXT(2) 
PARAMETRIC_REPRESENTATION_CONTEXT() REPRESENTATION_CONTEXT('2D SPACE',''
  ) );
#8889 = ORIENTED_EDGE('',*,*,#8890,.F.);
#8890 = EDGE_CURVE('',#8868,#8868,#8891,.T.);
#8891 = SURFACE_CURVE('',#8892,(#8897,#8904),.PCURVE_S1.);
#8892 = CIRCLE('',#8893,1.6);
#8893 = AXIS2_PLACEMENT_3D('',#8894,#8895,#8896);
#8894 = CARTESIAN_POINT('',(134.4,6.,12.));
#8895 = DIRECTION('',(0.,0.,-1.));
#8896 = DIRECTION('',(1.,0.,0.));
#8897 = PCURVE('',#8851,#8898);
#8898 = DEFINITIONAL_REPRESENTATION('',(#8899),#8903);
#8899 = LINE('',#8900,#8901);
#8900 = CARTESIAN_POINT('',(-6.28318530718,-12.));
#8901 = VECTOR('',#8902,1.);
#8902 = DIRECTION('',(1.,-0.));
#8903 = ( GEOMETRIC_REPRESENTATION_CONTEXT(2) 
PARAMETRIC_REPRESENTATION_CONTEXT() REPRESENTATION_CONTEXT('2D SPACE',''
  ) );
#8904 = PCURVE('',#8905,#8910);
#8905 = PLANE('',#8906);
#8906 = AXIS2_PLACEMENT_3D('',#8907,#8908,#8909);
#8907 = CARTESIAN_POINT('',(97.4,-12.,12.));
#8908 = DIRECTION('',(0.,0.,1.));
#8909 = DIRECTION('',(1.,0.,0.));
#8910 = DEFINITIONAL_REPRESENTATION('',(#8911),#8919);
#8911 = ( BOUNDED_CURVE() B_SPLINE_CURVE(2,(#8912,#8913,#8914,#8915,
#8916,#8917,#8918),.UNSPECIFIED.,.T.,.F.) B_SPLINE_CURVE_WITH_KNOTS((1,2
    ,2,2,2,1),(-2.094395102393,0.,2.094395102393,4.188790204786,
6.28318530718,8.377580409573),.UNSPECIFIED.) CURVE() 
GEOMETRIC_REPRESENTATION_ITEM() RATIONAL_B_SPLINE_CURVE((1.,0.5,1.,0.5,
1.,0.5,1.)) REPRESENTATION_ITEM('') );
#8912 = CARTESIAN_POINT('',(38.6,18.));
#8913 = CARTESIAN_POINT('',(38.6,15.22871870789));
#8914 = CARTESIAN_POINT('',(36.2,16.614359353945));
#8915 = CARTESIAN_POINT('',(33.8,18.));
#8916 = CARTESIAN_POINT('',(36.2,19.385640646055));
#8917 = CARTESIAN_POINT('',(38.6,20.77128129211));
#8918 = CARTESIAN_POINT('',(38.6,18.));
#8919 = ( GEOMETRIC_REPRESENTATION_CONTEXT(2) 
PARAMETRIC_REPRESENTATION_CONTEXT() REPRESENTATION_CONTEXT('2D SPACE',''
  ) );
#8920 = ORIENTED_EDGE('',*,*,#8867,.F.);
#8921 = ADVANCED_FACE('',(#8922,#9160,#9190,#9220,#9250),#8905,.T.);
#8922 = FACE_BOUND('',#8923,.T.);
#8923 = EDGE_LOOP('',(#8924,#8954,#8983,#9011,#9044,#9072,#9101,#9129));
#8924 = ORIENTED_EDGE('',*,*,#8925,.F.);
#8925 = EDGE_CURVE('',#8926,#8928,#8930,.T.);
#8926 = VERTEX_POINT('',#8927);
#8927 = CARTESIAN_POINT('',(97.4,-11.,12.));
#8928 = VERTEX_POINT('',#8929);
#8929 = CARTESIAN_POINT('',(97.4,11.,12.));
#8930 = SURFACE_CURVE('',#8931,(#8935,#8942),.PCURVE_S1.);
#8931 = LINE('',#8932,#8933);
#8932 = CARTESIAN_POINT('',(97.4,-12.,12.));
#8933 = VECTOR('',#8934,1.);
#8934 = DIRECTION('',(0.,1.,0.));
#8935 = PCURVE('',#8905,#8936);
#8936 = DEFINITIONAL_REPRESENTATION('',(#8937),#8941);
#8937 = LINE('',#8938,#8939);
#8938 = CARTESIAN_POINT('',(0.,0.));
#8939 = VECTOR('',#8940,1.);
#8940 = DIRECTION('',(0.,1.));
#8941 = ( GEOMETRIC_REPRESENTATION_CONTEXT(2) 
PARAMETRIC_REPRESENTATION_CONTEXT() REPRESENTATION_CONTEXT('2D SPACE',''
  ) );
#8942 = PCURVE('',#8943,#8948);
#8943 = PLANE('',#8944);
#8944 = AXIS2_PLACEMENT_3D('',#8945,#8946,#8947);
#8945 = CARTESIAN_POINT('',(97.4,-12.,9.));
#8946 = DIRECTION('',(1.,0.,0.));
#8947 = DIRECTION('',(0.,0.,1.));
#8948 = DEFINITIONAL_REPRESENTATION('',(#8949),#8953);
#8949 = LINE('',#8950,#8951);
#8950 = CARTESIAN_POINT('',(3.,0.));
#8951 = VECTOR('',#8952,1.);
#8952 = DIRECTION('',(0.,-1.));
#8953 = ( GEOMETRIC_REPRESENTATION_CONTEXT(2) 
PARAMETRIC_REPRESENTATION_CONTEXT() REPRESENTATION_CONTEXT('2D SPACE',''
  ) );
#8954 = ORIENTED_EDGE('',*,*,#8955,.T.);
#8955 = EDGE_CURVE('',#8926,#8956,#8958,.T.);
#8956 = VERTEX_POINT('',#8957);
#8957 = CARTESIAN_POINT('',(98.4,-12.,12.));
#8958 = SURFACE_CURVE('',#8959,(#8964,#8971),.PCURVE_S1.);
#8959 = CIRCLE('',#8960,1.);
#8960 = AXIS2_PLACEMENT_3D('',#8961,#8962,#8963);
#8961 = CARTESIAN_POINT('',(98.4,-11.,12.));
#8962 = DIRECTION('',(0.,0.,1.));
#8963 = DIRECTION('',(0.,-1.,0.));
#8964 = PCURVE('',#8905,#8965);
#8965 = DEFINITIONAL_REPRESENTATION('',(#8966),#8970);
#8966 = CIRCLE('',#8967,1.);
#8967 = AXIS2_PLACEMENT_2D('',#8968,#8969);
#8968 = CARTESIAN_POINT('',(1.,1.));
#8969 = DIRECTION('',(0.,-1.));
#8970 = ( GEOMETRIC_REPRESENTATION_CONTEXT(2) 
PARAMETRIC_REPRESENTATION_CONTEXT() REPRESENTATION_CONTEXT('2D SPACE',''
  ) );
#8971 = PCURVE('',#8972,#8977);
#8972 = CYLINDRICAL_SURFACE('',#8973,1.);
#8973 = AXIS2_PLACEMENT_3D('',#8974,#8975,#8976);
#8974 = CARTESIAN_POINT('',(98.4,-11.,9.));
#8975 = DIRECTION('',(0.,0.,1.));
#8976 = DIRECTION('',(-1.,-0.,0.));
#8977 = DEFINITIONAL_REPRESENTATION('',(#8978),#8982);
#8978 = LINE('',#8979,#8980);
#8979 = CARTESIAN_POINT('',(-4.712388980385,3.));
#8980 = VECTOR('',#8981,1.);
#8981 = DIRECTION('',(1.,0.));
#8982 = ( GEOMETRIC_REPRESENTATION_CONTEXT(2) 
PARAMETRIC_REPRESENTATION_CONTEXT() REPRESENTATION_CONTEXT('2D SPACE',''
  ) );
#8983 = ORIENTED_EDGE('',*,*,#8984,.T.);
#8984 = EDGE_CURVE('',#8956,#8985,#8987,.T.);
#8985 = VERTEX_POINT('',#8986);
#8986 = CARTESIAN_POINT('',(140.4,-12.,12.));
#8987 = SURFACE_CURVE('',#8988,(#8992,#8999),.PCURVE_S1.);
#8988 = LINE('',#8989,#8990);
#8989 = CARTESIAN_POINT('',(97.4,-12.,12.));
#8990 = VECTOR('',#8991,1.);
#8991 = DIRECTION('',(1.,0.,0.));
#8992 = PCURVE('',#8905,#8993);
#8993 = DEFINITIONAL_REPRESENTATION('',(#8994),#8998);
#8994 = LINE('',#8995,#8996);
#8995 = CARTESIAN_POINT('',(0.,0.));
#8996 = VECTOR('',#8997,1.);
#8997 = DIRECTION('',(1.,0.));
#8998 = ( GEOMETRIC_REPRESENTATION_CONTEXT(2) 
PARAMETRIC_REPRESENTATION_CONTEXT() REPRESENTATION_CONTEXT('2D SPACE',''
  ) );
#8999 = PCURVE('',#9000,#9005);
#9000 = PLANE('',#9001);
#9001 = AXIS2_PLACEMENT_3D('',#9002,#9003,#9004);
#9002 = CARTESIAN_POINT('',(97.4,-12.,9.));
#9003 = DIRECTION('',(0.,1.,0.));
#9004 = DIRECTION('',(0.,0.,1.));
#9005 = DEFINITIONAL_REPRESENTATION('',(#9006),#9010);
#9006 = LINE('',#9007,#9008);
#9007 = CARTESIAN_POINT('',(3.,0.));
#9008 = VECTOR('',#9009,1.);
#9009 = DIRECTION('',(0.,1.));
#9010 = ( GEOMETRIC_REPRESENTATION_CONTEXT(2) 
PARAMETRIC_REPRESENTATION_CONTEXT() REPRESENTATION_CONTEXT('2D SPACE',''
  ) );
#9011 = ORIENTED_EDGE('',*,*,#9012,.F.);
#9012 = EDGE_CURVE('',#9013,#8985,#9015,.T.);
#9013 = VERTEX_POINT('',#9014);
#9014 = CARTESIAN_POINT('',(141.4,-11.,12.));
#9015 = SURFACE_CURVE('',#9016,(#9021,#9032),.PCURVE_S1.);
#9016 = CIRCLE('',#9017,1.);
#9017 = AXIS2_PLACEMENT_3D('',#9018,#9019,#9020);
#9018 = CARTESIAN_POINT('',(140.4,-11.,12.));
#9019 = DIRECTION('',(-0.,-0.,-1.));
#9020 = DIRECTION('',(0.,-1.,0.));
#9021 = PCURVE('',#8905,#9022);
#9022 = DEFINITIONAL_REPRESENTATION('',(#9023),#9031);
#9023 = ( BOUNDED_CURVE() B_SPLINE_CURVE(2,(#9024,#9025,#9026,#9027,
#9028,#9029,#9030),.UNSPECIFIED.,.T.,.F.) B_SPLINE_CURVE_WITH_KNOTS((1,2
    ,2,2,2,1),(-2.094395102393,0.,2.094395102393,4.188790204786,
6.28318530718,8.377580409573),.UNSPECIFIED.) CURVE() 
GEOMETRIC_REPRESENTATION_ITEM() RATIONAL_B_SPLINE_CURVE((1.,0.5,1.,0.5,
1.,0.5,1.)) REPRESENTATION_ITEM('') );
#9024 = CARTESIAN_POINT('',(43.,0.));
#9025 = CARTESIAN_POINT('',(41.267949192431,0.));
#9026 = CARTESIAN_POINT('',(42.133974596216,1.5));
#9027 = CARTESIAN_POINT('',(43.,3.));
#9028 = CARTESIAN_POINT('',(43.866025403784,1.5));
#9029 = CARTESIAN_POINT('',(44.732050807569,1.554312234475E-15));
#9030 = CARTESIAN_POINT('',(43.,0.));
#9031 = ( GEOMETRIC_REPRESENTATION_CONTEXT(2) 
PARAMETRIC_REPRESENTATION_CONTEXT() REPRESENTATION_CONTEXT('2D SPACE',''
  ) );
#9032 = PCURVE('',#9033,#9038);
#9033 = CYLINDRICAL_SURFACE('',#9034,1.);
#9034 = AXIS2_PLACEMENT_3D('',#9035,#9036,#9037);
#9035 = CARTESIAN_POINT('',(140.4,-11.,9.));
#9036 = DIRECTION('',(0.,0.,1.));
#9037 = DIRECTION('',(1.,0.,-0.));
#9038 = DEFINITIONAL_REPRESENTATION('',(#9039),#9043);
#9039 = LINE('',#9040,#9041);
#9040 = CARTESIAN_POINT('',(4.712388980385,3.));
#9041 = VECTOR('',#9042,1.);
#9042 = DIRECTION('',(-1.,0.));
#9043 = ( GEOMETRIC_REPRESENTATION_CONTEXT(2) 
PARAMETRIC_REPRESENTATION_CONTEXT() REPRESENTATION_CONTEXT('2D SPACE',''
  ) );
#9044 = ORIENTED_EDGE('',*,*,#9045,.T.);
#9045 = EDGE_CURVE('',#9013,#9046,#9048,.T.);
#9046 = VERTEX_POINT('',#9047);
#9047 = CARTESIAN_POINT('',(141.4,11.,12.));
#9048 = SURFACE_CURVE('',#9049,(#9053,#9060),.PCURVE_S1.);
#9049 = LINE('',#9050,#9051);
#9050 = CARTESIAN_POINT('',(141.4,-12.,12.));
#9051 = VECTOR('',#9052,1.);
#9052 = DIRECTION('',(0.,1.,0.));
#9053 = PCURVE('',#8905,#9054);
#9054 = DEFINITIONAL_REPRESENTATION('',(#9055),#9059);
#9055 = LINE('',#9056,#9057);
#9056 = CARTESIAN_POINT('',(44.,0.));
#9057 = VECTOR('',#9058,1.);
#9058 = DIRECTION('',(0.,1.));
#9059 = ( GEOMETRIC_REPRESENTATION_CONTEXT(2) 
PARAMETRIC_REPRESENTATION_CONTEXT() REPRESENTATION_CONTEXT('2D SPACE',''
  ) );
#9060 = PCURVE('',#9061,#9066);
#9061 = PLANE('',#9062);
#9062 = AXIS2_PLACEMENT_3D('',#9063,#9064,#9065);
#9063 = CARTESIAN_POINT('',(141.4,-12.,9.));
#9064 = DIRECTION('',(1.,0.,0.));
#9065 = DIRECTION('',(0.,0.,1.));
#9066 = DEFINITIONAL_REPRESENTATION('',(#9067),#9071);
#9067 = LINE('',#9068,#9069);
#9068 = CARTESIAN_POINT('',(3.,0.));
#9069 = VECTOR('',#9070,1.);
#9070 = DIRECTION('',(0.,-1.));
#9071 = ( GEOMETRIC_REPRESENTATION_CONTEXT(2) 
PARAMETRIC_REPRESENTATION_CONTEXT() REPRESENTATION_CONTEXT('2D SPACE',''
  ) );
#9072 = ORIENTED_EDGE('',*,*,#9073,.T.);
#9073 = EDGE_CURVE('',#9046,#9074,#9076,.T.);
#9074 = VERTEX_POINT('',#9075);
#9075 = CARTESIAN_POINT('',(140.4,12.,12.));
#9076 = SURFACE_CURVE('',#9077,(#9082,#9089),.PCURVE_S1.);
#9077 = CIRCLE('',#9078,1.);
#9078 = AXIS2_PLACEMENT_3D('',#9079,#9080,#9081);
#9079 = CARTESIAN_POINT('',(140.4,11.,12.));
#9080 = DIRECTION('',(0.,0.,1.));
#9081 = DIRECTION('',(0.,-1.,0.));
#9082 = PCURVE('',#8905,#9083);
#9083 = DEFINITIONAL_REPRESENTATION('',(#9084),#9088);
#9084 = CIRCLE('',#9085,1.);
#9085 = AXIS2_PLACEMENT_2D('',#9086,#9087);
#9086 = CARTESIAN_POINT('',(43.,23.));
#9087 = DIRECTION('',(0.,-1.));
#9088 = ( GEOMETRIC_REPRESENTATION_CONTEXT(2) 
PARAMETRIC_REPRESENTATION_CONTEXT() REPRESENTATION_CONTEXT('2D SPACE',''
  ) );
#9089 = PCURVE('',#9090,#9095);
#9090 = CYLINDRICAL_SURFACE('',#9091,1.);
#9091 = AXIS2_PLACEMENT_3D('',#9092,#9093,#9094);
#9092 = CARTESIAN_POINT('',(140.4,11.,9.));
#9093 = DIRECTION('',(0.,0.,1.));
#9094 = DIRECTION('',(1.,0.,-0.));
#9095 = DEFINITIONAL_REPRESENTATION('',(#9096),#9100);
#9096 = LINE('',#9097,#9098);
#9097 = CARTESIAN_POINT('',(-1.570796326795,3.));
#9098 = VECTOR('',#9099,1.);
#9099 = DIRECTION('',(1.,0.));
#9100 = ( GEOMETRIC_REPRESENTATION_CONTEXT(2) 
PARAMETRIC_REPRESENTATION_CONTEXT() REPRESENTATION_CONTEXT('2D SPACE',''
  ) );
#9101 = ORIENTED_EDGE('',*,*,#9102,.F.);
#9102 = EDGE_CURVE('',#9103,#9074,#9105,.T.);
#9103 = VERTEX_POINT('',#9104);
#9104 = CARTESIAN_POINT('',(98.4,12.,12.));
#9105 = SURFACE_CURVE('',#9106,(#9110,#9117),.PCURVE_S1.);
#9106 = LINE('',#9107,#9108);
#9107 = CARTESIAN_POINT('',(97.4,12.,12.));
#9108 = VECTOR('',#9109,1.);
#9109 = DIRECTION('',(1.,0.,0.));
#9110 = PCURVE('',#8905,#9111);
#9111 = DEFINITIONAL_REPRESENTATION('',(#9112),#9116);
#9112 = LINE('',#9113,#9114);
#9113 = CARTESIAN_POINT('',(0.,24.));
#9114 = VECTOR('',#9115,1.);
#9115 = DIRECTION('',(1.,0.));
#9116 = ( GEOMETRIC_REPRESENTATION_CONTEXT(2) 
PARAMETRIC_REPRESENTATION_CONTEXT() REPRESENTATION_CONTEXT('2D SPACE',''
  ) );
#9117 = PCURVE('',#9118,#9123);
#9118 = PLANE('',#9119);
#9119 = AXIS2_PLACEMENT_3D('',#9120,#9121,#9122);
#9120 = CARTESIAN_POINT('',(97.4,12.,9.));
#9121 = DIRECTION('',(0.,1.,0.));
#9122 = DIRECTION('',(0.,0.,1.));
#9123 = DEFINITIONAL_REPRESENTATION('',(#9124),#9128);
#9124 = LINE('',#9125,#9126);
#9125 = CARTESIAN_POINT('',(3.,0.));
#9126 = VECTOR('',#9127,1.);
#9127 = DIRECTION('',(0.,1.));
#9128 = ( GEOMETRIC_REPRESENTATION_CONTEXT(2) 
PARAMETRIC_REPRESENTATION_CONTEXT() REPRESENTATION_CONTEXT('2D SPACE',''
  ) );
#9129 = ORIENTED_EDGE('',*,*,#9130,.F.);
#9130 = EDGE_CURVE('',#8928,#9103,#9131,.T.);
#9131 = SURFACE_CURVE('',#9132,(#9137,#9148),.PCURVE_S1.);
#9132 = CIRCLE('',#9133,1.);
#9133 = AXIS2_PLACEMENT_3D('',#9134,#9135,#9136);
#9134 = CARTESIAN_POINT('',(98.4,11.,12.));
#9135 = DIRECTION('',(-0.,-0.,-1.));
#9136 = DIRECTION('',(0.,-1.,0.));
#9137 = PCURVE('',#8905,#9138);
#9138 = DEFINITIONAL_REPRESENTATION('',(#9139),#9147);
#9139 = ( BOUNDED_CURVE() B_SPLINE_CURVE(2,(#9140,#9141,#9142,#9143,
#9144,#9145,#9146),.UNSPECIFIED.,.T.,.F.) B_SPLINE_CURVE_WITH_KNOTS((1,2
    ,2,2,2,1),(-2.094395102393,0.,2.094395102393,4.188790204786,
6.28318530718,8.377580409573),.UNSPECIFIED.) CURVE() 
GEOMETRIC_REPRESENTATION_ITEM() RATIONAL_B_SPLINE_CURVE((1.,0.5,1.,0.5,
1.,0.5,1.)) REPRESENTATION_ITEM('') );
#9140 = CARTESIAN_POINT('',(1.,22.));
#9141 = CARTESIAN_POINT('',(-0.732050807569,22.));
#9142 = CARTESIAN_POINT('',(0.133974596216,23.5));
#9143 = CARTESIAN_POINT('',(1.,25.));
#9144 = CARTESIAN_POINT('',(1.866025403784,23.5));
#9145 = CARTESIAN_POINT('',(2.732050807569,22.));
#9146 = CARTESIAN_POINT('',(1.,22.));
#9147 = ( GEOMETRIC_REPRESENTATION_CONTEXT(2) 
PARAMETRIC_REPRESENTATION_CONTEXT() REPRESENTATION_CONTEXT('2D SPACE',''
  ) );
#9148 = PCURVE('',#9149,#9154);
#9149 = CYLINDRICAL_SURFACE('',#9150,1.);
#9150 = AXIS2_PLACEMENT_3D('',#9151,#9152,#9153);
#9151 = CARTESIAN_POINT('',(98.4,11.,9.));
#9152 = DIRECTION('',(0.,0.,1.));
#9153 = DIRECTION('',(-1.,-0.,0.));
#9154 = DEFINITIONAL_REPRESENTATION('',(#9155),#9159);
#9155 = LINE('',#9156,#9157);
#9156 = CARTESIAN_POINT('',(1.570796326795,3.));
#9157 = VECTOR('',#9158,1.);
#9158 = DIRECTION('',(-1.,0.));
#9159 = ( GEOMETRIC_REPRESENTATION_CONTEXT(2) 
PARAMETRIC_REPRESENTATION_CONTEXT() REPRESENTATION_CONTEXT('2D SPACE',''
  ) );
#9160 = FACE_BOUND('',#9161,.T.);
#9161 = EDGE_LOOP('',(#9162));
#9162 = ORIENTED_EDGE('',*,*,#9163,.T.);
#9163 = EDGE_CURVE('',#9164,#9164,#9166,.T.);
#9164 = VERTEX_POINT('',#9165);
#9165 = CARTESIAN_POINT('',(106.,-6.,12.));
#9166 = SURFACE_CURVE('',#9167,(#9172,#9183),.PCURVE_S1.);
#9167 = CIRCLE('',#9168,1.6);
#9168 = AXIS2_PLACEMENT_3D('',#9169,#9170,#9171);
#9169 = CARTESIAN_POINT('',(104.4,-6.,12.));
#9170 = DIRECTION('',(0.,0.,-1.));
#9171 = DIRECTION('',(1.,0.,0.));
#9172 = PCURVE('',#8905,#9173);
#9173 = DEFINITIONAL_REPRESENTATION('',(#9174),#9182);
#9174 = ( BOUNDED_CURVE() B_SPLINE_CURVE(2,(#9175,#9176,#9177,#9178,
#9179,#9180,#9181),.UNSPECIFIED.,.T.,.F.) B_SPLINE_CURVE_WITH_KNOTS((1,2
    ,2,2,2,1),(-2.094395102393,0.,2.094395102393,4.188790204786,
6.28318530718,8.377580409573),.UNSPECIFIED.) CURVE() 
GEOMETRIC_REPRESENTATION_ITEM() RATIONAL_B_SPLINE_CURVE((1.,0.5,1.,0.5,
1.,0.5,1.)) REPRESENTATION_ITEM('') );
#9175 = CARTESIAN_POINT('',(8.6,6.));
#9176 = CARTESIAN_POINT('',(8.6,3.22871870789));
#9177 = CARTESIAN_POINT('',(6.2,4.614359353945));
#9178 = CARTESIAN_POINT('',(3.8,6.));
#9179 = CARTESIAN_POINT('',(6.2,7.385640646055));
#9180 = CARTESIAN_POINT('',(8.6,8.77128129211));
#9181 = CARTESIAN_POINT('',(8.6,6.));
#9182 = ( GEOMETRIC_REPRESENTATION_CONTEXT(2) 
PARAMETRIC_REPRESENTATION_CONTEXT() REPRESENTATION_CONTEXT('2D SPACE',''
  ) );
#9183 = PCURVE('',#8746,#9184);
#9184 = DEFINITIONAL_REPRESENTATION('',(#9185),#9189);
#9185 = LINE('',#9186,#9187);
#9186 = CARTESIAN_POINT('',(-6.28318530718,-12.));
#9187 = VECTOR('',#9188,1.);
#9188 = DIRECTION('',(1.,-0.));
#9189 = ( GEOMETRIC_REPRESENTATION_CONTEXT(2) 
PARAMETRIC_REPRESENTATION_CONTEXT() REPRESENTATION_CONTEXT('2D SPACE',''
  ) );
#9190 = FACE_BOUND('',#9191,.T.);
#9191 = EDGE_LOOP('',(#9192));
#9192 = ORIENTED_EDGE('',*,*,#9193,.T.);
#9193 = EDGE_CURVE('',#9194,#9194,#9196,.T.);
#9194 = VERTEX_POINT('',#9195);
#9195 = CARTESIAN_POINT('',(136.,-6.,12.));
#9196 = SURFACE_CURVE('',#9197,(#9202,#9213),.PCURVE_S1.);
#9197 = CIRCLE('',#9198,1.6);
#9198 = AXIS2_PLACEMENT_3D('',#9199,#9200,#9201);
#9199 = CARTESIAN_POINT('',(134.4,-6.,12.));
#9200 = DIRECTION('',(0.,0.,-1.));
#9201 = DIRECTION('',(1.,0.,0.));
#9202 = PCURVE('',#8905,#9203);
#9203 = DEFINITIONAL_REPRESENTATION('',(#9204),#9212);
#9204 = ( BOUNDED_CURVE() B_SPLINE_CURVE(2,(#9205,#9206,#9207,#9208,
#9209,#9210,#9211),.UNSPECIFIED.,.T.,.F.) B_SPLINE_CURVE_WITH_KNOTS((1,2
    ,2,2,2,1),(-2.094395102393,0.,2.094395102393,4.188790204786,
6.28318530718,8.377580409573),.UNSPECIFIED.) CURVE() 
GEOMETRIC_REPRESENTATION_ITEM() RATIONAL_B_SPLINE_CURVE((1.,0.5,1.,0.5,
1.,0.5,1.)) REPRESENTATION_ITEM('') );
#9205 = CARTESIAN_POINT('',(38.6,6.));
#9206 = CARTESIAN_POINT('',(38.6,3.22871870789));
#9207 = CARTESIAN_POINT('',(36.2,4.614359353945));
#9208 = CARTESIAN_POINT('',(33.8,6.));
#9209 = CARTESIAN_POINT('',(36.2,7.385640646055));
#9210 = CARTESIAN_POINT('',(38.6,8.77128129211));
#9211 = CARTESIAN_POINT('',(38.6,6.));
#9212 = ( GEOMETRIC_REPRESENTATION_CONTEXT(2) 
PARAMETRIC_REPRESENTATION_CONTEXT() REPRESENTATION_CONTEXT('2D SPACE',''
  ) );
#9213 = PCURVE('',#8781,#9214);
#9214 = DEFINITIONAL_REPRESENTATION('',(#9215),#9219);
#9215 = LINE('',#9216,#9217);
#9216 = CARTESIAN_POINT('',(-6.28318530718,-12.));
#9217 = VECTOR('',#9218,1.);
#9218 = DIRECTION('',(1.,-0.));
#9219 = ( GEOMETRIC_REPRESENTATION_CONTEXT(2) 
PARAMETRIC_REPRESENTATION_CONTEXT() REPRESENTATION_CONTEXT('2D SPACE',''
  ) );
#9220 = FACE_BOUND('',#9221,.T.);
#9221 = EDGE_LOOP('',(#9222));
#9222 = ORIENTED_EDGE('',*,*,#9223,.T.);
#9223 = EDGE_CURVE('',#9224,#9224,#9226,.T.);
#9224 = VERTEX_POINT('',#9225);
#9225 = CARTESIAN_POINT('',(106.,6.,12.));
#9226 = SURFACE_CURVE('',#9227,(#9232,#9243),.PCURVE_S1.);
#9227 = CIRCLE('',#9228,1.6);
#9228 = AXIS2_PLACEMENT_3D('',#9229,#9230,#9231);
#9229 = CARTESIAN_POINT('',(104.4,6.,12.));
#9230 = DIRECTION('',(0.,0.,-1.));
#9231 = DIRECTION('',(1.,0.,0.));
#9232 = PCURVE('',#8905,#9233);
#9233 = DEFINITIONAL_REPRESENTATION('',(#9234),#9242);
#9234 = ( BOUNDED_CURVE() B_SPLINE_CURVE(2,(#9235,#9236,#9237,#9238,
#9239,#9240,#9241),.UNSPECIFIED.,.T.,.F.) B_SPLINE_CURVE_WITH_KNOTS((1,2
    ,2,2,2,1),(-2.094395102393,0.,2.094395102393,4.188790204786,
6.28318530718,8.377580409573),.UNSPECIFIED.) CURVE() 
GEOMETRIC_REPRESENTATION_ITEM() RATIONAL_B_SPLINE_CURVE((1.,0.5,1.,0.5,
1.,0.5,1.)) REPRESENTATION_ITEM('') );
#9235 = CARTESIAN_POINT('',(8.6,18.));
#9236 = CARTESIAN_POINT('',(8.6,15.22871870789));
#9237 = CARTESIAN_POINT('',(6.2,16.614359353945));
#9238 = CARTESIAN_POINT('',(3.8,18.));
#9239 = CARTESIAN_POINT('',(6.2,19.385640646055));
#9240 = CARTESIAN_POINT('',(8.6,20.77128129211));
#9241 = CARTESIAN_POINT('',(8.6,18.));
#9242 = ( GEOMETRIC_REPRESENTATION_CONTEXT(2) 
PARAMETRIC_REPRESENTATION_CONTEXT() REPRESENTATION_CONTEXT('2D SPACE',''
  ) );
#9243 = PCURVE('',#8816,#9244);
#9244 = DEFINITIONAL_REPRESENTATION('',(#9245),#9249);
#9245 = LINE('',#9246,#9247);
#9246 = CARTESIAN_POINT('',(-6.28318530718,-12.));
#9247 = VECTOR('',#9248,1.);
#9248 = DIRECTION('',(1.,-0.));
#9249 = ( GEOMETRIC_REPRESENTATION_CONTEXT(2) 
PARAMETRIC_REPRESENTATION_CONTEXT() REPRESENTATION_CONTEXT('2D SPACE',''
  ) );
#9250 = FACE_BOUND('',#9251,.T.);
#9251 = EDGE_LOOP('',(#9252));
#9252 = ORIENTED_EDGE('',*,*,#8890,.T.);
#9253 = ADVANCED_FACE('',(#9254),#9061,.T.);
#9254 = FACE_BOUND('',#9255,.T.);
#9255 = EDGE_LOOP('',(#9256,#9257,#9280,#9303));
#9256 = ORIENTED_EDGE('',*,*,#9045,.F.);
#9257 = ORIENTED_EDGE('',*,*,#9258,.F.);
#9258 = EDGE_CURVE('',#9259,#9013,#9261,.T.);
#9259 = VERTEX_POINT('',#9260);
#9260 = CARTESIAN_POINT('',(141.4,-11.,9.));
#9261 = SURFACE_CURVE('',#9262,(#9266,#9273),.PCURVE_S1.);
#9262 = LINE('',#9263,#9264);
#9263 = CARTESIAN_POINT('',(141.4,-11.,9.));
#9264 = VECTOR('',#9265,1.);
#9265 = DIRECTION('',(0.,0.,1.));
#9266 = PCURVE('',#9061,#9267);
#9267 = DEFINITIONAL_REPRESENTATION('',(#9268),#9272);
#9268 = LINE('',#9269,#9270);
#9269 = CARTESIAN_POINT('',(0.,-1.));
#9270 = VECTOR('',#9271,1.);
#9271 = DIRECTION('',(1.,0.));
#9272 = ( GEOMETRIC_REPRESENTATION_CONTEXT(2) 
PARAMETRIC_REPRESENTATION_CONTEXT() REPRESENTATION_CONTEXT('2D SPACE',''
  ) );
#9273 = PCURVE('',#9033,#9274);
#9274 = DEFINITIONAL_REPRESENTATION('',(#9275),#9279);
#9275 = LINE('',#9276,#9277);
#9276 = CARTESIAN_POINT('',(-0.,0.));
#9277 = VECTOR('',#9278,1.);
#9278 = DIRECTION('',(-0.,1.));
#9279 = ( GEOMETRIC_REPRESENTATION_CONTEXT(2) 
PARAMETRIC_REPRESENTATION_CONTEXT() REPRESENTATION_CONTEXT('2D SPACE',''
  ) );
#9280 = ORIENTED_EDGE('',*,*,#9281,.T.);
#9281 = EDGE_CURVE('',#9259,#9282,#9284,.T.);
#9282 = VERTEX_POINT('',#9283);
#9283 = CARTESIAN_POINT('',(141.4,11.,9.));
#9284 = SURFACE_CURVE('',#9285,(#9289,#9296),.PCURVE_S1.);
#9285 = LINE('',#9286,#9287);
#9286 = CARTESIAN_POINT('',(141.4,-12.,9.));
#9287 = VECTOR('',#9288,1.);
#9288 = DIRECTION('',(0.,1.,0.));
#9289 = PCURVE('',#9061,#9290);
#9290 = DEFINITIONAL_REPRESENTATION('',(#9291),#9295);
#9291 = LINE('',#9292,#9293);
#9292 = CARTESIAN_POINT('',(0.,0.));
#9293 = VECTOR('',#9294,1.);
#9294 = DIRECTION('',(0.,-1.));
#9295 = ( GEOMETRIC_REPRESENTATION_CONTEXT(2) 
PARAMETRIC_REPRESENTATION_CONTEXT() REPRESENTATION_CONTEXT('2D SPACE',''
  ) );
#9296 = PCURVE('',#8429,#9297);
#9297 = DEFINITIONAL_REPRESENTATION('',(#9298),#9302);
#9298 = LINE('',#9299,#9300);
#9299 = CARTESIAN_POINT('',(339.4,13.85));
#9300 = VECTOR('',#9301,1.);
#9301 = DIRECTION('',(0.,1.));
#9302 = ( GEOMETRIC_REPRESENTATION_CONTEXT(2) 
PARAMETRIC_REPRESENTATION_CONTEXT() REPRESENTATION_CONTEXT('2D SPACE',''
  ) );
#9303 = ORIENTED_EDGE('',*,*,#9304,.T.);
#9304 = EDGE_CURVE('',#9282,#9046,#9305,.T.);
#9305 = SURFACE_CURVE('',#9306,(#9310,#9317),.PCURVE_S1.);
#9306 = LINE('',#9307,#9308);
#9307 = CARTESIAN_POINT('',(141.4,11.,9.));
#9308 = VECTOR('',#9309,1.);
#9309 = DIRECTION('',(0.,0.,1.));
#9310 = PCURVE('',#9061,#9311);
#9311 = DEFINITIONAL_REPRESENTATION('',(#9312),#9316);
#9312 = LINE('',#9313,#9314);
#9313 = CARTESIAN_POINT('',(0.,-23.));
#9314 = VECTOR('',#9315,1.);
#9315 = DIRECTION('',(1.,0.));
#9316 = ( GEOMETRIC_REPRESENTATION_CONTEXT(2) 
PARAMETRIC_REPRESENTATION_CONTEXT() REPRESENTATION_CONTEXT('2D SPACE',''
  ) );
#9317 = PCURVE('',#9090,#9318);
#9318 = DEFINITIONAL_REPRESENTATION('',(#9319),#9323);
#9319 = LINE('',#9320,#9321);
#9320 = CARTESIAN_POINT('',(0.,0.));
#9321 = VECTOR('',#9322,1.);
#9322 = DIRECTION('',(0.,1.));
#9323 = ( GEOMETRIC_REPRESENTATION_CONTEXT(2) 
PARAMETRIC_REPRESENTATION_CONTEXT() REPRESENTATION_CONTEXT('2D SPACE',''
  ) );
#9324 = ADVANCED_FACE('',(#9325),#9090,.T.);
#9325 = FACE_BOUND('',#9326,.T.);
#9326 = EDGE_LOOP('',(#9327,#9351,#9372,#9373));
#9327 = ORIENTED_EDGE('',*,*,#9328,.T.);
#9328 = EDGE_CURVE('',#9282,#9329,#9331,.T.);
#9329 = VERTEX_POINT('',#9330);
#9330 = CARTESIAN_POINT('',(140.4,12.,9.));
#9331 = SURFACE_CURVE('',#9332,(#9337,#9344),.PCURVE_S1.);
#9332 = CIRCLE('',#9333,1.);
#9333 = AXIS2_PLACEMENT_3D('',#9334,#9335,#9336);
#9334 = CARTESIAN_POINT('',(140.4,11.,9.));
#9335 = DIRECTION('',(0.,0.,1.));
#9336 = DIRECTION('',(0.,-1.,0.));
#9337 = PCURVE('',#9090,#9338);
#9338 = DEFINITIONAL_REPRESENTATION('',(#9339),#9343);
#9339 = LINE('',#9340,#9341);
#9340 = CARTESIAN_POINT('',(-1.570796326795,0.));
#9341 = VECTOR('',#9342,1.);
#9342 = DIRECTION('',(1.,0.));
#9343 = ( GEOMETRIC_REPRESENTATION_CONTEXT(2) 
PARAMETRIC_REPRESENTATION_CONTEXT() REPRESENTATION_CONTEXT('2D SPACE',''
  ) );
#9344 = PCURVE('',#8429,#9345);
#9345 = DEFINITIONAL_REPRESENTATION('',(#9346),#9350);
#9346 = CIRCLE('',#9347,1.);
#9347 = AXIS2_PLACEMENT_2D('',#9348,#9349);
#9348 = CARTESIAN_POINT('',(338.4,36.85));
#9349 = DIRECTION('',(0.,-1.));
#9350 = ( GEOMETRIC_REPRESENTATION_CONTEXT(2) 
PARAMETRIC_REPRESENTATION_CONTEXT() REPRESENTATION_CONTEXT('2D SPACE',''
  ) );
#9351 = ORIENTED_EDGE('',*,*,#9352,.T.);
#9352 = EDGE_CURVE('',#9329,#9074,#9353,.T.);
#9353 = SURFACE_CURVE('',#9354,(#9358,#9365),.PCURVE_S1.);
#9354 = LINE('',#9355,#9356);
#9355 = CARTESIAN_POINT('',(140.4,12.,9.));
#9356 = VECTOR('',#9357,1.);
#9357 = DIRECTION('',(0.,0.,1.));
#9358 = PCURVE('',#9090,#9359);
#9359 = DEFINITIONAL_REPRESENTATION('',(#9360),#9364);
#9360 = LINE('',#9361,#9362);
#9361 = CARTESIAN_POINT('',(1.570796326795,0.));
#9362 = VECTOR('',#9363,1.);
#9363 = DIRECTION('',(0.,1.));
#9364 = ( GEOMETRIC_REPRESENTATION_CONTEXT(2) 
PARAMETRIC_REPRESENTATION_CONTEXT() REPRESENTATION_CONTEXT('2D SPACE',''
  ) );
#9365 = PCURVE('',#9118,#9366);
#9366 = DEFINITIONAL_REPRESENTATION('',(#9367),#9371);
#9367 = LINE('',#9368,#9369);
#9368 = CARTESIAN_POINT('',(0.,43.));
#9369 = VECTOR('',#9370,1.);
#9370 = DIRECTION('',(1.,0.));
#9371 = ( GEOMETRIC_REPRESENTATION_CONTEXT(2) 
PARAMETRIC_REPRESENTATION_CONTEXT() REPRESENTATION_CONTEXT('2D SPACE',''
  ) );
#9372 = ORIENTED_EDGE('',*,*,#9073,.F.);
#9373 = ORIENTED_EDGE('',*,*,#9304,.F.);
#9374 = ADVANCED_FACE('',(#9375),#9033,.T.);
#9375 = FACE_BOUND('',#9376,.F.);
#9376 = EDGE_LOOP('',(#9377,#9405,#9426,#9427));
#9377 = ORIENTED_EDGE('',*,*,#9378,.T.);
#9378 = EDGE_CURVE('',#9259,#9379,#9381,.T.);
#9379 = VERTEX_POINT('',#9380);
#9380 = CARTESIAN_POINT('',(140.4,-12.,9.));
#9381 = SURFACE_CURVE('',#9382,(#9387,#9394),.PCURVE_S1.);
#9382 = CIRCLE('',#9383,1.);
#9383 = AXIS2_PLACEMENT_3D('',#9384,#9385,#9386);
#9384 = CARTESIAN_POINT('',(140.4,-11.,9.));
#9385 = DIRECTION('',(-0.,-0.,-1.));
#9386 = DIRECTION('',(0.,-1.,0.));
#9387 = PCURVE('',#9033,#9388);
#9388 = DEFINITIONAL_REPRESENTATION('',(#9389),#9393);
#9389 = LINE('',#9390,#9391);
#9390 = CARTESIAN_POINT('',(4.712388980385,-0.));
#9391 = VECTOR('',#9392,1.);
#9392 = DIRECTION('',(-1.,0.));
#9393 = ( GEOMETRIC_REPRESENTATION_CONTEXT(2) 
PARAMETRIC_REPRESENTATION_CONTEXT() REPRESENTATION_CONTEXT('2D SPACE',''
  ) );
#9394 = PCURVE('',#8429,#9395);
#9395 = DEFINITIONAL_REPRESENTATION('',(#9396),#9404);
#9396 = ( BOUNDED_CURVE() B_SPLINE_CURVE(2,(#9397,#9398,#9399,#9400,
#9401,#9402,#9403),.UNSPECIFIED.,.T.,.F.) B_SPLINE_CURVE_WITH_KNOTS((1,2
    ,2,2,2,1),(-2.094395102393,0.,2.094395102393,4.188790204786,
6.28318530718,8.377580409573),.UNSPECIFIED.) CURVE() 
GEOMETRIC_REPRESENTATION_ITEM() RATIONAL_B_SPLINE_CURVE((1.,0.5,1.,0.5,
1.,0.5,1.)) REPRESENTATION_ITEM('') );
#9397 = CARTESIAN_POINT('',(338.4,13.85));
#9398 = CARTESIAN_POINT('',(336.66794919243,13.85));
#9399 = CARTESIAN_POINT('',(337.53397459621,15.35));
#9400 = CARTESIAN_POINT('',(338.4,16.85));
#9401 = CARTESIAN_POINT('',(339.26602540378,15.35));
#9402 = CARTESIAN_POINT('',(340.13205080756,13.85));
#9403 = CARTESIAN_POINT('',(338.4,13.85));
#9404 = ( GEOMETRIC_REPRESENTATION_CONTEXT(2) 
PARAMETRIC_REPRESENTATION_CONTEXT() REPRESENTATION_CONTEXT('2D SPACE',''
  ) );
#9405 = ORIENTED_EDGE('',*,*,#9406,.T.);
#9406 = EDGE_CURVE('',#9379,#8985,#9407,.T.);
#9407 = SURFACE_CURVE('',#9408,(#9412,#9419),.PCURVE_S1.);
#9408 = LINE('',#9409,#9410);
#9409 = CARTESIAN_POINT('',(140.4,-12.,9.));
#9410 = VECTOR('',#9411,1.);
#9411 = DIRECTION('',(0.,0.,1.));
#9412 = PCURVE('',#9033,#9413);
#9413 = DEFINITIONAL_REPRESENTATION('',(#9414),#9418);
#9414 = LINE('',#9415,#9416);
#9415 = CARTESIAN_POINT('',(-1.570796326795,0.));
#9416 = VECTOR('',#9417,1.);
#9417 = DIRECTION('',(-0.,1.));
#9418 = ( GEOMETRIC_REPRESENTATION_CONTEXT(2) 
PARAMETRIC_REPRESENTATION_CONTEXT() REPRESENTATION_CONTEXT('2D SPACE',''
  ) );
#9419 = PCURVE('',#9000,#9420);
#9420 = DEFINITIONAL_REPRESENTATION('',(#9421),#9425);
#9421 = LINE('',#9422,#9423);
#9422 = CARTESIAN_POINT('',(0.,43.));
#9423 = VECTOR('',#9424,1.);
#9424 = DIRECTION('',(1.,0.));
#9425 = ( GEOMETRIC_REPRESENTATION_CONTEXT(2) 
PARAMETRIC_REPRESENTATION_CONTEXT() REPRESENTATION_CONTEXT('2D SPACE',''
  ) );
#9426 = ORIENTED_EDGE('',*,*,#9012,.F.);
#9427 = ORIENTED_EDGE('',*,*,#9258,.F.);
#9428 = ADVANCED_FACE('',(#9429),#9118,.T.);
#9429 = FACE_BOUND('',#9430,.T.);
#9430 = EDGE_LOOP('',(#9431,#9454,#9475,#9476));
#9431 = ORIENTED_EDGE('',*,*,#9432,.F.);
#9432 = EDGE_CURVE('',#9433,#9329,#9435,.T.);
#9433 = VERTEX_POINT('',#9434);
#9434 = CARTESIAN_POINT('',(98.4,12.,9.));
#9435 = SURFACE_CURVE('',#9436,(#9440,#9447),.PCURVE_S1.);
#9436 = LINE('',#9437,#9438);
#9437 = CARTESIAN_POINT('',(97.4,12.,9.));
#9438 = VECTOR('',#9439,1.);
#9439 = DIRECTION('',(1.,0.,0.));
#9440 = PCURVE('',#9118,#9441);
#9441 = DEFINITIONAL_REPRESENTATION('',(#9442),#9446);
#9442 = LINE('',#9443,#9444);
#9443 = CARTESIAN_POINT('',(0.,0.));
#9444 = VECTOR('',#9445,1.);
#9445 = DIRECTION('',(0.,1.));
#9446 = ( GEOMETRIC_REPRESENTATION_CONTEXT(2) 
PARAMETRIC_REPRESENTATION_CONTEXT() REPRESENTATION_CONTEXT('2D SPACE',''
  ) );
#9447 = PCURVE('',#8429,#9448);
#9448 = DEFINITIONAL_REPRESENTATION('',(#9449),#9453);
#9449 = LINE('',#9450,#9451);
#9450 = CARTESIAN_POINT('',(295.4,37.85));
#9451 = VECTOR('',#9452,1.);
#9452 = DIRECTION('',(1.,0.));
#9453 = ( GEOMETRIC_REPRESENTATION_CONTEXT(2) 
PARAMETRIC_REPRESENTATION_CONTEXT() REPRESENTATION_CONTEXT('2D SPACE',''
  ) );
#9454 = ORIENTED_EDGE('',*,*,#9455,.T.);
#9455 = EDGE_CURVE('',#9433,#9103,#9456,.T.);
#9456 = SURFACE_CURVE('',#9457,(#9461,#9468),.PCURVE_S1.);
#9457 = LINE('',#9458,#9459);
#9458 = CARTESIAN_POINT('',(98.4,12.,9.));
#9459 = VECTOR('',#9460,1.);
#9460 = DIRECTION('',(0.,0.,1.));
#9461 = PCURVE('',#9118,#9462);
#9462 = DEFINITIONAL_REPRESENTATION('',(#9463),#9467);
#9463 = LINE('',#9464,#9465);
#9464 = CARTESIAN_POINT('',(0.,1.));
#9465 = VECTOR('',#9466,1.);
#9466 = DIRECTION('',(1.,0.));
#9467 = ( GEOMETRIC_REPRESENTATION_CONTEXT(2) 
PARAMETRIC_REPRESENTATION_CONTEXT() REPRESENTATION_CONTEXT('2D SPACE',''
  ) );
#9468 = PCURVE('',#9149,#9469);
#9469 = DEFINITIONAL_REPRESENTATION('',(#9470),#9474);
#9470 = LINE('',#9471,#9472);
#9471 = CARTESIAN_POINT('',(-1.570796326795,0.));
#9472 = VECTOR('',#9473,1.);
#9473 = DIRECTION('',(-0.,1.));
#9474 = ( GEOMETRIC_REPRESENTATION_CONTEXT(2) 
PARAMETRIC_REPRESENTATION_CONTEXT() REPRESENTATION_CONTEXT('2D SPACE',''
  ) );
#9475 = ORIENTED_EDGE('',*,*,#9102,.T.);
#9476 = ORIENTED_EDGE('',*,*,#9352,.F.);
#9477 = ADVANCED_FACE('',(#9478),#9000,.F.);
#9478 = FACE_BOUND('',#9479,.F.);
#9479 = EDGE_LOOP('',(#9480,#9503,#9524,#9525));
#9480 = ORIENTED_EDGE('',*,*,#9481,.F.);
#9481 = EDGE_CURVE('',#9482,#9379,#9484,.T.);
#9482 = VERTEX_POINT('',#9483);
#9483 = CARTESIAN_POINT('',(98.4,-12.,9.));
#9484 = SURFACE_CURVE('',#9485,(#9489,#9496),.PCURVE_S1.);
#9485 = LINE('',#9486,#9487);
#9486 = CARTESIAN_POINT('',(97.4,-12.,9.));
#9487 = VECTOR('',#9488,1.);
#9488 = DIRECTION('',(1.,0.,0.));
#9489 = PCURVE('',#9000,#9490);
#9490 = DEFINITIONAL_REPRESENTATION('',(#9491),#9495);
#9491 = LINE('',#9492,#9493);
#9492 = CARTESIAN_POINT('',(0.,0.));
#9493 = VECTOR('',#9494,1.);
#9494 = DIRECTION('',(0.,1.));
#9495 = ( GEOMETRIC_REPRESENTATION_CONTEXT(2) 
PARAMETRIC_REPRESENTATION_CONTEXT() REPRESENTATION_CONTEXT('2D SPACE',''
  ) );
#9496 = PCURVE('',#8429,#9497);
#9497 = DEFINITIONAL_REPRESENTATION('',(#9498),#9502);
#9498 = LINE('',#9499,#9500);
#9499 = CARTESIAN_POINT('',(295.4,13.85));
#9500 = VECTOR('',#9501,1.);
#9501 = DIRECTION('',(1.,0.));
#9502 = ( GEOMETRIC_REPRESENTATION_CONTEXT(2) 
PARAMETRIC_REPRESENTATION_CONTEXT() REPRESENTATION_CONTEXT('2D SPACE',''
  ) );
#9503 = ORIENTED_EDGE('',*,*,#9504,.T.);
#9504 = EDGE_CURVE('',#9482,#8956,#9505,.T.);
#9505 = SURFACE_CURVE('',#9506,(#9510,#9517),.PCURVE_S1.);
#9506 = LINE('',#9507,#9508);
#9507 = CARTESIAN_POINT('',(98.4,-12.,9.));
#9508 = VECTOR('',#9509,1.);
#9509 = DIRECTION('',(0.,0.,1.));
#9510 = PCURVE('',#9000,#9511);
#9511 = DEFINITIONAL_REPRESENTATION('',(#9512),#9516);
#9512 = LINE('',#9513,#9514);
#9513 = CARTESIAN_POINT('',(0.,1.));
#9514 = VECTOR('',#9515,1.);
#9515 = DIRECTION('',(1.,0.));
#9516 = ( GEOMETRIC_REPRESENTATION_CONTEXT(2) 
PARAMETRIC_REPRESENTATION_CONTEXT() REPRESENTATION_CONTEXT('2D SPACE',''
  ) );
#9517 = PCURVE('',#8972,#9518);
#9518 = DEFINITIONAL_REPRESENTATION('',(#9519),#9523);
#9519 = LINE('',#9520,#9521);
#9520 = CARTESIAN_POINT('',(1.570796326795,0.));
#9521 = VECTOR('',#9522,1.);
#9522 = DIRECTION('',(0.,1.));
#9523 = ( GEOMETRIC_REPRESENTATION_CONTEXT(2) 
PARAMETRIC_REPRESENTATION_CONTEXT() REPRESENTATION_CONTEXT('2D SPACE',''
  ) );
#9524 = ORIENTED_EDGE('',*,*,#8984,.T.);
#9525 = ORIENTED_EDGE('',*,*,#9406,.F.);
#9526 = ADVANCED_FACE('',(#9527),#9149,.T.);
#9527 = FACE_BOUND('',#9528,.F.);
#9528 = EDGE_LOOP('',(#9529,#9557,#9558,#9559));
#9529 = ORIENTED_EDGE('',*,*,#9530,.T.);
#9530 = EDGE_CURVE('',#9531,#9433,#9533,.T.);
#9531 = VERTEX_POINT('',#9532);
#9532 = CARTESIAN_POINT('',(97.4,11.,9.));
#9533 = SURFACE_CURVE('',#9534,(#9539,#9546),.PCURVE_S1.);
#9534 = CIRCLE('',#9535,1.);
#9535 = AXIS2_PLACEMENT_3D('',#9536,#9537,#9538);
#9536 = CARTESIAN_POINT('',(98.4,11.,9.));
#9537 = DIRECTION('',(-0.,-0.,-1.));
#9538 = DIRECTION('',(0.,-1.,0.));
#9539 = PCURVE('',#9149,#9540);
#9540 = DEFINITIONAL_REPRESENTATION('',(#9541),#9545);
#9541 = LINE('',#9542,#9543);
#9542 = CARTESIAN_POINT('',(1.570796326795,-0.));
#9543 = VECTOR('',#9544,1.);
#9544 = DIRECTION('',(-1.,0.));
#9545 = ( GEOMETRIC_REPRESENTATION_CONTEXT(2) 
PARAMETRIC_REPRESENTATION_CONTEXT() REPRESENTATION_CONTEXT('2D SPACE',''
  ) );
#9546 = PCURVE('',#8429,#9547);
#9547 = DEFINITIONAL_REPRESENTATION('',(#9548),#9556);
#9548 = ( BOUNDED_CURVE() B_SPLINE_CURVE(2,(#9549,#9550,#9551,#9552,
#9553,#9554,#9555),.UNSPECIFIED.,.T.,.F.) B_SPLINE_CURVE_WITH_KNOTS((1,2
    ,2,2,2,1),(-2.094395102393,0.,2.094395102393,4.188790204786,
6.28318530718,8.377580409573),.UNSPECIFIED.) CURVE() 
GEOMETRIC_REPRESENTATION_ITEM() RATIONAL_B_SPLINE_CURVE((1.,0.5,1.,0.5,
1.,0.5,1.)) REPRESENTATION_ITEM('') );
#9549 = CARTESIAN_POINT('',(296.4,35.85));
#9550 = CARTESIAN_POINT('',(294.66794919243,35.85));
#9551 = CARTESIAN_POINT('',(295.53397459621,37.35));
#9552 = CARTESIAN_POINT('',(296.4,38.85));
#9553 = CARTESIAN_POINT('',(297.26602540378,37.35));
#9554 = CARTESIAN_POINT('',(298.13205080756,35.85));
#9555 = CARTESIAN_POINT('',(296.4,35.85));
#9556 = ( GEOMETRIC_REPRESENTATION_CONTEXT(2) 
PARAMETRIC_REPRESENTATION_CONTEXT() REPRESENTATION_CONTEXT('2D SPACE',''
  ) );
#9557 = ORIENTED_EDGE('',*,*,#9455,.T.);
#9558 = ORIENTED_EDGE('',*,*,#9130,.F.);
#9559 = ORIENTED_EDGE('',*,*,#9560,.F.);
#9560 = EDGE_CURVE('',#9531,#8928,#9561,.T.);
#9561 = SURFACE_CURVE('',#9562,(#9566,#9573),.PCURVE_S1.);
#9562 = LINE('',#9563,#9564);
#9563 = CARTESIAN_POINT('',(97.4,11.,9.));
#9564 = VECTOR('',#9565,1.);
#9565 = DIRECTION('',(0.,0.,1.));
#9566 = PCURVE('',#9149,#9567);
#9567 = DEFINITIONAL_REPRESENTATION('',(#9568),#9572);
#9568 = LINE('',#9569,#9570);
#9569 = CARTESIAN_POINT('',(-0.,0.));
#9570 = VECTOR('',#9571,1.);
#9571 = DIRECTION('',(-0.,1.));
#9572 = ( GEOMETRIC_REPRESENTATION_CONTEXT(2) 
PARAMETRIC_REPRESENTATION_CONTEXT() REPRESENTATION_CONTEXT('2D SPACE',''
  ) );
#9573 = PCURVE('',#8943,#9574);
#9574 = DEFINITIONAL_REPRESENTATION('',(#9575),#9579);
#9575 = LINE('',#9576,#9577);
#9576 = CARTESIAN_POINT('',(0.,-23.));
#9577 = VECTOR('',#9578,1.);
#9578 = DIRECTION('',(1.,0.));
#9579 = ( GEOMETRIC_REPRESENTATION_CONTEXT(2) 
PARAMETRIC_REPRESENTATION_CONTEXT() REPRESENTATION_CONTEXT('2D SPACE',''
  ) );
#9580 = ADVANCED_FACE('',(#9581),#8972,.T.);
#9581 = FACE_BOUND('',#9582,.T.);
#9582 = EDGE_LOOP('',(#9583,#9607,#9608,#9609));
#9583 = ORIENTED_EDGE('',*,*,#9584,.T.);
#9584 = EDGE_CURVE('',#9585,#9482,#9587,.T.);
#9585 = VERTEX_POINT('',#9586);
#9586 = CARTESIAN_POINT('',(97.4,-11.,9.));
#9587 = SURFACE_CURVE('',#9588,(#9593,#9600),.PCURVE_S1.);
#9588 = CIRCLE('',#9589,1.);
#9589 = AXIS2_PLACEMENT_3D('',#9590,#9591,#9592);
#9590 = CARTESIAN_POINT('',(98.4,-11.,9.));
#9591 = DIRECTION('',(0.,0.,1.));
#9592 = DIRECTION('',(0.,-1.,0.));
#9593 = PCURVE('',#8972,#9594);
#9594 = DEFINITIONAL_REPRESENTATION('',(#9595),#9599);
#9595 = LINE('',#9596,#9597);
#9596 = CARTESIAN_POINT('',(-4.712388980385,0.));
#9597 = VECTOR('',#9598,1.);
#9598 = DIRECTION('',(1.,0.));
#9599 = ( GEOMETRIC_REPRESENTATION_CONTEXT(2) 
PARAMETRIC_REPRESENTATION_CONTEXT() REPRESENTATION_CONTEXT('2D SPACE',''
  ) );
#9600 = PCURVE('',#8429,#9601);
#9601 = DEFINITIONAL_REPRESENTATION('',(#9602),#9606);
#9602 = CIRCLE('',#9603,1.);
#9603 = AXIS2_PLACEMENT_2D('',#9604,#9605);
#9604 = CARTESIAN_POINT('',(296.4,14.85));
#9605 = DIRECTION('',(0.,-1.));
#9606 = ( GEOMETRIC_REPRESENTATION_CONTEXT(2) 
PARAMETRIC_REPRESENTATION_CONTEXT() REPRESENTATION_CONTEXT('2D SPACE',''
  ) );
#9607 = ORIENTED_EDGE('',*,*,#9504,.T.);
#9608 = ORIENTED_EDGE('',*,*,#8955,.F.);
#9609 = ORIENTED_EDGE('',*,*,#9610,.F.);
#9610 = EDGE_CURVE('',#9585,#8926,#9611,.T.);
#9611 = SURFACE_CURVE('',#9612,(#9616,#9623),.PCURVE_S1.);
#9612 = LINE('',#9613,#9614);
#9613 = CARTESIAN_POINT('',(97.4,-11.,9.));
#9614 = VECTOR('',#9615,1.);
#9615 = DIRECTION('',(0.,0.,1.));
#9616 = PCURVE('',#8972,#9617);
#9617 = DEFINITIONAL_REPRESENTATION('',(#9618),#9622);
#9618 = LINE('',#9619,#9620);
#9619 = CARTESIAN_POINT('',(0.,0.));
#9620 = VECTOR('',#9621,1.);
#9621 = DIRECTION('',(0.,1.));
#9622 = ( GEOMETRIC_REPRESENTATION_CONTEXT(2) 
PARAMETRIC_REPRESENTATION_CONTEXT() REPRESENTATION_CONTEXT('2D SPACE',''
  ) );
#9623 = PCURVE('',#8943,#9624);
#9624 = DEFINITIONAL_REPRESENTATION('',(#9625),#9629);
#9625 = LINE('',#9626,#9627);
#9626 = CARTESIAN_POINT('',(0.,-1.));
#9627 = VECTOR('',#9628,1.);
#9628 = DIRECTION('',(1.,0.));
#9629 = ( GEOMETRIC_REPRESENTATION_CONTEXT(2) 
PARAMETRIC_REPRESENTATION_CONTEXT() REPRESENTATION_CONTEXT('2D SPACE',''
  ) );
#9630 = ADVANCED_FACE('',(#9631),#8943,.F.);
#9631 = FACE_BOUND('',#9632,.F.);
#9632 = EDGE_LOOP('',(#9633,#9634,#9635,#9656));
#9633 = ORIENTED_EDGE('',*,*,#8925,.F.);
#9634 = ORIENTED_EDGE('',*,*,#9610,.F.);
#9635 = ORIENTED_EDGE('',*,*,#9636,.T.);
#9636 = EDGE_CURVE('',#9585,#9531,#9637,.T.);
#9637 = SURFACE_CURVE('',#9638,(#9642,#9649),.PCURVE_S1.);
#9638 = LINE('',#9639,#9640);
#9639 = CARTESIAN_POINT('',(97.4,-12.,9.));
#9640 = VECTOR('',#9641,1.);
#9641 = DIRECTION('',(0.,1.,0.));
#9642 = PCURVE('',#8943,#9643);
#9643 = DEFINITIONAL_REPRESENTATION('',(#9644),#9648);
#9644 = LINE('',#9645,#9646);
#9645 = CARTESIAN_POINT('',(0.,0.));
#9646 = VECTOR('',#9647,1.);
#9647 = DIRECTION('',(0.,-1.));
#9648 = ( GEOMETRIC_REPRESENTATION_CONTEXT(2) 
PARAMETRIC_REPRESENTATION_CONTEXT() REPRESENTATION_CONTEXT('2D SPACE',''
  ) );
#9649 = PCURVE('',#8429,#9650);
#9650 = DEFINITIONAL_REPRESENTATION('',(#9651),#9655);
#9651 = LINE('',#9652,#9653);
#9652 = CARTESIAN_POINT('',(295.4,13.85));
#9653 = VECTOR('',#9654,1.);
#9654 = DIRECTION('',(0.,1.));
#9655 = ( GEOMETRIC_REPRESENTATION_CONTEXT(2) 
PARAMETRIC_REPRESENTATION_CONTEXT() REPRESENTATION_CONTEXT('2D SPACE',''
  ) );
#9656 = ORIENTED_EDGE('',*,*,#9560,.T.);
#9657 = ADVANCED_FACE('',(#9658),#8816,.F.);
#9658 = FACE_BOUND('',#9659,.T.);
#9659 = EDGE_LOOP('',(#9660,#9661,#9682,#9683));
#9660 = ORIENTED_EDGE('',*,*,#8795,.T.);
#9661 = ORIENTED_EDGE('',*,*,#9662,.T.);
#9662 = EDGE_CURVE('',#8796,#9224,#9663,.T.);
#9663 = SEAM_CURVE('',#9664,(#9668,#9675),.PCURVE_S1.);
#9664 = LINE('',#9665,#9666);
#9665 = CARTESIAN_POINT('',(106.,6.,0.));
#9666 = VECTOR('',#9667,1.);
#9667 = DIRECTION('',(0.,0.,1.));
#9668 = PCURVE('',#8816,#9669);
#9669 = DEFINITIONAL_REPRESENTATION('',(#9670),#9674);
#9670 = LINE('',#9671,#9672);
#9671 = CARTESIAN_POINT('',(-6.28318530718,0.));
#9672 = VECTOR('',#9673,1.);
#9673 = DIRECTION('',(-0.,-1.));
#9674 = ( GEOMETRIC_REPRESENTATION_CONTEXT(2) 
PARAMETRIC_REPRESENTATION_CONTEXT() REPRESENTATION_CONTEXT('2D SPACE',''
  ) );
#9675 = PCURVE('',#8816,#9676);
#9676 = DEFINITIONAL_REPRESENTATION('',(#9677),#9681);
#9677 = LINE('',#9678,#9679);
#9678 = CARTESIAN_POINT('',(-0.,0.));
#9679 = VECTOR('',#9680,1.);
#9680 = DIRECTION('',(-0.,-1.));
#9681 = ( GEOMETRIC_REPRESENTATION_CONTEXT(2) 
PARAMETRIC_REPRESENTATION_CONTEXT() REPRESENTATION_CONTEXT('2D SPACE',''
  ) );
#9682 = ORIENTED_EDGE('',*,*,#9223,.F.);
#9683 = ORIENTED_EDGE('',*,*,#9662,.F.);
#9684 = ADVANCED_FACE('',(#9685),#8781,.F.);
#9685 = FACE_BOUND('',#9686,.T.);
#9686 = EDGE_LOOP('',(#9687,#9688,#9709,#9710));
#9687 = ORIENTED_EDGE('',*,*,#8760,.T.);
#9688 = ORIENTED_EDGE('',*,*,#9689,.T.);
#9689 = EDGE_CURVE('',#8761,#9194,#9690,.T.);
#9690 = SEAM_CURVE('',#9691,(#9695,#9702),.PCURVE_S1.);
#9691 = LINE('',#9692,#9693);
#9692 = CARTESIAN_POINT('',(136.,-6.,0.));
#9693 = VECTOR('',#9694,1.);
#9694 = DIRECTION('',(0.,0.,1.));
#9695 = PCURVE('',#8781,#9696);
#9696 = DEFINITIONAL_REPRESENTATION('',(#9697),#9701);
#9697 = LINE('',#9698,#9699);
#9698 = CARTESIAN_POINT('',(-6.28318530718,0.));
#9699 = VECTOR('',#9700,1.);
#9700 = DIRECTION('',(-0.,-1.));
#9701 = ( GEOMETRIC_REPRESENTATION_CONTEXT(2) 
PARAMETRIC_REPRESENTATION_CONTEXT() REPRESENTATION_CONTEXT('2D SPACE',''
  ) );
#9702 = PCURVE('',#8781,#9703);
#9703 = DEFINITIONAL_REPRESENTATION('',(#9704),#9708);
#9704 = LINE('',#9705,#9706);
#9705 = CARTESIAN_POINT('',(-0.,0.));
#9706 = VECTOR('',#9707,1.);
#9707 = DIRECTION('',(-0.,-1.));
#9708 = ( GEOMETRIC_REPRESENTATION_CONTEXT(2) 
PARAMETRIC_REPRESENTATION_CONTEXT() REPRESENTATION_CONTEXT('2D SPACE',''
  ) );
#9709 = ORIENTED_EDGE('',*,*,#9193,.F.);
#9710 = ORIENTED_EDGE('',*,*,#9689,.F.);
#9711 = ADVANCED_FACE('',(#9712),#8746,.F.);
#9712 = FACE_BOUND('',#9713,.T.);
#9713 = EDGE_LOOP('',(#9714,#9715,#9736,#9737));
#9714 = ORIENTED_EDGE('',*,*,#8725,.T.);
#9715 = ORIENTED_EDGE('',*,*,#9716,.T.);
#9716 = EDGE_CURVE('',#8726,#9164,#9717,.T.);
#9717 = SEAM_CURVE('',#9718,(#9722,#9729),.PCURVE_S1.);
#9718 = LINE('',#9719,#9720);
#9719 = CARTESIAN_POINT('',(106.,-6.,0.));
#9720 = VECTOR('',#9721,1.);
#9721 = DIRECTION('',(0.,0.,1.));
#9722 = PCURVE('',#8746,#9723);
#9723 = DEFINITIONAL_REPRESENTATION('',(#9724),#9728);
#9724 = LINE('',#9725,#9726);
#9725 = CARTESIAN_POINT('',(-6.28318530718,0.));
#9726 = VECTOR('',#9727,1.);
#9727 = DIRECTION('',(-0.,-1.));
#9728 = ( GEOMETRIC_REPRESENTATION_CONTEXT(2) 
PARAMETRIC_REPRESENTATION_CONTEXT() REPRESENTATION_CONTEXT('2D SPACE',''
  ) );
#9729 = PCURVE('',#8746,#9730);
#9730 = DEFINITIONAL_REPRESENTATION('',(#9731),#9735);
#9731 = LINE('',#9732,#9733);
#9732 = CARTESIAN_POINT('',(-0.,0.));
#9733 = VECTOR('',#9734,1.);
#9734 = DIRECTION('',(-0.,-1.));
#9735 = ( GEOMETRIC_REPRESENTATION_CONTEXT(2) 
PARAMETRIC_REPRESENTATION_CONTEXT() REPRESENTATION_CONTEXT('2D SPACE',''
  ) );
#9736 = ORIENTED_EDGE('',*,*,#9163,.F.);
#9737 = ORIENTED_EDGE('',*,*,#9716,.F.);
#9738 = ADVANCED_FACE('',(#9739),#8628,.T.);
#9739 = FACE_BOUND('',#9740,.T.);
#9740 = EDGE_LOOP('',(#9741,#9766,#9787,#9788));
#9741 = ORIENTED_EDGE('',*,*,#9742,.F.);
#9742 = EDGE_CURVE('',#9743,#9745,#9747,.T.);
#9743 = VERTEX_POINT('',#9744);
#9744 = CARTESIAN_POINT('',(198.,-23.85,9.));
#9745 = VERTEX_POINT('',#9746);
#9746 = CARTESIAN_POINT('',(198.,23.85,9.));
#9747 = SURFACE_CURVE('',#9748,(#9752,#9759),.PCURVE_S1.);
#9748 = LINE('',#9749,#9750);
#9749 = CARTESIAN_POINT('',(198.,-25.85,9.));
#9750 = VECTOR('',#9751,1.);
#9751 = DIRECTION('',(0.,1.,0.));
#9752 = PCURVE('',#8628,#9753);
#9753 = DEFINITIONAL_REPRESENTATION('',(#9754),#9758);
#9754 = LINE('',#9755,#9756);
#9755 = CARTESIAN_POINT('',(1.2,0.));
#9756 = VECTOR('',#9757,1.);
#9757 = DIRECTION('',(0.,-1.));
#9758 = ( GEOMETRIC_REPRESENTATION_CONTEXT(2) 
PARAMETRIC_REPRESENTATION_CONTEXT() REPRESENTATION_CONTEXT('2D SPACE',''
  ) );
#9759 = PCURVE('',#8429,#9760);
#9760 = DEFINITIONAL_REPRESENTATION('',(#9761),#9765);
#9761 = LINE('',#9762,#9763);
#9762 = CARTESIAN_POINT('',(396.,0.));
#9763 = VECTOR('',#9764,1.);
#9764 = DIRECTION('',(0.,1.));
#9765 = ( GEOMETRIC_REPRESENTATION_CONTEXT(2) 
PARAMETRIC_REPRESENTATION_CONTEXT() REPRESENTATION_CONTEXT('2D SPACE',''
  ) );
#9766 = ORIENTED_EDGE('',*,*,#9767,.F.);
#9767 = EDGE_CURVE('',#8580,#9743,#9768,.T.);
#9768 = SURFACE_CURVE('',#9769,(#9773,#9780),.PCURVE_S1.);
#9769 = LINE('',#9770,#9771);
#9770 = CARTESIAN_POINT('',(198.,-23.85,7.8));
#9771 = VECTOR('',#9772,1.);
#9772 = DIRECTION('',(0.,0.,1.));
#9773 = PCURVE('',#8628,#9774);
#9774 = DEFINITIONAL_REPRESENTATION('',(#9775),#9779);
#9775 = LINE('',#9776,#9777);
#9776 = CARTESIAN_POINT('',(0.,-2.));
#9777 = VECTOR('',#9778,1.);
#9778 = DIRECTION('',(1.,0.));
#9779 = ( GEOMETRIC_REPRESENTATION_CONTEXT(2) 
PARAMETRIC_REPRESENTATION_CONTEXT() REPRESENTATION_CONTEXT('2D SPACE',''
  ) );
#9780 = PCURVE('',#8600,#9781);
#9781 = DEFINITIONAL_REPRESENTATION('',(#9782),#9786);
#9782 = LINE('',#9783,#9784);
#9783 = CARTESIAN_POINT('',(-0.,0.));
#9784 = VECTOR('',#9785,1.);
#9785 = DIRECTION('',(-0.,1.));
#9786 = ( GEOMETRIC_REPRESENTATION_CONTEXT(2) 
PARAMETRIC_REPRESENTATION_CONTEXT() REPRESENTATION_CONTEXT('2D SPACE',''
  ) );
#9787 = ORIENTED_EDGE('',*,*,#8612,.T.);
#9788 = ORIENTED_EDGE('',*,*,#9789,.T.);
#9789 = EDGE_CURVE('',#8613,#9745,#9790,.T.);
#9790 = SURFACE_CURVE('',#9791,(#9795,#9802),.PCURVE_S1.);
#9791 = LINE('',#9792,#9793);
#9792 = CARTESIAN_POINT('',(198.,23.85,7.8));
#9793 = VECTOR('',#9794,1.);
#9794 = DIRECTION('',(0.,0.,1.));
#9795 = PCURVE('',#8628,#9796);
#9796 = DEFINITIONAL_REPRESENTATION('',(#9797),#9801);
#9797 = LINE('',#9798,#9799);
#9798 = CARTESIAN_POINT('',(0.,-49.7));
#9799 = VECTOR('',#9800,1.);
#9800 = DIRECTION('',(1.,0.));
#9801 = ( GEOMETRIC_REPRESENTATION_CONTEXT(2) 
PARAMETRIC_REPRESENTATION_CONTEXT() REPRESENTATION_CONTEXT('2D SPACE',''
  ) );
#9802 = PCURVE('',#8657,#9803);
#9803 = DEFINITIONAL_REPRESENTATION('',(#9804),#9808);
#9804 = LINE('',#9805,#9806);
#9805 = CARTESIAN_POINT('',(0.,0.));
#9806 = VECTOR('',#9807,1.);
#9807 = DIRECTION('',(0.,1.));
#9808 = ( GEOMETRIC_REPRESENTATION_CONTEXT(2) 
PARAMETRIC_REPRESENTATION_CONTEXT() REPRESENTATION_CONTEXT('2D SPACE',''
  ) );
#9809 = ADVANCED_FACE('',(#9810),#8657,.T.);
#9810 = FACE_BOUND('',#9811,.T.);
#9811 = EDGE_LOOP('',(#9812,#9813,#9836,#9858));
#9812 = ORIENTED_EDGE('',*,*,#8640,.T.);
#9813 = ORIENTED_EDGE('',*,*,#9814,.T.);
#9814 = EDGE_CURVE('',#8641,#9815,#9817,.T.);
#9815 = VERTEX_POINT('',#9816);
#9816 = CARTESIAN_POINT('',(196.,25.85,9.));
#9817 = SURFACE_CURVE('',#9818,(#9822,#9829),.PCURVE_S1.);
#9818 = LINE('',#9819,#9820);
#9819 = CARTESIAN_POINT('',(196.,25.85,7.8));
#9820 = VECTOR('',#9821,1.);
#9821 = DIRECTION('',(0.,0.,1.));
#9822 = PCURVE('',#8657,#9823);
#9823 = DEFINITIONAL_REPRESENTATION('',(#9824),#9828);
#9824 = LINE('',#9825,#9826);
#9825 = CARTESIAN_POINT('',(1.570796326795,0.));
#9826 = VECTOR('',#9827,1.);
#9827 = DIRECTION('',(0.,1.));
#9828 = ( GEOMETRIC_REPRESENTATION_CONTEXT(2) 
PARAMETRIC_REPRESENTATION_CONTEXT() REPRESENTATION_CONTEXT('2D SPACE',''
  ) );
#9829 = PCURVE('',#8685,#9830);
#9830 = DEFINITIONAL_REPRESENTATION('',(#9831),#9835);
#9831 = LINE('',#9832,#9833);
#9832 = CARTESIAN_POINT('',(0.,394.));
#9833 = VECTOR('',#9834,1.);
#9834 = DIRECTION('',(1.,0.));
#9835 = ( GEOMETRIC_REPRESENTATION_CONTEXT(2) 
PARAMETRIC_REPRESENTATION_CONTEXT() REPRESENTATION_CONTEXT('2D SPACE',''
  ) );
#9836 = ORIENTED_EDGE('',*,*,#9837,.F.);
#9837 = EDGE_CURVE('',#9745,#9815,#9838,.T.);
#9838 = SURFACE_CURVE('',#9839,(#9844,#9851),.PCURVE_S1.);
#9839 = CIRCLE('',#9840,2.);
#9840 = AXIS2_PLACEMENT_3D('',#9841,#9842,#9843);
#9841 = CARTESIAN_POINT('',(196.,23.85,9.));
#9842 = DIRECTION('',(0.,0.,1.));
#9843 = DIRECTION('',(0.,-1.,0.));
#9844 = PCURVE('',#8657,#9845);
#9845 = DEFINITIONAL_REPRESENTATION('',(#9846),#9850);
#9846 = LINE('',#9847,#9848);
#9847 = CARTESIAN_POINT('',(-1.570796326795,1.2));
#9848 = VECTOR('',#9849,1.);
#9849 = DIRECTION('',(1.,0.));
#9850 = ( GEOMETRIC_REPRESENTATION_CONTEXT(2) 
PARAMETRIC_REPRESENTATION_CONTEXT() REPRESENTATION_CONTEXT('2D SPACE',''
  ) );
#9851 = PCURVE('',#8429,#9852);
#9852 = DEFINITIONAL_REPRESENTATION('',(#9853),#9857);
#9853 = CIRCLE('',#9854,2.);
#9854 = AXIS2_PLACEMENT_2D('',#9855,#9856);
#9855 = CARTESIAN_POINT('',(394.,49.7));
#9856 = DIRECTION('',(0.,-1.));
#9857 = ( GEOMETRIC_REPRESENTATION_CONTEXT(2) 
PARAMETRIC_REPRESENTATION_CONTEXT() REPRESENTATION_CONTEXT('2D SPACE',''
  ) );
#9858 = ORIENTED_EDGE('',*,*,#9789,.F.);
#9859 = ADVANCED_FACE('',(#9860),#8600,.T.);
#9860 = FACE_BOUND('',#9861,.F.);
#9861 = EDGE_LOOP('',(#9862,#9863,#9886,#9912));
#9862 = ORIENTED_EDGE('',*,*,#8579,.T.);
#9863 = ORIENTED_EDGE('',*,*,#9864,.T.);
#9864 = EDGE_CURVE('',#8552,#9865,#9867,.T.);
#9865 = VERTEX_POINT('',#9866);
#9866 = CARTESIAN_POINT('',(196.,-25.85,9.));
#9867 = SURFACE_CURVE('',#9868,(#9872,#9879),.PCURVE_S1.);
#9868 = LINE('',#9869,#9870);
#9869 = CARTESIAN_POINT('',(196.,-25.85,7.8));
#9870 = VECTOR('',#9871,1.);
#9871 = DIRECTION('',(0.,0.,1.));
#9872 = PCURVE('',#8600,#9873);
#9873 = DEFINITIONAL_REPRESENTATION('',(#9874),#9878);
#9874 = LINE('',#9875,#9876);
#9875 = CARTESIAN_POINT('',(-1.570796326795,0.));
#9876 = VECTOR('',#9877,1.);
#9877 = DIRECTION('',(-0.,1.));
#9878 = ( GEOMETRIC_REPRESENTATION_CONTEXT(2) 
PARAMETRIC_REPRESENTATION_CONTEXT() REPRESENTATION_CONTEXT('2D SPACE',''
  ) );
#9879 = PCURVE('',#8567,#9880);
#9880 = DEFINITIONAL_REPRESENTATION('',(#9881),#9885);
#9881 = LINE('',#9882,#9883);
#9882 = CARTESIAN_POINT('',(0.,394.));
#9883 = VECTOR('',#9884,1.);
#9884 = DIRECTION('',(1.,0.));
#9885 = ( GEOMETRIC_REPRESENTATION_CONTEXT(2) 
PARAMETRIC_REPRESENTATION_CONTEXT() REPRESENTATION_CONTEXT('2D SPACE',''
  ) );
#9886 = ORIENTED_EDGE('',*,*,#9887,.F.);
#9887 = EDGE_CURVE('',#9743,#9865,#9888,.T.);
#9888 = SURFACE_CURVE('',#9889,(#9894,#9901),.PCURVE_S1.);
#9889 = CIRCLE('',#9890,2.);
#9890 = AXIS2_PLACEMENT_3D('',#9891,#9892,#9893);
#9891 = CARTESIAN_POINT('',(196.,-23.85,9.));
#9892 = DIRECTION('',(-0.,-0.,-1.));
#9893 = DIRECTION('',(0.,-1.,0.));
#9894 = PCURVE('',#8600,#9895);
#9895 = DEFINITIONAL_REPRESENTATION('',(#9896),#9900);
#9896 = LINE('',#9897,#9898);
#9897 = CARTESIAN_POINT('',(4.712388980385,1.2));
#9898 = VECTOR('',#9899,1.);
#9899 = DIRECTION('',(-1.,0.));
#9900 = ( GEOMETRIC_REPRESENTATION_CONTEXT(2) 
PARAMETRIC_REPRESENTATION_CONTEXT() REPRESENTATION_CONTEXT('2D SPACE',''
  ) );
#9901 = PCURVE('',#8429,#9902);
#9902 = DEFINITIONAL_REPRESENTATION('',(#9903),#9911);
#9903 = ( BOUNDED_CURVE() B_SPLINE_CURVE(2,(#9904,#9905,#9906,#9907,
#9908,#9909,#9910),.UNSPECIFIED.,.T.,.F.) B_SPLINE_CURVE_WITH_KNOTS((1,2
    ,2,2,2,1),(-2.094395102393,0.,2.094395102393,4.188790204786,
6.28318530718,8.377580409573),.UNSPECIFIED.) CURVE() 
GEOMETRIC_REPRESENTATION_ITEM() RATIONAL_B_SPLINE_CURVE((1.,0.5,1.,0.5,
1.,0.5,1.)) REPRESENTATION_ITEM('') );
#9904 = CARTESIAN_POINT('',(394.,0.));
#9905 = CARTESIAN_POINT('',(390.53589838486,0.));
#9906 = CARTESIAN_POINT('',(392.26794919243,3.));
#9907 = CARTESIAN_POINT('',(394.,6.));
#9908 = CARTESIAN_POINT('',(395.73205080756,3.));
#9909 = CARTESIAN_POINT('',(397.46410161513,3.10862446895E-15));
#9910 = CARTESIAN_POINT('',(394.,0.));
#9911 = ( GEOMETRIC_REPRESENTATION_CONTEXT(2) 
PARAMETRIC_REPRESENTATION_CONTEXT() REPRESENTATION_CONTEXT('2D SPACE',''
  ) );
#9912 = ORIENTED_EDGE('',*,*,#9767,.F.);
#9913 = ADVANCED_FACE('',(#9914),#8685,.T.);
#9914 = FACE_BOUND('',#9915,.T.);
#9915 = EDGE_LOOP('',(#9916,#9917,#9940,#9961));
#9916 = ORIENTED_EDGE('',*,*,#8669,.F.);
#9917 = ORIENTED_EDGE('',*,*,#9918,.T.);
#9918 = EDGE_CURVE('',#8670,#9919,#9921,.T.);
#9919 = VERTEX_POINT('',#9920);
#9920 = CARTESIAN_POINT('',(-196.,25.85,9.));
#9921 = SURFACE_CURVE('',#9922,(#9926,#9933),.PCURVE_S1.);
#9922 = LINE('',#9923,#9924);
#9923 = CARTESIAN_POINT('',(-196.,25.85,7.8));
#9924 = VECTOR('',#9925,1.);
#9925 = DIRECTION('',(0.,0.,1.));
#9926 = PCURVE('',#8685,#9927);
#9927 = DEFINITIONAL_REPRESENTATION('',(#9928),#9932);
#9928 = LINE('',#9929,#9930);
#9929 = CARTESIAN_POINT('',(0.,2.));
#9930 = VECTOR('',#9931,1.);
#9931 = DIRECTION('',(1.,0.));
#9932 = ( GEOMETRIC_REPRESENTATION_CONTEXT(2) 
PARAMETRIC_REPRESENTATION_CONTEXT() REPRESENTATION_CONTEXT('2D SPACE',''
  ) );
#9933 = PCURVE('',#8511,#9934);
#9934 = DEFINITIONAL_REPRESENTATION('',(#9935),#9939);
#9935 = LINE('',#9936,#9937);
#9936 = CARTESIAN_POINT('',(-1.570796326795,0.));
#9937 = VECTOR('',#9938,1.);
#9938 = DIRECTION('',(-0.,1.));
#9939 = ( GEOMETRIC_REPRESENTATION_CONTEXT(2) 
PARAMETRIC_REPRESENTATION_CONTEXT() REPRESENTATION_CONTEXT('2D SPACE',''
  ) );
#9940 = ORIENTED_EDGE('',*,*,#9941,.T.);
#9941 = EDGE_CURVE('',#9919,#9815,#9942,.T.);
#9942 = SURFACE_CURVE('',#9943,(#9947,#9954),.PCURVE_S1.);
#9943 = LINE('',#9944,#9945);
#9944 = CARTESIAN_POINT('',(-198.,25.85,9.));
#9945 = VECTOR('',#9946,1.);
#9946 = DIRECTION('',(1.,0.,0.));
#9947 = PCURVE('',#8685,#9948);
#9948 = DEFINITIONAL_REPRESENTATION('',(#9949),#9953);
#9949 = LINE('',#9950,#9951);
#9950 = CARTESIAN_POINT('',(1.2,0.));
#9951 = VECTOR('',#9952,1.);
#9952 = DIRECTION('',(0.,1.));
#9953 = ( GEOMETRIC_REPRESENTATION_CONTEXT(2) 
PARAMETRIC_REPRESENTATION_CONTEXT() REPRESENTATION_CONTEXT('2D SPACE',''
  ) );
#9954 = PCURVE('',#8429,#9955);
#9955 = DEFINITIONAL_REPRESENTATION('',(#9956),#9960);
#9956 = LINE('',#9957,#9958);
#9957 = CARTESIAN_POINT('',(0.,51.7));
#9958 = VECTOR('',#9959,1.);
#9959 = DIRECTION('',(1.,0.));
#9960 = ( GEOMETRIC_REPRESENTATION_CONTEXT(2) 
PARAMETRIC_REPRESENTATION_CONTEXT() REPRESENTATION_CONTEXT('2D SPACE',''
  ) );
#9961 = ORIENTED_EDGE('',*,*,#9814,.F.);
#9962 = ADVANCED_FACE('',(#9963),#8567,.F.);
#9963 = FACE_BOUND('',#9964,.F.);
#9964 = EDGE_LOOP('',(#9965,#9966,#9989,#10010));
#9965 = ORIENTED_EDGE('',*,*,#8551,.F.);
#9966 = ORIENTED_EDGE('',*,*,#9967,.T.);
#9967 = EDGE_CURVE('',#8528,#9968,#9970,.T.);
#9968 = VERTEX_POINT('',#9969);
#9969 = CARTESIAN_POINT('',(-196.,-25.85,9.));
#9970 = SURFACE_CURVE('',#9971,(#9975,#9982),.PCURVE_S1.);
#9971 = LINE('',#9972,#9973);
#9972 = CARTESIAN_POINT('',(-196.,-25.85,7.8));
#9973 = VECTOR('',#9974,1.);
#9974 = DIRECTION('',(0.,0.,1.));
#9975 = PCURVE('',#8567,#9976);
#9976 = DEFINITIONAL_REPRESENTATION('',(#9977),#9981);
#9977 = LINE('',#9978,#9979);
#9978 = CARTESIAN_POINT('',(0.,2.));
#9979 = VECTOR('',#9980,1.);
#9980 = DIRECTION('',(1.,0.));
#9981 = ( GEOMETRIC_REPRESENTATION_CONTEXT(2) 
PARAMETRIC_REPRESENTATION_CONTEXT() REPRESENTATION_CONTEXT('2D SPACE',''
  ) );
#9982 = PCURVE('',#8457,#9983);
#9983 = DEFINITIONAL_REPRESENTATION('',(#9984),#9988);
#9984 = LINE('',#9985,#9986);
#9985 = CARTESIAN_POINT('',(1.570796326795,0.));
#9986 = VECTOR('',#9987,1.);
#9987 = DIRECTION('',(0.,1.));
#9988 = ( GEOMETRIC_REPRESENTATION_CONTEXT(2) 
PARAMETRIC_REPRESENTATION_CONTEXT() REPRESENTATION_CONTEXT('2D SPACE',''
  ) );
#9989 = ORIENTED_EDGE('',*,*,#9990,.T.);
#9990 = EDGE_CURVE('',#9968,#9865,#9991,.T.);
#9991 = SURFACE_CURVE('',#9992,(#9996,#10003),.PCURVE_S1.);
#9992 = LINE('',#9993,#9994);
#9993 = CARTESIAN_POINT('',(-198.,-25.85,9.));
#9994 = VECTOR('',#9995,1.);
#9995 = DIRECTION('',(1.,0.,0.));
#9996 = PCURVE('',#8567,#9997);
#9997 = DEFINITIONAL_REPRESENTATION('',(#9998),#10002);
#9998 = LINE('',#9999,#10000);
#9999 = CARTESIAN_POINT('',(1.2,0.));
#10000 = VECTOR('',#10001,1.);
#10001 = DIRECTION('',(0.,1.));
#10002 = ( GEOMETRIC_REPRESENTATION_CONTEXT(2) 
PARAMETRIC_REPRESENTATION_CONTEXT() REPRESENTATION_CONTEXT('2D SPACE',''
  ) );
#10003 = PCURVE('',#8429,#10004);
#10004 = DEFINITIONAL_REPRESENTATION('',(#10005),#10009);
#10005 = LINE('',#10006,#10007);
#10006 = CARTESIAN_POINT('',(0.,0.));
#10007 = VECTOR('',#10008,1.);
#10008 = DIRECTION('',(1.,0.));
#10009 = ( GEOMETRIC_REPRESENTATION_CONTEXT(2) 
PARAMETRIC_REPRESENTATION_CONTEXT() REPRESENTATION_CONTEXT('2D SPACE',''
  ) );
#10010 = ORIENTED_EDGE('',*,*,#9864,.F.);
#10011 = ADVANCED_FACE('',(#10012),#8511,.T.);
#10012 = FACE_BOUND('',#10013,.F.);
#10013 = EDGE_LOOP('',(#10014,#10015,#10016,#10042));
#10014 = ORIENTED_EDGE('',*,*,#8697,.T.);
#10015 = ORIENTED_EDGE('',*,*,#9918,.T.);
#10016 = ORIENTED_EDGE('',*,*,#10017,.F.);
#10017 = EDGE_CURVE('',#8409,#9919,#10018,.T.);
#10018 = SURFACE_CURVE('',#10019,(#10024,#10031),.PCURVE_S1.);
#10019 = CIRCLE('',#10020,2.);
#10020 = AXIS2_PLACEMENT_3D('',#10021,#10022,#10023);
#10021 = CARTESIAN_POINT('',(-196.,23.85,9.));
#10022 = DIRECTION('',(-0.,-0.,-1.));
#10023 = DIRECTION('',(0.,-1.,0.));
#10024 = PCURVE('',#8511,#10025);
#10025 = DEFINITIONAL_REPRESENTATION('',(#10026),#10030);
#10026 = LINE('',#10027,#10028);
#10027 = CARTESIAN_POINT('',(1.570796326795,1.2));
#10028 = VECTOR('',#10029,1.);
#10029 = DIRECTION('',(-1.,0.));
#10030 = ( GEOMETRIC_REPRESENTATION_CONTEXT(2) 
PARAMETRIC_REPRESENTATION_CONTEXT() REPRESENTATION_CONTEXT('2D SPACE',''
  ) );
#10031 = PCURVE('',#8429,#10032);
#10032 = DEFINITIONAL_REPRESENTATION('',(#10033),#10041);
#10033 = ( BOUNDED_CURVE() B_SPLINE_CURVE(2,(#10034,#10035,#10036,#10037
    ,#10038,#10039,#10040),.UNSPECIFIED.,.T.,.F.) 
B_SPLINE_CURVE_WITH_KNOTS((1,2,2,2,2,1),(-2.094395102393,0.,
    2.094395102393,4.188790204786,6.28318530718,8.377580409573),
.UNSPECIFIED.) CURVE() GEOMETRIC_REPRESENTATION_ITEM() 
RATIONAL_B_SPLINE_CURVE((1.,0.5,1.,0.5,1.,0.5,1.)) REPRESENTATION_ITEM(
  '') );
#10034 = CARTESIAN_POINT('',(2.,47.7));
#10035 = CARTESIAN_POINT('',(-1.464101615138,47.7));
#10036 = CARTESIAN_POINT('',(0.267949192431,50.7));
#10037 = CARTESIAN_POINT('',(2.,53.7));
#10038 = CARTESIAN_POINT('',(3.732050807569,50.7));
#10039 = CARTESIAN_POINT('',(5.464101615138,47.7));
#10040 = CARTESIAN_POINT('',(2.,47.7));
#10041 = ( GEOMETRIC_REPRESENTATION_CONTEXT(2) 
PARAMETRIC_REPRESENTATION_CONTEXT() REPRESENTATION_CONTEXT('2D SPACE',''
  ) );
#10042 = ORIENTED_EDGE('',*,*,#8497,.F.);
#10043 = ADVANCED_FACE('',(#10044),#8457,.T.);
#10044 = FACE_BOUND('',#10045,.T.);
#10045 = EDGE_LOOP('',(#10046,#10047,#10048,#10070));
#10046 = ORIENTED_EDGE('',*,*,#8527,.T.);
#10047 = ORIENTED_EDGE('',*,*,#9967,.T.);
#10048 = ORIENTED_EDGE('',*,*,#10049,.F.);
#10049 = EDGE_CURVE('',#8407,#9968,#10050,.T.);
#10050 = SURFACE_CURVE('',#10051,(#10056,#10063),.PCURVE_S1.);
#10051 = CIRCLE('',#10052,2.);
#10052 = AXIS2_PLACEMENT_3D('',#10053,#10054,#10055);
#10053 = CARTESIAN_POINT('',(-196.,-23.85,9.));
#10054 = DIRECTION('',(0.,0.,1.));
#10055 = DIRECTION('',(0.,-1.,0.));
#10056 = PCURVE('',#8457,#10057);
#10057 = DEFINITIONAL_REPRESENTATION('',(#10058),#10062);
#10058 = LINE('',#10059,#10060);
#10059 = CARTESIAN_POINT('',(-4.712388980385,1.2));
#10060 = VECTOR('',#10061,1.);
#10061 = DIRECTION('',(1.,0.));
#10062 = ( GEOMETRIC_REPRESENTATION_CONTEXT(2) 
PARAMETRIC_REPRESENTATION_CONTEXT() REPRESENTATION_CONTEXT('2D SPACE',''
  ) );
#10063 = PCURVE('',#8429,#10064);
#10064 = DEFINITIONAL_REPRESENTATION('',(#10065),#10069);
#10065 = CIRCLE('',#10066,2.);
#10066 = AXIS2_PLACEMENT_2D('',#10067,#10068);
#10067 = CARTESIAN_POINT('',(2.,2.));
#10068 = DIRECTION('',(0.,-1.));
#10069 = ( GEOMETRIC_REPRESENTATION_CONTEXT(2) 
PARAMETRIC_REPRESENTATION_CONTEXT() REPRESENTATION_CONTEXT('2D SPACE',''
  ) );
#10070 = ORIENTED_EDGE('',*,*,#8441,.F.);
#10071 = ADVANCED_FACE('',(#10072,#10082,#10304,#10526),#8429,.T.);
#10072 = FACE_BOUND('',#10073,.T.);
#10073 = EDGE_LOOP('',(#10074,#10075,#10076,#10077,#10078,#10079,#10080,
    #10081));
#10074 = ORIENTED_EDGE('',*,*,#8406,.F.);
#10075 = ORIENTED_EDGE('',*,*,#10049,.T.);
#10076 = ORIENTED_EDGE('',*,*,#9990,.T.);
#10077 = ORIENTED_EDGE('',*,*,#9887,.F.);
#10078 = ORIENTED_EDGE('',*,*,#9742,.T.);
#10079 = ORIENTED_EDGE('',*,*,#9837,.T.);
#10080 = ORIENTED_EDGE('',*,*,#9941,.F.);
#10081 = ORIENTED_EDGE('',*,*,#10017,.F.);
#10082 = FACE_BOUND('',#10083,.T.);
#10083 = EDGE_LOOP('',(#10084,#10115,#10141,#10170,#10196,#10225,#10251,
    #10280));
#10084 = ORIENTED_EDGE('',*,*,#10085,.F.);
#10085 = EDGE_CURVE('',#10086,#10088,#10090,.T.);
#10086 = VERTEX_POINT('',#10087);
#10087 = CARTESIAN_POINT('',(-114.5,-7.,9.));
#10088 = VERTEX_POINT('',#10089);
#10089 = CARTESIAN_POINT('',(-112.5,-9.,9.));
#10090 = SURFACE_CURVE('',#10091,(#10096,#10103),.PCURVE_S1.);
#10091 = CIRCLE('',#10092,2.);
#10092 = AXIS2_PLACEMENT_3D('',#10093,#10094,#10095);
#10093 = CARTESIAN_POINT('',(-112.5,-7.,9.));
#10094 = DIRECTION('',(0.,0.,1.));
#10095 = DIRECTION('',(-1.,-0.,0.));
#10096 = PCURVE('',#8429,#10097);
#10097 = DEFINITIONAL_REPRESENTATION('',(#10098),#10102);
#10098 = CIRCLE('',#10099,2.);
#10099 = AXIS2_PLACEMENT_2D('',#10100,#10101);
#10100 = CARTESIAN_POINT('',(85.5,18.85));
#10101 = DIRECTION('',(-1.,0.));
#10102 = ( GEOMETRIC_REPRESENTATION_CONTEXT(2) 
PARAMETRIC_REPRESENTATION_CONTEXT() REPRESENTATION_CONTEXT('2D SPACE',''
  ) );
#10103 = PCURVE('',#10104,#10109);
#10104 = CYLINDRICAL_SURFACE('',#10105,2.);
#10105 = AXIS2_PLACEMENT_3D('',#10106,#10107,#10108);
#10106 = CARTESIAN_POINT('',(-112.5,-7.,8.));
#10107 = DIRECTION('',(0.,0.,1.));
#10108 = DIRECTION('',(-1.,-0.,0.));
#10109 = DEFINITIONAL_REPRESENTATION('',(#10110),#10114);
#10110 = LINE('',#10111,#10112);
#10111 = CARTESIAN_POINT('',(0.,1.));
#10112 = VECTOR('',#10113,1.);
#10113 = DIRECTION('',(1.,0.));
#10114 = ( GEOMETRIC_REPRESENTATION_CONTEXT(2) 
PARAMETRIC_REPRESENTATION_CONTEXT() REPRESENTATION_CONTEXT('2D SPACE',''
  ) );
#10115 = ORIENTED_EDGE('',*,*,#10116,.T.);
#10116 = EDGE_CURVE('',#10086,#10117,#10119,.T.);
#10117 = VERTEX_POINT('',#10118);
#10118 = CARTESIAN_POINT('',(-114.5,7.,9.));
#10119 = SURFACE_CURVE('',#10120,(#10124,#10130),.PCURVE_S1.);
#10120 = LINE('',#10121,#10122);
#10121 = CARTESIAN_POINT('',(-114.5,-17.425,9.));
#10122 = VECTOR('',#10123,1.);
#10123 = DIRECTION('',(0.,1.,0.));
#10124 = PCURVE('',#8429,#10125);
#10125 = DEFINITIONAL_REPRESENTATION('',(#10126),#10129);
#10126 = B_SPLINE_CURVE_WITH_KNOTS('',1,(#10127,#10128),.UNSPECIFIED.,
  .F.,.F.,(2,2),(10.425,24.425),.PIECEWISE_BEZIER_KNOTS.);
#10127 = CARTESIAN_POINT('',(83.5,18.85));
#10128 = CARTESIAN_POINT('',(83.5,32.85));
#10129 = ( GEOMETRIC_REPRESENTATION_CONTEXT(2) 
PARAMETRIC_REPRESENTATION_CONTEXT() REPRESENTATION_CONTEXT('2D SPACE',''
  ) );
#10130 = PCURVE('',#10131,#10136);
#10131 = PLANE('',#10132);
#10132 = AXIS2_PLACEMENT_3D('',#10133,#10134,#10135);
#10133 = CARTESIAN_POINT('',(-114.5,-9.,8.));
#10134 = DIRECTION('',(1.,0.,0.));
#10135 = DIRECTION('',(0.,0.,1.));
#10136 = DEFINITIONAL_REPRESENTATION('',(#10137),#10140);
#10137 = B_SPLINE_CURVE_WITH_KNOTS('',1,(#10138,#10139),.UNSPECIFIED.,
  .F.,.F.,(2,2),(10.425,24.425),.PIECEWISE_BEZIER_KNOTS.);
#10138 = CARTESIAN_POINT('',(1.,-2.));
#10139 = CARTESIAN_POINT('',(1.,-16.));
#10140 = ( GEOMETRIC_REPRESENTATION_CONTEXT(2) 
PARAMETRIC_REPRESENTATION_CONTEXT() REPRESENTATION_CONTEXT('2D SPACE',''
  ) );
#10141 = ORIENTED_EDGE('',*,*,#10142,.F.);
#10142 = EDGE_CURVE('',#10143,#10117,#10145,.T.);
#10143 = VERTEX_POINT('',#10144);
#10144 = CARTESIAN_POINT('',(-112.5,9.,9.));
#10145 = SURFACE_CURVE('',#10146,(#10151,#10158),.PCURVE_S1.);
#10146 = CIRCLE('',#10147,2.);
#10147 = AXIS2_PLACEMENT_3D('',#10148,#10149,#10150);
#10148 = CARTESIAN_POINT('',(-112.5,7.,9.));
#10149 = DIRECTION('',(0.,0.,1.));
#10150 = DIRECTION('',(-1.,-0.,0.));
#10151 = PCURVE('',#8429,#10152);
#10152 = DEFINITIONAL_REPRESENTATION('',(#10153),#10157);
#10153 = CIRCLE('',#10154,2.);
#10154 = AXIS2_PLACEMENT_2D('',#10155,#10156);
#10155 = CARTESIAN_POINT('',(85.5,32.85));
#10156 = DIRECTION('',(-1.,0.));
#10157 = ( GEOMETRIC_REPRESENTATION_CONTEXT(2) 
PARAMETRIC_REPRESENTATION_CONTEXT() REPRESENTATION_CONTEXT('2D SPACE',''
  ) );
#10158 = PCURVE('',#10159,#10164);
#10159 = CYLINDRICAL_SURFACE('',#10160,2.);
#10160 = AXIS2_PLACEMENT_3D('',#10161,#10162,#10163);
#10161 = CARTESIAN_POINT('',(-112.5,7.,8.));
#10162 = DIRECTION('',(0.,0.,1.));
#10163 = DIRECTION('',(-1.,-0.,0.));
#10164 = DEFINITIONAL_REPRESENTATION('',(#10165),#10169);
#10165 = LINE('',#10166,#10167);
#10166 = CARTESIAN_POINT('',(-6.28318530718,1.));
#10167 = VECTOR('',#10168,1.);
#10168 = DIRECTION('',(1.,-0.));
#10169 = ( GEOMETRIC_REPRESENTATION_CONTEXT(2) 
PARAMETRIC_REPRESENTATION_CONTEXT() REPRESENTATION_CONTEXT('2D SPACE',''
  ) );
#10170 = ORIENTED_EDGE('',*,*,#10171,.F.);
#10171 = EDGE_CURVE('',#10172,#10143,#10174,.T.);
#10172 = VERTEX_POINT('',#10173);
#10173 = CARTESIAN_POINT('',(-86.5,9.,9.));
#10174 = SURFACE_CURVE('',#10175,(#10179,#10185),.PCURVE_S1.);
#10175 = LINE('',#10176,#10177);
#10176 = CARTESIAN_POINT('',(-156.25,9.,9.));
#10177 = VECTOR('',#10178,1.);
#10178 = DIRECTION('',(-1.,0.,0.));
#10179 = PCURVE('',#8429,#10180);
#10180 = DEFINITIONAL_REPRESENTATION('',(#10181),#10184);
#10181 = B_SPLINE_CURVE_WITH_KNOTS('',1,(#10182,#10183),.UNSPECIFIED.,
  .F.,.F.,(2,2),(-69.75,-43.75),.PIECEWISE_BEZIER_KNOTS.);
#10182 = CARTESIAN_POINT('',(111.5,34.85));
#10183 = CARTESIAN_POINT('',(85.5,34.85));
#10184 = ( GEOMETRIC_REPRESENTATION_CONTEXT(2) 
PARAMETRIC_REPRESENTATION_CONTEXT() REPRESENTATION_CONTEXT('2D SPACE',''
  ) );
#10185 = PCURVE('',#10186,#10191);
#10186 = PLANE('',#10187);
#10187 = AXIS2_PLACEMENT_3D('',#10188,#10189,#10190);
#10188 = CARTESIAN_POINT('',(-114.5,9.,8.));
#10189 = DIRECTION('',(0.,1.,0.));
#10190 = DIRECTION('',(0.,0.,1.));
#10191 = DEFINITIONAL_REPRESENTATION('',(#10192),#10195);
#10192 = B_SPLINE_CURVE_WITH_KNOTS('',1,(#10193,#10194),.UNSPECIFIED.,
  .F.,.F.,(2,2),(-69.75,-43.75),.PIECEWISE_BEZIER_KNOTS.);
#10193 = CARTESIAN_POINT('',(1.,28.));
#10194 = CARTESIAN_POINT('',(1.,2.));
#10195 = ( GEOMETRIC_REPRESENTATION_CONTEXT(2) 
PARAMETRIC_REPRESENTATION_CONTEXT() REPRESENTATION_CONTEXT('2D SPACE',''
  ) );
#10196 = ORIENTED_EDGE('',*,*,#10197,.F.);
#10197 = EDGE_CURVE('',#10198,#10172,#10200,.T.);
#10198 = VERTEX_POINT('',#10199);
#10199 = CARTESIAN_POINT('',(-84.5,7.,9.));
#10200 = SURFACE_CURVE('',#10201,(#10206,#10213),.PCURVE_S1.);
#10201 = CIRCLE('',#10202,2.);
#10202 = AXIS2_PLACEMENT_3D('',#10203,#10204,#10205);
#10203 = CARTESIAN_POINT('',(-86.5,7.,9.));
#10204 = DIRECTION('',(0.,0.,1.));
#10205 = DIRECTION('',(1.,0.,-0.));
#10206 = PCURVE('',#8429,#10207);
#10207 = DEFINITIONAL_REPRESENTATION('',(#10208),#10212);
#10208 = CIRCLE('',#10209,2.);
#10209 = AXIS2_PLACEMENT_2D('',#10210,#10211);
#10210 = CARTESIAN_POINT('',(111.5,32.85));
#10211 = DIRECTION('',(1.,0.));
#10212 = ( GEOMETRIC_REPRESENTATION_CONTEXT(2) 
PARAMETRIC_REPRESENTATION_CONTEXT() REPRESENTATION_CONTEXT('2D SPACE',''
  ) );
#10213 = PCURVE('',#10214,#10219);
#10214 = CYLINDRICAL_SURFACE('',#10215,2.);
#10215 = AXIS2_PLACEMENT_3D('',#10216,#10217,#10218);
#10216 = CARTESIAN_POINT('',(-86.5,7.,8.));
#10217 = DIRECTION('',(0.,0.,1.));
#10218 = DIRECTION('',(1.,0.,-0.));
#10219 = DEFINITIONAL_REPRESENTATION('',(#10220),#10224);
#10220 = LINE('',#10221,#10222);
#10221 = CARTESIAN_POINT('',(0.,1.));
#10222 = VECTOR('',#10223,1.);
#10223 = DIRECTION('',(1.,0.));
#10224 = ( GEOMETRIC_REPRESENTATION_CONTEXT(2) 
PARAMETRIC_REPRESENTATION_CONTEXT() REPRESENTATION_CONTEXT('2D SPACE',''
  ) );
#10225 = ORIENTED_EDGE('',*,*,#10226,.F.);
#10226 = EDGE_CURVE('',#10227,#10198,#10229,.T.);
#10227 = VERTEX_POINT('',#10228);
#10228 = CARTESIAN_POINT('',(-84.5,-7.,9.));
#10229 = SURFACE_CURVE('',#10230,(#10234,#10240),.PCURVE_S1.);
#10230 = LINE('',#10231,#10232);
#10231 = CARTESIAN_POINT('',(-84.5,-17.425,9.));
#10232 = VECTOR('',#10233,1.);
#10233 = DIRECTION('',(0.,1.,0.));
#10234 = PCURVE('',#8429,#10235);
#10235 = DEFINITIONAL_REPRESENTATION('',(#10236),#10239);
#10236 = B_SPLINE_CURVE_WITH_KNOTS('',1,(#10237,#10238),.UNSPECIFIED.,
  .F.,.F.,(2,2),(10.425,24.425),.PIECEWISE_BEZIER_KNOTS.);
#10237 = CARTESIAN_POINT('',(113.5,18.85));
#10238 = CARTESIAN_POINT('',(113.5,32.85));
#10239 = ( GEOMETRIC_REPRESENTATION_CONTEXT(2) 
PARAMETRIC_REPRESENTATION_CONTEXT() REPRESENTATION_CONTEXT('2D SPACE',''
  ) );
#10240 = PCURVE('',#10241,#10246);
#10241 = PLANE('',#10242);
#10242 = AXIS2_PLACEMENT_3D('',#10243,#10244,#10245);
#10243 = CARTESIAN_POINT('',(-84.5,-9.,8.));
#10244 = DIRECTION('',(1.,0.,0.));
#10245 = DIRECTION('',(0.,0.,1.));
#10246 = DEFINITIONAL_REPRESENTATION('',(#10247),#10250);
#10247 = B_SPLINE_CURVE_WITH_KNOTS('',1,(#10248,#10249),.UNSPECIFIED.,
  .F.,.F.,(2,2),(10.425,24.425),.PIECEWISE_BEZIER_KNOTS.);
#10248 = CARTESIAN_POINT('',(1.,-2.));
#10249 = CARTESIAN_POINT('',(1.,-16.));
#10250 = ( GEOMETRIC_REPRESENTATION_CONTEXT(2) 
PARAMETRIC_REPRESENTATION_CONTEXT() REPRESENTATION_CONTEXT('2D SPACE',''
  ) );
#10251 = ORIENTED_EDGE('',*,*,#10252,.F.);
#10252 = EDGE_CURVE('',#10253,#10227,#10255,.T.);
#10253 = VERTEX_POINT('',#10254);
#10254 = CARTESIAN_POINT('',(-86.5,-9.,9.));
#10255 = SURFACE_CURVE('',#10256,(#10261,#10268),.PCURVE_S1.);
#10256 = CIRCLE('',#10257,2.);
#10257 = AXIS2_PLACEMENT_3D('',#10258,#10259,#10260);
#10258 = CARTESIAN_POINT('',(-86.5,-7.,9.));
#10259 = DIRECTION('',(0.,0.,1.));
#10260 = DIRECTION('',(1.,0.,-0.));
#10261 = PCURVE('',#8429,#10262);
#10262 = DEFINITIONAL_REPRESENTATION('',(#10263),#10267);
#10263 = CIRCLE('',#10264,2.);
#10264 = AXIS2_PLACEMENT_2D('',#10265,#10266);
#10265 = CARTESIAN_POINT('',(111.5,18.85));
#10266 = DIRECTION('',(1.,0.));
#10267 = ( GEOMETRIC_REPRESENTATION_CONTEXT(2) 
PARAMETRIC_REPRESENTATION_CONTEXT() REPRESENTATION_CONTEXT('2D SPACE',''
  ) );
#10268 = PCURVE('',#10269,#10274);
#10269 = CYLINDRICAL_SURFACE('',#10270,2.);
#10270 = AXIS2_PLACEMENT_3D('',#10271,#10272,#10273);
#10271 = CARTESIAN_POINT('',(-86.5,-7.,8.));
#10272 = DIRECTION('',(0.,0.,1.));
#10273 = DIRECTION('',(1.,0.,-0.));
#10274 = DEFINITIONAL_REPRESENTATION('',(#10275),#10279);
#10275 = LINE('',#10276,#10277);
#10276 = CARTESIAN_POINT('',(-6.28318530718,1.));
#10277 = VECTOR('',#10278,1.);
#10278 = DIRECTION('',(1.,-0.));
#10279 = ( GEOMETRIC_REPRESENTATION_CONTEXT(2) 
PARAMETRIC_REPRESENTATION_CONTEXT() REPRESENTATION_CONTEXT('2D SPACE',''
  ) );
#10280 = ORIENTED_EDGE('',*,*,#10281,.T.);
#10281 = EDGE_CURVE('',#10253,#10088,#10282,.T.);
#10282 = SURFACE_CURVE('',#10283,(#10287,#10293),.PCURVE_S1.);
#10283 = LINE('',#10284,#10285);
#10284 = CARTESIAN_POINT('',(-156.25,-9.,9.));
#10285 = VECTOR('',#10286,1.);
#10286 = DIRECTION('',(-1.,0.,0.));
#10287 = PCURVE('',#8429,#10288);
#10288 = DEFINITIONAL_REPRESENTATION('',(#10289),#10292);
#10289 = B_SPLINE_CURVE_WITH_KNOTS('',1,(#10290,#10291),.UNSPECIFIED.,
  .F.,.F.,(2,2),(-69.75,-43.75),.PIECEWISE_BEZIER_KNOTS.);
#10290 = CARTESIAN_POINT('',(111.5,16.85));
#10291 = CARTESIAN_POINT('',(85.5,16.85));
#10292 = ( GEOMETRIC_REPRESENTATION_CONTEXT(2) 
PARAMETRIC_REPRESENTATION_CONTEXT() REPRESENTATION_CONTEXT('2D SPACE',''
  ) );
#10293 = PCURVE('',#10294,#10299);
#10294 = PLANE('',#10295);
#10295 = AXIS2_PLACEMENT_3D('',#10296,#10297,#10298);
#10296 = CARTESIAN_POINT('',(-114.5,-9.,8.));
#10297 = DIRECTION('',(0.,1.,0.));
#10298 = DIRECTION('',(0.,0.,1.));
#10299 = DEFINITIONAL_REPRESENTATION('',(#10300),#10303);
#10300 = B_SPLINE_CURVE_WITH_KNOTS('',1,(#10301,#10302),.UNSPECIFIED.,
  .F.,.F.,(2,2),(-69.75,-43.75),.PIECEWISE_BEZIER_KNOTS.);
#10301 = CARTESIAN_POINT('',(1.,28.));
#10302 = CARTESIAN_POINT('',(1.,2.));
#10303 = ( GEOMETRIC_REPRESENTATION_CONTEXT(2) 
PARAMETRIC_REPRESENTATION_CONTEXT() REPRESENTATION_CONTEXT('2D SPACE',''
  ) );
#10304 = FACE_BOUND('',#10305,.T.);
#10305 = EDGE_LOOP('',(#10306,#10337,#10363,#10392,#10418,#10447,#10473,
    #10502));
#10306 = ORIENTED_EDGE('',*,*,#10307,.F.);
#10307 = EDGE_CURVE('',#10308,#10310,#10312,.T.);
#10308 = VERTEX_POINT('',#10309);
#10309 = CARTESIAN_POINT('',(64.6,-7.,9.));
#10310 = VERTEX_POINT('',#10311);
#10311 = CARTESIAN_POINT('',(66.6,-9.,9.));
#10312 = SURFACE_CURVE('',#10313,(#10318,#10325),.PCURVE_S1.);
#10313 = CIRCLE('',#10314,2.);
#10314 = AXIS2_PLACEMENT_3D('',#10315,#10316,#10317);
#10315 = CARTESIAN_POINT('',(66.6,-7.,9.));
#10316 = DIRECTION('',(0.,0.,1.));
#10317 = DIRECTION('',(-1.,-0.,0.));
#10318 = PCURVE('',#8429,#10319);
#10319 = DEFINITIONAL_REPRESENTATION('',(#10320),#10324);
#10320 = CIRCLE('',#10321,2.);
#10321 = AXIS2_PLACEMENT_2D('',#10322,#10323);
#10322 = CARTESIAN_POINT('',(264.6,18.85));
#10323 = DIRECTION('',(-1.,0.));
#10324 = ( GEOMETRIC_REPRESENTATION_CONTEXT(2) 
PARAMETRIC_REPRESENTATION_CONTEXT() REPRESENTATION_CONTEXT('2D SPACE',''
  ) );
#10325 = PCURVE('',#10326,#10331);
#10326 = CYLINDRICAL_SURFACE('',#10327,2.);
#10327 = AXIS2_PLACEMENT_3D('',#10328,#10329,#10330);
#10328 = CARTESIAN_POINT('',(66.6,-7.,8.));
#10329 = DIRECTION('',(0.,0.,1.));
#10330 = DIRECTION('',(-1.,-0.,0.));
#10331 = DEFINITIONAL_REPRESENTATION('',(#10332),#10336);
#10332 = LINE('',#10333,#10334);
#10333 = CARTESIAN_POINT('',(0.,1.));
#10334 = VECTOR('',#10335,1.);
#10335 = DIRECTION('',(1.,0.));
#10336 = ( GEOMETRIC_REPRESENTATION_CONTEXT(2) 
PARAMETRIC_REPRESENTATION_CONTEXT() REPRESENTATION_CONTEXT('2D SPACE',''
  ) );
#10337 = ORIENTED_EDGE('',*,*,#10338,.T.);
#10338 = EDGE_CURVE('',#10308,#10339,#10341,.T.);
#10339 = VERTEX_POINT('',#10340);
#10340 = CARTESIAN_POINT('',(64.6,7.,9.));
#10341 = SURFACE_CURVE('',#10342,(#10346,#10352),.PCURVE_S1.);
#10342 = LINE('',#10343,#10344);
#10343 = CARTESIAN_POINT('',(64.6,-17.425,9.));
#10344 = VECTOR('',#10345,1.);
#10345 = DIRECTION('',(0.,1.,0.));
#10346 = PCURVE('',#8429,#10347);
#10347 = DEFINITIONAL_REPRESENTATION('',(#10348),#10351);
#10348 = B_SPLINE_CURVE_WITH_KNOTS('',1,(#10349,#10350),.UNSPECIFIED.,
  .F.,.F.,(2,2),(10.425,24.425),.PIECEWISE_BEZIER_KNOTS.);
#10349 = CARTESIAN_POINT('',(262.6,18.85));
#10350 = CARTESIAN_POINT('',(262.6,32.85));
#10351 = ( GEOMETRIC_REPRESENTATION_CONTEXT(2) 
PARAMETRIC_REPRESENTATION_CONTEXT() REPRESENTATION_CONTEXT('2D SPACE',''
  ) );
#10352 = PCURVE('',#10353,#10358);
#10353 = PLANE('',#10354);
#10354 = AXIS2_PLACEMENT_3D('',#10355,#10356,#10357);
#10355 = CARTESIAN_POINT('',(64.6,-9.,8.));
#10356 = DIRECTION('',(1.,0.,0.));
#10357 = DIRECTION('',(0.,0.,1.));
#10358 = DEFINITIONAL_REPRESENTATION('',(#10359),#10362);
#10359 = B_SPLINE_CURVE_WITH_KNOTS('',1,(#10360,#10361),.UNSPECIFIED.,
  .F.,.F.,(2,2),(10.425,24.425),.PIECEWISE_BEZIER_KNOTS.);
#10360 = CARTESIAN_POINT('',(1.,-2.));
#10361 = CARTESIAN_POINT('',(1.,-16.));
#10362 = ( GEOMETRIC_REPRESENTATION_CONTEXT(2) 
PARAMETRIC_REPRESENTATION_CONTEXT() REPRESENTATION_CONTEXT('2D SPACE',''
  ) );
#10363 = ORIENTED_EDGE('',*,*,#10364,.F.);
#10364 = EDGE_CURVE('',#10365,#10339,#10367,.T.);
#10365 = VERTEX_POINT('',#10366);
#10366 = CARTESIAN_POINT('',(66.6,9.,9.));
#10367 = SURFACE_CURVE('',#10368,(#10373,#10380),.PCURVE_S1.);
#10368 = CIRCLE('',#10369,2.);
#10369 = AXIS2_PLACEMENT_3D('',#10370,#10371,#10372);
#10370 = CARTESIAN_POINT('',(66.6,7.,9.));
#10371 = DIRECTION('',(0.,0.,1.));
#10372 = DIRECTION('',(-1.,-0.,0.));
#10373 = PCURVE('',#8429,#10374);
#10374 = DEFINITIONAL_REPRESENTATION('',(#10375),#10379);
#10375 = CIRCLE('',#10376,2.);
#10376 = AXIS2_PLACEMENT_2D('',#10377,#10378);
#10377 = CARTESIAN_POINT('',(264.6,32.85));
#10378 = DIRECTION('',(-1.,0.));
#10379 = ( GEOMETRIC_REPRESENTATION_CONTEXT(2) 
PARAMETRIC_REPRESENTATION_CONTEXT() REPRESENTATION_CONTEXT('2D SPACE',''
  ) );
#10380 = PCURVE('',#10381,#10386);
#10381 = CYLINDRICAL_SURFACE('',#10382,2.);
#10382 = AXIS2_PLACEMENT_3D('',#10383,#10384,#10385);
#10383 = CARTESIAN_POINT('',(66.6,7.,8.));
#10384 = DIRECTION('',(0.,0.,1.));
#10385 = DIRECTION('',(-1.,-0.,0.));
#10386 = DEFINITIONAL_REPRESENTATION('',(#10387),#10391);
#10387 = LINE('',#10388,#10389);
#10388 = CARTESIAN_POINT('',(-6.28318530718,1.));
#10389 = VECTOR('',#10390,1.);
#10390 = DIRECTION('',(1.,-0.));
#10391 = ( GEOMETRIC_REPRESENTATION_CONTEXT(2) 
PARAMETRIC_REPRESENTATION_CONTEXT() REPRESENTATION_CONTEXT('2D SPACE',''
  ) );
#10392 = ORIENTED_EDGE('',*,*,#10393,.F.);
#10393 = EDGE_CURVE('',#10394,#10365,#10396,.T.);
#10394 = VERTEX_POINT('',#10395);
#10395 = CARTESIAN_POINT('',(92.6,9.,9.));
#10396 = SURFACE_CURVE('',#10397,(#10401,#10407),.PCURVE_S1.);
#10397 = LINE('',#10398,#10399);
#10398 = CARTESIAN_POINT('',(-66.7,9.,9.));
#10399 = VECTOR('',#10400,1.);
#10400 = DIRECTION('',(-1.,0.,0.));
#10401 = PCURVE('',#8429,#10402);
#10402 = DEFINITIONAL_REPRESENTATION('',(#10403),#10406);
#10403 = B_SPLINE_CURVE_WITH_KNOTS('',1,(#10404,#10405),.UNSPECIFIED.,
  .F.,.F.,(2,2),(-159.3,-133.3),.PIECEWISE_BEZIER_KNOTS.);
#10404 = CARTESIAN_POINT('',(290.6,34.85));
#10405 = CARTESIAN_POINT('',(264.6,34.85));
#10406 = ( GEOMETRIC_REPRESENTATION_CONTEXT(2) 
PARAMETRIC_REPRESENTATION_CONTEXT() REPRESENTATION_CONTEXT('2D SPACE',''
  ) );
#10407 = PCURVE('',#10408,#10413);
#10408 = PLANE('',#10409);
#10409 = AXIS2_PLACEMENT_3D('',#10410,#10411,#10412);
#10410 = CARTESIAN_POINT('',(64.6,9.,8.));
#10411 = DIRECTION('',(0.,1.,0.));
#10412 = DIRECTION('',(0.,0.,1.));
#10413 = DEFINITIONAL_REPRESENTATION('',(#10414),#10417);
#10414 = B_SPLINE_CURVE_WITH_KNOTS('',1,(#10415,#10416),.UNSPECIFIED.,
  .F.,.F.,(2,2),(-159.3,-133.3),.PIECEWISE_BEZIER_KNOTS.);
#10415 = CARTESIAN_POINT('',(1.,28.));
#10416 = CARTESIAN_POINT('',(1.,2.));
#10417 = ( GEOMETRIC_REPRESENTATION_CONTEXT(2) 
PARAMETRIC_REPRESENTATION_CONTEXT() REPRESENTATION_CONTEXT('2D SPACE',''
  ) );
#10418 = ORIENTED_EDGE('',*,*,#10419,.F.);
#10419 = EDGE_CURVE('',#10420,#10394,#10422,.T.);
#10420 = VERTEX_POINT('',#10421);
#10421 = CARTESIAN_POINT('',(94.6,7.,9.));
#10422 = SURFACE_CURVE('',#10423,(#10428,#10435),.PCURVE_S1.);
#10423 = CIRCLE('',#10424,2.);
#10424 = AXIS2_PLACEMENT_3D('',#10425,#10426,#10427);
#10425 = CARTESIAN_POINT('',(92.6,7.,9.));
#10426 = DIRECTION('',(0.,0.,1.));
#10427 = DIRECTION('',(1.,0.,-0.));
#10428 = PCURVE('',#8429,#10429);
#10429 = DEFINITIONAL_REPRESENTATION('',(#10430),#10434);
#10430 = CIRCLE('',#10431,2.);
#10431 = AXIS2_PLACEMENT_2D('',#10432,#10433);
#10432 = CARTESIAN_POINT('',(290.6,32.85));
#10433 = DIRECTION('',(1.,0.));
#10434 = ( GEOMETRIC_REPRESENTATION_CONTEXT(2) 
PARAMETRIC_REPRESENTATION_CONTEXT() REPRESENTATION_CONTEXT('2D SPACE',''
  ) );
#10435 = PCURVE('',#10436,#10441);
#10436 = CYLINDRICAL_SURFACE('',#10437,2.);
#10437 = AXIS2_PLACEMENT_3D('',#10438,#10439,#10440);
#10438 = CARTESIAN_POINT('',(92.6,7.,8.));
#10439 = DIRECTION('',(0.,0.,1.));
#10440 = DIRECTION('',(1.,0.,-0.));
#10441 = DEFINITIONAL_REPRESENTATION('',(#10442),#10446);
#10442 = LINE('',#10443,#10444);
#10443 = CARTESIAN_POINT('',(0.,1.));
#10444 = VECTOR('',#10445,1.);
#10445 = DIRECTION('',(1.,0.));
#10446 = ( GEOMETRIC_REPRESENTATION_CONTEXT(2) 
PARAMETRIC_REPRESENTATION_CONTEXT() REPRESENTATION_CONTEXT('2D SPACE',''
  ) );
#10447 = ORIENTED_EDGE('',*,*,#10448,.F.);
#10448 = EDGE_CURVE('',#10449,#10420,#10451,.T.);
#10449 = VERTEX_POINT('',#10450);
#10450 = CARTESIAN_POINT('',(94.6,-7.,9.));
#10451 = SURFACE_CURVE('',#10452,(#10456,#10462),.PCURVE_S1.);
#10452 = LINE('',#10453,#10454);
#10453 = CARTESIAN_POINT('',(94.6,-17.425,9.));
#10454 = VECTOR('',#10455,1.);
#10455 = DIRECTION('',(0.,1.,0.));
#10456 = PCURVE('',#8429,#10457);
#10457 = DEFINITIONAL_REPRESENTATION('',(#10458),#10461);
#10458 = B_SPLINE_CURVE_WITH_KNOTS('',1,(#10459,#10460),.UNSPECIFIED.,
  .F.,.F.,(2,2),(10.425,24.425),.PIECEWISE_BEZIER_KNOTS.);
#10459 = CARTESIAN_POINT('',(292.6,18.85));
#10460 = CARTESIAN_POINT('',(292.6,32.85));
#10461 = ( GEOMETRIC_REPRESENTATION_CONTEXT(2) 
PARAMETRIC_REPRESENTATION_CONTEXT() REPRESENTATION_CONTEXT('2D SPACE',''
  ) );
#10462 = PCURVE('',#10463,#10468);
#10463 = PLANE('',#10464);
#10464 = AXIS2_PLACEMENT_3D('',#10465,#10466,#10467);
#10465 = CARTESIAN_POINT('',(94.6,-9.,8.));
#10466 = DIRECTION('',(1.,0.,0.));
#10467 = DIRECTION('',(0.,0.,1.));
#10468 = DEFINITIONAL_REPRESENTATION('',(#10469),#10472);
#10469 = B_SPLINE_CURVE_WITH_KNOTS('',1,(#10470,#10471),.UNSPECIFIED.,
  .F.,.F.,(2,2),(10.425,24.425),.PIECEWISE_BEZIER_KNOTS.);
#10470 = CARTESIAN_POINT('',(1.,-2.));
#10471 = CARTESIAN_POINT('',(1.,-16.));
#10472 = ( GEOMETRIC_REPRESENTATION_CONTEXT(2) 
PARAMETRIC_REPRESENTATION_CONTEXT() REPRESENTATION_CONTEXT('2D SPACE',''
  ) );
#10473 = ORIENTED_EDGE('',*,*,#10474,.F.);
#10474 = EDGE_CURVE('',#10475,#10449,#10477,.T.);
#10475 = VERTEX_POINT('',#10476);
#10476 = CARTESIAN_POINT('',(92.6,-9.,9.));
#10477 = SURFACE_CURVE('',#10478,(#10483,#10490),.PCURVE_S1.);
#10478 = CIRCLE('',#10479,2.);
#10479 = AXIS2_PLACEMENT_3D('',#10480,#10481,#10482);
#10480 = CARTESIAN_POINT('',(92.6,-7.,9.));
#10481 = DIRECTION('',(0.,0.,1.));
#10482 = DIRECTION('',(1.,0.,-0.));
#10483 = PCURVE('',#8429,#10484);
#10484 = DEFINITIONAL_REPRESENTATION('',(#10485),#10489);
#10485 = CIRCLE('',#10486,2.);
#10486 = AXIS2_PLACEMENT_2D('',#10487,#10488);
#10487 = CARTESIAN_POINT('',(290.6,18.85));
#10488 = DIRECTION('',(1.,0.));
#10489 = ( GEOMETRIC_REPRESENTATION_CONTEXT(2) 
PARAMETRIC_REPRESENTATION_CONTEXT() REPRESENTATION_CONTEXT('2D SPACE',''
  ) );
#10490 = PCURVE('',#10491,#10496);
#10491 = CYLINDRICAL_SURFACE('',#10492,2.);
#10492 = AXIS2_PLACEMENT_3D('',#10493,#10494,#10495);
#10493 = CARTESIAN_POINT('',(92.6,-7.,8.));
#10494 = DIRECTION('',(0.,0.,1.));
#10495 = DIRECTION('',(1.,0.,-0.));
#10496 = DEFINITIONAL_REPRESENTATION('',(#10497),#10501);
#10497 = LINE('',#10498,#10499);
#10498 = CARTESIAN_POINT('',(-6.28318530718,1.));
#10499 = VECTOR('',#10500,1.);
#10500 = DIRECTION('',(1.,-0.));
#10501 = ( GEOMETRIC_REPRESENTATION_CONTEXT(2) 
PARAMETRIC_REPRESENTATION_CONTEXT() REPRESENTATION_CONTEXT('2D SPACE',''
  ) );
#10502 = ORIENTED_EDGE('',*,*,#10503,.T.);
#10503 = EDGE_CURVE('',#10475,#10310,#10504,.T.);
#10504 = SURFACE_CURVE('',#10505,(#10509,#10515),.PCURVE_S1.);
#10505 = LINE('',#10506,#10507);
#10506 = CARTESIAN_POINT('',(-66.7,-9.,9.));
#10507 = VECTOR('',#10508,1.);
#10508 = DIRECTION('',(-1.,0.,0.));
#10509 = PCURVE('',#8429,#10510);
#10510 = DEFINITIONAL_REPRESENTATION('',(#10511),#10514);
#10511 = B_SPLINE_CURVE_WITH_KNOTS('',1,(#10512,#10513),.UNSPECIFIED.,
  .F.,.F.,(2,2),(-159.3,-133.3),.PIECEWISE_BEZIER_KNOTS.);
#10512 = CARTESIAN_POINT('',(290.6,16.85));
#10513 = CARTESIAN_POINT('',(264.6,16.85));
#10514 = ( GEOMETRIC_REPRESENTATION_CONTEXT(2) 
PARAMETRIC_REPRESENTATION_CONTEXT() REPRESENTATION_CONTEXT('2D SPACE',''
  ) );
#10515 = PCURVE('',#10516,#10521);
#10516 = PLANE('',#10517);
#10517 = AXIS2_PLACEMENT_3D('',#10518,#10519,#10520);
#10518 = CARTESIAN_POINT('',(64.6,-9.,8.));
#10519 = DIRECTION('',(0.,1.,0.));
#10520 = DIRECTION('',(0.,0.,1.));
#10521 = DEFINITIONAL_REPRESENTATION('',(#10522),#10525);
#10522 = B_SPLINE_CURVE_WITH_KNOTS('',1,(#10523,#10524),.UNSPECIFIED.,
  .F.,.F.,(2,2),(-159.3,-133.3),.PIECEWISE_BEZIER_KNOTS.);
#10523 = CARTESIAN_POINT('',(1.,28.));
#10524 = CARTESIAN_POINT('',(1.,2.));
#10525 = ( GEOMETRIC_REPRESENTATION_CONTEXT(2) 
PARAMETRIC_REPRESENTATION_CONTEXT() REPRESENTATION_CONTEXT('2D SPACE',''
  ) );
#10526 = FACE_BOUND('',#10527,.T.);
#10527 = EDGE_LOOP('',(#10528,#10529,#10530,#10531,#10532,#10533,#10534,
    #10535));
#10528 = ORIENTED_EDGE('',*,*,#9584,.F.);
#10529 = ORIENTED_EDGE('',*,*,#9636,.T.);
#10530 = ORIENTED_EDGE('',*,*,#9530,.T.);
#10531 = ORIENTED_EDGE('',*,*,#9432,.T.);
#10532 = ORIENTED_EDGE('',*,*,#9328,.F.);
#10533 = ORIENTED_EDGE('',*,*,#9281,.F.);
#10534 = ORIENTED_EDGE('',*,*,#9378,.T.);
#10535 = ORIENTED_EDGE('',*,*,#9481,.F.);
#10536 = ADVANCED_FACE('',(#10537),#10436,.T.);
#10537 = FACE_BOUND('',#10538,.T.);
#10538 = EDGE_LOOP('',(#10539,#10562,#10563,#10586));
#10539 = ORIENTED_EDGE('',*,*,#10540,.F.);
#10540 = EDGE_CURVE('',#10420,#10541,#10543,.T.);
#10541 = VERTEX_POINT('',#10542);
#10542 = CARTESIAN_POINT('',(94.6,7.,18.5));
#10543 = SURFACE_CURVE('',#10544,(#10548,#10555),.PCURVE_S1.);
#10544 = LINE('',#10545,#10546);
#10545 = CARTESIAN_POINT('',(94.6,7.,8.));
#10546 = VECTOR('',#10547,1.);
#10547 = DIRECTION('',(0.,0.,1.));
#10548 = PCURVE('',#10436,#10549);
#10549 = DEFINITIONAL_REPRESENTATION('',(#10550),#10554);
#10550 = LINE('',#10551,#10552);
#10551 = CARTESIAN_POINT('',(0.,0.));
#10552 = VECTOR('',#10553,1.);
#10553 = DIRECTION('',(0.,1.));
#10554 = ( GEOMETRIC_REPRESENTATION_CONTEXT(2) 
PARAMETRIC_REPRESENTATION_CONTEXT() REPRESENTATION_CONTEXT('2D SPACE',''
  ) );
#10555 = PCURVE('',#10463,#10556);
#10556 = DEFINITIONAL_REPRESENTATION('',(#10557),#10561);
#10557 = LINE('',#10558,#10559);
#10558 = CARTESIAN_POINT('',(0.,-16.));
#10559 = VECTOR('',#10560,1.);
#10560 = DIRECTION('',(1.,0.));
#10561 = ( GEOMETRIC_REPRESENTATION_CONTEXT(2) 
PARAMETRIC_REPRESENTATION_CONTEXT() REPRESENTATION_CONTEXT('2D SPACE',''
  ) );
#10562 = ORIENTED_EDGE('',*,*,#10419,.T.);
#10563 = ORIENTED_EDGE('',*,*,#10564,.T.);
#10564 = EDGE_CURVE('',#10394,#10565,#10567,.T.);
#10565 = VERTEX_POINT('',#10566);
#10566 = CARTESIAN_POINT('',(92.6,9.,18.5));
#10567 = SURFACE_CURVE('',#10568,(#10572,#10579),.PCURVE_S1.);
#10568 = LINE('',#10569,#10570);
#10569 = CARTESIAN_POINT('',(92.6,9.,8.));
#10570 = VECTOR('',#10571,1.);
#10571 = DIRECTION('',(0.,0.,1.));
#10572 = PCURVE('',#10436,#10573);
#10573 = DEFINITIONAL_REPRESENTATION('',(#10574),#10578);
#10574 = LINE('',#10575,#10576);
#10575 = CARTESIAN_POINT('',(1.570796326795,0.));
#10576 = VECTOR('',#10577,1.);
#10577 = DIRECTION('',(0.,1.));
#10578 = ( GEOMETRIC_REPRESENTATION_CONTEXT(2) 
PARAMETRIC_REPRESENTATION_CONTEXT() REPRESENTATION_CONTEXT('2D SPACE',''
  ) );
#10579 = PCURVE('',#10408,#10580);
#10580 = DEFINITIONAL_REPRESENTATION('',(#10581),#10585);
#10581 = LINE('',#10582,#10583);
#10582 = CARTESIAN_POINT('',(0.,28.));
#10583 = VECTOR('',#10584,1.);
#10584 = DIRECTION('',(1.,0.));
#10585 = ( GEOMETRIC_REPRESENTATION_CONTEXT(2) 
PARAMETRIC_REPRESENTATION_CONTEXT() REPRESENTATION_CONTEXT('2D SPACE',''
  ) );
#10586 = ORIENTED_EDGE('',*,*,#10587,.F.);
#10587 = EDGE_CURVE('',#10541,#10565,#10588,.T.);
#10588 = SURFACE_CURVE('',#10589,(#10594,#10601),.PCURVE_S1.);
#10589 = CIRCLE('',#10590,2.);
#10590 = AXIS2_PLACEMENT_3D('',#10591,#10592,#10593);
#10591 = CARTESIAN_POINT('',(92.6,7.,18.5));
#10592 = DIRECTION('',(0.,0.,1.));
#10593 = DIRECTION('',(0.,-1.,0.));
#10594 = PCURVE('',#10436,#10595);
#10595 = DEFINITIONAL_REPRESENTATION('',(#10596),#10600);
#10596 = LINE('',#10597,#10598);
#10597 = CARTESIAN_POINT('',(-1.570796326795,10.5));
#10598 = VECTOR('',#10599,1.);
#10599 = DIRECTION('',(1.,0.));
#10600 = ( GEOMETRIC_REPRESENTATION_CONTEXT(2) 
PARAMETRIC_REPRESENTATION_CONTEXT() REPRESENTATION_CONTEXT('2D SPACE',''
  ) );
#10601 = PCURVE('',#10602,#10607);
#10602 = PLANE('',#10603);
#10603 = AXIS2_PLACEMENT_3D('',#10604,#10605,#10606);
#10604 = CARTESIAN_POINT('',(64.6,-9.,18.5));
#10605 = DIRECTION('',(0.,0.,1.));
#10606 = DIRECTION('',(1.,0.,0.));
#10607 = DEFINITIONAL_REPRESENTATION('',(#10608),#10612);
#10608 = CIRCLE('',#10609,2.);
#10609 = AXIS2_PLACEMENT_2D('',#10610,#10611);
#10610 = CARTESIAN_POINT('',(28.,16.));
#10611 = DIRECTION('',(0.,-1.));
#10612 = ( GEOMETRIC_REPRESENTATION_CONTEXT(2) 
PARAMETRIC_REPRESENTATION_CONTEXT() REPRESENTATION_CONTEXT('2D SPACE',''
  ) );
#10613 = ADVANCED_FACE('',(#10614),#10602,.T.);
#10614 = FACE_BOUND('',#10615,.T.);
#10615 = EDGE_LOOP('',(#10616,#10641,#10665,#10688,#10716,#10737,#10738,
    #10761));
#10616 = ORIENTED_EDGE('',*,*,#10617,.F.);
#10617 = EDGE_CURVE('',#10618,#10620,#10622,.T.);
#10618 = VERTEX_POINT('',#10619);
#10619 = CARTESIAN_POINT('',(64.6,-7.,18.5));
#10620 = VERTEX_POINT('',#10621);
#10621 = CARTESIAN_POINT('',(64.6,7.,18.5));
#10622 = SURFACE_CURVE('',#10623,(#10627,#10634),.PCURVE_S1.);
#10623 = LINE('',#10624,#10625);
#10624 = CARTESIAN_POINT('',(64.6,-9.,18.5));
#10625 = VECTOR('',#10626,1.);
#10626 = DIRECTION('',(0.,1.,0.));
#10627 = PCURVE('',#10602,#10628);
#10628 = DEFINITIONAL_REPRESENTATION('',(#10629),#10633);
#10629 = LINE('',#10630,#10631);
#10630 = CARTESIAN_POINT('',(0.,0.));
#10631 = VECTOR('',#10632,1.);
#10632 = DIRECTION('',(0.,1.));
#10633 = ( GEOMETRIC_REPRESENTATION_CONTEXT(2) 
PARAMETRIC_REPRESENTATION_CONTEXT() REPRESENTATION_CONTEXT('2D SPACE',''
  ) );
#10634 = PCURVE('',#10353,#10635);
#10635 = DEFINITIONAL_REPRESENTATION('',(#10636),#10640);
#10636 = LINE('',#10637,#10638);
#10637 = CARTESIAN_POINT('',(10.5,0.));
#10638 = VECTOR('',#10639,1.);
#10639 = DIRECTION('',(0.,-1.));
#10640 = ( GEOMETRIC_REPRESENTATION_CONTEXT(2) 
PARAMETRIC_REPRESENTATION_CONTEXT() REPRESENTATION_CONTEXT('2D SPACE',''
  ) );
#10641 = ORIENTED_EDGE('',*,*,#10642,.T.);
#10642 = EDGE_CURVE('',#10618,#10643,#10645,.T.);
#10643 = VERTEX_POINT('',#10644);
#10644 = CARTESIAN_POINT('',(66.6,-9.,18.5));
#10645 = SURFACE_CURVE('',#10646,(#10651,#10658),.PCURVE_S1.);
#10646 = CIRCLE('',#10647,2.);
#10647 = AXIS2_PLACEMENT_3D('',#10648,#10649,#10650);
#10648 = CARTESIAN_POINT('',(66.6,-7.,18.5));
#10649 = DIRECTION('',(0.,0.,1.));
#10650 = DIRECTION('',(0.,-1.,0.));
#10651 = PCURVE('',#10602,#10652);
#10652 = DEFINITIONAL_REPRESENTATION('',(#10653),#10657);
#10653 = CIRCLE('',#10654,2.);
#10654 = AXIS2_PLACEMENT_2D('',#10655,#10656);
#10655 = CARTESIAN_POINT('',(2.,2.));
#10656 = DIRECTION('',(0.,-1.));
#10657 = ( GEOMETRIC_REPRESENTATION_CONTEXT(2) 
PARAMETRIC_REPRESENTATION_CONTEXT() REPRESENTATION_CONTEXT('2D SPACE',''
  ) );
#10658 = PCURVE('',#10326,#10659);
#10659 = DEFINITIONAL_REPRESENTATION('',(#10660),#10664);
#10660 = LINE('',#10661,#10662);
#10661 = CARTESIAN_POINT('',(-4.712388980385,10.5));
#10662 = VECTOR('',#10663,1.);
#10663 = DIRECTION('',(1.,0.));
#10664 = ( GEOMETRIC_REPRESENTATION_CONTEXT(2) 
PARAMETRIC_REPRESENTATION_CONTEXT() REPRESENTATION_CONTEXT('2D SPACE',''
  ) );
#10665 = ORIENTED_EDGE('',*,*,#10666,.T.);
#10666 = EDGE_CURVE('',#10643,#10667,#10669,.T.);
#10667 = VERTEX_POINT('',#10668);
#10668 = CARTESIAN_POINT('',(92.6,-9.,18.5));
#10669 = SURFACE_CURVE('',#10670,(#10674,#10681),.PCURVE_S1.);
#10670 = LINE('',#10671,#10672);
#10671 = CARTESIAN_POINT('',(64.6,-9.,18.5));
#10672 = VECTOR('',#10673,1.);
#10673 = DIRECTION('',(1.,0.,0.));
#10674 = PCURVE('',#10602,#10675);
#10675 = DEFINITIONAL_REPRESENTATION('',(#10676),#10680);
#10676 = LINE('',#10677,#10678);
#10677 = CARTESIAN_POINT('',(0.,0.));
#10678 = VECTOR('',#10679,1.);
#10679 = DIRECTION('',(1.,0.));
#10680 = ( GEOMETRIC_REPRESENTATION_CONTEXT(2) 
PARAMETRIC_REPRESENTATION_CONTEXT() REPRESENTATION_CONTEXT('2D SPACE',''
  ) );
#10681 = PCURVE('',#10516,#10682);
#10682 = DEFINITIONAL_REPRESENTATION('',(#10683),#10687);
#10683 = LINE('',#10684,#10685);
#10684 = CARTESIAN_POINT('',(10.5,0.));
#10685 = VECTOR('',#10686,1.);
#10686 = DIRECTION('',(0.,1.));
#10687 = ( GEOMETRIC_REPRESENTATION_CONTEXT(2) 
PARAMETRIC_REPRESENTATION_CONTEXT() REPRESENTATION_CONTEXT('2D SPACE',''
  ) );
#10688 = ORIENTED_EDGE('',*,*,#10689,.F.);
#10689 = EDGE_CURVE('',#10690,#10667,#10692,.T.);
#10690 = VERTEX_POINT('',#10691);
#10691 = CARTESIAN_POINT('',(94.6,-7.,18.5));
#10692 = SURFACE_CURVE('',#10693,(#10698,#10709),.PCURVE_S1.);
#10693 = CIRCLE('',#10694,2.);
#10694 = AXIS2_PLACEMENT_3D('',#10695,#10696,#10697);
#10695 = CARTESIAN_POINT('',(92.6,-7.,18.5));
#10696 = DIRECTION('',(-0.,-0.,-1.));
#10697 = DIRECTION('',(0.,-1.,0.));
#10698 = PCURVE('',#10602,#10699);
#10699 = DEFINITIONAL_REPRESENTATION('',(#10700),#10708);
#10700 = ( BOUNDED_CURVE() B_SPLINE_CURVE(2,(#10701,#10702,#10703,#10704
    ,#10705,#10706,#10707),.UNSPECIFIED.,.T.,.F.) 
B_SPLINE_CURVE_WITH_KNOTS((1,2,2,2,2,1),(-2.094395102393,0.,
    2.094395102393,4.188790204786,6.28318530718,8.377580409573),
.UNSPECIFIED.) CURVE() GEOMETRIC_REPRESENTATION_ITEM() 
RATIONAL_B_SPLINE_CURVE((1.,0.5,1.,0.5,1.,0.5,1.)) REPRESENTATION_ITEM(
  '') );
#10701 = CARTESIAN_POINT('',(28.,0.));
#10702 = CARTESIAN_POINT('',(24.535898384862,0.));
#10703 = CARTESIAN_POINT('',(26.267949192431,3.));
#10704 = CARTESIAN_POINT('',(28.,6.));
#10705 = CARTESIAN_POINT('',(29.732050807569,3.));
#10706 = CARTESIAN_POINT('',(31.464101615138,3.10862446895E-15));
#10707 = CARTESIAN_POINT('',(28.,0.));
#10708 = ( GEOMETRIC_REPRESENTATION_CONTEXT(2) 
PARAMETRIC_REPRESENTATION_CONTEXT() REPRESENTATION_CONTEXT('2D SPACE',''
  ) );
#10709 = PCURVE('',#10491,#10710);
#10710 = DEFINITIONAL_REPRESENTATION('',(#10711),#10715);
#10711 = LINE('',#10712,#10713);
#10712 = CARTESIAN_POINT('',(4.712388980385,10.5));
#10713 = VECTOR('',#10714,1.);
#10714 = DIRECTION('',(-1.,0.));
#10715 = ( GEOMETRIC_REPRESENTATION_CONTEXT(2) 
PARAMETRIC_REPRESENTATION_CONTEXT() REPRESENTATION_CONTEXT('2D SPACE',''
  ) );
#10716 = ORIENTED_EDGE('',*,*,#10717,.T.);
#10717 = EDGE_CURVE('',#10690,#10541,#10718,.T.);
#10718 = SURFACE_CURVE('',#10719,(#10723,#10730),.PCURVE_S1.);
#10719 = LINE('',#10720,#10721);
#10720 = CARTESIAN_POINT('',(94.6,-9.,18.5));
#10721 = VECTOR('',#10722,1.);
#10722 = DIRECTION('',(0.,1.,0.));
#10723 = PCURVE('',#10602,#10724);
#10724 = DEFINITIONAL_REPRESENTATION('',(#10725),#10729);
#10725 = LINE('',#10726,#10727);
#10726 = CARTESIAN_POINT('',(30.,0.));
#10727 = VECTOR('',#10728,1.);
#10728 = DIRECTION('',(0.,1.));
#10729 = ( GEOMETRIC_REPRESENTATION_CONTEXT(2) 
PARAMETRIC_REPRESENTATION_CONTEXT() REPRESENTATION_CONTEXT('2D SPACE',''
  ) );
#10730 = PCURVE('',#10463,#10731);
#10731 = DEFINITIONAL_REPRESENTATION('',(#10732),#10736);
#10732 = LINE('',#10733,#10734);
#10733 = CARTESIAN_POINT('',(10.5,0.));
#10734 = VECTOR('',#10735,1.);
#10735 = DIRECTION('',(0.,-1.));
#10736 = ( GEOMETRIC_REPRESENTATION_CONTEXT(2) 
PARAMETRIC_REPRESENTATION_CONTEXT() REPRESENTATION_CONTEXT('2D SPACE',''
  ) );
#10737 = ORIENTED_EDGE('',*,*,#10587,.T.);
#10738 = ORIENTED_EDGE('',*,*,#10739,.F.);
#10739 = EDGE_CURVE('',#10740,#10565,#10742,.T.);
#10740 = VERTEX_POINT('',#10741);
#10741 = CARTESIAN_POINT('',(66.6,9.,18.5));
#10742 = SURFACE_CURVE('',#10743,(#10747,#10754),.PCURVE_S1.);
#10743 = LINE('',#10744,#10745);
#10744 = CARTESIAN_POINT('',(64.6,9.,18.5));
#10745 = VECTOR('',#10746,1.);
#10746 = DIRECTION('',(1.,0.,0.));
#10747 = PCURVE('',#10602,#10748);
#10748 = DEFINITIONAL_REPRESENTATION('',(#10749),#10753);
#10749 = LINE('',#10750,#10751);
#10750 = CARTESIAN_POINT('',(0.,18.));
#10751 = VECTOR('',#10752,1.);
#10752 = DIRECTION('',(1.,0.));
#10753 = ( GEOMETRIC_REPRESENTATION_CONTEXT(2) 
PARAMETRIC_REPRESENTATION_CONTEXT() REPRESENTATION_CONTEXT('2D SPACE',''
  ) );
#10754 = PCURVE('',#10408,#10755);
#10755 = DEFINITIONAL_REPRESENTATION('',(#10756),#10760);
#10756 = LINE('',#10757,#10758);
#10757 = CARTESIAN_POINT('',(10.5,0.));
#10758 = VECTOR('',#10759,1.);
#10759 = DIRECTION('',(0.,1.));
#10760 = ( GEOMETRIC_REPRESENTATION_CONTEXT(2) 
PARAMETRIC_REPRESENTATION_CONTEXT() REPRESENTATION_CONTEXT('2D SPACE',''
  ) );
#10761 = ORIENTED_EDGE('',*,*,#10762,.F.);
#10762 = EDGE_CURVE('',#10620,#10740,#10763,.T.);
#10763 = SURFACE_CURVE('',#10764,(#10769,#10780),.PCURVE_S1.);
#10764 = CIRCLE('',#10765,2.);
#10765 = AXIS2_PLACEMENT_3D('',#10766,#10767,#10768);
#10766 = CARTESIAN_POINT('',(66.6,7.,18.5));
#10767 = DIRECTION('',(-0.,-0.,-1.));
#10768 = DIRECTION('',(0.,-1.,0.));
#10769 = PCURVE('',#10602,#10770);
#10770 = DEFINITIONAL_REPRESENTATION('',(#10771),#10779);
#10771 = ( BOUNDED_CURVE() B_SPLINE_CURVE(2,(#10772,#10773,#10774,#10775
    ,#10776,#10777,#10778),.UNSPECIFIED.,.T.,.F.) 
B_SPLINE_CURVE_WITH_KNOTS((1,2,2,2,2,1),(-2.094395102393,0.,
    2.094395102393,4.188790204786,6.28318530718,8.377580409573),
.UNSPECIFIED.) CURVE() GEOMETRIC_REPRESENTATION_ITEM() 
RATIONAL_B_SPLINE_CURVE((1.,0.5,1.,0.5,1.,0.5,1.)) REPRESENTATION_ITEM(
  '') );
#10772 = CARTESIAN_POINT('',(2.,14.));
#10773 = CARTESIAN_POINT('',(-1.464101615138,14.));
#10774 = CARTESIAN_POINT('',(0.267949192431,17.));
#10775 = CARTESIAN_POINT('',(2.,20.));
#10776 = CARTESIAN_POINT('',(3.732050807569,17.));
#10777 = CARTESIAN_POINT('',(5.464101615138,14.));
#10778 = CARTESIAN_POINT('',(2.,14.));
#10779 = ( GEOMETRIC_REPRESENTATION_CONTEXT(2) 
PARAMETRIC_REPRESENTATION_CONTEXT() REPRESENTATION_CONTEXT('2D SPACE',''
  ) );
#10780 = PCURVE('',#10381,#10781);
#10781 = DEFINITIONAL_REPRESENTATION('',(#10782),#10786);
#10782 = LINE('',#10783,#10784);
#10783 = CARTESIAN_POINT('',(1.570796326795,10.5));
#10784 = VECTOR('',#10785,1.);
#10785 = DIRECTION('',(-1.,0.));
#10786 = ( GEOMETRIC_REPRESENTATION_CONTEXT(2) 
PARAMETRIC_REPRESENTATION_CONTEXT() REPRESENTATION_CONTEXT('2D SPACE',''
  ) );
#10787 = ADVANCED_FACE('',(#10788),#10463,.T.);
#10788 = FACE_BOUND('',#10789,.T.);
#10789 = EDGE_LOOP('',(#10790,#10791,#10812,#10813));
#10790 = ORIENTED_EDGE('',*,*,#10717,.F.);
#10791 = ORIENTED_EDGE('',*,*,#10792,.F.);
#10792 = EDGE_CURVE('',#10449,#10690,#10793,.T.);
#10793 = SURFACE_CURVE('',#10794,(#10798,#10805),.PCURVE_S1.);
#10794 = LINE('',#10795,#10796);
#10795 = CARTESIAN_POINT('',(94.6,-7.,8.));
#10796 = VECTOR('',#10797,1.);
#10797 = DIRECTION('',(0.,0.,1.));
#10798 = PCURVE('',#10463,#10799);
#10799 = DEFINITIONAL_REPRESENTATION('',(#10800),#10804);
#10800 = LINE('',#10801,#10802);
#10801 = CARTESIAN_POINT('',(0.,-2.));
#10802 = VECTOR('',#10803,1.);
#10803 = DIRECTION('',(1.,0.));
#10804 = ( GEOMETRIC_REPRESENTATION_CONTEXT(2) 
PARAMETRIC_REPRESENTATION_CONTEXT() REPRESENTATION_CONTEXT('2D SPACE',''
  ) );
#10805 = PCURVE('',#10491,#10806);
#10806 = DEFINITIONAL_REPRESENTATION('',(#10807),#10811);
#10807 = LINE('',#10808,#10809);
#10808 = CARTESIAN_POINT('',(-0.,0.));
#10809 = VECTOR('',#10810,1.);
#10810 = DIRECTION('',(-0.,1.));
#10811 = ( GEOMETRIC_REPRESENTATION_CONTEXT(2) 
PARAMETRIC_REPRESENTATION_CONTEXT() REPRESENTATION_CONTEXT('2D SPACE',''
  ) );
#10812 = ORIENTED_EDGE('',*,*,#10448,.T.);
#10813 = ORIENTED_EDGE('',*,*,#10540,.T.);
#10814 = ADVANCED_FACE('',(#10815),#10408,.T.);
#10815 = FACE_BOUND('',#10816,.T.);
#10816 = EDGE_LOOP('',(#10817,#10818,#10839,#10840));
#10817 = ORIENTED_EDGE('',*,*,#10393,.T.);
#10818 = ORIENTED_EDGE('',*,*,#10819,.T.);
#10819 = EDGE_CURVE('',#10365,#10740,#10820,.T.);
#10820 = SURFACE_CURVE('',#10821,(#10825,#10832),.PCURVE_S1.);
#10821 = LINE('',#10822,#10823);
#10822 = CARTESIAN_POINT('',(66.6,9.,8.));
#10823 = VECTOR('',#10824,1.);
#10824 = DIRECTION('',(0.,0.,1.));
#10825 = PCURVE('',#10408,#10826);
#10826 = DEFINITIONAL_REPRESENTATION('',(#10827),#10831);
#10827 = LINE('',#10828,#10829);
#10828 = CARTESIAN_POINT('',(0.,2.));
#10829 = VECTOR('',#10830,1.);
#10830 = DIRECTION('',(1.,0.));
#10831 = ( GEOMETRIC_REPRESENTATION_CONTEXT(2) 
PARAMETRIC_REPRESENTATION_CONTEXT() REPRESENTATION_CONTEXT('2D SPACE',''
  ) );
#10832 = PCURVE('',#10381,#10833);
#10833 = DEFINITIONAL_REPRESENTATION('',(#10834),#10838);
#10834 = LINE('',#10835,#10836);
#10835 = CARTESIAN_POINT('',(-1.570796326795,0.));
#10836 = VECTOR('',#10837,1.);
#10837 = DIRECTION('',(-0.,1.));
#10838 = ( GEOMETRIC_REPRESENTATION_CONTEXT(2) 
PARAMETRIC_REPRESENTATION_CONTEXT() REPRESENTATION_CONTEXT('2D SPACE',''
  ) );
#10839 = ORIENTED_EDGE('',*,*,#10739,.T.);
#10840 = ORIENTED_EDGE('',*,*,#10564,.F.);
#10841 = ADVANCED_FACE('',(#10842),#10491,.T.);
#10842 = FACE_BOUND('',#10843,.F.);
#10843 = EDGE_LOOP('',(#10844,#10845,#10846,#10867));
#10844 = ORIENTED_EDGE('',*,*,#10792,.F.);
#10845 = ORIENTED_EDGE('',*,*,#10474,.F.);
#10846 = ORIENTED_EDGE('',*,*,#10847,.T.);
#10847 = EDGE_CURVE('',#10475,#10667,#10848,.T.);
#10848 = SURFACE_CURVE('',#10849,(#10853,#10860),.PCURVE_S1.);
#10849 = LINE('',#10850,#10851);
#10850 = CARTESIAN_POINT('',(92.6,-9.,8.));
#10851 = VECTOR('',#10852,1.);
#10852 = DIRECTION('',(0.,0.,1.));
#10853 = PCURVE('',#10491,#10854);
#10854 = DEFINITIONAL_REPRESENTATION('',(#10855),#10859);
#10855 = LINE('',#10856,#10857);
#10856 = CARTESIAN_POINT('',(-1.570796326795,0.));
#10857 = VECTOR('',#10858,1.);
#10858 = DIRECTION('',(-0.,1.));
#10859 = ( GEOMETRIC_REPRESENTATION_CONTEXT(2) 
PARAMETRIC_REPRESENTATION_CONTEXT() REPRESENTATION_CONTEXT('2D SPACE',''
  ) );
#10860 = PCURVE('',#10516,#10861);
#10861 = DEFINITIONAL_REPRESENTATION('',(#10862),#10866);
#10862 = LINE('',#10863,#10864);
#10863 = CARTESIAN_POINT('',(0.,28.));
#10864 = VECTOR('',#10865,1.);
#10865 = DIRECTION('',(1.,0.));
#10866 = ( GEOMETRIC_REPRESENTATION_CONTEXT(2) 
PARAMETRIC_REPRESENTATION_CONTEXT() REPRESENTATION_CONTEXT('2D SPACE',''
  ) );
#10867 = ORIENTED_EDGE('',*,*,#10689,.F.);
#10868 = ADVANCED_FACE('',(#10869),#10381,.T.);
#10869 = FACE_BOUND('',#10870,.F.);
#10870 = EDGE_LOOP('',(#10871,#10892,#10893,#10894));
#10871 = ORIENTED_EDGE('',*,*,#10872,.F.);
#10872 = EDGE_CURVE('',#10339,#10620,#10873,.T.);
#10873 = SURFACE_CURVE('',#10874,(#10878,#10885),.PCURVE_S1.);
#10874 = LINE('',#10875,#10876);
#10875 = CARTESIAN_POINT('',(64.6,7.,8.));
#10876 = VECTOR('',#10877,1.);
#10877 = DIRECTION('',(0.,0.,1.));
#10878 = PCURVE('',#10381,#10879);
#10879 = DEFINITIONAL_REPRESENTATION('',(#10880),#10884);
#10880 = LINE('',#10881,#10882);
#10881 = CARTESIAN_POINT('',(-0.,0.));
#10882 = VECTOR('',#10883,1.);
#10883 = DIRECTION('',(-0.,1.));
#10884 = ( GEOMETRIC_REPRESENTATION_CONTEXT(2) 
PARAMETRIC_REPRESENTATION_CONTEXT() REPRESENTATION_CONTEXT('2D SPACE',''
  ) );
#10885 = PCURVE('',#10353,#10886);
#10886 = DEFINITIONAL_REPRESENTATION('',(#10887),#10891);
#10887 = LINE('',#10888,#10889);
#10888 = CARTESIAN_POINT('',(0.,-16.));
#10889 = VECTOR('',#10890,1.);
#10890 = DIRECTION('',(1.,0.));
#10891 = ( GEOMETRIC_REPRESENTATION_CONTEXT(2) 
PARAMETRIC_REPRESENTATION_CONTEXT() REPRESENTATION_CONTEXT('2D SPACE',''
  ) );
#10892 = ORIENTED_EDGE('',*,*,#10364,.F.);
#10893 = ORIENTED_EDGE('',*,*,#10819,.T.);
#10894 = ORIENTED_EDGE('',*,*,#10762,.F.);
#10895 = ADVANCED_FACE('',(#10896),#10516,.F.);
#10896 = FACE_BOUND('',#10897,.F.);
#10897 = EDGE_LOOP('',(#10898,#10899,#10920,#10921));
#10898 = ORIENTED_EDGE('',*,*,#10503,.T.);
#10899 = ORIENTED_EDGE('',*,*,#10900,.T.);
#10900 = EDGE_CURVE('',#10310,#10643,#10901,.T.);
#10901 = SURFACE_CURVE('',#10902,(#10906,#10913),.PCURVE_S1.);
#10902 = LINE('',#10903,#10904);
#10903 = CARTESIAN_POINT('',(66.6,-9.,8.));
#10904 = VECTOR('',#10905,1.);
#10905 = DIRECTION('',(0.,0.,1.));
#10906 = PCURVE('',#10516,#10907);
#10907 = DEFINITIONAL_REPRESENTATION('',(#10908),#10912);
#10908 = LINE('',#10909,#10910);
#10909 = CARTESIAN_POINT('',(0.,2.));
#10910 = VECTOR('',#10911,1.);
#10911 = DIRECTION('',(1.,0.));
#10912 = ( GEOMETRIC_REPRESENTATION_CONTEXT(2) 
PARAMETRIC_REPRESENTATION_CONTEXT() REPRESENTATION_CONTEXT('2D SPACE',''
  ) );
#10913 = PCURVE('',#10326,#10914);
#10914 = DEFINITIONAL_REPRESENTATION('',(#10915),#10919);
#10915 = LINE('',#10916,#10917);
#10916 = CARTESIAN_POINT('',(1.570796326795,0.));
#10917 = VECTOR('',#10918,1.);
#10918 = DIRECTION('',(0.,1.));
#10919 = ( GEOMETRIC_REPRESENTATION_CONTEXT(2) 
PARAMETRIC_REPRESENTATION_CONTEXT() REPRESENTATION_CONTEXT('2D SPACE',''
  ) );
#10920 = ORIENTED_EDGE('',*,*,#10666,.T.);
#10921 = ORIENTED_EDGE('',*,*,#10847,.F.);
#10922 = ADVANCED_FACE('',(#10923),#10353,.F.);
#10923 = FACE_BOUND('',#10924,.F.);
#10924 = EDGE_LOOP('',(#10925,#10926,#10947,#10948));
#10925 = ORIENTED_EDGE('',*,*,#10617,.F.);
#10926 = ORIENTED_EDGE('',*,*,#10927,.F.);
#10927 = EDGE_CURVE('',#10308,#10618,#10928,.T.);
#10928 = SURFACE_CURVE('',#10929,(#10933,#10940),.PCURVE_S1.);
#10929 = LINE('',#10930,#10931);
#10930 = CARTESIAN_POINT('',(64.6,-7.,8.));
#10931 = VECTOR('',#10932,1.);
#10932 = DIRECTION('',(0.,0.,1.));
#10933 = PCURVE('',#10353,#10934);
#10934 = DEFINITIONAL_REPRESENTATION('',(#10935),#10939);
#10935 = LINE('',#10936,#10937);
#10936 = CARTESIAN_POINT('',(0.,-2.));
#10937 = VECTOR('',#10938,1.);
#10938 = DIRECTION('',(1.,0.));
#10939 = ( GEOMETRIC_REPRESENTATION_CONTEXT(2) 
PARAMETRIC_REPRESENTATION_CONTEXT() REPRESENTATION_CONTEXT('2D SPACE',''
  ) );
#10940 = PCURVE('',#10326,#10941);
#10941 = DEFINITIONAL_REPRESENTATION('',(#10942),#10946);
#10942 = LINE('',#10943,#10944);
#10943 = CARTESIAN_POINT('',(0.,0.));
#10944 = VECTOR('',#10945,1.);
#10945 = DIRECTION('',(0.,1.));
#10946 = ( GEOMETRIC_REPRESENTATION_CONTEXT(2) 
PARAMETRIC_REPRESENTATION_CONTEXT() REPRESENTATION_CONTEXT('2D SPACE',''
  ) );
#10947 = ORIENTED_EDGE('',*,*,#10338,.T.);
#10948 = ORIENTED_EDGE('',*,*,#10872,.T.);
#10949 = ADVANCED_FACE('',(#10950),#10326,.T.);
#10950 = FACE_BOUND('',#10951,.T.);
#10951 = EDGE_LOOP('',(#10952,#10953,#10954,#10955));
#10952 = ORIENTED_EDGE('',*,*,#10927,.F.);
#10953 = ORIENTED_EDGE('',*,*,#10307,.T.);
#10954 = ORIENTED_EDGE('',*,*,#10900,.T.);
#10955 = ORIENTED_EDGE('',*,*,#10642,.F.);
#10956 = ADVANCED_FACE('',(#10957),#10214,.T.);
#10957 = FACE_BOUND('',#10958,.T.);
#10958 = EDGE_LOOP('',(#10959,#10982,#10983,#11006));
#10959 = ORIENTED_EDGE('',*,*,#10960,.F.);
#10960 = EDGE_CURVE('',#10198,#10961,#10963,.T.);
#10961 = VERTEX_POINT('',#10962);
#10962 = CARTESIAN_POINT('',(-84.5,7.,23.));
#10963 = SURFACE_CURVE('',#10964,(#10968,#10975),.PCURVE_S1.);
#10964 = LINE('',#10965,#10966);
#10965 = CARTESIAN_POINT('',(-84.5,7.,8.));
#10966 = VECTOR('',#10967,1.);
#10967 = DIRECTION('',(0.,0.,1.));
#10968 = PCURVE('',#10214,#10969);
#10969 = DEFINITIONAL_REPRESENTATION('',(#10970),#10974);
#10970 = LINE('',#10971,#10972);
#10971 = CARTESIAN_POINT('',(0.,0.));
#10972 = VECTOR('',#10973,1.);
#10973 = DIRECTION('',(0.,1.));
#10974 = ( GEOMETRIC_REPRESENTATION_CONTEXT(2) 
PARAMETRIC_REPRESENTATION_CONTEXT() REPRESENTATION_CONTEXT('2D SPACE',''
  ) );
#10975 = PCURVE('',#10241,#10976);
#10976 = DEFINITIONAL_REPRESENTATION('',(#10977),#10981);
#10977 = LINE('',#10978,#10979);
#10978 = CARTESIAN_POINT('',(0.,-16.));
#10979 = VECTOR('',#10980,1.);
#10980 = DIRECTION('',(1.,0.));
#10981 = ( GEOMETRIC_REPRESENTATION_CONTEXT(2) 
PARAMETRIC_REPRESENTATION_CONTEXT() REPRESENTATION_CONTEXT('2D SPACE',''
  ) );
#10982 = ORIENTED_EDGE('',*,*,#10197,.T.);
#10983 = ORIENTED_EDGE('',*,*,#10984,.T.);
#10984 = EDGE_CURVE('',#10172,#10985,#10987,.T.);
#10985 = VERTEX_POINT('',#10986);
#10986 = CARTESIAN_POINT('',(-86.5,9.,23.));
#10987 = SURFACE_CURVE('',#10988,(#10992,#10999),.PCURVE_S1.);
#10988 = LINE('',#10989,#10990);
#10989 = CARTESIAN_POINT('',(-86.5,9.,8.));
#10990 = VECTOR('',#10991,1.);
#10991 = DIRECTION('',(0.,0.,1.));
#10992 = PCURVE('',#10214,#10993);
#10993 = DEFINITIONAL_REPRESENTATION('',(#10994),#10998);
#10994 = LINE('',#10995,#10996);
#10995 = CARTESIAN_POINT('',(1.570796326795,0.));
#10996 = VECTOR('',#10997,1.);
#10997 = DIRECTION('',(0.,1.));
#10998 = ( GEOMETRIC_REPRESENTATION_CONTEXT(2) 
PARAMETRIC_REPRESENTATION_CONTEXT() REPRESENTATION_CONTEXT('2D SPACE',''
  ) );
#10999 = PCURVE('',#10186,#11000);
#11000 = DEFINITIONAL_REPRESENTATION('',(#11001),#11005);
#11001 = LINE('',#11002,#11003);
#11002 = CARTESIAN_POINT('',(0.,28.));
#11003 = VECTOR('',#11004,1.);
#11004 = DIRECTION('',(1.,0.));
#11005 = ( GEOMETRIC_REPRESENTATION_CONTEXT(2) 
PARAMETRIC_REPRESENTATION_CONTEXT() REPRESENTATION_CONTEXT('2D SPACE',''
  ) );
#11006 = ORIENTED_EDGE('',*,*,#11007,.F.);
#11007 = EDGE_CURVE('',#10961,#10985,#11008,.T.);
#11008 = SURFACE_CURVE('',#11009,(#11014,#11021),.PCURVE_S1.);
#11009 = CIRCLE('',#11010,2.);
#11010 = AXIS2_PLACEMENT_3D('',#11011,#11012,#11013);
#11011 = CARTESIAN_POINT('',(-86.5,7.,23.));
#11012 = DIRECTION('',(0.,0.,1.));
#11013 = DIRECTION('',(0.,-1.,0.));
#11014 = PCURVE('',#10214,#11015);
#11015 = DEFINITIONAL_REPRESENTATION('',(#11016),#11020);
#11016 = LINE('',#11017,#11018);
#11017 = CARTESIAN_POINT('',(-1.570796326795,15.));
#11018 = VECTOR('',#11019,1.);
#11019 = DIRECTION('',(1.,0.));
#11020 = ( GEOMETRIC_REPRESENTATION_CONTEXT(2) 
PARAMETRIC_REPRESENTATION_CONTEXT() REPRESENTATION_CONTEXT('2D SPACE',''
  ) );
#11021 = PCURVE('',#11022,#11027);
#11022 = PLANE('',#11023);
#11023 = AXIS2_PLACEMENT_3D('',#11024,#11025,#11026);
#11024 = CARTESIAN_POINT('',(-114.5,-9.,23.));
#11025 = DIRECTION('',(0.,0.,1.));
#11026 = DIRECTION('',(1.,0.,0.));
#11027 = DEFINITIONAL_REPRESENTATION('',(#11028),#11032);
#11028 = CIRCLE('',#11029,2.);
#11029 = AXIS2_PLACEMENT_2D('',#11030,#11031);
#11030 = CARTESIAN_POINT('',(28.,16.));
#11031 = DIRECTION('',(0.,-1.));
#11032 = ( GEOMETRIC_REPRESENTATION_CONTEXT(2) 
PARAMETRIC_REPRESENTATION_CONTEXT() REPRESENTATION_CONTEXT('2D SPACE',''
  ) );
#11033 = ADVANCED_FACE('',(#11034),#11022,.T.);
#11034 = FACE_BOUND('',#11035,.T.);
#11035 = EDGE_LOOP('',(#11036,#11061,#11085,#11108,#11136,#11157,#11158,
    #11181));
#11036 = ORIENTED_EDGE('',*,*,#11037,.F.);
#11037 = EDGE_CURVE('',#11038,#11040,#11042,.T.);
#11038 = VERTEX_POINT('',#11039);
#11039 = CARTESIAN_POINT('',(-114.5,-7.,23.));
#11040 = VERTEX_POINT('',#11041);
#11041 = CARTESIAN_POINT('',(-114.5,7.,23.));
#11042 = SURFACE_CURVE('',#11043,(#11047,#11054),.PCURVE_S1.);
#11043 = LINE('',#11044,#11045);
#11044 = CARTESIAN_POINT('',(-114.5,-9.,23.));
#11045 = VECTOR('',#11046,1.);
#11046 = DIRECTION('',(0.,1.,0.));
#11047 = PCURVE('',#11022,#11048);
#11048 = DEFINITIONAL_REPRESENTATION('',(#11049),#11053);
#11049 = LINE('',#11050,#11051);
#11050 = CARTESIAN_POINT('',(0.,0.));
#11051 = VECTOR('',#11052,1.);
#11052 = DIRECTION('',(0.,1.));
#11053 = ( GEOMETRIC_REPRESENTATION_CONTEXT(2) 
PARAMETRIC_REPRESENTATION_CONTEXT() REPRESENTATION_CONTEXT('2D SPACE',''
  ) );
#11054 = PCURVE('',#10131,#11055);
#11055 = DEFINITIONAL_REPRESENTATION('',(#11056),#11060);
#11056 = LINE('',#11057,#11058);
#11057 = CARTESIAN_POINT('',(15.,0.));
#11058 = VECTOR('',#11059,1.);
#11059 = DIRECTION('',(0.,-1.));
#11060 = ( GEOMETRIC_REPRESENTATION_CONTEXT(2) 
PARAMETRIC_REPRESENTATION_CONTEXT() REPRESENTATION_CONTEXT('2D SPACE',''
  ) );
#11061 = ORIENTED_EDGE('',*,*,#11062,.T.);
#11062 = EDGE_CURVE('',#11038,#11063,#11065,.T.);
#11063 = VERTEX_POINT('',#11064);
#11064 = CARTESIAN_POINT('',(-112.5,-9.,23.));
#11065 = SURFACE_CURVE('',#11066,(#11071,#11078),.PCURVE_S1.);
#11066 = CIRCLE('',#11067,2.);
#11067 = AXIS2_PLACEMENT_3D('',#11068,#11069,#11070);
#11068 = CARTESIAN_POINT('',(-112.5,-7.,23.));
#11069 = DIRECTION('',(0.,0.,1.));
#11070 = DIRECTION('',(0.,-1.,0.));
#11071 = PCURVE('',#11022,#11072);
#11072 = DEFINITIONAL_REPRESENTATION('',(#11073),#11077);
#11073 = CIRCLE('',#11074,2.);
#11074 = AXIS2_PLACEMENT_2D('',#11075,#11076);
#11075 = CARTESIAN_POINT('',(2.,2.));
#11076 = DIRECTION('',(0.,-1.));
#11077 = ( GEOMETRIC_REPRESENTATION_CONTEXT(2) 
PARAMETRIC_REPRESENTATION_CONTEXT() REPRESENTATION_CONTEXT('2D SPACE',''
  ) );
#11078 = PCURVE('',#10104,#11079);
#11079 = DEFINITIONAL_REPRESENTATION('',(#11080),#11084);
#11080 = LINE('',#11081,#11082);
#11081 = CARTESIAN_POINT('',(-4.712388980385,15.));
#11082 = VECTOR('',#11083,1.);
#11083 = DIRECTION('',(1.,0.));
#11084 = ( GEOMETRIC_REPRESENTATION_CONTEXT(2) 
PARAMETRIC_REPRESENTATION_CONTEXT() REPRESENTATION_CONTEXT('2D SPACE',''
  ) );
#11085 = ORIENTED_EDGE('',*,*,#11086,.T.);
#11086 = EDGE_CURVE('',#11063,#11087,#11089,.T.);
#11087 = VERTEX_POINT('',#11088);
#11088 = CARTESIAN_POINT('',(-86.5,-9.,23.));
#11089 = SURFACE_CURVE('',#11090,(#11094,#11101),.PCURVE_S1.);
#11090 = LINE('',#11091,#11092);
#11091 = CARTESIAN_POINT('',(-114.5,-9.,23.));
#11092 = VECTOR('',#11093,1.);
#11093 = DIRECTION('',(1.,0.,0.));
#11094 = PCURVE('',#11022,#11095);
#11095 = DEFINITIONAL_REPRESENTATION('',(#11096),#11100);
#11096 = LINE('',#11097,#11098);
#11097 = CARTESIAN_POINT('',(0.,0.));
#11098 = VECTOR('',#11099,1.);
#11099 = DIRECTION('',(1.,0.));
#11100 = ( GEOMETRIC_REPRESENTATION_CONTEXT(2) 
PARAMETRIC_REPRESENTATION_CONTEXT() REPRESENTATION_CONTEXT('2D SPACE',''
  ) );
#11101 = PCURVE('',#10294,#11102);
#11102 = DEFINITIONAL_REPRESENTATION('',(#11103),#11107);
#11103 = LINE('',#11104,#11105);
#11104 = CARTESIAN_POINT('',(15.,0.));
#11105 = VECTOR('',#11106,1.);
#11106 = DIRECTION('',(0.,1.));
#11107 = ( GEOMETRIC_REPRESENTATION_CONTEXT(2) 
PARAMETRIC_REPRESENTATION_CONTEXT() REPRESENTATION_CONTEXT('2D SPACE',''
  ) );
#11108 = ORIENTED_EDGE('',*,*,#11109,.F.);
#11109 = EDGE_CURVE('',#11110,#11087,#11112,.T.);
#11110 = VERTEX_POINT('',#11111);
#11111 = CARTESIAN_POINT('',(-84.5,-7.,23.));
#11112 = SURFACE_CURVE('',#11113,(#11118,#11129),.PCURVE_S1.);
#11113 = CIRCLE('',#11114,2.);
#11114 = AXIS2_PLACEMENT_3D('',#11115,#11116,#11117);
#11115 = CARTESIAN_POINT('',(-86.5,-7.,23.));
#11116 = DIRECTION('',(-0.,-0.,-1.));
#11117 = DIRECTION('',(0.,-1.,0.));
#11118 = PCURVE('',#11022,#11119);
#11119 = DEFINITIONAL_REPRESENTATION('',(#11120),#11128);
#11120 = ( BOUNDED_CURVE() B_SPLINE_CURVE(2,(#11121,#11122,#11123,#11124
    ,#11125,#11126,#11127),.UNSPECIFIED.,.T.,.F.) 
B_SPLINE_CURVE_WITH_KNOTS((1,2,2,2,2,1),(-2.094395102393,0.,
    2.094395102393,4.188790204786,6.28318530718,8.377580409573),
.UNSPECIFIED.) CURVE() GEOMETRIC_REPRESENTATION_ITEM() 
RATIONAL_B_SPLINE_CURVE((1.,0.5,1.,0.5,1.,0.5,1.)) REPRESENTATION_ITEM(
  '') );
#11121 = CARTESIAN_POINT('',(28.,0.));
#11122 = CARTESIAN_POINT('',(24.535898384862,0.));
#11123 = CARTESIAN_POINT('',(26.267949192431,3.));
#11124 = CARTESIAN_POINT('',(28.,6.));
#11125 = CARTESIAN_POINT('',(29.732050807569,3.));
#11126 = CARTESIAN_POINT('',(31.464101615138,3.10862446895E-15));
#11127 = CARTESIAN_POINT('',(28.,0.));
#11128 = ( GEOMETRIC_REPRESENTATION_CONTEXT(2) 
PARAMETRIC_REPRESENTATION_CONTEXT() REPRESENTATION_CONTEXT('2D SPACE',''
  ) );
#11129 = PCURVE('',#10269,#11130);
#11130 = DEFINITIONAL_REPRESENTATION('',(#11131),#11135);
#11131 = LINE('',#11132,#11133);
#11132 = CARTESIAN_POINT('',(4.712388980385,15.));
#11133 = VECTOR('',#11134,1.);
#11134 = DIRECTION('',(-1.,0.));
#11135 = ( GEOMETRIC_REPRESENTATION_CONTEXT(2) 
PARAMETRIC_REPRESENTATION_CONTEXT() REPRESENTATION_CONTEXT('2D SPACE',''
  ) );
#11136 = ORIENTED_EDGE('',*,*,#11137,.T.);
#11137 = EDGE_CURVE('',#11110,#10961,#11138,.T.);
#11138 = SURFACE_CURVE('',#11139,(#11143,#11150),.PCURVE_S1.);
#11139 = LINE('',#11140,#11141);
#11140 = CARTESIAN_POINT('',(-84.5,-9.,23.));
#11141 = VECTOR('',#11142,1.);
#11142 = DIRECTION('',(0.,1.,0.));
#11143 = PCURVE('',#11022,#11144);
#11144 = DEFINITIONAL_REPRESENTATION('',(#11145),#11149);
#11145 = LINE('',#11146,#11147);
#11146 = CARTESIAN_POINT('',(30.,0.));
#11147 = VECTOR('',#11148,1.);
#11148 = DIRECTION('',(0.,1.));
#11149 = ( GEOMETRIC_REPRESENTATION_CONTEXT(2) 
PARAMETRIC_REPRESENTATION_CONTEXT() REPRESENTATION_CONTEXT('2D SPACE',''
  ) );
#11150 = PCURVE('',#10241,#11151);
#11151 = DEFINITIONAL_REPRESENTATION('',(#11152),#11156);
#11152 = LINE('',#11153,#11154);
#11153 = CARTESIAN_POINT('',(15.,0.));
#11154 = VECTOR('',#11155,1.);
#11155 = DIRECTION('',(0.,-1.));
#11156 = ( GEOMETRIC_REPRESENTATION_CONTEXT(2) 
PARAMETRIC_REPRESENTATION_CONTEXT() REPRESENTATION_CONTEXT('2D SPACE',''
  ) );
#11157 = ORIENTED_EDGE('',*,*,#11007,.T.);
#11158 = ORIENTED_EDGE('',*,*,#11159,.F.);
#11159 = EDGE_CURVE('',#11160,#10985,#11162,.T.);
#11160 = VERTEX_POINT('',#11161);
#11161 = CARTESIAN_POINT('',(-112.5,9.,23.));
#11162 = SURFACE_CURVE('',#11163,(#11167,#11174),.PCURVE_S1.);
#11163 = LINE('',#11164,#11165);
#11164 = CARTESIAN_POINT('',(-114.5,9.,23.));
#11165 = VECTOR('',#11166,1.);
#11166 = DIRECTION('',(1.,0.,0.));
#11167 = PCURVE('',#11022,#11168);
#11168 = DEFINITIONAL_REPRESENTATION('',(#11169),#11173);
#11169 = LINE('',#11170,#11171);
#11170 = CARTESIAN_POINT('',(0.,18.));
#11171 = VECTOR('',#11172,1.);
#11172 = DIRECTION('',(1.,0.));
#11173 = ( GEOMETRIC_REPRESENTATION_CONTEXT(2) 
PARAMETRIC_REPRESENTATION_CONTEXT() REPRESENTATION_CONTEXT('2D SPACE',''
  ) );
#11174 = PCURVE('',#10186,#11175);
#11175 = DEFINITIONAL_REPRESENTATION('',(#11176),#11180);
#11176 = LINE('',#11177,#11178);
#11177 = CARTESIAN_POINT('',(15.,0.));
#11178 = VECTOR('',#11179,1.);
#11179 = DIRECTION('',(0.,1.));
#11180 = ( GEOMETRIC_REPRESENTATION_CONTEXT(2) 
PARAMETRIC_REPRESENTATION_CONTEXT() REPRESENTATION_CONTEXT('2D SPACE',''
  ) );
#11181 = ORIENTED_EDGE('',*,*,#11182,.F.);
#11182 = EDGE_CURVE('',#11040,#11160,#11183,.T.);
#11183 = SURFACE_CURVE('',#11184,(#11189,#11200),.PCURVE_S1.);
#11184 = CIRCLE('',#11185,2.);
#11185 = AXIS2_PLACEMENT_3D('',#11186,#11187,#11188);
#11186 = CARTESIAN_POINT('',(-112.5,7.,23.));
#11187 = DIRECTION('',(-0.,-0.,-1.));
#11188 = DIRECTION('',(0.,-1.,0.));
#11189 = PCURVE('',#11022,#11190);
#11190 = DEFINITIONAL_REPRESENTATION('',(#11191),#11199);
#11191 = ( BOUNDED_CURVE() B_SPLINE_CURVE(2,(#11192,#11193,#11194,#11195
    ,#11196,#11197,#11198),.UNSPECIFIED.,.T.,.F.) 
B_SPLINE_CURVE_WITH_KNOTS((1,2,2,2,2,1),(-2.094395102393,0.,
    2.094395102393,4.188790204786,6.28318530718,8.377580409573),
.UNSPECIFIED.) CURVE() GEOMETRIC_REPRESENTATION_ITEM() 
RATIONAL_B_SPLINE_CURVE((1.,0.5,1.,0.5,1.,0.5,1.)) REPRESENTATION_ITEM(
  '') );
#11192 = CARTESIAN_POINT('',(2.,14.));
#11193 = CARTESIAN_POINT('',(-1.464101615138,14.));
#11194 = CARTESIAN_POINT('',(0.267949192431,17.));
#11195 = CARTESIAN_POINT('',(2.,20.));
#11196 = CARTESIAN_POINT('',(3.732050807569,17.));
#11197 = CARTESIAN_POINT('',(5.464101615138,14.));
#11198 = CARTESIAN_POINT('',(2.,14.));
#11199 = ( GEOMETRIC_REPRESENTATION_CONTEXT(2) 
PARAMETRIC_REPRESENTATION_CONTEXT() REPRESENTATION_CONTEXT('2D SPACE',''
  ) );
#11200 = PCURVE('',#10159,#11201);
#11201 = DEFINITIONAL_REPRESENTATION('',(#11202),#11206);
#11202 = LINE('',#11203,#11204);
#11203 = CARTESIAN_POINT('',(1.570796326795,15.));
#11204 = VECTOR('',#11205,1.);
#11205 = DIRECTION('',(-1.,0.));
#11206 = ( GEOMETRIC_REPRESENTATION_CONTEXT(2) 
PARAMETRIC_REPRESENTATION_CONTEXT() REPRESENTATION_CONTEXT('2D SPACE',''
  ) );
#11207 = ADVANCED_FACE('',(#11208),#10241,.T.);
#11208 = FACE_BOUND('',#11209,.T.);
#11209 = EDGE_LOOP('',(#11210,#11211,#11232,#11233));
#11210 = ORIENTED_EDGE('',*,*,#11137,.F.);
#11211 = ORIENTED_EDGE('',*,*,#11212,.F.);
#11212 = EDGE_CURVE('',#10227,#11110,#11213,.T.);
#11213 = SURFACE_CURVE('',#11214,(#11218,#11225),.PCURVE_S1.);
#11214 = LINE('',#11215,#11216);
#11215 = CARTESIAN_POINT('',(-84.5,-7.,8.));
#11216 = VECTOR('',#11217,1.);
#11217 = DIRECTION('',(0.,0.,1.));
#11218 = PCURVE('',#10241,#11219);
#11219 = DEFINITIONAL_REPRESENTATION('',(#11220),#11224);
#11220 = LINE('',#11221,#11222);
#11221 = CARTESIAN_POINT('',(0.,-2.));
#11222 = VECTOR('',#11223,1.);
#11223 = DIRECTION('',(1.,0.));
#11224 = ( GEOMETRIC_REPRESENTATION_CONTEXT(2) 
PARAMETRIC_REPRESENTATION_CONTEXT() REPRESENTATION_CONTEXT('2D SPACE',''
  ) );
#11225 = PCURVE('',#10269,#11226);
#11226 = DEFINITIONAL_REPRESENTATION('',(#11227),#11231);
#11227 = LINE('',#11228,#11229);
#11228 = CARTESIAN_POINT('',(-0.,0.));
#11229 = VECTOR('',#11230,1.);
#11230 = DIRECTION('',(-0.,1.));
#11231 = ( GEOMETRIC_REPRESENTATION_CONTEXT(2) 
PARAMETRIC_REPRESENTATION_CONTEXT() REPRESENTATION_CONTEXT('2D SPACE',''
  ) );
#11232 = ORIENTED_EDGE('',*,*,#10226,.T.);
#11233 = ORIENTED_EDGE('',*,*,#10960,.T.);
#11234 = ADVANCED_FACE('',(#11235),#10186,.T.);
#11235 = FACE_BOUND('',#11236,.T.);
#11236 = EDGE_LOOP('',(#11237,#11238,#11259,#11260));
#11237 = ORIENTED_EDGE('',*,*,#10171,.T.);
#11238 = ORIENTED_EDGE('',*,*,#11239,.T.);
#11239 = EDGE_CURVE('',#10143,#11160,#11240,.T.);
#11240 = SURFACE_CURVE('',#11241,(#11245,#11252),.PCURVE_S1.);
#11241 = LINE('',#11242,#11243);
#11242 = CARTESIAN_POINT('',(-112.5,9.,8.));
#11243 = VECTOR('',#11244,1.);
#11244 = DIRECTION('',(0.,0.,1.));
#11245 = PCURVE('',#10186,#11246);
#11246 = DEFINITIONAL_REPRESENTATION('',(#11247),#11251);
#11247 = LINE('',#11248,#11249);
#11248 = CARTESIAN_POINT('',(0.,2.));
#11249 = VECTOR('',#11250,1.);
#11250 = DIRECTION('',(1.,0.));
#11251 = ( GEOMETRIC_REPRESENTATION_CONTEXT(2) 
PARAMETRIC_REPRESENTATION_CONTEXT() REPRESENTATION_CONTEXT('2D SPACE',''
  ) );
#11252 = PCURVE('',#10159,#11253);
#11253 = DEFINITIONAL_REPRESENTATION('',(#11254),#11258);
#11254 = LINE('',#11255,#11256);
#11255 = CARTESIAN_POINT('',(-1.570796326795,0.));
#11256 = VECTOR('',#11257,1.);
#11257 = DIRECTION('',(-0.,1.));
#11258 = ( GEOMETRIC_REPRESENTATION_CONTEXT(2) 
PARAMETRIC_REPRESENTATION_CONTEXT() REPRESENTATION_CONTEXT('2D SPACE',''
  ) );
#11259 = ORIENTED_EDGE('',*,*,#11159,.T.);
#11260 = ORIENTED_EDGE('',*,*,#10984,.F.);
#11261 = ADVANCED_FACE('',(#11262),#10269,.T.);
#11262 = FACE_BOUND('',#11263,.F.);
#11263 = EDGE_LOOP('',(#11264,#11265,#11266,#11287));
#11264 = ORIENTED_EDGE('',*,*,#11212,.F.);
#11265 = ORIENTED_EDGE('',*,*,#10252,.F.);
#11266 = ORIENTED_EDGE('',*,*,#11267,.T.);
#11267 = EDGE_CURVE('',#10253,#11087,#11268,.T.);
#11268 = SURFACE_CURVE('',#11269,(#11273,#11280),.PCURVE_S1.);
#11269 = LINE('',#11270,#11271);
#11270 = CARTESIAN_POINT('',(-86.5,-9.,8.));
#11271 = VECTOR('',#11272,1.);
#11272 = DIRECTION('',(0.,0.,1.));
#11273 = PCURVE('',#10269,#11274);
#11274 = DEFINITIONAL_REPRESENTATION('',(#11275),#11279);
#11275 = LINE('',#11276,#11277);
#11276 = CARTESIAN_POINT('',(-1.570796326795,0.));
#11277 = VECTOR('',#11278,1.);
#11278 = DIRECTION('',(-0.,1.));
#11279 = ( GEOMETRIC_REPRESENTATION_CONTEXT(2) 
PARAMETRIC_REPRESENTATION_CONTEXT() REPRESENTATION_CONTEXT('2D SPACE',''
  ) );
#11280 = PCURVE('',#10294,#11281);
#11281 = DEFINITIONAL_REPRESENTATION('',(#11282),#11286);
#11282 = LINE('',#11283,#11284);
#11283 = CARTESIAN_POINT('',(0.,28.));
#11284 = VECTOR('',#11285,1.);
#11285 = DIRECTION('',(1.,0.));
#11286 = ( GEOMETRIC_REPRESENTATION_CONTEXT(2) 
PARAMETRIC_REPRESENTATION_CONTEXT() REPRESENTATION_CONTEXT('2D SPACE',''
  ) );
#11287 = ORIENTED_EDGE('',*,*,#11109,.F.);
#11288 = ADVANCED_FACE('',(#11289),#10159,.T.);
#11289 = FACE_BOUND('',#11290,.F.);
#11290 = EDGE_LOOP('',(#11291,#11312,#11313,#11314));
#11291 = ORIENTED_EDGE('',*,*,#11292,.F.);
#11292 = EDGE_CURVE('',#10117,#11040,#11293,.T.);
#11293 = SURFACE_CURVE('',#11294,(#11298,#11305),.PCURVE_S1.);
#11294 = LINE('',#11295,#11296);
#11295 = CARTESIAN_POINT('',(-114.5,7.,8.));
#11296 = VECTOR('',#11297,1.);
#11297 = DIRECTION('',(0.,0.,1.));
#11298 = PCURVE('',#10159,#11299);
#11299 = DEFINITIONAL_REPRESENTATION('',(#11300),#11304);
#11300 = LINE('',#11301,#11302);
#11301 = CARTESIAN_POINT('',(-0.,0.));
#11302 = VECTOR('',#11303,1.);
#11303 = DIRECTION('',(-0.,1.));
#11304 = ( GEOMETRIC_REPRESENTATION_CONTEXT(2) 
PARAMETRIC_REPRESENTATION_CONTEXT() REPRESENTATION_CONTEXT('2D SPACE',''
  ) );
#11305 = PCURVE('',#10131,#11306);
#11306 = DEFINITIONAL_REPRESENTATION('',(#11307),#11311);
#11307 = LINE('',#11308,#11309);
#11308 = CARTESIAN_POINT('',(0.,-16.));
#11309 = VECTOR('',#11310,1.);
#11310 = DIRECTION('',(1.,0.));
#11311 = ( GEOMETRIC_REPRESENTATION_CONTEXT(2) 
PARAMETRIC_REPRESENTATION_CONTEXT() REPRESENTATION_CONTEXT('2D SPACE',''
  ) );
#11312 = ORIENTED_EDGE('',*,*,#10142,.F.);
#11313 = ORIENTED_EDGE('',*,*,#11239,.T.);
#11314 = ORIENTED_EDGE('',*,*,#11182,.F.);
#11315 = ADVANCED_FACE('',(#11316),#10294,.F.);
#11316 = FACE_BOUND('',#11317,.F.);
#11317 = EDGE_LOOP('',(#11318,#11319,#11340,#11341));
#11318 = ORIENTED_EDGE('',*,*,#10281,.T.);
#11319 = ORIENTED_EDGE('',*,*,#11320,.T.);
#11320 = EDGE_CURVE('',#10088,#11063,#11321,.T.);
#11321 = SURFACE_CURVE('',#11322,(#11326,#11333),.PCURVE_S1.);
#11322 = LINE('',#11323,#11324);
#11323 = CARTESIAN_POINT('',(-112.5,-9.,8.));
#11324 = VECTOR('',#11325,1.);
#11325 = DIRECTION('',(0.,0.,1.));
#11326 = PCURVE('',#10294,#11327);
#11327 = DEFINITIONAL_REPRESENTATION('',(#11328),#11332);
#11328 = LINE('',#11329,#11330);
#11329 = CARTESIAN_POINT('',(0.,2.));
#11330 = VECTOR('',#11331,1.);
#11331 = DIRECTION('',(1.,0.));
#11332 = ( GEOMETRIC_REPRESENTATION_CONTEXT(2) 
PARAMETRIC_REPRESENTATION_CONTEXT() REPRESENTATION_CONTEXT('2D SPACE',''
  ) );
#11333 = PCURVE('',#10104,#11334);
#11334 = DEFINITIONAL_REPRESENTATION('',(#11335),#11339);
#11335 = LINE('',#11336,#11337);
#11336 = CARTESIAN_POINT('',(1.570796326795,0.));
#11337 = VECTOR('',#11338,1.);
#11338 = DIRECTION('',(0.,1.));
#11339 = ( GEOMETRIC_REPRESENTATION_CONTEXT(2) 
PARAMETRIC_REPRESENTATION_CONTEXT() REPRESENTATION_CONTEXT('2D SPACE',''
  ) );
#11340 = ORIENTED_EDGE('',*,*,#11086,.T.);
#11341 = ORIENTED_EDGE('',*,*,#11267,.F.);
#11342 = ADVANCED_FACE('',(#11343),#10131,.F.);
#11343 = FACE_BOUND('',#11344,.F.);
#11344 = EDGE_LOOP('',(#11345,#11346,#11367,#11368));
#11345 = ORIENTED_EDGE('',*,*,#11037,.F.);
#11346 = ORIENTED_EDGE('',*,*,#11347,.F.);
#11347 = EDGE_CURVE('',#10086,#11038,#11348,.T.);
#11348 = SURFACE_CURVE('',#11349,(#11353,#11360),.PCURVE_S1.);
#11349 = LINE('',#11350,#11351);
#11350 = CARTESIAN_POINT('',(-114.5,-7.,8.));
#11351 = VECTOR('',#11352,1.);
#11352 = DIRECTION('',(0.,0.,1.));
#11353 = PCURVE('',#10131,#11354);
#11354 = DEFINITIONAL_REPRESENTATION('',(#11355),#11359);
#11355 = LINE('',#11356,#11357);
#11356 = CARTESIAN_POINT('',(0.,-2.));
#11357 = VECTOR('',#11358,1.);
#11358 = DIRECTION('',(1.,0.));
#11359 = ( GEOMETRIC_REPRESENTATION_CONTEXT(2) 
PARAMETRIC_REPRESENTATION_CONTEXT() REPRESENTATION_CONTEXT('2D SPACE',''
  ) );
#11360 = PCURVE('',#10104,#11361);
#11361 = DEFINITIONAL_REPRESENTATION('',(#11362),#11366);
#11362 = LINE('',#11363,#11364);
#11363 = CARTESIAN_POINT('',(0.,0.));
#11364 = VECTOR('',#11365,1.);
#11365 = DIRECTION('',(0.,1.));
#11366 = ( GEOMETRIC_REPRESENTATION_CONTEXT(2) 
PARAMETRIC_REPRESENTATION_CONTEXT() REPRESENTATION_CONTEXT('2D SPACE',''
  ) );
#11367 = ORIENTED_EDGE('',*,*,#10116,.T.);
#11368 = ORIENTED_EDGE('',*,*,#11292,.T.);
#11369 = ADVANCED_FACE('',(#11370),#10104,.T.);
#11370 = FACE_BOUND('',#11371,.T.);
#11371 = EDGE_LOOP('',(#11372,#11373,#11374,#11375));
#11372 = ORIENTED_EDGE('',*,*,#11347,.F.);
#11373 = ORIENTED_EDGE('',*,*,#10085,.T.);
#11374 = ORIENTED_EDGE('',*,*,#11320,.T.);
#11375 = ORIENTED_EDGE('',*,*,#11062,.F.);
#11376 = ( GEOMETRIC_REPRESENTATION_CONTEXT(3) 
GLOBAL_UNCERTAINTY_ASSIGNED_CONTEXT((#11380)) 
GLOBAL_UNIT_ASSIGNED_CONTEXT((#11377,#11378,#11379)) 
REPRESENTATION_CONTEXT('Context #1',
  '3D Context with UNIT and UNCERTAINTY') );
#11377 = ( LENGTH_UNIT() NAMED_UNIT(*) SI_UNIT(.MILLI.,.METRE.) );
#11378 = ( NAMED_UNIT(*) PLANE_ANGLE_UNIT() SI_UNIT($,.RADIAN.) );
#11379 = ( NAMED_UNIT(*) SI_UNIT($,.STERADIAN.) SOLID_ANGLE_UNIT() );
#11380 = UNCERTAINTY_MEASURE_WITH_UNIT(LENGTH_MEASURE(1.E-07),#11377,
  'distance_accuracy_value','confusion accuracy');
#11381 = CONTEXT_DEPENDENT_SHAPE_REPRESENTATION(#11382,#11384);
#11382 = ( REPRESENTATION_RELATIONSHIP('','',#8399,#55) 
REPRESENTATION_RELATIONSHIP_WITH_TRANSFORMATION(#11383) 
SHAPE_REPRESENTATION_RELATIONSHIP() );
#11383 = ITEM_DEFINED_TRANSFORMATION('','',#11,#60);
#11384 = PRODUCT_DEFINITION_SHAPE('Placement','Placement of an item',
  #11385);
#11385 = NEXT_ASSEMBLY_USAGE_OCCURRENCE('2','','',#50,#8394,$);
#11386 = PRODUCT_RELATED_PRODUCT_CATEGORY('part',$,(#8396));
#11387 = SHAPE_DEFINITION_REPRESENTATION(#11388,#11394);
#11388 = PRODUCT_DEFINITION_SHAPE('','',#11389);
#11389 = PRODUCT_DEFINITION('design','',#11390,#11393);
#11390 = PRODUCT_DEFINITION_FORMATION('','',#11391);
#11391 = PRODUCT('Open CASCADE STEP translator 7.9 4.1.1.3',
  'Open CASCADE STEP translator 7.9 4.1.1.3','',(#11392));
#11392 = PRODUCT_CONTEXT('',#2,'mechanical');
#11393 = PRODUCT_DEFINITION_CONTEXT('part definition',#2,'design');
#11394 = ADVANCED_BREP_SHAPE_REPRESENTATION('',(#11,#11395),#12429);
#11395 = MANIFOLD_SOLID_BREP('',#11396);
#11396 = CLOSED_SHELL('',(#11397,#11517,#11857,#11911,#11965,#12019,
    #12073,#12144,#12194,#12248,#12297,#12346,#12378,#12406));
#11397 = ADVANCED_FACE('',(#11398),#11412,.F.);
#11398 = FACE_BOUND('',#11399,.F.);
#11399 = EDGE_LOOP('',(#11400,#11435,#11463,#11491));
#11400 = ORIENTED_EDGE('',*,*,#11401,.F.);
#11401 = EDGE_CURVE('',#11402,#11404,#11406,.T.);
#11402 = VERTEX_POINT('',#11403);
#11403 = CARTESIAN_POINT('',(-198.,-27.85,4.2));
#11404 = VERTEX_POINT('',#11405);
#11405 = CARTESIAN_POINT('',(-198.,27.85,4.2));
#11406 = SURFACE_CURVE('',#11407,(#11411,#11423),.PCURVE_S1.);
#11407 = LINE('',#11408,#11409);
#11408 = CARTESIAN_POINT('',(-198.,-29.85,4.2));
#11409 = VECTOR('',#11410,1.);
#11410 = DIRECTION('',(0.,1.,0.));
#11411 = PCURVE('',#11412,#11417);
#11412 = PLANE('',#11413);
#11413 = AXIS2_PLACEMENT_3D('',#11414,#11415,#11416);
#11414 = CARTESIAN_POINT('',(-198.,-29.85,3.));
#11415 = DIRECTION('',(1.,0.,0.));
#11416 = DIRECTION('',(0.,0.,1.));
#11417 = DEFINITIONAL_REPRESENTATION('',(#11418),#11422);
#11418 = LINE('',#11419,#11420);
#11419 = CARTESIAN_POINT('',(1.2,0.));
#11420 = VECTOR('',#11421,1.);
#11421 = DIRECTION('',(0.,-1.));
#11422 = ( GEOMETRIC_REPRESENTATION_CONTEXT(2) 
PARAMETRIC_REPRESENTATION_CONTEXT() REPRESENTATION_CONTEXT('2D SPACE',''
  ) );
#11423 = PCURVE('',#11424,#11429);
#11424 = PLANE('',#11425);
#11425 = AXIS2_PLACEMENT_3D('',#11426,#11427,#11428);
#11426 = CARTESIAN_POINT('',(-198.,-29.85,4.2));
#11427 = DIRECTION('',(0.,0.,1.));
#11428 = DIRECTION('',(1.,0.,0.));
#11429 = DEFINITIONAL_REPRESENTATION('',(#11430),#11434);
#11430 = LINE('',#11431,#11432);
#11431 = CARTESIAN_POINT('',(0.,0.));
#11432 = VECTOR('',#11433,1.);
#11433 = DIRECTION('',(0.,1.));
#11434 = ( GEOMETRIC_REPRESENTATION_CONTEXT(2) 
PARAMETRIC_REPRESENTATION_CONTEXT() REPRESENTATION_CONTEXT('2D SPACE',''
  ) );
#11435 = ORIENTED_EDGE('',*,*,#11436,.F.);
#11436 = EDGE_CURVE('',#11437,#11402,#11439,.T.);
#11437 = VERTEX_POINT('',#11438);
#11438 = CARTESIAN_POINT('',(-198.,-27.85,3.));
#11439 = SURFACE_CURVE('',#11440,(#11444,#11451),.PCURVE_S1.);
#11440 = LINE('',#11441,#11442);
#11441 = CARTESIAN_POINT('',(-198.,-27.85,3.));
#11442 = VECTOR('',#11443,1.);
#11443 = DIRECTION('',(0.,0.,1.));
#11444 = PCURVE('',#11412,#11445);
#11445 = DEFINITIONAL_REPRESENTATION('',(#11446),#11450);
#11446 = LINE('',#11447,#11448);
#11447 = CARTESIAN_POINT('',(0.,-2.));
#11448 = VECTOR('',#11449,1.);
#11449 = DIRECTION('',(1.,0.));
#11450 = ( GEOMETRIC_REPRESENTATION_CONTEXT(2) 
PARAMETRIC_REPRESENTATION_CONTEXT() REPRESENTATION_CONTEXT('2D SPACE',''
  ) );
#11451 = PCURVE('',#11452,#11457);
#11452 = CYLINDRICAL_SURFACE('',#11453,2.);
#11453 = AXIS2_PLACEMENT_3D('',#11454,#11455,#11456);
#11454 = CARTESIAN_POINT('',(-196.,-27.85,3.));
#11455 = DIRECTION('',(0.,0.,1.));
#11456 = DIRECTION('',(-1.,-0.,0.));
#11457 = DEFINITIONAL_REPRESENTATION('',(#11458),#11462);
#11458 = LINE('',#11459,#11460);
#11459 = CARTESIAN_POINT('',(0.,0.));
#11460 = VECTOR('',#11461,1.);
#11461 = DIRECTION('',(0.,1.));
#11462 = ( GEOMETRIC_REPRESENTATION_CONTEXT(2) 
PARAMETRIC_REPRESENTATION_CONTEXT() REPRESENTATION_CONTEXT('2D SPACE',''
  ) );
#11463 = ORIENTED_EDGE('',*,*,#11464,.T.);
#11464 = EDGE_CURVE('',#11437,#11465,#11467,.T.);
#11465 = VERTEX_POINT('',#11466);
#11466 = CARTESIAN_POINT('',(-198.,27.85,3.));
#11467 = SURFACE_CURVE('',#11468,(#11472,#11479),.PCURVE_S1.);
#11468 = LINE('',#11469,#11470);
#11469 = CARTESIAN_POINT('',(-198.,-29.85,3.));
#11470 = VECTOR('',#11471,1.);
#11471 = DIRECTION('',(0.,1.,0.));
#11472 = PCURVE('',#11412,#11473);
#11473 = DEFINITIONAL_REPRESENTATION('',(#11474),#11478);
#11474 = LINE('',#11475,#11476);
#11475 = CARTESIAN_POINT('',(0.,0.));
#11476 = VECTOR('',#11477,1.);
#11477 = DIRECTION('',(0.,-1.));
#11478 = ( GEOMETRIC_REPRESENTATION_CONTEXT(2) 
PARAMETRIC_REPRESENTATION_CONTEXT() REPRESENTATION_CONTEXT('2D SPACE',''
  ) );
#11479 = PCURVE('',#11480,#11485);
#11480 = PLANE('',#11481);
#11481 = AXIS2_PLACEMENT_3D('',#11482,#11483,#11484);
#11482 = CARTESIAN_POINT('',(-198.,-29.85,3.));
#11483 = DIRECTION('',(0.,0.,1.));
#11484 = DIRECTION('',(1.,0.,0.));
#11485 = DEFINITIONAL_REPRESENTATION('',(#11486),#11490);
#11486 = LINE('',#11487,#11488);
#11487 = CARTESIAN_POINT('',(0.,0.));
#11488 = VECTOR('',#11489,1.);
#11489 = DIRECTION('',(0.,1.));
#11490 = ( GEOMETRIC_REPRESENTATION_CONTEXT(2) 
PARAMETRIC_REPRESENTATION_CONTEXT() REPRESENTATION_CONTEXT('2D SPACE',''
  ) );
#11491 = ORIENTED_EDGE('',*,*,#11492,.T.);
#11492 = EDGE_CURVE('',#11465,#11404,#11493,.T.);
#11493 = SURFACE_CURVE('',#11494,(#11498,#11505),.PCURVE_S1.);
#11494 = LINE('',#11495,#11496);
#11495 = CARTESIAN_POINT('',(-198.,27.85,3.));
#11496 = VECTOR('',#11497,1.);
#11497 = DIRECTION('',(0.,0.,1.));
#11498 = PCURVE('',#11412,#11499);
#11499 = DEFINITIONAL_REPRESENTATION('',(#11500),#11504);
#11500 = LINE('',#11501,#11502);
#11501 = CARTESIAN_POINT('',(0.,-57.7));
#11502 = VECTOR('',#11503,1.);
#11503 = DIRECTION('',(1.,0.));
#11504 = ( GEOMETRIC_REPRESENTATION_CONTEXT(2) 
PARAMETRIC_REPRESENTATION_CONTEXT() REPRESENTATION_CONTEXT('2D SPACE',''
  ) );
#11505 = PCURVE('',#11506,#11511);
#11506 = CYLINDRICAL_SURFACE('',#11507,2.);
#11507 = AXIS2_PLACEMENT_3D('',#11508,#11509,#11510);
#11508 = CARTESIAN_POINT('',(-196.,27.85,3.));
#11509 = DIRECTION('',(0.,0.,1.));
#11510 = DIRECTION('',(-1.,-0.,0.));
#11511 = DEFINITIONAL_REPRESENTATION('',(#11512),#11516);
#11512 = LINE('',#11513,#11514);
#11513 = CARTESIAN_POINT('',(-0.,0.));
#11514 = VECTOR('',#11515,1.);
#11515 = DIRECTION('',(-0.,1.));
#11516 = ( GEOMETRIC_REPRESENTATION_CONTEXT(2) 
PARAMETRIC_REPRESENTATION_CONTEXT() REPRESENTATION_CONTEXT('2D SPACE',''
  ) );
#11517 = ADVANCED_FACE('',(#11518,#11717,#11752,#11787,#11822),#11480,
  .F.);
#11518 = FACE_BOUND('',#11519,.F.);
#11519 = EDGE_LOOP('',(#11520,#11521,#11545,#11573,#11606,#11634,#11663,
    #11691));
#11520 = ORIENTED_EDGE('',*,*,#11464,.F.);
#11521 = ORIENTED_EDGE('',*,*,#11522,.T.);
#11522 = EDGE_CURVE('',#11437,#11523,#11525,.T.);
#11523 = VERTEX_POINT('',#11524);
#11524 = CARTESIAN_POINT('',(-196.,-29.85,3.));
#11525 = SURFACE_CURVE('',#11526,(#11531,#11538),.PCURVE_S1.);
#11526 = CIRCLE('',#11527,2.);
#11527 = AXIS2_PLACEMENT_3D('',#11528,#11529,#11530);
#11528 = CARTESIAN_POINT('',(-196.,-27.85,3.));
#11529 = DIRECTION('',(0.,0.,1.));
#11530 = DIRECTION('',(0.,-1.,0.));
#11531 = PCURVE('',#11480,#11532);
#11532 = DEFINITIONAL_REPRESENTATION('',(#11533),#11537);
#11533 = CIRCLE('',#11534,2.);
#11534 = AXIS2_PLACEMENT_2D('',#11535,#11536);
#11535 = CARTESIAN_POINT('',(2.,2.));
#11536 = DIRECTION('',(0.,-1.));
#11537 = ( GEOMETRIC_REPRESENTATION_CONTEXT(2) 
PARAMETRIC_REPRESENTATION_CONTEXT() REPRESENTATION_CONTEXT('2D SPACE',''
  ) );
#11538 = PCURVE('',#11452,#11539);
#11539 = DEFINITIONAL_REPRESENTATION('',(#11540),#11544);
#11540 = LINE('',#11541,#11542);
#11541 = CARTESIAN_POINT('',(-4.712388980385,0.));
#11542 = VECTOR('',#11543,1.);
#11543 = DIRECTION('',(1.,0.));
#11544 = ( GEOMETRIC_REPRESENTATION_CONTEXT(2) 
PARAMETRIC_REPRESENTATION_CONTEXT() REPRESENTATION_CONTEXT('2D SPACE',''
  ) );
#11545 = ORIENTED_EDGE('',*,*,#11546,.T.);
#11546 = EDGE_CURVE('',#11523,#11547,#11549,.T.);
#11547 = VERTEX_POINT('',#11548);
#11548 = CARTESIAN_POINT('',(196.,-29.85,3.));
#11549 = SURFACE_CURVE('',#11550,(#11554,#11561),.PCURVE_S1.);
#11550 = LINE('',#11551,#11552);
#11551 = CARTESIAN_POINT('',(-198.,-29.85,3.));
#11552 = VECTOR('',#11553,1.);
#11553 = DIRECTION('',(1.,0.,0.));
#11554 = PCURVE('',#11480,#11555);
#11555 = DEFINITIONAL_REPRESENTATION('',(#11556),#11560);
#11556 = LINE('',#11557,#11558);
#11557 = CARTESIAN_POINT('',(0.,0.));
#11558 = VECTOR('',#11559,1.);
#11559 = DIRECTION('',(1.,0.));
#11560 = ( GEOMETRIC_REPRESENTATION_CONTEXT(2) 
PARAMETRIC_REPRESENTATION_CONTEXT() REPRESENTATION_CONTEXT('2D SPACE',''
  ) );
#11561 = PCURVE('',#11562,#11567);
#11562 = PLANE('',#11563);
#11563 = AXIS2_PLACEMENT_3D('',#11564,#11565,#11566);
#11564 = CARTESIAN_POINT('',(-198.,-29.85,3.));
#11565 = DIRECTION('',(0.,1.,0.));
#11566 = DIRECTION('',(0.,0.,1.));
#11567 = DEFINITIONAL_REPRESENTATION('',(#11568),#11572);
#11568 = LINE('',#11569,#11570);
#11569 = CARTESIAN_POINT('',(0.,0.));
#11570 = VECTOR('',#11571,1.);
#11571 = DIRECTION('',(0.,1.));
#11572 = ( GEOMETRIC_REPRESENTATION_CONTEXT(2) 
PARAMETRIC_REPRESENTATION_CONTEXT() REPRESENTATION_CONTEXT('2D SPACE',''
  ) );
#11573 = ORIENTED_EDGE('',*,*,#11574,.F.);
#11574 = EDGE_CURVE('',#11575,#11547,#11577,.T.);
#11575 = VERTEX_POINT('',#11576);
#11576 = CARTESIAN_POINT('',(198.,-27.85,3.));
#11577 = SURFACE_CURVE('',#11578,(#11583,#11594),.PCURVE_S1.);
#11578 = CIRCLE('',#11579,2.);
#11579 = AXIS2_PLACEMENT_3D('',#11580,#11581,#11582);
#11580 = CARTESIAN_POINT('',(196.,-27.85,3.));
#11581 = DIRECTION('',(-0.,-0.,-1.));
#11582 = DIRECTION('',(0.,-1.,0.));
#11583 = PCURVE('',#11480,#11584);
#11584 = DEFINITIONAL_REPRESENTATION('',(#11585),#11593);
#11585 = ( BOUNDED_CURVE() B_SPLINE_CURVE(2,(#11586,#11587,#11588,#11589
    ,#11590,#11591,#11592),.UNSPECIFIED.,.T.,.F.) 
B_SPLINE_CURVE_WITH_KNOTS((1,2,2,2,2,1),(-2.094395102393,0.,
    2.094395102393,4.188790204786,6.28318530718,8.377580409573),
.UNSPECIFIED.) CURVE() GEOMETRIC_REPRESENTATION_ITEM() 
RATIONAL_B_SPLINE_CURVE((1.,0.5,1.,0.5,1.,0.5,1.)) REPRESENTATION_ITEM(
  '') );
#11586 = CARTESIAN_POINT('',(394.,0.));
#11587 = CARTESIAN_POINT('',(390.53589838486,0.));
#11588 = CARTESIAN_POINT('',(392.26794919243,3.));
#11589 = CARTESIAN_POINT('',(394.,6.));
#11590 = CARTESIAN_POINT('',(395.73205080756,3.));
#11591 = CARTESIAN_POINT('',(397.46410161513,3.10862446895E-15));
#11592 = CARTESIAN_POINT('',(394.,0.));
#11593 = ( GEOMETRIC_REPRESENTATION_CONTEXT(2) 
PARAMETRIC_REPRESENTATION_CONTEXT() REPRESENTATION_CONTEXT('2D SPACE',''
  ) );
#11594 = PCURVE('',#11595,#11600);
#11595 = CYLINDRICAL_SURFACE('',#11596,2.);
#11596 = AXIS2_PLACEMENT_3D('',#11597,#11598,#11599);
#11597 = CARTESIAN_POINT('',(196.,-27.85,3.));
#11598 = DIRECTION('',(0.,0.,1.));
#11599 = DIRECTION('',(1.,0.,-0.));
#11600 = DEFINITIONAL_REPRESENTATION('',(#11601),#11605);
#11601 = LINE('',#11602,#11603);
#11602 = CARTESIAN_POINT('',(4.712388980385,-0.));
#11603 = VECTOR('',#11604,1.);
#11604 = DIRECTION('',(-1.,0.));
#11605 = ( GEOMETRIC_REPRESENTATION_CONTEXT(2) 
PARAMETRIC_REPRESENTATION_CONTEXT() REPRESENTATION_CONTEXT('2D SPACE',''
  ) );
#11606 = ORIENTED_EDGE('',*,*,#11607,.T.);
#11607 = EDGE_CURVE('',#11575,#11608,#11610,.T.);
#11608 = VERTEX_POINT('',#11609);
#11609 = CARTESIAN_POINT('',(198.,27.85,3.));
#11610 = SURFACE_CURVE('',#11611,(#11615,#11622),.PCURVE_S1.);
#11611 = LINE('',#11612,#11613);
#11612 = CARTESIAN_POINT('',(198.,-29.85,3.));
#11613 = VECTOR('',#11614,1.);
#11614 = DIRECTION('',(0.,1.,0.));
#11615 = PCURVE('',#11480,#11616);
#11616 = DEFINITIONAL_REPRESENTATION('',(#11617),#11621);
#11617 = LINE('',#11618,#11619);
#11618 = CARTESIAN_POINT('',(396.,0.));
#11619 = VECTOR('',#11620,1.);
#11620 = DIRECTION('',(0.,1.));
#11621 = ( GEOMETRIC_REPRESENTATION_CONTEXT(2) 
PARAMETRIC_REPRESENTATION_CONTEXT() REPRESENTATION_CONTEXT('2D SPACE',''
  ) );
#11622 = PCURVE('',#11623,#11628);
#11623 = PLANE('',#11624);
#11624 = AXIS2_PLACEMENT_3D('',#11625,#11626,#11627);
#11625 = CARTESIAN_POINT('',(198.,-29.85,3.));
#11626 = DIRECTION('',(1.,0.,0.));
#11627 = DIRECTION('',(0.,0.,1.));
#11628 = DEFINITIONAL_REPRESENTATION('',(#11629),#11633);
#11629 = LINE('',#11630,#11631);
#11630 = CARTESIAN_POINT('',(0.,0.));
#11631 = VECTOR('',#11632,1.);
#11632 = DIRECTION('',(0.,-1.));
#11633 = ( GEOMETRIC_REPRESENTATION_CONTEXT(2) 
PARAMETRIC_REPRESENTATION_CONTEXT() REPRESENTATION_CONTEXT('2D SPACE',''
  ) );
#11634 = ORIENTED_EDGE('',*,*,#11635,.T.);
#11635 = EDGE_CURVE('',#11608,#11636,#11638,.T.);
#11636 = VERTEX_POINT('',#11637);
#11637 = CARTESIAN_POINT('',(196.,29.85,3.));
#11638 = SURFACE_CURVE('',#11639,(#11644,#11651),.PCURVE_S1.);
#11639 = CIRCLE('',#11640,2.);
#11640 = AXIS2_PLACEMENT_3D('',#11641,#11642,#11643);
#11641 = CARTESIAN_POINT('',(196.,27.85,3.));
#11642 = DIRECTION('',(0.,0.,1.));
#11643 = DIRECTION('',(0.,-1.,0.));
#11644 = PCURVE('',#11480,#11645);
#11645 = DEFINITIONAL_REPRESENTATION('',(#11646),#11650);
#11646 = CIRCLE('',#11647,2.);
#11647 = AXIS2_PLACEMENT_2D('',#11648,#11649);
#11648 = CARTESIAN_POINT('',(394.,57.7));
#11649 = DIRECTION('',(0.,-1.));
#11650 = ( GEOMETRIC_REPRESENTATION_CONTEXT(2) 
PARAMETRIC_REPRESENTATION_CONTEXT() REPRESENTATION_CONTEXT('2D SPACE',''
  ) );
#11651 = PCURVE('',#11652,#11657);
#11652 = CYLINDRICAL_SURFACE('',#11653,2.);
#11653 = AXIS2_PLACEMENT_3D('',#11654,#11655,#11656);
#11654 = CARTESIAN_POINT('',(196.,27.85,3.));
#11655 = DIRECTION('',(0.,0.,1.));
#11656 = DIRECTION('',(1.,0.,-0.));
#11657 = DEFINITIONAL_REPRESENTATION('',(#11658),#11662);
#11658 = LINE('',#11659,#11660);
#11659 = CARTESIAN_POINT('',(-1.570796326795,0.));
#11660 = VECTOR('',#11661,1.);
#11661 = DIRECTION('',(1.,0.));
#11662 = ( GEOMETRIC_REPRESENTATION_CONTEXT(2) 
PARAMETRIC_REPRESENTATION_CONTEXT() REPRESENTATION_CONTEXT('2D SPACE',''
  ) );
#11663 = ORIENTED_EDGE('',*,*,#11664,.F.);
#11664 = EDGE_CURVE('',#11665,#11636,#11667,.T.);
#11665 = VERTEX_POINT('',#11666);
#11666 = CARTESIAN_POINT('',(-196.,29.85,3.));
#11667 = SURFACE_CURVE('',#11668,(#11672,#11679),.PCURVE_S1.);
#11668 = LINE('',#11669,#11670);
#11669 = CARTESIAN_POINT('',(-198.,29.85,3.));
#11670 = VECTOR('',#11671,1.);
#11671 = DIRECTION('',(1.,0.,0.));
#11672 = PCURVE('',#11480,#11673);
#11673 = DEFINITIONAL_REPRESENTATION('',(#11674),#11678);
#11674 = LINE('',#11675,#11676);
#11675 = CARTESIAN_POINT('',(0.,59.7));
#11676 = VECTOR('',#11677,1.);
#11677 = DIRECTION('',(1.,0.));
#11678 = ( GEOMETRIC_REPRESENTATION_CONTEXT(2) 
PARAMETRIC_REPRESENTATION_CONTEXT() REPRESENTATION_CONTEXT('2D SPACE',''
  ) );
#11679 = PCURVE('',#11680,#11685);
#11680 = PLANE('',#11681);
#11681 = AXIS2_PLACEMENT_3D('',#11682,#11683,#11684);
#11682 = CARTESIAN_POINT('',(-198.,29.85,3.));
#11683 = DIRECTION('',(0.,1.,0.));
#11684 = DIRECTION('',(0.,0.,1.));
#11685 = DEFINITIONAL_REPRESENTATION('',(#11686),#11690);
#11686 = LINE('',#11687,#11688);
#11687 = CARTESIAN_POINT('',(0.,0.));
#11688 = VECTOR('',#11689,1.);
#11689 = DIRECTION('',(0.,1.));
#11690 = ( GEOMETRIC_REPRESENTATION_CONTEXT(2) 
PARAMETRIC_REPRESENTATION_CONTEXT() REPRESENTATION_CONTEXT('2D SPACE',''
  ) );
#11691 = ORIENTED_EDGE('',*,*,#11692,.F.);
#11692 = EDGE_CURVE('',#11465,#11665,#11693,.T.);
#11693 = SURFACE_CURVE('',#11694,(#11699,#11710),.PCURVE_S1.);
#11694 = CIRCLE('',#11695,2.);
#11695 = AXIS2_PLACEMENT_3D('',#11696,#11697,#11698);
#11696 = CARTESIAN_POINT('',(-196.,27.85,3.));
#11697 = DIRECTION('',(-0.,-0.,-1.));
#11698 = DIRECTION('',(0.,-1.,0.));
#11699 = PCURVE('',#11480,#11700);
#11700 = DEFINITIONAL_REPRESENTATION('',(#11701),#11709);
#11701 = ( BOUNDED_CURVE() B_SPLINE_CURVE(2,(#11702,#11703,#11704,#11705
    ,#11706,#11707,#11708),.UNSPECIFIED.,.T.,.F.) 
B_SPLINE_CURVE_WITH_KNOTS((1,2,2,2,2,1),(-2.094395102393,0.,
    2.094395102393,4.188790204786,6.28318530718,8.377580409573),
.UNSPECIFIED.) CURVE() GEOMETRIC_REPRESENTATION_ITEM() 
RATIONAL_B_SPLINE_CURVE((1.,0.5,1.,0.5,1.,0.5,1.)) REPRESENTATION_ITEM(
  '') );
#11702 = CARTESIAN_POINT('',(2.,55.7));
#11703 = CARTESIAN_POINT('',(-1.464101615138,55.7));
#11704 = CARTESIAN_POINT('',(0.267949192431,58.7));
#11705 = CARTESIAN_POINT('',(2.,61.7));
#11706 = CARTESIAN_POINT('',(3.732050807569,58.7));
#11707 = CARTESIAN_POINT('',(5.464101615138,55.7));
#11708 = CARTESIAN_POINT('',(2.,55.7));
#11709 = ( GEOMETRIC_REPRESENTATION_CONTEXT(2) 
PARAMETRIC_REPRESENTATION_CONTEXT() REPRESENTATION_CONTEXT('2D SPACE',''
  ) );
#11710 = PCURVE('',#11506,#11711);
#11711 = DEFINITIONAL_REPRESENTATION('',(#11712),#11716);
#11712 = LINE('',#11713,#11714);
#11713 = CARTESIAN_POINT('',(1.570796326795,-0.));
#11714 = VECTOR('',#11715,1.);
#11715 = DIRECTION('',(-1.,0.));
#11716 = ( GEOMETRIC_REPRESENTATION_CONTEXT(2) 
PARAMETRIC_REPRESENTATION_CONTEXT() REPRESENTATION_CONTEXT('2D SPACE',''
  ) );
#11717 = FACE_BOUND('',#11718,.F.);
#11718 = EDGE_LOOP('',(#11719));
#11719 = ORIENTED_EDGE('',*,*,#11720,.T.);
#11720 = EDGE_CURVE('',#11721,#11721,#11723,.T.);
#11721 = VERTEX_POINT('',#11722);
#11722 = CARTESIAN_POINT('',(106.,-6.,3.));
#11723 = SURFACE_CURVE('',#11724,(#11729,#11740),.PCURVE_S1.);
#11724 = CIRCLE('',#11725,1.6);
#11725 = AXIS2_PLACEMENT_3D('',#11726,#11727,#11728);
#11726 = CARTESIAN_POINT('',(104.4,-6.,3.));
#11727 = DIRECTION('',(0.,0.,-1.));
#11728 = DIRECTION('',(1.,0.,0.));
#11729 = PCURVE('',#11480,#11730);
#11730 = DEFINITIONAL_REPRESENTATION('',(#11731),#11739);
#11731 = ( BOUNDED_CURVE() B_SPLINE_CURVE(2,(#11732,#11733,#11734,#11735
    ,#11736,#11737,#11738),.UNSPECIFIED.,.T.,.F.) 
B_SPLINE_CURVE_WITH_KNOTS((1,2,2,2,2,1),(-2.094395102393,0.,
    2.094395102393,4.188790204786,6.28318530718,8.377580409573),
.UNSPECIFIED.) CURVE() GEOMETRIC_REPRESENTATION_ITEM() 
RATIONAL_B_SPLINE_CURVE((1.,0.5,1.,0.5,1.,0.5,1.)) REPRESENTATION_ITEM(
  '') );
#11732 = CARTESIAN_POINT('',(304.,23.85));
#11733 = CARTESIAN_POINT('',(304.,21.07871870789));
#11734 = CARTESIAN_POINT('',(301.6,22.464359353945));
#11735 = CARTESIAN_POINT('',(299.2,23.85));
#11736 = CARTESIAN_POINT('',(301.6,25.235640646055));
#11737 = CARTESIAN_POINT('',(304.,26.62128129211));
#11738 = CARTESIAN_POINT('',(304.,23.85));
#11739 = ( GEOMETRIC_REPRESENTATION_CONTEXT(2) 
PARAMETRIC_REPRESENTATION_CONTEXT() REPRESENTATION_CONTEXT('2D SPACE',''
  ) );
#11740 = PCURVE('',#11741,#11746);
#11741 = CYLINDRICAL_SURFACE('',#11742,1.6);
#11742 = AXIS2_PLACEMENT_3D('',#11743,#11744,#11745);
#11743 = CARTESIAN_POINT('',(104.4,-6.,0.));
#11744 = DIRECTION('',(-0.,-0.,-1.));
#11745 = DIRECTION('',(1.,0.,0.));
#11746 = DEFINITIONAL_REPRESENTATION('',(#11747),#11751);
#11747 = LINE('',#11748,#11749);
#11748 = CARTESIAN_POINT('',(-6.28318530718,-3.));
#11749 = VECTOR('',#11750,1.);
#11750 = DIRECTION('',(1.,-0.));
#11751 = ( GEOMETRIC_REPRESENTATION_CONTEXT(2) 
PARAMETRIC_REPRESENTATION_CONTEXT() REPRESENTATION_CONTEXT('2D SPACE',''
  ) );
#11752 = FACE_BOUND('',#11753,.F.);
#11753 = EDGE_LOOP('',(#11754));
#11754 = ORIENTED_EDGE('',*,*,#11755,.T.);
#11755 = EDGE_CURVE('',#11756,#11756,#11758,.T.);
#11756 = VERTEX_POINT('',#11757);
#11757 = CARTESIAN_POINT('',(136.,-6.,3.));
#11758 = SURFACE_CURVE('',#11759,(#11764,#11775),.PCURVE_S1.);
#11759 = CIRCLE('',#11760,1.6);
#11760 = AXIS2_PLACEMENT_3D('',#11761,#11762,#11763);
#11761 = CARTESIAN_POINT('',(134.4,-6.,3.));
#11762 = DIRECTION('',(0.,0.,-1.));
#11763 = DIRECTION('',(1.,0.,0.));
#11764 = PCURVE('',#11480,#11765);
#11765 = DEFINITIONAL_REPRESENTATION('',(#11766),#11774);
#11766 = ( BOUNDED_CURVE() B_SPLINE_CURVE(2,(#11767,#11768,#11769,#11770
    ,#11771,#11772,#11773),.UNSPECIFIED.,.T.,.F.) 
B_SPLINE_CURVE_WITH_KNOTS((1,2,2,2,2,1),(-2.094395102393,0.,
    2.094395102393,4.188790204786,6.28318530718,8.377580409573),
.UNSPECIFIED.) CURVE() GEOMETRIC_REPRESENTATION_ITEM() 
RATIONAL_B_SPLINE_CURVE((1.,0.5,1.,0.5,1.,0.5,1.)) REPRESENTATION_ITEM(
  '') );
#11767 = CARTESIAN_POINT('',(334.,23.85));
#11768 = CARTESIAN_POINT('',(334.,21.07871870789));
#11769 = CARTESIAN_POINT('',(331.6,22.464359353945));
#11770 = CARTESIAN_POINT('',(329.2,23.85));
#11771 = CARTESIAN_POINT('',(331.6,25.235640646055));
#11772 = CARTESIAN_POINT('',(334.,26.62128129211));
#11773 = CARTESIAN_POINT('',(334.,23.85));
#11774 = ( GEOMETRIC_REPRESENTATION_CONTEXT(2) 
PARAMETRIC_REPRESENTATION_CONTEXT() REPRESENTATION_CONTEXT('2D SPACE',''
  ) );
#11775 = PCURVE('',#11776,#11781);
#11776 = CYLINDRICAL_SURFACE('',#11777,1.6);
#11777 = AXIS2_PLACEMENT_3D('',#11778,#11779,#11780);
#11778 = CARTESIAN_POINT('',(134.4,-6.,0.));
#11779 = DIRECTION('',(-0.,-0.,-1.));
#11780 = DIRECTION('',(1.,0.,0.));
#11781 = DEFINITIONAL_REPRESENTATION('',(#11782),#11786);
#11782 = LINE('',#11783,#11784);
#11783 = CARTESIAN_POINT('',(-6.28318530718,-3.));
#11784 = VECTOR('',#11785,1.);
#11785 = DIRECTION('',(1.,-0.));
#11786 = ( GEOMETRIC_REPRESENTATION_CONTEXT(2) 
PARAMETRIC_REPRESENTATION_CONTEXT() REPRESENTATION_CONTEXT('2D SPACE',''
  ) );
#11787 = FACE_BOUND('',#11788,.F.);
#11788 = EDGE_LOOP('',(#11789));
#11789 = ORIENTED_EDGE('',*,*,#11790,.T.);
#11790 = EDGE_CURVE('',#11791,#11791,#11793,.T.);
#11791 = VERTEX_POINT('',#11792);
#11792 = CARTESIAN_POINT('',(106.,6.,3.));
#11793 = SURFACE_CURVE('',#11794,(#11799,#11810),.PCURVE_S1.);
#11794 = CIRCLE('',#11795,1.6);
#11795 = AXIS2_PLACEMENT_3D('',#11796,#11797,#11798);
#11796 = CARTESIAN_POINT('',(104.4,6.,3.));
#11797 = DIRECTION('',(0.,0.,-1.));
#11798 = DIRECTION('',(1.,0.,0.));
#11799 = PCURVE('',#11480,#11800);
#11800 = DEFINITIONAL_REPRESENTATION('',(#11801),#11809);
#11801 = ( BOUNDED_CURVE() B_SPLINE_CURVE(2,(#11802,#11803,#11804,#11805
    ,#11806,#11807,#11808),.UNSPECIFIED.,.T.,.F.) 
B_SPLINE_CURVE_WITH_KNOTS((1,2,2,2,2,1),(-2.094395102393,0.,
    2.094395102393,4.188790204786,6.28318530718,8.377580409573),
.UNSPECIFIED.) CURVE() GEOMETRIC_REPRESENTATION_ITEM() 
RATIONAL_B_SPLINE_CURVE((1.,0.5,1.,0.5,1.,0.5,1.)) REPRESENTATION_ITEM(
  '') );
#11802 = CARTESIAN_POINT('',(304.,35.85));
#11803 = CARTESIAN_POINT('',(304.,33.07871870789));
#11804 = CARTESIAN_POINT('',(301.6,34.464359353945));
#11805 = CARTESIAN_POINT('',(299.2,35.85));
#11806 = CARTESIAN_POINT('',(301.6,37.235640646055));
#11807 = CARTESIAN_POINT('',(304.,38.62128129211));
#11808 = CARTESIAN_POINT('',(304.,35.85));
#11809 = ( GEOMETRIC_REPRESENTATION_CONTEXT(2) 
PARAMETRIC_REPRESENTATION_CONTEXT() REPRESENTATION_CONTEXT('2D SPACE',''
  ) );
#11810 = PCURVE('',#11811,#11816);
#11811 = CYLINDRICAL_SURFACE('',#11812,1.6);
#11812 = AXIS2_PLACEMENT_3D('',#11813,#11814,#11815);
#11813 = CARTESIAN_POINT('',(104.4,6.,0.));
#11814 = DIRECTION('',(-0.,-0.,-1.));
#11815 = DIRECTION('',(1.,0.,0.));
#11816 = DEFINITIONAL_REPRESENTATION('',(#11817),#11821);
#11817 = LINE('',#11818,#11819);
#11818 = CARTESIAN_POINT('',(-6.28318530718,-3.));
#11819 = VECTOR('',#11820,1.);
#11820 = DIRECTION('',(1.,-0.));
#11821 = ( GEOMETRIC_REPRESENTATION_CONTEXT(2) 
PARAMETRIC_REPRESENTATION_CONTEXT() REPRESENTATION_CONTEXT('2D SPACE',''
  ) );
#11822 = FACE_BOUND('',#11823,.F.);
#11823 = EDGE_LOOP('',(#11824));
#11824 = ORIENTED_EDGE('',*,*,#11825,.T.);
#11825 = EDGE_CURVE('',#11826,#11826,#11828,.T.);
#11826 = VERTEX_POINT('',#11827);
#11827 = CARTESIAN_POINT('',(136.,6.,3.));
#11828 = SURFACE_CURVE('',#11829,(#11834,#11845),.PCURVE_S1.);
#11829 = CIRCLE('',#11830,1.6);
#11830 = AXIS2_PLACEMENT_3D('',#11831,#11832,#11833);
#11831 = CARTESIAN_POINT('',(134.4,6.,3.));
#11832 = DIRECTION('',(0.,0.,-1.));
#11833 = DIRECTION('',(1.,0.,0.));
#11834 = PCURVE('',#11480,#11835);
#11835 = DEFINITIONAL_REPRESENTATION('',(#11836),#11844);
#11836 = ( BOUNDED_CURVE() B_SPLINE_CURVE(2,(#11837,#11838,#11839,#11840
    ,#11841,#11842,#11843),.UNSPECIFIED.,.T.,.F.) 
B_SPLINE_CURVE_WITH_KNOTS((1,2,2,2,2,1),(-2.094395102393,0.,
    2.094395102393,4.188790204786,6.28318530718,8.377580409573),
.UNSPECIFIED.) CURVE() GEOMETRIC_REPRESENTATION_ITEM() 
RATIONAL_B_SPLINE_CURVE((1.,0.5,1.,0.5,1.,0.5,1.)) REPRESENTATION_ITEM(
  '') );
#11837 = CARTESIAN_POINT('',(334.,35.85));
#11838 = CARTESIAN_POINT('',(334.,33.07871870789));
#11839 = CARTESIAN_POINT('',(331.6,34.464359353945));
#11840 = CARTESIAN_POINT('',(329.2,35.85));
#11841 = CARTESIAN_POINT('',(331.6,37.235640646055));
#11842 = CARTESIAN_POINT('',(334.,38.62128129211));
#11843 = CARTESIAN_POINT('',(334.,35.85));
#11844 = ( GEOMETRIC_REPRESENTATION_CONTEXT(2) 
PARAMETRIC_REPRESENTATION_CONTEXT() REPRESENTATION_CONTEXT('2D SPACE',''
  ) );
#11845 = PCURVE('',#11846,#11851);
#11846 = CYLINDRICAL_SURFACE('',#11847,1.6);
#11847 = AXIS2_PLACEMENT_3D('',#11848,#11849,#11850);
#11848 = CARTESIAN_POINT('',(134.4,6.,0.));
#11849 = DIRECTION('',(-0.,-0.,-1.));
#11850 = DIRECTION('',(1.,0.,0.));
#11851 = DEFINITIONAL_REPRESENTATION('',(#11852),#11856);
#11852 = LINE('',#11853,#11854);
#11853 = CARTESIAN_POINT('',(-6.28318530718,-3.));
#11854 = VECTOR('',#11855,1.);
#11855 = DIRECTION('',(1.,-0.));
#11856 = ( GEOMETRIC_REPRESENTATION_CONTEXT(2) 
PARAMETRIC_REPRESENTATION_CONTEXT() REPRESENTATION_CONTEXT('2D SPACE',''
  ) );
#11857 = ADVANCED_FACE('',(#11858),#11846,.F.);
#11858 = FACE_BOUND('',#11859,.T.);
#11859 = EDGE_LOOP('',(#11860,#11861,#11884,#11910));
#11860 = ORIENTED_EDGE('',*,*,#11825,.T.);
#11861 = ORIENTED_EDGE('',*,*,#11862,.T.);
#11862 = EDGE_CURVE('',#11826,#11863,#11865,.T.);
#11863 = VERTEX_POINT('',#11864);
#11864 = CARTESIAN_POINT('',(136.,6.,4.2));
#11865 = SEAM_CURVE('',#11866,(#11870,#11877),.PCURVE_S1.);
#11866 = LINE('',#11867,#11868);
#11867 = CARTESIAN_POINT('',(136.,6.,0.));
#11868 = VECTOR('',#11869,1.);
#11869 = DIRECTION('',(0.,0.,1.));
#11870 = PCURVE('',#11846,#11871);
#11871 = DEFINITIONAL_REPRESENTATION('',(#11872),#11876);
#11872 = LINE('',#11873,#11874);
#11873 = CARTESIAN_POINT('',(-6.28318530718,0.));
#11874 = VECTOR('',#11875,1.);
#11875 = DIRECTION('',(-0.,-1.));
#11876 = ( GEOMETRIC_REPRESENTATION_CONTEXT(2) 
PARAMETRIC_REPRESENTATION_CONTEXT() REPRESENTATION_CONTEXT('2D SPACE',''
  ) );
#11877 = PCURVE('',#11846,#11878);
#11878 = DEFINITIONAL_REPRESENTATION('',(#11879),#11883);
#11879 = LINE('',#11880,#11881);
#11880 = CARTESIAN_POINT('',(-0.,0.));
#11881 = VECTOR('',#11882,1.);
#11882 = DIRECTION('',(-0.,-1.));
#11883 = ( GEOMETRIC_REPRESENTATION_CONTEXT(2) 
PARAMETRIC_REPRESENTATION_CONTEXT() REPRESENTATION_CONTEXT('2D SPACE',''
  ) );
#11884 = ORIENTED_EDGE('',*,*,#11885,.F.);
#11885 = EDGE_CURVE('',#11863,#11863,#11886,.T.);
#11886 = SURFACE_CURVE('',#11887,(#11892,#11899),.PCURVE_S1.);
#11887 = CIRCLE('',#11888,1.6);
#11888 = AXIS2_PLACEMENT_3D('',#11889,#11890,#11891);
#11889 = CARTESIAN_POINT('',(134.4,6.,4.2));
#11890 = DIRECTION('',(0.,0.,-1.));
#11891 = DIRECTION('',(1.,0.,0.));
#11892 = PCURVE('',#11846,#11893);
#11893 = DEFINITIONAL_REPRESENTATION('',(#11894),#11898);
#11894 = LINE('',#11895,#11896);
#11895 = CARTESIAN_POINT('',(-6.28318530718,-4.2));
#11896 = VECTOR('',#11897,1.);
#11897 = DIRECTION('',(1.,-0.));
#11898 = ( GEOMETRIC_REPRESENTATION_CONTEXT(2) 
PARAMETRIC_REPRESENTATION_CONTEXT() REPRESENTATION_CONTEXT('2D SPACE',''
  ) );
#11899 = PCURVE('',#11424,#11900);
#11900 = DEFINITIONAL_REPRESENTATION('',(#11901),#11909);
#11901 = ( BOUNDED_CURVE() B_SPLINE_CURVE(2,(#11902,#11903,#11904,#11905
    ,#11906,#11907,#11908),.UNSPECIFIED.,.T.,.F.) 
B_SPLINE_CURVE_WITH_KNOTS((1,2,2,2,2,1),(-2.094395102393,0.,
    2.094395102393,4.188790204786,6.28318530718,8.377580409573),
.UNSPECIFIED.) CURVE() GEOMETRIC_REPRESENTATION_ITEM() 
RATIONAL_B_SPLINE_CURVE((1.,0.5,1.,0.5,1.,0.5,1.)) REPRESENTATION_ITEM(
  '') );
#11902 = CARTESIAN_POINT('',(334.,35.85));
#11903 = CARTESIAN_POINT('',(334.,33.07871870789));
#11904 = CARTESIAN_POINT('',(331.6,34.464359353945));
#11905 = CARTESIAN_POINT('',(329.2,35.85));
#11906 = CARTESIAN_POINT('',(331.6,37.235640646055));
#11907 = CARTESIAN_POINT('',(334.,38.62128129211));
#11908 = CARTESIAN_POINT('',(334.,35.85));
#11909 = ( GEOMETRIC_REPRESENTATION_CONTEXT(2) 
PARAMETRIC_REPRESENTATION_CONTEXT() REPRESENTATION_CONTEXT('2D SPACE',''
  ) );
#11910 = ORIENTED_EDGE('',*,*,#11862,.F.);
#11911 = ADVANCED_FACE('',(#11912),#11811,.F.);
#11912 = FACE_BOUND('',#11913,.T.);
#11913 = EDGE_LOOP('',(#11914,#11915,#11938,#11964));
#11914 = ORIENTED_EDGE('',*,*,#11790,.T.);
#11915 = ORIENTED_EDGE('',*,*,#11916,.T.);
#11916 = EDGE_CURVE('',#11791,#11917,#11919,.T.);
#11917 = VERTEX_POINT('',#11918);
#11918 = CARTESIAN_POINT('',(106.,6.,4.2));
#11919 = SEAM_CURVE('',#11920,(#11924,#11931),.PCURVE_S1.);
#11920 = LINE('',#11921,#11922);
#11921 = CARTESIAN_POINT('',(106.,6.,0.));
#11922 = VECTOR('',#11923,1.);
#11923 = DIRECTION('',(0.,0.,1.));
#11924 = PCURVE('',#11811,#11925);
#11925 = DEFINITIONAL_REPRESENTATION('',(#11926),#11930);
#11926 = LINE('',#11927,#11928);
#11927 = CARTESIAN_POINT('',(-6.28318530718,0.));
#11928 = VECTOR('',#11929,1.);
#11929 = DIRECTION('',(-0.,-1.));
#11930 = ( GEOMETRIC_REPRESENTATION_CONTEXT(2) 
PARAMETRIC_REPRESENTATION_CONTEXT() REPRESENTATION_CONTEXT('2D SPACE',''
  ) );
#11931 = PCURVE('',#11811,#11932);
#11932 = DEFINITIONAL_REPRESENTATION('',(#11933),#11937);
#11933 = LINE('',#11934,#11935);
#11934 = CARTESIAN_POINT('',(-0.,0.));
#11935 = VECTOR('',#11936,1.);
#11936 = DIRECTION('',(-0.,-1.));
#11937 = ( GEOMETRIC_REPRESENTATION_CONTEXT(2) 
PARAMETRIC_REPRESENTATION_CONTEXT() REPRESENTATION_CONTEXT('2D SPACE',''
  ) );
#11938 = ORIENTED_EDGE('',*,*,#11939,.F.);
#11939 = EDGE_CURVE('',#11917,#11917,#11940,.T.);
#11940 = SURFACE_CURVE('',#11941,(#11946,#11953),.PCURVE_S1.);
#11941 = CIRCLE('',#11942,1.6);
#11942 = AXIS2_PLACEMENT_3D('',#11943,#11944,#11945);
#11943 = CARTESIAN_POINT('',(104.4,6.,4.2));
#11944 = DIRECTION('',(0.,0.,-1.));
#11945 = DIRECTION('',(1.,0.,0.));
#11946 = PCURVE('',#11811,#11947);
#11947 = DEFINITIONAL_REPRESENTATION('',(#11948),#11952);
#11948 = LINE('',#11949,#11950);
#11949 = CARTESIAN_POINT('',(-6.28318530718,-4.2));
#11950 = VECTOR('',#11951,1.);
#11951 = DIRECTION('',(1.,-0.));
#11952 = ( GEOMETRIC_REPRESENTATION_CONTEXT(2) 
PARAMETRIC_REPRESENTATION_CONTEXT() REPRESENTATION_CONTEXT('2D SPACE',''
  ) );
#11953 = PCURVE('',#11424,#11954);
#11954 = DEFINITIONAL_REPRESENTATION('',(#11955),#11963);
#11955 = ( BOUNDED_CURVE() B_SPLINE_CURVE(2,(#11956,#11957,#11958,#11959
    ,#11960,#11961,#11962),.UNSPECIFIED.,.T.,.F.) 
B_SPLINE_CURVE_WITH_KNOTS((1,2,2,2,2,1),(-2.094395102393,0.,
    2.094395102393,4.188790204786,6.28318530718,8.377580409573),
.UNSPECIFIED.) CURVE() GEOMETRIC_REPRESENTATION_ITEM() 
RATIONAL_B_SPLINE_CURVE((1.,0.5,1.,0.5,1.,0.5,1.)) REPRESENTATION_ITEM(
  '') );
#11956 = CARTESIAN_POINT('',(304.,35.85));
#11957 = CARTESIAN_POINT('',(304.,33.07871870789));
#11958 = CARTESIAN_POINT('',(301.6,34.464359353945));
#11959 = CARTESIAN_POINT('',(299.2,35.85));
#11960 = CARTESIAN_POINT('',(301.6,37.235640646055));
#11961 = CARTESIAN_POINT('',(304.,38.62128129211));
#11962 = CARTESIAN_POINT('',(304.,35.85));
#11963 = ( GEOMETRIC_REPRESENTATION_CONTEXT(2) 
PARAMETRIC_REPRESENTATION_CONTEXT() REPRESENTATION_CONTEXT('2D SPACE',''
  ) );
#11964 = ORIENTED_EDGE('',*,*,#11916,.F.);
#11965 = ADVANCED_FACE('',(#11966),#11776,.F.);
#11966 = FACE_BOUND('',#11967,.T.);
#11967 = EDGE_LOOP('',(#11968,#11969,#11992,#12018));
#11968 = ORIENTED_EDGE('',*,*,#11755,.T.);
#11969 = ORIENTED_EDGE('',*,*,#11970,.T.);
#11970 = EDGE_CURVE('',#11756,#11971,#11973,.T.);
#11971 = VERTEX_POINT('',#11972);
#11972 = CARTESIAN_POINT('',(136.,-6.,4.2));
#11973 = SEAM_CURVE('',#11974,(#11978,#11985),.PCURVE_S1.);
#11974 = LINE('',#11975,#11976);
#11975 = CARTESIAN_POINT('',(136.,-6.,0.));
#11976 = VECTOR('',#11977,1.);
#11977 = DIRECTION('',(0.,0.,1.));
#11978 = PCURVE('',#11776,#11979);
#11979 = DEFINITIONAL_REPRESENTATION('',(#11980),#11984);
#11980 = LINE('',#11981,#11982);
#11981 = CARTESIAN_POINT('',(-6.28318530718,0.));
#11982 = VECTOR('',#11983,1.);
#11983 = DIRECTION('',(-0.,-1.));
#11984 = ( GEOMETRIC_REPRESENTATION_CONTEXT(2) 
PARAMETRIC_REPRESENTATION_CONTEXT() REPRESENTATION_CONTEXT('2D SPACE',''
  ) );
#11985 = PCURVE('',#11776,#11986);
#11986 = DEFINITIONAL_REPRESENTATION('',(#11987),#11991);
#11987 = LINE('',#11988,#11989);
#11988 = CARTESIAN_POINT('',(-0.,0.));
#11989 = VECTOR('',#11990,1.);
#11990 = DIRECTION('',(-0.,-1.));
#11991 = ( GEOMETRIC_REPRESENTATION_CONTEXT(2) 
PARAMETRIC_REPRESENTATION_CONTEXT() REPRESENTATION_CONTEXT('2D SPACE',''
  ) );
#11992 = ORIENTED_EDGE('',*,*,#11993,.F.);
#11993 = EDGE_CURVE('',#11971,#11971,#11994,.T.);
#11994 = SURFACE_CURVE('',#11995,(#12000,#12007),.PCURVE_S1.);
#11995 = CIRCLE('',#11996,1.6);
#11996 = AXIS2_PLACEMENT_3D('',#11997,#11998,#11999);
#11997 = CARTESIAN_POINT('',(134.4,-6.,4.2));
#11998 = DIRECTION('',(0.,0.,-1.));
#11999 = DIRECTION('',(1.,0.,0.));
#12000 = PCURVE('',#11776,#12001);
#12001 = DEFINITIONAL_REPRESENTATION('',(#12002),#12006);
#12002 = LINE('',#12003,#12004);
#12003 = CARTESIAN_POINT('',(-6.28318530718,-4.2));
#12004 = VECTOR('',#12005,1.);
#12005 = DIRECTION('',(1.,-0.));
#12006 = ( GEOMETRIC_REPRESENTATION_CONTEXT(2) 
PARAMETRIC_REPRESENTATION_CONTEXT() REPRESENTATION_CONTEXT('2D SPACE',''
  ) );
#12007 = PCURVE('',#11424,#12008);
#12008 = DEFINITIONAL_REPRESENTATION('',(#12009),#12017);
#12009 = ( BOUNDED_CURVE() B_SPLINE_CURVE(2,(#12010,#12011,#12012,#12013
    ,#12014,#12015,#12016),.UNSPECIFIED.,.T.,.F.) 
B_SPLINE_CURVE_WITH_KNOTS((1,2,2,2,2,1),(-2.094395102393,0.,
    2.094395102393,4.188790204786,6.28318530718,8.377580409573),
.UNSPECIFIED.) CURVE() GEOMETRIC_REPRESENTATION_ITEM() 
RATIONAL_B_SPLINE_CURVE((1.,0.5,1.,0.5,1.,0.5,1.)) REPRESENTATION_ITEM(
  '') );
#12010 = CARTESIAN_POINT('',(334.,23.85));
#12011 = CARTESIAN_POINT('',(334.,21.07871870789));
#12012 = CARTESIAN_POINT('',(331.6,22.464359353945));
#12013 = CARTESIAN_POINT('',(329.2,23.85));
#12014 = CARTESIAN_POINT('',(331.6,25.235640646055));
#12015 = CARTESIAN_POINT('',(334.,26.62128129211));
#12016 = CARTESIAN_POINT('',(334.,23.85));
#12017 = ( GEOMETRIC_REPRESENTATION_CONTEXT(2) 
PARAMETRIC_REPRESENTATION_CONTEXT() REPRESENTATION_CONTEXT('2D SPACE',''
  ) );
#12018 = ORIENTED_EDGE('',*,*,#11970,.F.);
#12019 = ADVANCED_FACE('',(#12020),#11741,.F.);
#12020 = FACE_BOUND('',#12021,.T.);
#12021 = EDGE_LOOP('',(#12022,#12023,#12046,#12072));
#12022 = ORIENTED_EDGE('',*,*,#11720,.T.);
#12023 = ORIENTED_EDGE('',*,*,#12024,.T.);
#12024 = EDGE_CURVE('',#11721,#12025,#12027,.T.);
#12025 = VERTEX_POINT('',#12026);
#12026 = CARTESIAN_POINT('',(106.,-6.,4.2));
#12027 = SEAM_CURVE('',#12028,(#12032,#12039),.PCURVE_S1.);
#12028 = LINE('',#12029,#12030);
#12029 = CARTESIAN_POINT('',(106.,-6.,0.));
#12030 = VECTOR('',#12031,1.);
#12031 = DIRECTION('',(0.,0.,1.));
#12032 = PCURVE('',#11741,#12033);
#12033 = DEFINITIONAL_REPRESENTATION('',(#12034),#12038);
#12034 = LINE('',#12035,#12036);
#12035 = CARTESIAN_POINT('',(-6.28318530718,0.));
#12036 = VECTOR('',#12037,1.);
#12037 = DIRECTION('',(-0.,-1.));
#12038 = ( GEOMETRIC_REPRESENTATION_CONTEXT(2) 
PARAMETRIC_REPRESENTATION_CONTEXT() REPRESENTATION_CONTEXT('2D SPACE',''
  ) );
#12039 = PCURVE('',#11741,#12040);
#12040 = DEFINITIONAL_REPRESENTATION('',(#12041),#12045);
#12041 = LINE('',#12042,#12043);
#12042 = CARTESIAN_POINT('',(-0.,0.));
#12043 = VECTOR('',#12044,1.);
#12044 = DIRECTION('',(-0.,-1.));
#12045 = ( GEOMETRIC_REPRESENTATION_CONTEXT(2) 
PARAMETRIC_REPRESENTATION_CONTEXT() REPRESENTATION_CONTEXT('2D SPACE',''
  ) );
#12046 = ORIENTED_EDGE('',*,*,#12047,.F.);
#12047 = EDGE_CURVE('',#12025,#12025,#12048,.T.);
#12048 = SURFACE_CURVE('',#12049,(#12054,#12061),.PCURVE_S1.);
#12049 = CIRCLE('',#12050,1.6);
#12050 = AXIS2_PLACEMENT_3D('',#12051,#12052,#12053);
#12051 = CARTESIAN_POINT('',(104.4,-6.,4.2));
#12052 = DIRECTION('',(0.,0.,-1.));
#12053 = DIRECTION('',(1.,0.,0.));
#12054 = PCURVE('',#11741,#12055);
#12055 = DEFINITIONAL_REPRESENTATION('',(#12056),#12060);
#12056 = LINE('',#12057,#12058);
#12057 = CARTESIAN_POINT('',(-6.28318530718,-4.2));
#12058 = VECTOR('',#12059,1.);
#12059 = DIRECTION('',(1.,-0.));
#12060 = ( GEOMETRIC_REPRESENTATION_CONTEXT(2) 
PARAMETRIC_REPRESENTATION_CONTEXT() REPRESENTATION_CONTEXT('2D SPACE',''
  ) );
#12061 = PCURVE('',#11424,#12062);
#12062 = DEFINITIONAL_REPRESENTATION('',(#12063),#12071);
#12063 = ( BOUNDED_CURVE() B_SPLINE_CURVE(2,(#12064,#12065,#12066,#12067
    ,#12068,#12069,#12070),.UNSPECIFIED.,.T.,.F.) 
B_SPLINE_CURVE_WITH_KNOTS((1,2,2,2,2,1),(-2.094395102393,0.,
    2.094395102393,4.188790204786,6.28318530718,8.377580409573),
.UNSPECIFIED.) CURVE() GEOMETRIC_REPRESENTATION_ITEM() 
RATIONAL_B_SPLINE_CURVE((1.,0.5,1.,0.5,1.,0.5,1.)) REPRESENTATION_ITEM(
  '') );
#12064 = CARTESIAN_POINT('',(304.,23.85));
#12065 = CARTESIAN_POINT('',(304.,21.07871870789));
#12066 = CARTESIAN_POINT('',(301.6,22.464359353945));
#12067 = CARTESIAN_POINT('',(299.2,23.85));
#12068 = CARTESIAN_POINT('',(301.6,25.235640646055));
#12069 = CARTESIAN_POINT('',(304.,26.62128129211));
#12070 = CARTESIAN_POINT('',(304.,23.85));
#12071 = ( GEOMETRIC_REPRESENTATION_CONTEXT(2) 
PARAMETRIC_REPRESENTATION_CONTEXT() REPRESENTATION_CONTEXT('2D SPACE',''
  ) );
#12072 = ORIENTED_EDGE('',*,*,#12024,.F.);
#12073 = ADVANCED_FACE('',(#12074),#11623,.T.);
#12074 = FACE_BOUND('',#12075,.T.);
#12075 = EDGE_LOOP('',(#12076,#12101,#12122,#12123));
#12076 = ORIENTED_EDGE('',*,*,#12077,.F.);
#12077 = EDGE_CURVE('',#12078,#12080,#12082,.T.);
#12078 = VERTEX_POINT('',#12079);
#12079 = CARTESIAN_POINT('',(198.,-27.85,4.2));
#12080 = VERTEX_POINT('',#12081);
#12081 = CARTESIAN_POINT('',(198.,27.85,4.2));
#12082 = SURFACE_CURVE('',#12083,(#12087,#12094),.PCURVE_S1.);
#12083 = LINE('',#12084,#12085);
#12084 = CARTESIAN_POINT('',(198.,-29.85,4.2));
#12085 = VECTOR('',#12086,1.);
#12086 = DIRECTION('',(0.,1.,0.));
#12087 = PCURVE('',#11623,#12088);
#12088 = DEFINITIONAL_REPRESENTATION('',(#12089),#12093);
#12089 = LINE('',#12090,#12091);
#12090 = CARTESIAN_POINT('',(1.2,0.));
#12091 = VECTOR('',#12092,1.);
#12092 = DIRECTION('',(0.,-1.));
#12093 = ( GEOMETRIC_REPRESENTATION_CONTEXT(2) 
PARAMETRIC_REPRESENTATION_CONTEXT() REPRESENTATION_CONTEXT('2D SPACE',''
  ) );
#12094 = PCURVE('',#11424,#12095);
#12095 = DEFINITIONAL_REPRESENTATION('',(#12096),#12100);
#12096 = LINE('',#12097,#12098);
#12097 = CARTESIAN_POINT('',(396.,0.));
#12098 = VECTOR('',#12099,1.);
#12099 = DIRECTION('',(0.,1.));
#12100 = ( GEOMETRIC_REPRESENTATION_CONTEXT(2) 
PARAMETRIC_REPRESENTATION_CONTEXT() REPRESENTATION_CONTEXT('2D SPACE',''
  ) );
#12101 = ORIENTED_EDGE('',*,*,#12102,.F.);
#12102 = EDGE_CURVE('',#11575,#12078,#12103,.T.);
#12103 = SURFACE_CURVE('',#12104,(#12108,#12115),.PCURVE_S1.);
#12104 = LINE('',#12105,#12106);
#12105 = CARTESIAN_POINT('',(198.,-27.85,3.));
#12106 = VECTOR('',#12107,1.);
#12107 = DIRECTION('',(0.,0.,1.));
#12108 = PCURVE('',#11623,#12109);
#12109 = DEFINITIONAL_REPRESENTATION('',(#12110),#12114);
#12110 = LINE('',#12111,#12112);
#12111 = CARTESIAN_POINT('',(0.,-2.));
#12112 = VECTOR('',#12113,1.);
#12113 = DIRECTION('',(1.,0.));
#12114 = ( GEOMETRIC_REPRESENTATION_CONTEXT(2) 
PARAMETRIC_REPRESENTATION_CONTEXT() REPRESENTATION_CONTEXT('2D SPACE',''
  ) );
#12115 = PCURVE('',#11595,#12116);
#12116 = DEFINITIONAL_REPRESENTATION('',(#12117),#12121);
#12117 = LINE('',#12118,#12119);
#12118 = CARTESIAN_POINT('',(-0.,0.));
#12119 = VECTOR('',#12120,1.);
#12120 = DIRECTION('',(-0.,1.));
#12121 = ( GEOMETRIC_REPRESENTATION_CONTEXT(2) 
PARAMETRIC_REPRESENTATION_CONTEXT() REPRESENTATION_CONTEXT('2D SPACE',''
  ) );
#12122 = ORIENTED_EDGE('',*,*,#11607,.T.);
#12123 = ORIENTED_EDGE('',*,*,#12124,.T.);
#12124 = EDGE_CURVE('',#11608,#12080,#12125,.T.);
#12125 = SURFACE_CURVE('',#12126,(#12130,#12137),.PCURVE_S1.);
#12126 = LINE('',#12127,#12128);
#12127 = CARTESIAN_POINT('',(198.,27.85,3.));
#12128 = VECTOR('',#12129,1.);
#12129 = DIRECTION('',(0.,0.,1.));
#12130 = PCURVE('',#11623,#12131);
#12131 = DEFINITIONAL_REPRESENTATION('',(#12132),#12136);
#12132 = LINE('',#12133,#12134);
#12133 = CARTESIAN_POINT('',(0.,-57.7));
#12134 = VECTOR('',#12135,1.);
#12135 = DIRECTION('',(1.,0.));
#12136 = ( GEOMETRIC_REPRESENTATION_CONTEXT(2) 
PARAMETRIC_REPRESENTATION_CONTEXT() REPRESENTATION_CONTEXT('2D SPACE',''
  ) );
#12137 = PCURVE('',#11652,#12138);
#12138 = DEFINITIONAL_REPRESENTATION('',(#12139),#12143);
#12139 = LINE('',#12140,#12141);
#12140 = CARTESIAN_POINT('',(0.,0.));
#12141 = VECTOR('',#12142,1.);
#12142 = DIRECTION('',(0.,1.));
#12143 = ( GEOMETRIC_REPRESENTATION_CONTEXT(2) 
PARAMETRIC_REPRESENTATION_CONTEXT() REPRESENTATION_CONTEXT('2D SPACE',''
  ) );
#12144 = ADVANCED_FACE('',(#12145),#11652,.T.);
#12145 = FACE_BOUND('',#12146,.T.);
#12146 = EDGE_LOOP('',(#12147,#12148,#12171,#12193));
#12147 = ORIENTED_EDGE('',*,*,#11635,.T.);
#12148 = ORIENTED_EDGE('',*,*,#12149,.T.);
#12149 = EDGE_CURVE('',#11636,#12150,#12152,.T.);
#12150 = VERTEX_POINT('',#12151);
#12151 = CARTESIAN_POINT('',(196.,29.85,4.2));
#12152 = SURFACE_CURVE('',#12153,(#12157,#12164),.PCURVE_S1.);
#12153 = LINE('',#12154,#12155);
#12154 = CARTESIAN_POINT('',(196.,29.85,3.));
#12155 = VECTOR('',#12156,1.);
#12156 = DIRECTION('',(0.,0.,1.));
#12157 = PCURVE('',#11652,#12158);
#12158 = DEFINITIONAL_REPRESENTATION('',(#12159),#12163);
#12159 = LINE('',#12160,#12161);
#12160 = CARTESIAN_POINT('',(1.570796326795,0.));
#12161 = VECTOR('',#12162,1.);
#12162 = DIRECTION('',(0.,1.));
#12163 = ( GEOMETRIC_REPRESENTATION_CONTEXT(2) 
PARAMETRIC_REPRESENTATION_CONTEXT() REPRESENTATION_CONTEXT('2D SPACE',''
  ) );
#12164 = PCURVE('',#11680,#12165);
#12165 = DEFINITIONAL_REPRESENTATION('',(#12166),#12170);
#12166 = LINE('',#12167,#12168);
#12167 = CARTESIAN_POINT('',(0.,394.));
#12168 = VECTOR('',#12169,1.);
#12169 = DIRECTION('',(1.,0.));
#12170 = ( GEOMETRIC_REPRESENTATION_CONTEXT(2) 
PARAMETRIC_REPRESENTATION_CONTEXT() REPRESENTATION_CONTEXT('2D SPACE',''
  ) );
#12171 = ORIENTED_EDGE('',*,*,#12172,.F.);
#12172 = EDGE_CURVE('',#12080,#12150,#12173,.T.);
#12173 = SURFACE_CURVE('',#12174,(#12179,#12186),.PCURVE_S1.);
#12174 = CIRCLE('',#12175,2.);
#12175 = AXIS2_PLACEMENT_3D('',#12176,#12177,#12178);
#12176 = CARTESIAN_POINT('',(196.,27.85,4.2));
#12177 = DIRECTION('',(0.,0.,1.));
#12178 = DIRECTION('',(0.,-1.,0.));
#12179 = PCURVE('',#11652,#12180);
#12180 = DEFINITIONAL_REPRESENTATION('',(#12181),#12185);
#12181 = LINE('',#12182,#12183);
#12182 = CARTESIAN_POINT('',(-1.570796326795,1.2));
#12183 = VECTOR('',#12184,1.);
#12184 = DIRECTION('',(1.,0.));
#12185 = ( GEOMETRIC_REPRESENTATION_CONTEXT(2) 
PARAMETRIC_REPRESENTATION_CONTEXT() REPRESENTATION_CONTEXT('2D SPACE',''
  ) );
#12186 = PCURVE('',#11424,#12187);
#12187 = DEFINITIONAL_REPRESENTATION('',(#12188),#12192);
#12188 = CIRCLE('',#12189,2.);
#12189 = AXIS2_PLACEMENT_2D('',#12190,#12191);
#12190 = CARTESIAN_POINT('',(394.,57.7));
#12191 = DIRECTION('',(0.,-1.));
#12192 = ( GEOMETRIC_REPRESENTATION_CONTEXT(2) 
PARAMETRIC_REPRESENTATION_CONTEXT() REPRESENTATION_CONTEXT('2D SPACE',''
  ) );
#12193 = ORIENTED_EDGE('',*,*,#12124,.F.);
#12194 = ADVANCED_FACE('',(#12195),#11595,.T.);
#12195 = FACE_BOUND('',#12196,.F.);
#12196 = EDGE_LOOP('',(#12197,#12198,#12221,#12247));
#12197 = ORIENTED_EDGE('',*,*,#11574,.T.);
#12198 = ORIENTED_EDGE('',*,*,#12199,.T.);
#12199 = EDGE_CURVE('',#11547,#12200,#12202,.T.);
#12200 = VERTEX_POINT('',#12201);
#12201 = CARTESIAN_POINT('',(196.,-29.85,4.2));
#12202 = SURFACE_CURVE('',#12203,(#12207,#12214),.PCURVE_S1.);
#12203 = LINE('',#12204,#12205);
#12204 = CARTESIAN_POINT('',(196.,-29.85,3.));
#12205 = VECTOR('',#12206,1.);
#12206 = DIRECTION('',(0.,0.,1.));
#12207 = PCURVE('',#11595,#12208);
#12208 = DEFINITIONAL_REPRESENTATION('',(#12209),#12213);
#12209 = LINE('',#12210,#12211);
#12210 = CARTESIAN_POINT('',(-1.570796326795,0.));
#12211 = VECTOR('',#12212,1.);
#12212 = DIRECTION('',(-0.,1.));
#12213 = ( GEOMETRIC_REPRESENTATION_CONTEXT(2) 
PARAMETRIC_REPRESENTATION_CONTEXT() REPRESENTATION_CONTEXT('2D SPACE',''
  ) );
#12214 = PCURVE('',#11562,#12215);
#12215 = DEFINITIONAL_REPRESENTATION('',(#12216),#12220);
#12216 = LINE('',#12217,#12218);
#12217 = CARTESIAN_POINT('',(0.,394.));
#12218 = VECTOR('',#12219,1.);
#12219 = DIRECTION('',(1.,0.));
#12220 = ( GEOMETRIC_REPRESENTATION_CONTEXT(2) 
PARAMETRIC_REPRESENTATION_CONTEXT() REPRESENTATION_CONTEXT('2D SPACE',''
  ) );
#12221 = ORIENTED_EDGE('',*,*,#12222,.F.);
#12222 = EDGE_CURVE('',#12078,#12200,#12223,.T.);
#12223 = SURFACE_CURVE('',#12224,(#12229,#12236),.PCURVE_S1.);
#12224 = CIRCLE('',#12225,2.);
#12225 = AXIS2_PLACEMENT_3D('',#12226,#12227,#12228);
#12226 = CARTESIAN_POINT('',(196.,-27.85,4.2));
#12227 = DIRECTION('',(-0.,-0.,-1.));
#12228 = DIRECTION('',(0.,-1.,0.));
#12229 = PCURVE('',#11595,#12230);
#12230 = DEFINITIONAL_REPRESENTATION('',(#12231),#12235);
#12231 = LINE('',#12232,#12233);
#12232 = CARTESIAN_POINT('',(4.712388980385,1.2));
#12233 = VECTOR('',#12234,1.);
#12234 = DIRECTION('',(-1.,0.));
#12235 = ( GEOMETRIC_REPRESENTATION_CONTEXT(2) 
PARAMETRIC_REPRESENTATION_CONTEXT() REPRESENTATION_CONTEXT('2D SPACE',''
  ) );
#12236 = PCURVE('',#11424,#12237);
#12237 = DEFINITIONAL_REPRESENTATION('',(#12238),#12246);
#12238 = ( BOUNDED_CURVE() B_SPLINE_CURVE(2,(#12239,#12240,#12241,#12242
    ,#12243,#12244,#12245),.UNSPECIFIED.,.T.,.F.) 
B_SPLINE_CURVE_WITH_KNOTS((1,2,2,2,2,1),(-2.094395102393,0.,
    2.094395102393,4.188790204786,6.28318530718,8.377580409573),
.UNSPECIFIED.) CURVE() GEOMETRIC_REPRESENTATION_ITEM() 
RATIONAL_B_SPLINE_CURVE((1.,0.5,1.,0.5,1.,0.5,1.)) REPRESENTATION_ITEM(
  '') );
#12239 = CARTESIAN_POINT('',(394.,0.));
#12240 = CARTESIAN_POINT('',(390.53589838486,0.));
#12241 = CARTESIAN_POINT('',(392.26794919243,3.));
#12242 = CARTESIAN_POINT('',(394.,6.));
#12243 = CARTESIAN_POINT('',(395.73205080756,3.));
#12244 = CARTESIAN_POINT('',(397.46410161513,3.10862446895E-15));
#12245 = CARTESIAN_POINT('',(394.,0.));
#12246 = ( GEOMETRIC_REPRESENTATION_CONTEXT(2) 
PARAMETRIC_REPRESENTATION_CONTEXT() REPRESENTATION_CONTEXT('2D SPACE',''
  ) );
#12247 = ORIENTED_EDGE('',*,*,#12102,.F.);
#12248 = ADVANCED_FACE('',(#12249),#11680,.T.);
#12249 = FACE_BOUND('',#12250,.T.);
#12250 = EDGE_LOOP('',(#12251,#12252,#12275,#12296));
#12251 = ORIENTED_EDGE('',*,*,#11664,.F.);
#12252 = ORIENTED_EDGE('',*,*,#12253,.T.);
#12253 = EDGE_CURVE('',#11665,#12254,#12256,.T.);
#12254 = VERTEX_POINT('',#12255);
#12255 = CARTESIAN_POINT('',(-196.,29.85,4.2));
#12256 = SURFACE_CURVE('',#12257,(#12261,#12268),.PCURVE_S1.);
#12257 = LINE('',#12258,#12259);
#12258 = CARTESIAN_POINT('',(-196.,29.85,3.));
#12259 = VECTOR('',#12260,1.);
#12260 = DIRECTION('',(0.,0.,1.));
#12261 = PCURVE('',#11680,#12262);
#12262 = DEFINITIONAL_REPRESENTATION('',(#12263),#12267);
#12263 = LINE('',#12264,#12265);
#12264 = CARTESIAN_POINT('',(0.,2.));
#12265 = VECTOR('',#12266,1.);
#12266 = DIRECTION('',(1.,0.));
#12267 = ( GEOMETRIC_REPRESENTATION_CONTEXT(2) 
PARAMETRIC_REPRESENTATION_CONTEXT() REPRESENTATION_CONTEXT('2D SPACE',''
  ) );
#12268 = PCURVE('',#11506,#12269);
#12269 = DEFINITIONAL_REPRESENTATION('',(#12270),#12274);
#12270 = LINE('',#12271,#12272);
#12271 = CARTESIAN_POINT('',(-1.570796326795,0.));
#12272 = VECTOR('',#12273,1.);
#12273 = DIRECTION('',(-0.,1.));
#12274 = ( GEOMETRIC_REPRESENTATION_CONTEXT(2) 
PARAMETRIC_REPRESENTATION_CONTEXT() REPRESENTATION_CONTEXT('2D SPACE',''
  ) );
#12275 = ORIENTED_EDGE('',*,*,#12276,.T.);
#12276 = EDGE_CURVE('',#12254,#12150,#12277,.T.);
#12277 = SURFACE_CURVE('',#12278,(#12282,#12289),.PCURVE_S1.);
#12278 = LINE('',#12279,#12280);
#12279 = CARTESIAN_POINT('',(-198.,29.85,4.2));
#12280 = VECTOR('',#12281,1.);
#12281 = DIRECTION('',(1.,0.,0.));
#12282 = PCURVE('',#11680,#12283);
#12283 = DEFINITIONAL_REPRESENTATION('',(#12284),#12288);
#12284 = LINE('',#12285,#12286);
#12285 = CARTESIAN_POINT('',(1.2,0.));
#12286 = VECTOR('',#12287,1.);
#12287 = DIRECTION('',(0.,1.));
#12288 = ( GEOMETRIC_REPRESENTATION_CONTEXT(2) 
PARAMETRIC_REPRESENTATION_CONTEXT() REPRESENTATION_CONTEXT('2D SPACE',''
  ) );
#12289 = PCURVE('',#11424,#12290);
#12290 = DEFINITIONAL_REPRESENTATION('',(#12291),#12295);
#12291 = LINE('',#12292,#12293);
#12292 = CARTESIAN_POINT('',(0.,59.7));
#12293 = VECTOR('',#12294,1.);
#12294 = DIRECTION('',(1.,0.));
#12295 = ( GEOMETRIC_REPRESENTATION_CONTEXT(2) 
PARAMETRIC_REPRESENTATION_CONTEXT() REPRESENTATION_CONTEXT('2D SPACE',''
  ) );
#12296 = ORIENTED_EDGE('',*,*,#12149,.F.);
#12297 = ADVANCED_FACE('',(#12298),#11562,.F.);
#12298 = FACE_BOUND('',#12299,.F.);
#12299 = EDGE_LOOP('',(#12300,#12301,#12324,#12345));
#12300 = ORIENTED_EDGE('',*,*,#11546,.F.);
#12301 = ORIENTED_EDGE('',*,*,#12302,.T.);
#12302 = EDGE_CURVE('',#11523,#12303,#12305,.T.);
#12303 = VERTEX_POINT('',#12304);
#12304 = CARTESIAN_POINT('',(-196.,-29.85,4.2));
#12305 = SURFACE_CURVE('',#12306,(#12310,#12317),.PCURVE_S1.);
#12306 = LINE('',#12307,#12308);
#12307 = CARTESIAN_POINT('',(-196.,-29.85,3.));
#12308 = VECTOR('',#12309,1.);
#12309 = DIRECTION('',(0.,0.,1.));
#12310 = PCURVE('',#11562,#12311);
#12311 = DEFINITIONAL_REPRESENTATION('',(#12312),#12316);
#12312 = LINE('',#12313,#12314);
#12313 = CARTESIAN_POINT('',(0.,2.));
#12314 = VECTOR('',#12315,1.);
#12315 = DIRECTION('',(1.,0.));
#12316 = ( GEOMETRIC_REPRESENTATION_CONTEXT(2) 
PARAMETRIC_REPRESENTATION_CONTEXT() REPRESENTATION_CONTEXT('2D SPACE',''
  ) );
#12317 = PCURVE('',#11452,#12318);
#12318 = DEFINITIONAL_REPRESENTATION('',(#12319),#12323);
#12319 = LINE('',#12320,#12321);
#12320 = CARTESIAN_POINT('',(1.570796326795,0.));
#12321 = VECTOR('',#12322,1.);
#12322 = DIRECTION('',(0.,1.));
#12323 = ( GEOMETRIC_REPRESENTATION_CONTEXT(2) 
PARAMETRIC_REPRESENTATION_CONTEXT() REPRESENTATION_CONTEXT('2D SPACE',''
  ) );
#12324 = ORIENTED_EDGE('',*,*,#12325,.T.);
#12325 = EDGE_CURVE('',#12303,#12200,#12326,.T.);
#12326 = SURFACE_CURVE('',#12327,(#12331,#12338),.PCURVE_S1.);
#12327 = LINE('',#12328,#12329);
#12328 = CARTESIAN_POINT('',(-198.,-29.85,4.2));
#12329 = VECTOR('',#12330,1.);
#12330 = DIRECTION('',(1.,0.,0.));
#12331 = PCURVE('',#11562,#12332);
#12332 = DEFINITIONAL_REPRESENTATION('',(#12333),#12337);
#12333 = LINE('',#12334,#12335);
#12334 = CARTESIAN_POINT('',(1.2,0.));
#12335 = VECTOR('',#12336,1.);
#12336 = DIRECTION('',(0.,1.));
#12337 = ( GEOMETRIC_REPRESENTATION_CONTEXT(2) 
PARAMETRIC_REPRESENTATION_CONTEXT() REPRESENTATION_CONTEXT('2D SPACE',''
  ) );
#12338 = PCURVE('',#11424,#12339);
#12339 = DEFINITIONAL_REPRESENTATION('',(#12340),#12344);
#12340 = LINE('',#12341,#12342);
#12341 = CARTESIAN_POINT('',(0.,0.));
#12342 = VECTOR('',#12343,1.);
#12343 = DIRECTION('',(1.,0.));
#12344 = ( GEOMETRIC_REPRESENTATION_CONTEXT(2) 
PARAMETRIC_REPRESENTATION_CONTEXT() REPRESENTATION_CONTEXT('2D SPACE',''
  ) );
#12345 = ORIENTED_EDGE('',*,*,#12199,.F.);
#12346 = ADVANCED_FACE('',(#12347),#11506,.T.);
#12347 = FACE_BOUND('',#12348,.F.);
#12348 = EDGE_LOOP('',(#12349,#12350,#12351,#12377));
#12349 = ORIENTED_EDGE('',*,*,#11692,.T.);
#12350 = ORIENTED_EDGE('',*,*,#12253,.T.);
#12351 = ORIENTED_EDGE('',*,*,#12352,.F.);
#12352 = EDGE_CURVE('',#11404,#12254,#12353,.T.);
#12353 = SURFACE_CURVE('',#12354,(#12359,#12366),.PCURVE_S1.);
#12354 = CIRCLE('',#12355,2.);
#12355 = AXIS2_PLACEMENT_3D('',#12356,#12357,#12358);
#12356 = CARTESIAN_POINT('',(-196.,27.85,4.2));
#12357 = DIRECTION('',(-0.,-0.,-1.));
#12358 = DIRECTION('',(0.,-1.,0.));
#12359 = PCURVE('',#11506,#12360);
#12360 = DEFINITIONAL_REPRESENTATION('',(#12361),#12365);
#12361 = LINE('',#12362,#12363);
#12362 = CARTESIAN_POINT('',(1.570796326795,1.2));
#12363 = VECTOR('',#12364,1.);
#12364 = DIRECTION('',(-1.,0.));
#12365 = ( GEOMETRIC_REPRESENTATION_CONTEXT(2) 
PARAMETRIC_REPRESENTATION_CONTEXT() REPRESENTATION_CONTEXT('2D SPACE',''
  ) );
#12366 = PCURVE('',#11424,#12367);
#12367 = DEFINITIONAL_REPRESENTATION('',(#12368),#12376);
#12368 = ( BOUNDED_CURVE() B_SPLINE_CURVE(2,(#12369,#12370,#12371,#12372
    ,#12373,#12374,#12375),.UNSPECIFIED.,.T.,.F.) 
B_SPLINE_CURVE_WITH_KNOTS((1,2,2,2,2,1),(-2.094395102393,0.,
    2.094395102393,4.188790204786,6.28318530718,8.377580409573),
.UNSPECIFIED.) CURVE() GEOMETRIC_REPRESENTATION_ITEM() 
RATIONAL_B_SPLINE_CURVE((1.,0.5,1.,0.5,1.,0.5,1.)) REPRESENTATION_ITEM(
  '') );
#12369 = CARTESIAN_POINT('',(2.,55.7));
#12370 = CARTESIAN_POINT('',(-1.464101615138,55.7));
#12371 = CARTESIAN_POINT('',(0.267949192431,58.7));
#12372 = CARTESIAN_POINT('',(2.,61.7));
#12373 = CARTESIAN_POINT('',(3.732050807569,58.7));
#12374 = CARTESIAN_POINT('',(5.464101615138,55.7));
#12375 = CARTESIAN_POINT('',(2.,55.7));
#12376 = ( GEOMETRIC_REPRESENTATION_CONTEXT(2) 
PARAMETRIC_REPRESENTATION_CONTEXT() REPRESENTATION_CONTEXT('2D SPACE',''
  ) );
#12377 = ORIENTED_EDGE('',*,*,#11492,.F.);
#12378 = ADVANCED_FACE('',(#12379),#11452,.T.);
#12379 = FACE_BOUND('',#12380,.T.);
#12380 = EDGE_LOOP('',(#12381,#12382,#12383,#12405));
#12381 = ORIENTED_EDGE('',*,*,#11522,.T.);
#12382 = ORIENTED_EDGE('',*,*,#12302,.T.);
#12383 = ORIENTED_EDGE('',*,*,#12384,.F.);
#12384 = EDGE_CURVE('',#11402,#12303,#12385,.T.);
#12385 = SURFACE_CURVE('',#12386,(#12391,#12398),.PCURVE_S1.);
#12386 = CIRCLE('',#12387,2.);
#12387 = AXIS2_PLACEMENT_3D('',#12388,#12389,#12390);
#12388 = CARTESIAN_POINT('',(-196.,-27.85,4.2));
#12389 = DIRECTION('',(0.,0.,1.));
#12390 = DIRECTION('',(0.,-1.,0.));
#12391 = PCURVE('',#11452,#12392);
#12392 = DEFINITIONAL_REPRESENTATION('',(#12393),#12397);
#12393 = LINE('',#12394,#12395);
#12394 = CARTESIAN_POINT('',(-4.712388980385,1.2));
#12395 = VECTOR('',#12396,1.);
#12396 = DIRECTION('',(1.,0.));
#12397 = ( GEOMETRIC_REPRESENTATION_CONTEXT(2) 
PARAMETRIC_REPRESENTATION_CONTEXT() REPRESENTATION_CONTEXT('2D SPACE',''
  ) );
#12398 = PCURVE('',#11424,#12399);
#12399 = DEFINITIONAL_REPRESENTATION('',(#12400),#12404);
#12400 = CIRCLE('',#12401,2.);
#12401 = AXIS2_PLACEMENT_2D('',#12402,#12403);
#12402 = CARTESIAN_POINT('',(2.,2.));
#12403 = DIRECTION('',(0.,-1.));
#12404 = ( GEOMETRIC_REPRESENTATION_CONTEXT(2) 
PARAMETRIC_REPRESENTATION_CONTEXT() REPRESENTATION_CONTEXT('2D SPACE',''
  ) );
#12405 = ORIENTED_EDGE('',*,*,#11436,.F.);
#12406 = ADVANCED_FACE('',(#12407,#12417,#12420,#12423,#12426),#11424,
  .T.);
#12407 = FACE_BOUND('',#12408,.T.);
#12408 = EDGE_LOOP('',(#12409,#12410,#12411,#12412,#12413,#12414,#12415,
    #12416));
#12409 = ORIENTED_EDGE('',*,*,#11401,.F.);
#12410 = ORIENTED_EDGE('',*,*,#12384,.T.);
#12411 = ORIENTED_EDGE('',*,*,#12325,.T.);
#12412 = ORIENTED_EDGE('',*,*,#12222,.F.);
#12413 = ORIENTED_EDGE('',*,*,#12077,.T.);
#12414 = ORIENTED_EDGE('',*,*,#12172,.T.);
#12415 = ORIENTED_EDGE('',*,*,#12276,.F.);
#12416 = ORIENTED_EDGE('',*,*,#12352,.F.);
#12417 = FACE_BOUND('',#12418,.T.);
#12418 = EDGE_LOOP('',(#12419));
#12419 = ORIENTED_EDGE('',*,*,#12047,.T.);
#12420 = FACE_BOUND('',#12421,.T.);
#12421 = EDGE_LOOP('',(#12422));
#12422 = ORIENTED_EDGE('',*,*,#11993,.T.);
#12423 = FACE_BOUND('',#12424,.T.);
#12424 = EDGE_LOOP('',(#12425));
#12425 = ORIENTED_EDGE('',*,*,#11939,.T.);
#12426 = FACE_BOUND('',#12427,.T.);
#12427 = EDGE_LOOP('',(#12428));
#12428 = ORIENTED_EDGE('',*,*,#11885,.T.);
#12429 = ( GEOMETRIC_REPRESENTATION_CONTEXT(3) 
GLOBAL_UNCERTAINTY_ASSIGNED_CONTEXT((#12433)) 
GLOBAL_UNIT_ASSIGNED_CONTEXT((#12430,#12431,#12432)) 
REPRESENTATION_CONTEXT('Context #1',
  '3D Context with UNIT and UNCERTAINTY') );
#12430 = ( LENGTH_UNIT() NAMED_UNIT(*) SI_UNIT(.MILLI.,.METRE.) );
#12431 = ( NAMED_UNIT(*) PLANE_ANGLE_UNIT() SI_UNIT($,.RADIAN.) );
#12432 = ( NAMED_UNIT(*) SI_UNIT($,.STERADIAN.) SOLID_ANGLE_UNIT() );
#12433 = UNCERTAINTY_MEASURE_WITH_UNIT(LENGTH_MEASURE(1.E-07),#12430,
  'distance_accuracy_value','confusion accuracy');
#12434 = CONTEXT_DEPENDENT_SHAPE_REPRESENTATION(#12435,#12437);
#12435 = ( REPRESENTATION_RELATIONSHIP('','',#11394,#55) 
REPRESENTATION_RELATIONSHIP_WITH_TRANSFORMATION(#12436) 
SHAPE_REPRESENTATION_RELATIONSHIP() );
#12436 = ITEM_DEFINED_TRANSFORMATION('','',#11,#64);
#12437 = PRODUCT_DEFINITION_SHAPE('Placement','Placement of an item',
  #12438);
#12438 = NEXT_ASSEMBLY_USAGE_OCCURRENCE('3','','',#50,#11389,$);
#12439 = PRODUCT_RELATED_PRODUCT_CATEGORY('part',$,(#11391));
#12440 = SHAPE_DEFINITION_REPRESENTATION(#12441,#12447);
#12441 = PRODUCT_DEFINITION_SHAPE('','',#12442);
#12442 = PRODUCT_DEFINITION('design','',#12443,#12446);
#12443 = PRODUCT_DEFINITION_FORMATION('','',#12444);
#12444 = PRODUCT('Open CASCADE STEP translator 7.9 4.1.1.4',
  'Open CASCADE STEP translator 7.9 4.1.1.4','',(#12445));
#12445 = PRODUCT_CONTEXT('',#2,'mechanical');
#12446 = PRODUCT_DEFINITION_CONTEXT('part definition',#2,'design');
#12447 = ADVANCED_BREP_SHAPE_REPRESENTATION('',(#11,#12448),#13482);
#12448 = MANIFOLD_SOLID_BREP('',#12449);
#12449 = CLOSED_SHELL('',(#12450,#12570,#12910,#12964,#13018,#13072,
    #13126,#13197,#13247,#13301,#13350,#13399,#13431,#13459));
#12450 = ADVANCED_FACE('',(#12451),#12465,.F.);
#12451 = FACE_BOUND('',#12452,.F.);
#12452 = EDGE_LOOP('',(#12453,#12488,#12516,#12544));
#12453 = ORIENTED_EDGE('',*,*,#12454,.F.);
#12454 = EDGE_CURVE('',#12455,#12457,#12459,.T.);
#12455 = VERTEX_POINT('',#12456);
#12456 = CARTESIAN_POINT('',(-198.,-25.85,7.));
#12457 = VERTEX_POINT('',#12458);
#12458 = CARTESIAN_POINT('',(-198.,25.85,7.));
#12459 = SURFACE_CURVE('',#12460,(#12464,#12476),.PCURVE_S1.);
#12460 = LINE('',#12461,#12462);
#12461 = CARTESIAN_POINT('',(-198.,-27.85,7.));
#12462 = VECTOR('',#12463,1.);
#12463 = DIRECTION('',(0.,1.,0.));
#12464 = PCURVE('',#12465,#12470);
#12465 = PLANE('',#12466);
#12466 = AXIS2_PLACEMENT_3D('',#12467,#12468,#12469);
#12467 = CARTESIAN_POINT('',(-198.,-27.85,5.8));
#12468 = DIRECTION('',(1.,0.,0.));
#12469 = DIRECTION('',(0.,0.,1.));
#12470 = DEFINITIONAL_REPRESENTATION('',(#12471),#12475);
#12471 = LINE('',#12472,#12473);
#12472 = CARTESIAN_POINT('',(1.2,0.));
#12473 = VECTOR('',#12474,1.);
#12474 = DIRECTION('',(0.,-1.));
#12475 = ( GEOMETRIC_REPRESENTATION_CONTEXT(2) 
PARAMETRIC_REPRESENTATION_CONTEXT() REPRESENTATION_CONTEXT('2D SPACE',''
  ) );
#12476 = PCURVE('',#12477,#12482);
#12477 = PLANE('',#12478);
#12478 = AXIS2_PLACEMENT_3D('',#12479,#12480,#12481);
#12479 = CARTESIAN_POINT('',(-198.,-27.85,7.));
#12480 = DIRECTION('',(0.,0.,1.));
#12481 = DIRECTION('',(1.,0.,0.));
#12482 = DEFINITIONAL_REPRESENTATION('',(#12483),#12487);
#12483 = LINE('',#12484,#12485);
#12484 = CARTESIAN_POINT('',(0.,0.));
#12485 = VECTOR('',#12486,1.);
#12486 = DIRECTION('',(0.,1.));
#12487 = ( GEOMETRIC_REPRESENTATION_CONTEXT(2) 
PARAMETRIC_REPRESENTATION_CONTEXT() REPRESENTATION_CONTEXT('2D SPACE',''
  ) );
#12488 = ORIENTED_EDGE('',*,*,#12489,.F.);
#12489 = EDGE_CURVE('',#12490,#12455,#12492,.T.);
#12490 = VERTEX_POINT('',#12491);
#12491 = CARTESIAN_POINT('',(-198.,-25.85,5.8));
#12492 = SURFACE_CURVE('',#12493,(#12497,#12504),.PCURVE_S1.);
#12493 = LINE('',#12494,#12495);
#12494 = CARTESIAN_POINT('',(-198.,-25.85,5.8));
#12495 = VECTOR('',#12496,1.);
#12496 = DIRECTION('',(0.,0.,1.));
#12497 = PCURVE('',#12465,#12498);
#12498 = DEFINITIONAL_REPRESENTATION('',(#12499),#12503);
#12499 = LINE('',#12500,#12501);
#12500 = CARTESIAN_POINT('',(0.,-2.));
#12501 = VECTOR('',#12502,1.);
#12502 = DIRECTION('',(1.,0.));
#12503 = ( GEOMETRIC_REPRESENTATION_CONTEXT(2) 
PARAMETRIC_REPRESENTATION_CONTEXT() REPRESENTATION_CONTEXT('2D SPACE',''
  ) );
#12504 = PCURVE('',#12505,#12510);
#12505 = CYLINDRICAL_SURFACE('',#12506,2.);
#12506 = AXIS2_PLACEMENT_3D('',#12507,#12508,#12509);
#12507 = CARTESIAN_POINT('',(-196.,-25.85,5.8));
#12508 = DIRECTION('',(0.,0.,1.));
#12509 = DIRECTION('',(-1.,-0.,0.));
#12510 = DEFINITIONAL_REPRESENTATION('',(#12511),#12515);
#12511 = LINE('',#12512,#12513);
#12512 = CARTESIAN_POINT('',(0.,0.));
#12513 = VECTOR('',#12514,1.);
#12514 = DIRECTION('',(0.,1.));
#12515 = ( GEOMETRIC_REPRESENTATION_CONTEXT(2) 
PARAMETRIC_REPRESENTATION_CONTEXT() REPRESENTATION_CONTEXT('2D SPACE',''
  ) );
#12516 = ORIENTED_EDGE('',*,*,#12517,.T.);
#12517 = EDGE_CURVE('',#12490,#12518,#12520,.T.);
#12518 = VERTEX_POINT('',#12519);
#12519 = CARTESIAN_POINT('',(-198.,25.85,5.8));
#12520 = SURFACE_CURVE('',#12521,(#12525,#12532),.PCURVE_S1.);
#12521 = LINE('',#12522,#12523);
#12522 = CARTESIAN_POINT('',(-198.,-27.85,5.8));
#12523 = VECTOR('',#12524,1.);
#12524 = DIRECTION('',(0.,1.,0.));
#12525 = PCURVE('',#12465,#12526);
#12526 = DEFINITIONAL_REPRESENTATION('',(#12527),#12531);
#12527 = LINE('',#12528,#12529);
#12528 = CARTESIAN_POINT('',(0.,0.));
#12529 = VECTOR('',#12530,1.);
#12530 = DIRECTION('',(0.,-1.));
#12531 = ( GEOMETRIC_REPRESENTATION_CONTEXT(2) 
PARAMETRIC_REPRESENTATION_CONTEXT() REPRESENTATION_CONTEXT('2D SPACE',''
  ) );
#12532 = PCURVE('',#12533,#12538);
#12533 = PLANE('',#12534);
#12534 = AXIS2_PLACEMENT_3D('',#12535,#12536,#12537);
#12535 = CARTESIAN_POINT('',(-198.,-27.85,5.8));
#12536 = DIRECTION('',(0.,0.,1.));
#12537 = DIRECTION('',(1.,0.,0.));
#12538 = DEFINITIONAL_REPRESENTATION('',(#12539),#12543);
#12539 = LINE('',#12540,#12541);
#12540 = CARTESIAN_POINT('',(0.,0.));
#12541 = VECTOR('',#12542,1.);
#12542 = DIRECTION('',(0.,1.));
#12543 = ( GEOMETRIC_REPRESENTATION_CONTEXT(2) 
PARAMETRIC_REPRESENTATION_CONTEXT() REPRESENTATION_CONTEXT('2D SPACE',''
  ) );
#12544 = ORIENTED_EDGE('',*,*,#12545,.T.);
#12545 = EDGE_CURVE('',#12518,#12457,#12546,.T.);
#12546 = SURFACE_CURVE('',#12547,(#12551,#12558),.PCURVE_S1.);
#12547 = LINE('',#12548,#12549);
#12548 = CARTESIAN_POINT('',(-198.,25.85,5.8));
#12549 = VECTOR('',#12550,1.);
#12550 = DIRECTION('',(0.,0.,1.));
#12551 = PCURVE('',#12465,#12552);
#12552 = DEFINITIONAL_REPRESENTATION('',(#12553),#12557);
#12553 = LINE('',#12554,#12555);
#12554 = CARTESIAN_POINT('',(0.,-53.7));
#12555 = VECTOR('',#12556,1.);
#12556 = DIRECTION('',(1.,0.));
#12557 = ( GEOMETRIC_REPRESENTATION_CONTEXT(2) 
PARAMETRIC_REPRESENTATION_CONTEXT() REPRESENTATION_CONTEXT('2D SPACE',''
  ) );
#12558 = PCURVE('',#12559,#12564);
#12559 = CYLINDRICAL_SURFACE('',#12560,2.);
#12560 = AXIS2_PLACEMENT_3D('',#12561,#12562,#12563);
#12561 = CARTESIAN_POINT('',(-196.,25.85,5.8));
#12562 = DIRECTION('',(0.,0.,1.));
#12563 = DIRECTION('',(-1.,-0.,0.));
#12564 = DEFINITIONAL_REPRESENTATION('',(#12565),#12569);
#12565 = LINE('',#12566,#12567);
#12566 = CARTESIAN_POINT('',(-0.,0.));
#12567 = VECTOR('',#12568,1.);
#12568 = DIRECTION('',(-0.,1.));
#12569 = ( GEOMETRIC_REPRESENTATION_CONTEXT(2) 
PARAMETRIC_REPRESENTATION_CONTEXT() REPRESENTATION_CONTEXT('2D SPACE',''
  ) );
#12570 = ADVANCED_FACE('',(#12571,#12770,#12805,#12840,#12875),#12533,
  .F.);
#12571 = FACE_BOUND('',#12572,.F.);
#12572 = EDGE_LOOP('',(#12573,#12574,#12598,#12626,#12659,#12687,#12716,
    #12744));
#12573 = ORIENTED_EDGE('',*,*,#12517,.F.);
#12574 = ORIENTED_EDGE('',*,*,#12575,.T.);
#12575 = EDGE_CURVE('',#12490,#12576,#12578,.T.);
#12576 = VERTEX_POINT('',#12577);
#12577 = CARTESIAN_POINT('',(-196.,-27.85,5.8));
#12578 = SURFACE_CURVE('',#12579,(#12584,#12591),.PCURVE_S1.);
#12579 = CIRCLE('',#12580,2.);
#12580 = AXIS2_PLACEMENT_3D('',#12581,#12582,#12583);
#12581 = CARTESIAN_POINT('',(-196.,-25.85,5.8));
#12582 = DIRECTION('',(0.,0.,1.));
#12583 = DIRECTION('',(0.,-1.,0.));
#12584 = PCURVE('',#12533,#12585);
#12585 = DEFINITIONAL_REPRESENTATION('',(#12586),#12590);
#12586 = CIRCLE('',#12587,2.);
#12587 = AXIS2_PLACEMENT_2D('',#12588,#12589);
#12588 = CARTESIAN_POINT('',(2.,2.));
#12589 = DIRECTION('',(0.,-1.));
#12590 = ( GEOMETRIC_REPRESENTATION_CONTEXT(2) 
PARAMETRIC_REPRESENTATION_CONTEXT() REPRESENTATION_CONTEXT('2D SPACE',''
  ) );
#12591 = PCURVE('',#12505,#12592);
#12592 = DEFINITIONAL_REPRESENTATION('',(#12593),#12597);
#12593 = LINE('',#12594,#12595);
#12594 = CARTESIAN_POINT('',(-4.712388980385,0.));
#12595 = VECTOR('',#12596,1.);
#12596 = DIRECTION('',(1.,0.));
#12597 = ( GEOMETRIC_REPRESENTATION_CONTEXT(2) 
PARAMETRIC_REPRESENTATION_CONTEXT() REPRESENTATION_CONTEXT('2D SPACE',''
  ) );
#12598 = ORIENTED_EDGE('',*,*,#12599,.T.);
#12599 = EDGE_CURVE('',#12576,#12600,#12602,.T.);
#12600 = VERTEX_POINT('',#12601);
#12601 = CARTESIAN_POINT('',(196.,-27.85,5.8));
#12602 = SURFACE_CURVE('',#12603,(#12607,#12614),.PCURVE_S1.);
#12603 = LINE('',#12604,#12605);
#12604 = CARTESIAN_POINT('',(-198.,-27.85,5.8));
#12605 = VECTOR('',#12606,1.);
#12606 = DIRECTION('',(1.,0.,0.));
#12607 = PCURVE('',#12533,#12608);
#12608 = DEFINITIONAL_REPRESENTATION('',(#12609),#12613);
#12609 = LINE('',#12610,#12611);
#12610 = CARTESIAN_POINT('',(0.,0.));
#12611 = VECTOR('',#12612,1.);
#12612 = DIRECTION('',(1.,0.));
#12613 = ( GEOMETRIC_REPRESENTATION_CONTEXT(2) 
PARAMETRIC_REPRESENTATION_CONTEXT() REPRESENTATION_CONTEXT('2D SPACE',''
  ) );
#12614 = PCURVE('',#12615,#12620);
#12615 = PLANE('',#12616);
#12616 = AXIS2_PLACEMENT_3D('',#12617,#12618,#12619);
#12617 = CARTESIAN_POINT('',(-198.,-27.85,5.8));
#12618 = DIRECTION('',(0.,1.,0.));
#12619 = DIRECTION('',(0.,0.,1.));
#12620 = DEFINITIONAL_REPRESENTATION('',(#12621),#12625);
#12621 = LINE('',#12622,#12623);
#12622 = CARTESIAN_POINT('',(0.,0.));
#12623 = VECTOR('',#12624,1.);
#12624 = DIRECTION('',(0.,1.));
#12625 = ( GEOMETRIC_REPRESENTATION_CONTEXT(2) 
PARAMETRIC_REPRESENTATION_CONTEXT() REPRESENTATION_CONTEXT('2D SPACE',''
  ) );
#12626 = ORIENTED_EDGE('',*,*,#12627,.F.);
#12627 = EDGE_CURVE('',#12628,#12600,#12630,.T.);
#12628 = VERTEX_POINT('',#12629);
#12629 = CARTESIAN_POINT('',(198.,-25.85,5.8));
#12630 = SURFACE_CURVE('',#12631,(#12636,#12647),.PCURVE_S1.);
#12631 = CIRCLE('',#12632,2.);
#12632 = AXIS2_PLACEMENT_3D('',#12633,#12634,#12635);
#12633 = CARTESIAN_POINT('',(196.,-25.85,5.8));
#12634 = DIRECTION('',(-0.,-0.,-1.));
#12635 = DIRECTION('',(0.,-1.,0.));
#12636 = PCURVE('',#12533,#12637);
#12637 = DEFINITIONAL_REPRESENTATION('',(#12638),#12646);
#12638 = ( BOUNDED_CURVE() B_SPLINE_CURVE(2,(#12639,#12640,#12641,#12642
    ,#12643,#12644,#12645),.UNSPECIFIED.,.T.,.F.) 
B_SPLINE_CURVE_WITH_KNOTS((1,2,2,2,2,1),(-2.094395102393,0.,
    2.094395102393,4.188790204786,6.28318530718,8.377580409573),
.UNSPECIFIED.) CURVE() GEOMETRIC_REPRESENTATION_ITEM() 
RATIONAL_B_SPLINE_CURVE((1.,0.5,1.,0.5,1.,0.5,1.)) REPRESENTATION_ITEM(
  '') );
#12639 = CARTESIAN_POINT('',(394.,0.));
#12640 = CARTESIAN_POINT('',(390.53589838486,0.));
#12641 = CARTESIAN_POINT('',(392.26794919243,3.));
#12642 = CARTESIAN_POINT('',(394.,6.));
#12643 = CARTESIAN_POINT('',(395.73205080756,3.));
#12644 = CARTESIAN_POINT('',(397.46410161513,3.10862446895E-15));
#12645 = CARTESIAN_POINT('',(394.,0.));
#12646 = ( GEOMETRIC_REPRESENTATION_CONTEXT(2) 
PARAMETRIC_REPRESENTATION_CONTEXT() REPRESENTATION_CONTEXT('2D SPACE',''
  ) );
#12647 = PCURVE('',#12648,#12653);
#12648 = CYLINDRICAL_SURFACE('',#12649,2.);
#12649 = AXIS2_PLACEMENT_3D('',#12650,#12651,#12652);
#12650 = CARTESIAN_POINT('',(196.,-25.85,5.8));
#12651 = DIRECTION('',(0.,0.,1.));
#12652 = DIRECTION('',(1.,0.,-0.));
#12653 = DEFINITIONAL_REPRESENTATION('',(#12654),#12658);
#12654 = LINE('',#12655,#12656);
#12655 = CARTESIAN_POINT('',(4.712388980385,-0.));
#12656 = VECTOR('',#12657,1.);
#12657 = DIRECTION('',(-1.,0.));
#12658 = ( GEOMETRIC_REPRESENTATION_CONTEXT(2) 
PARAMETRIC_REPRESENTATION_CONTEXT() REPRESENTATION_CONTEXT('2D SPACE',''
  ) );
#12659 = ORIENTED_EDGE('',*,*,#12660,.T.);
#12660 = EDGE_CURVE('',#12628,#12661,#12663,.T.);
#12661 = VERTEX_POINT('',#12662);
#12662 = CARTESIAN_POINT('',(198.,25.85,5.8));
#12663 = SURFACE_CURVE('',#12664,(#12668,#12675),.PCURVE_S1.);
#12664 = LINE('',#12665,#12666);
#12665 = CARTESIAN_POINT('',(198.,-27.85,5.8));
#12666 = VECTOR('',#12667,1.);
#12667 = DIRECTION('',(0.,1.,0.));
#12668 = PCURVE('',#12533,#12669);
#12669 = DEFINITIONAL_REPRESENTATION('',(#12670),#12674);
#12670 = LINE('',#12671,#12672);
#12671 = CARTESIAN_POINT('',(396.,0.));
#12672 = VECTOR('',#12673,1.);
#12673 = DIRECTION('',(0.,1.));
#12674 = ( GEOMETRIC_REPRESENTATION_CONTEXT(2) 
PARAMETRIC_REPRESENTATION_CONTEXT() REPRESENTATION_CONTEXT('2D SPACE',''
  ) );
#12675 = PCURVE('',#12676,#12681);
#12676 = PLANE('',#12677);
#12677 = AXIS2_PLACEMENT_3D('',#12678,#12679,#12680);
#12678 = CARTESIAN_POINT('',(198.,-27.85,5.8));
#12679 = DIRECTION('',(1.,0.,0.));
#12680 = DIRECTION('',(0.,0.,1.));
#12681 = DEFINITIONAL_REPRESENTATION('',(#12682),#12686);
#12682 = LINE('',#12683,#12684);
#12683 = CARTESIAN_POINT('',(0.,0.));
#12684 = VECTOR('',#12685,1.);
#12685 = DIRECTION('',(0.,-1.));
#12686 = ( GEOMETRIC_REPRESENTATION_CONTEXT(2) 
PARAMETRIC_REPRESENTATION_CONTEXT() REPRESENTATION_CONTEXT('2D SPACE',''
  ) );
#12687 = ORIENTED_EDGE('',*,*,#12688,.T.);
#12688 = EDGE_CURVE('',#12661,#12689,#12691,.T.);
#12689 = VERTEX_POINT('',#12690);
#12690 = CARTESIAN_POINT('',(196.,27.85,5.8));
#12691 = SURFACE_CURVE('',#12692,(#12697,#12704),.PCURVE_S1.);
#12692 = CIRCLE('',#12693,2.);
#12693 = AXIS2_PLACEMENT_3D('',#12694,#12695,#12696);
#12694 = CARTESIAN_POINT('',(196.,25.85,5.8));
#12695 = DIRECTION('',(0.,0.,1.));
#12696 = DIRECTION('',(0.,-1.,0.));
#12697 = PCURVE('',#12533,#12698);
#12698 = DEFINITIONAL_REPRESENTATION('',(#12699),#12703);
#12699 = CIRCLE('',#12700,2.);
#12700 = AXIS2_PLACEMENT_2D('',#12701,#12702);
#12701 = CARTESIAN_POINT('',(394.,53.7));
#12702 = DIRECTION('',(0.,-1.));
#12703 = ( GEOMETRIC_REPRESENTATION_CONTEXT(2) 
PARAMETRIC_REPRESENTATION_CONTEXT() REPRESENTATION_CONTEXT('2D SPACE',''
  ) );
#12704 = PCURVE('',#12705,#12710);
#12705 = CYLINDRICAL_SURFACE('',#12706,2.);
#12706 = AXIS2_PLACEMENT_3D('',#12707,#12708,#12709);
#12707 = CARTESIAN_POINT('',(196.,25.85,5.8));
#12708 = DIRECTION('',(0.,0.,1.));
#12709 = DIRECTION('',(1.,0.,-0.));
#12710 = DEFINITIONAL_REPRESENTATION('',(#12711),#12715);
#12711 = LINE('',#12712,#12713);
#12712 = CARTESIAN_POINT('',(-1.570796326795,0.));
#12713 = VECTOR('',#12714,1.);
#12714 = DIRECTION('',(1.,0.));
#12715 = ( GEOMETRIC_REPRESENTATION_CONTEXT(2) 
PARAMETRIC_REPRESENTATION_CONTEXT() REPRESENTATION_CONTEXT('2D SPACE',''
  ) );
#12716 = ORIENTED_EDGE('',*,*,#12717,.F.);
#12717 = EDGE_CURVE('',#12718,#12689,#12720,.T.);
#12718 = VERTEX_POINT('',#12719);
#12719 = CARTESIAN_POINT('',(-196.,27.85,5.8));
#12720 = SURFACE_CURVE('',#12721,(#12725,#12732),.PCURVE_S1.);
#12721 = LINE('',#12722,#12723);
#12722 = CARTESIAN_POINT('',(-198.,27.85,5.8));
#12723 = VECTOR('',#12724,1.);
#12724 = DIRECTION('',(1.,0.,0.));
#12725 = PCURVE('',#12533,#12726);
#12726 = DEFINITIONAL_REPRESENTATION('',(#12727),#12731);
#12727 = LINE('',#12728,#12729);
#12728 = CARTESIAN_POINT('',(0.,55.7));
#12729 = VECTOR('',#12730,1.);
#12730 = DIRECTION('',(1.,0.));
#12731 = ( GEOMETRIC_REPRESENTATION_CONTEXT(2) 
PARAMETRIC_REPRESENTATION_CONTEXT() REPRESENTATION_CONTEXT('2D SPACE',''
  ) );
#12732 = PCURVE('',#12733,#12738);
#12733 = PLANE('',#12734);
#12734 = AXIS2_PLACEMENT_3D('',#12735,#12736,#12737);
#12735 = CARTESIAN_POINT('',(-198.,27.85,5.8));
#12736 = DIRECTION('',(0.,1.,0.));
#12737 = DIRECTION('',(0.,0.,1.));
#12738 = DEFINITIONAL_REPRESENTATION('',(#12739),#12743);
#12739 = LINE('',#12740,#12741);
#12740 = CARTESIAN_POINT('',(0.,0.));
#12741 = VECTOR('',#12742,1.);
#12742 = DIRECTION('',(0.,1.));
#12743 = ( GEOMETRIC_REPRESENTATION_CONTEXT(2) 
PARAMETRIC_REPRESENTATION_CONTEXT() REPRESENTATION_CONTEXT('2D SPACE',''
  ) );
#12744 = ORIENTED_EDGE('',*,*,#12745,.F.);
#12745 = EDGE_CURVE('',#12518,#12718,#12746,.T.);
#12746 = SURFACE_CURVE('',#12747,(#12752,#12763),.PCURVE_S1.);
#12747 = CIRCLE('',#12748,2.);
#12748 = AXIS2_PLACEMENT_3D('',#12749,#12750,#12751);
#12749 = CARTESIAN_POINT('',(-196.,25.85,5.8));
#12750 = DIRECTION('',(-0.,-0.,-1.));
#12751 = DIRECTION('',(0.,-1.,0.));
#12752 = PCURVE('',#12533,#12753);
#12753 = DEFINITIONAL_REPRESENTATION('',(#12754),#12762);
#12754 = ( BOUNDED_CURVE() B_SPLINE_CURVE(2,(#12755,#12756,#12757,#12758
    ,#12759,#12760,#12761),.UNSPECIFIED.,.T.,.F.) 
B_SPLINE_CURVE_WITH_KNOTS((1,2,2,2,2,1),(-2.094395102393,0.,
    2.094395102393,4.188790204786,6.28318530718,8.377580409573),
.UNSPECIFIED.) CURVE() GEOMETRIC_REPRESENTATION_ITEM() 
RATIONAL_B_SPLINE_CURVE((1.,0.5,1.,0.5,1.,0.5,1.)) REPRESENTATION_ITEM(
  '') );
#12755 = CARTESIAN_POINT('',(2.,51.7));
#12756 = CARTESIAN_POINT('',(-1.464101615138,51.7));
#12757 = CARTESIAN_POINT('',(0.267949192431,54.7));
#12758 = CARTESIAN_POINT('',(2.,57.7));
#12759 = CARTESIAN_POINT('',(3.732050807569,54.7));
#12760 = CARTESIAN_POINT('',(5.464101615138,51.7));
#12761 = CARTESIAN_POINT('',(2.,51.7));
#12762 = ( GEOMETRIC_REPRESENTATION_CONTEXT(2) 
PARAMETRIC_REPRESENTATION_CONTEXT() REPRESENTATION_CONTEXT('2D SPACE',''
  ) );
#12763 = PCURVE('',#12559,#12764);
#12764 = DEFINITIONAL_REPRESENTATION('',(#12765),#12769);
#12765 = LINE('',#12766,#12767);
#12766 = CARTESIAN_POINT('',(1.570796326795,-0.));
#12767 = VECTOR('',#12768,1.);
#12768 = DIRECTION('',(-1.,0.));
#12769 = ( GEOMETRIC_REPRESENTATION_CONTEXT(2) 
PARAMETRIC_REPRESENTATION_CONTEXT() REPRESENTATION_CONTEXT('2D SPACE',''
  ) );
#12770 = FACE_BOUND('',#12771,.F.);
#12771 = EDGE_LOOP('',(#12772));
#12772 = ORIENTED_EDGE('',*,*,#12773,.T.);
#12773 = EDGE_CURVE('',#12774,#12774,#12776,.T.);
#12774 = VERTEX_POINT('',#12775);
#12775 = CARTESIAN_POINT('',(106.,-6.,5.8));
#12776 = SURFACE_CURVE('',#12777,(#12782,#12793),.PCURVE_S1.);
#12777 = CIRCLE('',#12778,1.6);
#12778 = AXIS2_PLACEMENT_3D('',#12779,#12780,#12781);
#12779 = CARTESIAN_POINT('',(104.4,-6.,5.8));
#12780 = DIRECTION('',(0.,0.,-1.));
#12781 = DIRECTION('',(1.,0.,0.));
#12782 = PCURVE('',#12533,#12783);
#12783 = DEFINITIONAL_REPRESENTATION('',(#12784),#12792);
#12784 = ( BOUNDED_CURVE() B_SPLINE_CURVE(2,(#12785,#12786,#12787,#12788
    ,#12789,#12790,#12791),.UNSPECIFIED.,.T.,.F.) 
B_SPLINE_CURVE_WITH_KNOTS((1,2,2,2,2,1),(-2.094395102393,0.,
    2.094395102393,4.188790204786,6.28318530718,8.377580409573),
.UNSPECIFIED.) CURVE() GEOMETRIC_REPRESENTATION_ITEM() 
RATIONAL_B_SPLINE_CURVE((1.,0.5,1.,0.5,1.,0.5,1.)) REPRESENTATION_ITEM(
  '') );
#12785 = CARTESIAN_POINT('',(304.,21.85));
#12786 = CARTESIAN_POINT('',(304.,19.07871870789));
#12787 = CARTESIAN_POINT('',(301.6,20.464359353945));
#12788 = CARTESIAN_POINT('',(299.2,21.85));
#12789 = CARTESIAN_POINT('',(301.6,23.235640646055));
#12790 = CARTESIAN_POINT('',(304.,24.62128129211));
#12791 = CARTESIAN_POINT('',(304.,21.85));
#12792 = ( GEOMETRIC_REPRESENTATION_CONTEXT(2) 
PARAMETRIC_REPRESENTATION_CONTEXT() REPRESENTATION_CONTEXT('2D SPACE',''
  ) );
#12793 = PCURVE('',#12794,#12799);
#12794 = CYLINDRICAL_SURFACE('',#12795,1.6);
#12795 = AXIS2_PLACEMENT_3D('',#12796,#12797,#12798);
#12796 = CARTESIAN_POINT('',(104.4,-6.,0.));
#12797 = DIRECTION('',(-0.,-0.,-1.));
#12798 = DIRECTION('',(1.,0.,0.));
#12799 = DEFINITIONAL_REPRESENTATION('',(#12800),#12804);
#12800 = LINE('',#12801,#12802);
#12801 = CARTESIAN_POINT('',(-6.28318530718,-5.8));
#12802 = VECTOR('',#12803,1.);
#12803 = DIRECTION('',(1.,-0.));
#12804 = ( GEOMETRIC_REPRESENTATION_CONTEXT(2) 
PARAMETRIC_REPRESENTATION_CONTEXT() REPRESENTATION_CONTEXT('2D SPACE',''
  ) );
#12805 = FACE_BOUND('',#12806,.F.);
#12806 = EDGE_LOOP('',(#12807));
#12807 = ORIENTED_EDGE('',*,*,#12808,.T.);
#12808 = EDGE_CURVE('',#12809,#12809,#12811,.T.);
#12809 = VERTEX_POINT('',#12810);
#12810 = CARTESIAN_POINT('',(136.,-6.,5.8));
#12811 = SURFACE_CURVE('',#12812,(#12817,#12828),.PCURVE_S1.);
#12812 = CIRCLE('',#12813,1.6);
#12813 = AXIS2_PLACEMENT_3D('',#12814,#12815,#12816);
#12814 = CARTESIAN_POINT('',(134.4,-6.,5.8));
#12815 = DIRECTION('',(0.,0.,-1.));
#12816 = DIRECTION('',(1.,0.,0.));
#12817 = PCURVE('',#12533,#12818);
#12818 = DEFINITIONAL_REPRESENTATION('',(#12819),#12827);
#12819 = ( BOUNDED_CURVE() B_SPLINE_CURVE(2,(#12820,#12821,#12822,#12823
    ,#12824,#12825,#12826),.UNSPECIFIED.,.T.,.F.) 
B_SPLINE_CURVE_WITH_KNOTS((1,2,2,2,2,1),(-2.094395102393,0.,
    2.094395102393,4.188790204786,6.28318530718,8.377580409573),
.UNSPECIFIED.) CURVE() GEOMETRIC_REPRESENTATION_ITEM() 
RATIONAL_B_SPLINE_CURVE((1.,0.5,1.,0.5,1.,0.5,1.)) REPRESENTATION_ITEM(
  '') );
#12820 = CARTESIAN_POINT('',(334.,21.85));
#12821 = CARTESIAN_POINT('',(334.,19.07871870789));
#12822 = CARTESIAN_POINT('',(331.6,20.464359353945));
#12823 = CARTESIAN_POINT('',(329.2,21.85));
#12824 = CARTESIAN_POINT('',(331.6,23.235640646055));
#12825 = CARTESIAN_POINT('',(334.,24.62128129211));
#12826 = CARTESIAN_POINT('',(334.,21.85));
#12827 = ( GEOMETRIC_REPRESENTATION_CONTEXT(2) 
PARAMETRIC_REPRESENTATION_CONTEXT() REPRESENTATION_CONTEXT('2D SPACE',''
  ) );
#12828 = PCURVE('',#12829,#12834);
#12829 = CYLINDRICAL_SURFACE('',#12830,1.6);
#12830 = AXIS2_PLACEMENT_3D('',#12831,#12832,#12833);
#12831 = CARTESIAN_POINT('',(134.4,-6.,0.));
#12832 = DIRECTION('',(-0.,-0.,-1.));
#12833 = DIRECTION('',(1.,0.,0.));
#12834 = DEFINITIONAL_REPRESENTATION('',(#12835),#12839);
#12835 = LINE('',#12836,#12837);
#12836 = CARTESIAN_POINT('',(-6.28318530718,-5.8));
#12837 = VECTOR('',#12838,1.);
#12838 = DIRECTION('',(1.,-0.));
#12839 = ( GEOMETRIC_REPRESENTATION_CONTEXT(2) 
PARAMETRIC_REPRESENTATION_CONTEXT() REPRESENTATION_CONTEXT('2D SPACE',''
  ) );
#12840 = FACE_BOUND('',#12841,.F.);
#12841 = EDGE_LOOP('',(#12842));
#12842 = ORIENTED_EDGE('',*,*,#12843,.T.);
#12843 = EDGE_CURVE('',#12844,#12844,#12846,.T.);
#12844 = VERTEX_POINT('',#12845);
#12845 = CARTESIAN_POINT('',(106.,6.,5.8));
#12846 = SURFACE_CURVE('',#12847,(#12852,#12863),.PCURVE_S1.);
#12847 = CIRCLE('',#12848,1.6);
#12848 = AXIS2_PLACEMENT_3D('',#12849,#12850,#12851);
#12849 = CARTESIAN_POINT('',(104.4,6.,5.8));
#12850 = DIRECTION('',(0.,0.,-1.));
#12851 = DIRECTION('',(1.,0.,0.));
#12852 = PCURVE('',#12533,#12853);
#12853 = DEFINITIONAL_REPRESENTATION('',(#12854),#12862);
#12854 = ( BOUNDED_CURVE() B_SPLINE_CURVE(2,(#12855,#12856,#12857,#12858
    ,#12859,#12860,#12861),.UNSPECIFIED.,.T.,.F.) 
B_SPLINE_CURVE_WITH_KNOTS((1,2,2,2,2,1),(-2.094395102393,0.,
    2.094395102393,4.188790204786,6.28318530718,8.377580409573),
.UNSPECIFIED.) CURVE() GEOMETRIC_REPRESENTATION_ITEM() 
RATIONAL_B_SPLINE_CURVE((1.,0.5,1.,0.5,1.,0.5,1.)) REPRESENTATION_ITEM(
  '') );
#12855 = CARTESIAN_POINT('',(304.,33.85));
#12856 = CARTESIAN_POINT('',(304.,31.07871870789));
#12857 = CARTESIAN_POINT('',(301.6,32.464359353945));
#12858 = CARTESIAN_POINT('',(299.2,33.85));
#12859 = CARTESIAN_POINT('',(301.6,35.235640646055));
#12860 = CARTESIAN_POINT('',(304.,36.62128129211));
#12861 = CARTESIAN_POINT('',(304.,33.85));
#12862 = ( GEOMETRIC_REPRESENTATION_CONTEXT(2) 
PARAMETRIC_REPRESENTATION_CONTEXT() REPRESENTATION_CONTEXT('2D SPACE',''
  ) );
#12863 = PCURVE('',#12864,#12869);
#12864 = CYLINDRICAL_SURFACE('',#12865,1.6);
#12865 = AXIS2_PLACEMENT_3D('',#12866,#12867,#12868);
#12866 = CARTESIAN_POINT('',(104.4,6.,0.));
#12867 = DIRECTION('',(-0.,-0.,-1.));
#12868 = DIRECTION('',(1.,0.,0.));
#12869 = DEFINITIONAL_REPRESENTATION('',(#12870),#12874);
#12870 = LINE('',#12871,#12872);
#12871 = CARTESIAN_POINT('',(-6.28318530718,-5.8));
#12872 = VECTOR('',#12873,1.);
#12873 = DIRECTION('',(1.,-0.));
#12874 = ( GEOMETRIC_REPRESENTATION_CONTEXT(2) 
PARAMETRIC_REPRESENTATION_CONTEXT() REPRESENTATION_CONTEXT('2D SPACE',''
  ) );
#12875 = FACE_BOUND('',#12876,.F.);
#12876 = EDGE_LOOP('',(#12877));
#12877 = ORIENTED_EDGE('',*,*,#12878,.T.);
#12878 = EDGE_CURVE('',#12879,#12879,#12881,.T.);
#12879 = VERTEX_POINT('',#12880);
#12880 = CARTESIAN_POINT('',(136.,6.,5.8));
#12881 = SURFACE_CURVE('',#12882,(#12887,#12898),.PCURVE_S1.);
#12882 = CIRCLE('',#12883,1.6);
#12883 = AXIS2_PLACEMENT_3D('',#12884,#12885,#12886);
#12884 = CARTESIAN_POINT('',(134.4,6.,5.8));
#12885 = DIRECTION('',(0.,0.,-1.));
#12886 = DIRECTION('',(1.,0.,0.));
#12887 = PCURVE('',#12533,#12888);
#12888 = DEFINITIONAL_REPRESENTATION('',(#12889),#12897);
#12889 = ( BOUNDED_CURVE() B_SPLINE_CURVE(2,(#12890,#12891,#12892,#12893
    ,#12894,#12895,#12896),.UNSPECIFIED.,.T.,.F.) 
B_SPLINE_CURVE_WITH_KNOTS((1,2,2,2,2,1),(-2.094395102393,0.,
    2.094395102393,4.188790204786,6.28318530718,8.377580409573),
.UNSPECIFIED.) CURVE() GEOMETRIC_REPRESENTATION_ITEM() 
RATIONAL_B_SPLINE_CURVE((1.,0.5,1.,0.5,1.,0.5,1.)) REPRESENTATION_ITEM(
  '') );
#12890 = CARTESIAN_POINT('',(334.,33.85));
#12891 = CARTESIAN_POINT('',(334.,31.07871870789));
#12892 = CARTESIAN_POINT('',(331.6,32.464359353945));
#12893 = CARTESIAN_POINT('',(329.2,33.85));
#12894 = CARTESIAN_POINT('',(331.6,35.235640646055));
#12895 = CARTESIAN_POINT('',(334.,36.62128129211));
#12896 = CARTESIAN_POINT('',(334.,33.85));
#12897 = ( GEOMETRIC_REPRESENTATION_CONTEXT(2) 
PARAMETRIC_REPRESENTATION_CONTEXT() REPRESENTATION_CONTEXT('2D SPACE',''
  ) );
#12898 = PCURVE('',#12899,#12904);
#12899 = CYLINDRICAL_SURFACE('',#12900,1.6);
#12900 = AXIS2_PLACEMENT_3D('',#12901,#12902,#12903);
#12901 = CARTESIAN_POINT('',(134.4,6.,0.));
#12902 = DIRECTION('',(-0.,-0.,-1.));
#12903 = DIRECTION('',(1.,0.,0.));
#12904 = DEFINITIONAL_REPRESENTATION('',(#12905),#12909);
#12905 = LINE('',#12906,#12907);
#12906 = CARTESIAN_POINT('',(-6.28318530718,-5.8));
#12907 = VECTOR('',#12908,1.);
#12908 = DIRECTION('',(1.,-0.));
#12909 = ( GEOMETRIC_REPRESENTATION_CONTEXT(2) 
PARAMETRIC_REPRESENTATION_CONTEXT() REPRESENTATION_CONTEXT('2D SPACE',''
  ) );
#12910 = ADVANCED_FACE('',(#12911),#12899,.F.);
#12911 = FACE_BOUND('',#12912,.T.);
#12912 = EDGE_LOOP('',(#12913,#12914,#12937,#12963));
#12913 = ORIENTED_EDGE('',*,*,#12878,.T.);
#12914 = ORIENTED_EDGE('',*,*,#12915,.T.);
#12915 = EDGE_CURVE('',#12879,#12916,#12918,.T.);
#12916 = VERTEX_POINT('',#12917);
#12917 = CARTESIAN_POINT('',(136.,6.,7.));
#12918 = SEAM_CURVE('',#12919,(#12923,#12930),.PCURVE_S1.);
#12919 = LINE('',#12920,#12921);
#12920 = CARTESIAN_POINT('',(136.,6.,0.));
#12921 = VECTOR('',#12922,1.);
#12922 = DIRECTION('',(0.,0.,1.));
#12923 = PCURVE('',#12899,#12924);
#12924 = DEFINITIONAL_REPRESENTATION('',(#12925),#12929);
#12925 = LINE('',#12926,#12927);
#12926 = CARTESIAN_POINT('',(-6.28318530718,0.));
#12927 = VECTOR('',#12928,1.);
#12928 = DIRECTION('',(-0.,-1.));
#12929 = ( GEOMETRIC_REPRESENTATION_CONTEXT(2) 
PARAMETRIC_REPRESENTATION_CONTEXT() REPRESENTATION_CONTEXT('2D SPACE',''
  ) );
#12930 = PCURVE('',#12899,#12931);
#12931 = DEFINITIONAL_REPRESENTATION('',(#12932),#12936);
#12932 = LINE('',#12933,#12934);
#12933 = CARTESIAN_POINT('',(-0.,0.));
#12934 = VECTOR('',#12935,1.);
#12935 = DIRECTION('',(-0.,-1.));
#12936 = ( GEOMETRIC_REPRESENTATION_CONTEXT(2) 
PARAMETRIC_REPRESENTATION_CONTEXT() REPRESENTATION_CONTEXT('2D SPACE',''
  ) );
#12937 = ORIENTED_EDGE('',*,*,#12938,.F.);
#12938 = EDGE_CURVE('',#12916,#12916,#12939,.T.);
#12939 = SURFACE_CURVE('',#12940,(#12945,#12952),.PCURVE_S1.);
#12940 = CIRCLE('',#12941,1.6);
#12941 = AXIS2_PLACEMENT_3D('',#12942,#12943,#12944);
#12942 = CARTESIAN_POINT('',(134.4,6.,7.));
#12943 = DIRECTION('',(0.,0.,-1.));
#12944 = DIRECTION('',(1.,0.,0.));
#12945 = PCURVE('',#12899,#12946);
#12946 = DEFINITIONAL_REPRESENTATION('',(#12947),#12951);
#12947 = LINE('',#12948,#12949);
#12948 = CARTESIAN_POINT('',(-6.28318530718,-7.));
#12949 = VECTOR('',#12950,1.);
#12950 = DIRECTION('',(1.,-0.));
#12951 = ( GEOMETRIC_REPRESENTATION_CONTEXT(2) 
PARAMETRIC_REPRESENTATION_CONTEXT() REPRESENTATION_CONTEXT('2D SPACE',''
  ) );
#12952 = PCURVE('',#12477,#12953);
#12953 = DEFINITIONAL_REPRESENTATION('',(#12954),#12962);
#12954 = ( BOUNDED_CURVE() B_SPLINE_CURVE(2,(#12955,#12956,#12957,#12958
    ,#12959,#12960,#12961),.UNSPECIFIED.,.T.,.F.) 
B_SPLINE_CURVE_WITH_KNOTS((1,2,2,2,2,1),(-2.094395102393,0.,
    2.094395102393,4.188790204786,6.28318530718,8.377580409573),
.UNSPECIFIED.) CURVE() GEOMETRIC_REPRESENTATION_ITEM() 
RATIONAL_B_SPLINE_CURVE((1.,0.5,1.,0.5,1.,0.5,1.)) REPRESENTATION_ITEM(
  '') );
#12955 = CARTESIAN_POINT('',(334.,33.85));
#12956 = CARTESIAN_POINT('',(334.,31.07871870789));
#12957 = CARTESIAN_POINT('',(331.6,32.464359353945));
#12958 = CARTESIAN_POINT('',(329.2,33.85));
#12959 = CARTESIAN_POINT('',(331.6,35.235640646055));
#12960 = CARTESIAN_POINT('',(334.,36.62128129211));
#12961 = CARTESIAN_POINT('',(334.,33.85));
#12962 = ( GEOMETRIC_REPRESENTATION_CONTEXT(2) 
PARAMETRIC_REPRESENTATION_CONTEXT() REPRESENTATION_CONTEXT('2D SPACE',''
  ) );
#12963 = ORIENTED_EDGE('',*,*,#12915,.F.);
#12964 = ADVANCED_FACE('',(#12965),#12864,.F.);
#12965 = FACE_BOUND('',#12966,.T.);
#12966 = EDGE_LOOP('',(#12967,#12968,#12991,#13017));
#12967 = ORIENTED_EDGE('',*,*,#12843,.T.);
#12968 = ORIENTED_EDGE('',*,*,#12969,.T.);
#12969 = EDGE_CURVE('',#12844,#12970,#12972,.T.);
#12970 = VERTEX_POINT('',#12971);
#12971 = CARTESIAN_POINT('',(106.,6.,7.));
#12972 = SEAM_CURVE('',#12973,(#12977,#12984),.PCURVE_S1.);
#12973 = LINE('',#12974,#12975);
#12974 = CARTESIAN_POINT('',(106.,6.,0.));
#12975 = VECTOR('',#12976,1.);
#12976 = DIRECTION('',(0.,0.,1.));
#12977 = PCURVE('',#12864,#12978);
#12978 = DEFINITIONAL_REPRESENTATION('',(#12979),#12983);
#12979 = LINE('',#12980,#12981);
#12980 = CARTESIAN_POINT('',(-6.28318530718,0.));
#12981 = VECTOR('',#12982,1.);
#12982 = DIRECTION('',(-0.,-1.));
#12983 = ( GEOMETRIC_REPRESENTATION_CONTEXT(2) 
PARAMETRIC_REPRESENTATION_CONTEXT() REPRESENTATION_CONTEXT('2D SPACE',''
  ) );
#12984 = PCURVE('',#12864,#12985);
#12985 = DEFINITIONAL_REPRESENTATION('',(#12986),#12990);
#12986 = LINE('',#12987,#12988);
#12987 = CARTESIAN_POINT('',(-0.,0.));
#12988 = VECTOR('',#12989,1.);
#12989 = DIRECTION('',(-0.,-1.));
#12990 = ( GEOMETRIC_REPRESENTATION_CONTEXT(2) 
PARAMETRIC_REPRESENTATION_CONTEXT() REPRESENTATION_CONTEXT('2D SPACE',''
  ) );
#12991 = ORIENTED_EDGE('',*,*,#12992,.F.);
#12992 = EDGE_CURVE('',#12970,#12970,#12993,.T.);
#12993 = SURFACE_CURVE('',#12994,(#12999,#13006),.PCURVE_S1.);
#12994 = CIRCLE('',#12995,1.6);
#12995 = AXIS2_PLACEMENT_3D('',#12996,#12997,#12998);
#12996 = CARTESIAN_POINT('',(104.4,6.,7.));
#12997 = DIRECTION('',(0.,0.,-1.));
#12998 = DIRECTION('',(1.,0.,0.));
#12999 = PCURVE('',#12864,#13000);
#13000 = DEFINITIONAL_REPRESENTATION('',(#13001),#13005);
#13001 = LINE('',#13002,#13003);
#13002 = CARTESIAN_POINT('',(-6.28318530718,-7.));
#13003 = VECTOR('',#13004,1.);
#13004 = DIRECTION('',(1.,-0.));
#13005 = ( GEOMETRIC_REPRESENTATION_CONTEXT(2) 
PARAMETRIC_REPRESENTATION_CONTEXT() REPRESENTATION_CONTEXT('2D SPACE',''
  ) );
#13006 = PCURVE('',#12477,#13007);
#13007 = DEFINITIONAL_REPRESENTATION('',(#13008),#13016);
#13008 = ( BOUNDED_CURVE() B_SPLINE_CURVE(2,(#13009,#13010,#13011,#13012
    ,#13013,#13014,#13015),.UNSPECIFIED.,.T.,.F.) 
B_SPLINE_CURVE_WITH_KNOTS((1,2,2,2,2,1),(-2.094395102393,0.,
    2.094395102393,4.188790204786,6.28318530718,8.377580409573),
.UNSPECIFIED.) CURVE() GEOMETRIC_REPRESENTATION_ITEM() 
RATIONAL_B_SPLINE_CURVE((1.,0.5,1.,0.5,1.,0.5,1.)) REPRESENTATION_ITEM(
  '') );
#13009 = CARTESIAN_POINT('',(304.,33.85));
#13010 = CARTESIAN_POINT('',(304.,31.07871870789));
#13011 = CARTESIAN_POINT('',(301.6,32.464359353945));
#13012 = CARTESIAN_POINT('',(299.2,33.85));
#13013 = CARTESIAN_POINT('',(301.6,35.235640646055));
#13014 = CARTESIAN_POINT('',(304.,36.62128129211));
#13015 = CARTESIAN_POINT('',(304.,33.85));
#13016 = ( GEOMETRIC_REPRESENTATION_CONTEXT(2) 
PARAMETRIC_REPRESENTATION_CONTEXT() REPRESENTATION_CONTEXT('2D SPACE',''
  ) );
#13017 = ORIENTED_EDGE('',*,*,#12969,.F.);
#13018 = ADVANCED_FACE('',(#13019),#12829,.F.);
#13019 = FACE_BOUND('',#13020,.T.);
#13020 = EDGE_LOOP('',(#13021,#13022,#13045,#13071));
#13021 = ORIENTED_EDGE('',*,*,#12808,.T.);
#13022 = ORIENTED_EDGE('',*,*,#13023,.T.);
#13023 = EDGE_CURVE('',#12809,#13024,#13026,.T.);
#13024 = VERTEX_POINT('',#13025);
#13025 = CARTESIAN_POINT('',(136.,-6.,7.));
#13026 = SEAM_CURVE('',#13027,(#13031,#13038),.PCURVE_S1.);
#13027 = LINE('',#13028,#13029);
#13028 = CARTESIAN_POINT('',(136.,-6.,0.));
#13029 = VECTOR('',#13030,1.);
#13030 = DIRECTION('',(0.,0.,1.));
#13031 = PCURVE('',#12829,#13032);
#13032 = DEFINITIONAL_REPRESENTATION('',(#13033),#13037);
#13033 = LINE('',#13034,#13035);
#13034 = CARTESIAN_POINT('',(-6.28318530718,0.));
#13035 = VECTOR('',#13036,1.);
#13036 = DIRECTION('',(-0.,-1.));
#13037 = ( GEOMETRIC_REPRESENTATION_CONTEXT(2) 
PARAMETRIC_REPRESENTATION_CONTEXT() REPRESENTATION_CONTEXT('2D SPACE',''
  ) );
#13038 = PCURVE('',#12829,#13039);
#13039 = DEFINITIONAL_REPRESENTATION('',(#13040),#13044);
#13040 = LINE('',#13041,#13042);
#13041 = CARTESIAN_POINT('',(-0.,0.));
#13042 = VECTOR('',#13043,1.);
#13043 = DIRECTION('',(-0.,-1.));
#13044 = ( GEOMETRIC_REPRESENTATION_CONTEXT(2) 
PARAMETRIC_REPRESENTATION_CONTEXT() REPRESENTATION_CONTEXT('2D SPACE',''
  ) );
#13045 = ORIENTED_EDGE('',*,*,#13046,.F.);
#13046 = EDGE_CURVE('',#13024,#13024,#13047,.T.);
#13047 = SURFACE_CURVE('',#13048,(#13053,#13060),.PCURVE_S1.);
#13048 = CIRCLE('',#13049,1.6);
#13049 = AXIS2_PLACEMENT_3D('',#13050,#13051,#13052);
#13050 = CARTESIAN_POINT('',(134.4,-6.,7.));
#13051 = DIRECTION('',(0.,0.,-1.));
#13052 = DIRECTION('',(1.,0.,0.));
#13053 = PCURVE('',#12829,#13054);
#13054 = DEFINITIONAL_REPRESENTATION('',(#13055),#13059);
#13055 = LINE('',#13056,#13057);
#13056 = CARTESIAN_POINT('',(-6.28318530718,-7.));
#13057 = VECTOR('',#13058,1.);
#13058 = DIRECTION('',(1.,-0.));
#13059 = ( GEOMETRIC_REPRESENTATION_CONTEXT(2) 
PARAMETRIC_REPRESENTATION_CONTEXT() REPRESENTATION_CONTEXT('2D SPACE',''
  ) );
#13060 = PCURVE('',#12477,#13061);
#13061 = DEFINITIONAL_REPRESENTATION('',(#13062),#13070);
#13062 = ( BOUNDED_CURVE() B_SPLINE_CURVE(2,(#13063,#13064,#13065,#13066
    ,#13067,#13068,#13069),.UNSPECIFIED.,.T.,.F.) 
B_SPLINE_CURVE_WITH_KNOTS((1,2,2,2,2,1),(-2.094395102393,0.,
    2.094395102393,4.188790204786,6.28318530718,8.377580409573),
.UNSPECIFIED.) CURVE() GEOMETRIC_REPRESENTATION_ITEM() 
RATIONAL_B_SPLINE_CURVE((1.,0.5,1.,0.5,1.,0.5,1.)) REPRESENTATION_ITEM(
  '') );
#13063 = CARTESIAN_POINT('',(334.,21.85));
#13064 = CARTESIAN_POINT('',(334.,19.07871870789));
#13065 = CARTESIAN_POINT('',(331.6,20.464359353945));
#13066 = CARTESIAN_POINT('',(329.2,21.85));
#13067 = CARTESIAN_POINT('',(331.6,23.235640646055));
#13068 = CARTESIAN_POINT('',(334.,24.62128129211));
#13069 = CARTESIAN_POINT('',(334.,21.85));
#13070 = ( GEOMETRIC_REPRESENTATION_CONTEXT(2) 
PARAMETRIC_REPRESENTATION_CONTEXT() REPRESENTATION_CONTEXT('2D SPACE',''
  ) );
#13071 = ORIENTED_EDGE('',*,*,#13023,.F.);
#13072 = ADVANCED_FACE('',(#13073),#12794,.F.);
#13073 = FACE_BOUND('',#13074,.T.);
#13074 = EDGE_LOOP('',(#13075,#13076,#13099,#13125));
#13075 = ORIENTED_EDGE('',*,*,#12773,.T.);
#13076 = ORIENTED_EDGE('',*,*,#13077,.T.);
#13077 = EDGE_CURVE('',#12774,#13078,#13080,.T.);
#13078 = VERTEX_POINT('',#13079);
#13079 = CARTESIAN_POINT('',(106.,-6.,7.));
#13080 = SEAM_CURVE('',#13081,(#13085,#13092),.PCURVE_S1.);
#13081 = LINE('',#13082,#13083);
#13082 = CARTESIAN_POINT('',(106.,-6.,0.));
#13083 = VECTOR('',#13084,1.);
#13084 = DIRECTION('',(0.,0.,1.));
#13085 = PCURVE('',#12794,#13086);
#13086 = DEFINITIONAL_REPRESENTATION('',(#13087),#13091);
#13087 = LINE('',#13088,#13089);
#13088 = CARTESIAN_POINT('',(-6.28318530718,0.));
#13089 = VECTOR('',#13090,1.);
#13090 = DIRECTION('',(-0.,-1.));
#13091 = ( GEOMETRIC_REPRESENTATION_CONTEXT(2) 
PARAMETRIC_REPRESENTATION_CONTEXT() REPRESENTATION_CONTEXT('2D SPACE',''
  ) );
#13092 = PCURVE('',#12794,#13093);
#13093 = DEFINITIONAL_REPRESENTATION('',(#13094),#13098);
#13094 = LINE('',#13095,#13096);
#13095 = CARTESIAN_POINT('',(-0.,0.));
#13096 = VECTOR('',#13097,1.);
#13097 = DIRECTION('',(-0.,-1.));
#13098 = ( GEOMETRIC_REPRESENTATION_CONTEXT(2) 
PARAMETRIC_REPRESENTATION_CONTEXT() REPRESENTATION_CONTEXT('2D SPACE',''
  ) );
#13099 = ORIENTED_EDGE('',*,*,#13100,.F.);
#13100 = EDGE_CURVE('',#13078,#13078,#13101,.T.);
#13101 = SURFACE_CURVE('',#13102,(#13107,#13114),.PCURVE_S1.);
#13102 = CIRCLE('',#13103,1.6);
#13103 = AXIS2_PLACEMENT_3D('',#13104,#13105,#13106);
#13104 = CARTESIAN_POINT('',(104.4,-6.,7.));
#13105 = DIRECTION('',(0.,0.,-1.));
#13106 = DIRECTION('',(1.,0.,0.));
#13107 = PCURVE('',#12794,#13108);
#13108 = DEFINITIONAL_REPRESENTATION('',(#13109),#13113);
#13109 = LINE('',#13110,#13111);
#13110 = CARTESIAN_POINT('',(-6.28318530718,-7.));
#13111 = VECTOR('',#13112,1.);
#13112 = DIRECTION('',(1.,-0.));
#13113 = ( GEOMETRIC_REPRESENTATION_CONTEXT(2) 
PARAMETRIC_REPRESENTATION_CONTEXT() REPRESENTATION_CONTEXT('2D SPACE',''
  ) );
#13114 = PCURVE('',#12477,#13115);
#13115 = DEFINITIONAL_REPRESENTATION('',(#13116),#13124);
#13116 = ( BOUNDED_CURVE() B_SPLINE_CURVE(2,(#13117,#13118,#13119,#13120
    ,#13121,#13122,#13123),.UNSPECIFIED.,.T.,.F.) 
B_SPLINE_CURVE_WITH_KNOTS((1,2,2,2,2,1),(-2.094395102393,0.,
    2.094395102393,4.188790204786,6.28318530718,8.377580409573),
.UNSPECIFIED.) CURVE() GEOMETRIC_REPRESENTATION_ITEM() 
RATIONAL_B_SPLINE_CURVE((1.,0.5,1.,0.5,1.,0.5,1.)) REPRESENTATION_ITEM(
  '') );
#13117 = CARTESIAN_POINT('',(304.,21.85));
#13118 = CARTESIAN_POINT('',(304.,19.07871870789));
#13119 = CARTESIAN_POINT('',(301.6,20.464359353945));
#13120 = CARTESIAN_POINT('',(299.2,21.85));
#13121 = CARTESIAN_POINT('',(301.6,23.235640646055));
#13122 = CARTESIAN_POINT('',(304.,24.62128129211));
#13123 = CARTESIAN_POINT('',(304.,21.85));
#13124 = ( GEOMETRIC_REPRESENTATION_CONTEXT(2) 
PARAMETRIC_REPRESENTATION_CONTEXT() REPRESENTATION_CONTEXT('2D SPACE',''
  ) );
#13125 = ORIENTED_EDGE('',*,*,#13077,.F.);
#13126 = ADVANCED_FACE('',(#13127),#12676,.T.);
#13127 = FACE_BOUND('',#13128,.T.);
#13128 = EDGE_LOOP('',(#13129,#13154,#13175,#13176));
#13129 = ORIENTED_EDGE('',*,*,#13130,.F.);
#13130 = EDGE_CURVE('',#13131,#13133,#13135,.T.);
#13131 = VERTEX_POINT('',#13132);
#13132 = CARTESIAN_POINT('',(198.,-25.85,7.));
#13133 = VERTEX_POINT('',#13134);
#13134 = CARTESIAN_POINT('',(198.,25.85,7.));
#13135 = SURFACE_CURVE('',#13136,(#13140,#13147),.PCURVE_S1.);
#13136 = LINE('',#13137,#13138);
#13137 = CARTESIAN_POINT('',(198.,-27.85,7.));
#13138 = VECTOR('',#13139,1.);
#13139 = DIRECTION('',(0.,1.,0.));
#13140 = PCURVE('',#12676,#13141);
#13141 = DEFINITIONAL_REPRESENTATION('',(#13142),#13146);
#13142 = LINE('',#13143,#13144);
#13143 = CARTESIAN_POINT('',(1.2,0.));
#13144 = VECTOR('',#13145,1.);
#13145 = DIRECTION('',(0.,-1.));
#13146 = ( GEOMETRIC_REPRESENTATION_CONTEXT(2) 
PARAMETRIC_REPRESENTATION_CONTEXT() REPRESENTATION_CONTEXT('2D SPACE',''
  ) );
#13147 = PCURVE('',#12477,#13148);
#13148 = DEFINITIONAL_REPRESENTATION('',(#13149),#13153);
#13149 = LINE('',#13150,#13151);
#13150 = CARTESIAN_POINT('',(396.,0.));
#13151 = VECTOR('',#13152,1.);
#13152 = DIRECTION('',(0.,1.));
#13153 = ( GEOMETRIC_REPRESENTATION_CONTEXT(2) 
PARAMETRIC_REPRESENTATION_CONTEXT() REPRESENTATION_CONTEXT('2D SPACE',''
  ) );
#13154 = ORIENTED_EDGE('',*,*,#13155,.F.);
#13155 = EDGE_CURVE('',#12628,#13131,#13156,.T.);
#13156 = SURFACE_CURVE('',#13157,(#13161,#13168),.PCURVE_S1.);
#13157 = LINE('',#13158,#13159);
#13158 = CARTESIAN_POINT('',(198.,-25.85,5.8));
#13159 = VECTOR('',#13160,1.);
#13160 = DIRECTION('',(0.,0.,1.));
#13161 = PCURVE('',#12676,#13162);
#13162 = DEFINITIONAL_REPRESENTATION('',(#13163),#13167);
#13163 = LINE('',#13164,#13165);
#13164 = CARTESIAN_POINT('',(0.,-2.));
#13165 = VECTOR('',#13166,1.);
#13166 = DIRECTION('',(1.,0.));
#13167 = ( GEOMETRIC_REPRESENTATION_CONTEXT(2) 
PARAMETRIC_REPRESENTATION_CONTEXT() REPRESENTATION_CONTEXT('2D SPACE',''
  ) );
#13168 = PCURVE('',#12648,#13169);
#13169 = DEFINITIONAL_REPRESENTATION('',(#13170),#13174);
#13170 = LINE('',#13171,#13172);
#13171 = CARTESIAN_POINT('',(-0.,0.));
#13172 = VECTOR('',#13173,1.);
#13173 = DIRECTION('',(-0.,1.));
#13174 = ( GEOMETRIC_REPRESENTATION_CONTEXT(2) 
PARAMETRIC_REPRESENTATION_CONTEXT() REPRESENTATION_CONTEXT('2D SPACE',''
  ) );
#13175 = ORIENTED_EDGE('',*,*,#12660,.T.);
#13176 = ORIENTED_EDGE('',*,*,#13177,.T.);
#13177 = EDGE_CURVE('',#12661,#13133,#13178,.T.);
#13178 = SURFACE_CURVE('',#13179,(#13183,#13190),.PCURVE_S1.);
#13179 = LINE('',#13180,#13181);
#13180 = CARTESIAN_POINT('',(198.,25.85,5.8));
#13181 = VECTOR('',#13182,1.);
#13182 = DIRECTION('',(0.,0.,1.));
#13183 = PCURVE('',#12676,#13184);
#13184 = DEFINITIONAL_REPRESENTATION('',(#13185),#13189);
#13185 = LINE('',#13186,#13187);
#13186 = CARTESIAN_POINT('',(0.,-53.7));
#13187 = VECTOR('',#13188,1.);
#13188 = DIRECTION('',(1.,0.));
#13189 = ( GEOMETRIC_REPRESENTATION_CONTEXT(2) 
PARAMETRIC_REPRESENTATION_CONTEXT() REPRESENTATION_CONTEXT('2D SPACE',''
  ) );
#13190 = PCURVE('',#12705,#13191);
#13191 = DEFINITIONAL_REPRESENTATION('',(#13192),#13196);
#13192 = LINE('',#13193,#13194);
#13193 = CARTESIAN_POINT('',(0.,0.));
#13194 = VECTOR('',#13195,1.);
#13195 = DIRECTION('',(0.,1.));
#13196 = ( GEOMETRIC_REPRESENTATION_CONTEXT(2) 
PARAMETRIC_REPRESENTATION_CONTEXT() REPRESENTATION_CONTEXT('2D SPACE',''
  ) );
#13197 = ADVANCED_FACE('',(#13198),#12705,.T.);
#13198 = FACE_BOUND('',#13199,.T.);
#13199 = EDGE_LOOP('',(#13200,#13201,#13224,#13246));
#13200 = ORIENTED_EDGE('',*,*,#12688,.T.);
#13201 = ORIENTED_EDGE('',*,*,#13202,.T.);
#13202 = EDGE_CURVE('',#12689,#13203,#13205,.T.);
#13203 = VERTEX_POINT('',#13204);
#13204 = CARTESIAN_POINT('',(196.,27.85,7.));
#13205 = SURFACE_CURVE('',#13206,(#13210,#13217),.PCURVE_S1.);
#13206 = LINE('',#13207,#13208);
#13207 = CARTESIAN_POINT('',(196.,27.85,5.8));
#13208 = VECTOR('',#13209,1.);
#13209 = DIRECTION('',(0.,0.,1.));
#13210 = PCURVE('',#12705,#13211);
#13211 = DEFINITIONAL_REPRESENTATION('',(#13212),#13216);
#13212 = LINE('',#13213,#13214);
#13213 = CARTESIAN_POINT('',(1.570796326795,0.));
#13214 = VECTOR('',#13215,1.);
#13215 = DIRECTION('',(0.,1.));
#13216 = ( GEOMETRIC_REPRESENTATION_CONTEXT(2) 
PARAMETRIC_REPRESENTATION_CONTEXT() REPRESENTATION_CONTEXT('2D SPACE',''
  ) );
#13217 = PCURVE('',#12733,#13218);
#13218 = DEFINITIONAL_REPRESENTATION('',(#13219),#13223);
#13219 = LINE('',#13220,#13221);
#13220 = CARTESIAN_POINT('',(0.,394.));
#13221 = VECTOR('',#13222,1.);
#13222 = DIRECTION('',(1.,0.));
#13223 = ( GEOMETRIC_REPRESENTATION_CONTEXT(2) 
PARAMETRIC_REPRESENTATION_CONTEXT() REPRESENTATION_CONTEXT('2D SPACE',''
  ) );
#13224 = ORIENTED_EDGE('',*,*,#13225,.F.);
#13225 = EDGE_CURVE('',#13133,#13203,#13226,.T.);
#13226 = SURFACE_CURVE('',#13227,(#13232,#13239),.PCURVE_S1.);
#13227 = CIRCLE('',#13228,2.);
#13228 = AXIS2_PLACEMENT_3D('',#13229,#13230,#13231);
#13229 = CARTESIAN_POINT('',(196.,25.85,7.));
#13230 = DIRECTION('',(0.,0.,1.));
#13231 = DIRECTION('',(0.,-1.,0.));
#13232 = PCURVE('',#12705,#13233);
#13233 = DEFINITIONAL_REPRESENTATION('',(#13234),#13238);
#13234 = LINE('',#13235,#13236);
#13235 = CARTESIAN_POINT('',(-1.570796326795,1.2));
#13236 = VECTOR('',#13237,1.);
#13237 = DIRECTION('',(1.,0.));
#13238 = ( GEOMETRIC_REPRESENTATION_CONTEXT(2) 
PARAMETRIC_REPRESENTATION_CONTEXT() REPRESENTATION_CONTEXT('2D SPACE',''
  ) );
#13239 = PCURVE('',#12477,#13240);
#13240 = DEFINITIONAL_REPRESENTATION('',(#13241),#13245);
#13241 = CIRCLE('',#13242,2.);
#13242 = AXIS2_PLACEMENT_2D('',#13243,#13244);
#13243 = CARTESIAN_POINT('',(394.,53.7));
#13244 = DIRECTION('',(0.,-1.));
#13245 = ( GEOMETRIC_REPRESENTATION_CONTEXT(2) 
PARAMETRIC_REPRESENTATION_CONTEXT() REPRESENTATION_CONTEXT('2D SPACE',''
  ) );
#13246 = ORIENTED_EDGE('',*,*,#13177,.F.);
#13247 = ADVANCED_FACE('',(#13248),#12648,.T.);
#13248 = FACE_BOUND('',#13249,.F.);
#13249 = EDGE_LOOP('',(#13250,#13251,#13274,#13300));
#13250 = ORIENTED_EDGE('',*,*,#12627,.T.);
#13251 = ORIENTED_EDGE('',*,*,#13252,.T.);
#13252 = EDGE_CURVE('',#12600,#13253,#13255,.T.);
#13253 = VERTEX_POINT('',#13254);
#13254 = CARTESIAN_POINT('',(196.,-27.85,7.));
#13255 = SURFACE_CURVE('',#13256,(#13260,#13267),.PCURVE_S1.);
#13256 = LINE('',#13257,#13258);
#13257 = CARTESIAN_POINT('',(196.,-27.85,5.8));
#13258 = VECTOR('',#13259,1.);
#13259 = DIRECTION('',(0.,0.,1.));
#13260 = PCURVE('',#12648,#13261);
#13261 = DEFINITIONAL_REPRESENTATION('',(#13262),#13266);
#13262 = LINE('',#13263,#13264);
#13263 = CARTESIAN_POINT('',(-1.570796326795,0.));
#13264 = VECTOR('',#13265,1.);
#13265 = DIRECTION('',(-0.,1.));
#13266 = ( GEOMETRIC_REPRESENTATION_CONTEXT(2) 
PARAMETRIC_REPRESENTATION_CONTEXT() REPRESENTATION_CONTEXT('2D SPACE',''
  ) );
#13267 = PCURVE('',#12615,#13268);
#13268 = DEFINITIONAL_REPRESENTATION('',(#13269),#13273);
#13269 = LINE('',#13270,#13271);
#13270 = CARTESIAN_POINT('',(0.,394.));
#13271 = VECTOR('',#13272,1.);
#13272 = DIRECTION('',(1.,0.));
#13273 = ( GEOMETRIC_REPRESENTATION_CONTEXT(2) 
PARAMETRIC_REPRESENTATION_CONTEXT() REPRESENTATION_CONTEXT('2D SPACE',''
  ) );
#13274 = ORIENTED_EDGE('',*,*,#13275,.F.);
#13275 = EDGE_CURVE('',#13131,#13253,#13276,.T.);
#13276 = SURFACE_CURVE('',#13277,(#13282,#13289),.PCURVE_S1.);
#13277 = CIRCLE('',#13278,2.);
#13278 = AXIS2_PLACEMENT_3D('',#13279,#13280,#13281);
#13279 = CARTESIAN_POINT('',(196.,-25.85,7.));
#13280 = DIRECTION('',(-0.,-0.,-1.));
#13281 = DIRECTION('',(0.,-1.,0.));
#13282 = PCURVE('',#12648,#13283);
#13283 = DEFINITIONAL_REPRESENTATION('',(#13284),#13288);
#13284 = LINE('',#13285,#13286);
#13285 = CARTESIAN_POINT('',(4.712388980385,1.2));
#13286 = VECTOR('',#13287,1.);
#13287 = DIRECTION('',(-1.,0.));
#13288 = ( GEOMETRIC_REPRESENTATION_CONTEXT(2) 
PARAMETRIC_REPRESENTATION_CONTEXT() REPRESENTATION_CONTEXT('2D SPACE',''
  ) );
#13289 = PCURVE('',#12477,#13290);
#13290 = DEFINITIONAL_REPRESENTATION('',(#13291),#13299);
#13291 = ( BOUNDED_CURVE() B_SPLINE_CURVE(2,(#13292,#13293,#13294,#13295
    ,#13296,#13297,#13298),.UNSPECIFIED.,.T.,.F.) 
B_SPLINE_CURVE_WITH_KNOTS((1,2,2,2,2,1),(-2.094395102393,0.,
    2.094395102393,4.188790204786,6.28318530718,8.377580409573),
.UNSPECIFIED.) CURVE() GEOMETRIC_REPRESENTATION_ITEM() 
RATIONAL_B_SPLINE_CURVE((1.,0.5,1.,0.5,1.,0.5,1.)) REPRESENTATION_ITEM(
  '') );
#13292 = CARTESIAN_POINT('',(394.,0.));
#13293 = CARTESIAN_POINT('',(390.53589838486,0.));
#13294 = CARTESIAN_POINT('',(392.26794919243,3.));
#13295 = CARTESIAN_POINT('',(394.,6.));
#13296 = CARTESIAN_POINT('',(395.73205080756,3.));
#13297 = CARTESIAN_POINT('',(397.46410161513,3.10862446895E-15));
#13298 = CARTESIAN_POINT('',(394.,0.));
#13299 = ( GEOMETRIC_REPRESENTATION_CONTEXT(2) 
PARAMETRIC_REPRESENTATION_CONTEXT() REPRESENTATION_CONTEXT('2D SPACE',''
  ) );
#13300 = ORIENTED_EDGE('',*,*,#13155,.F.);
#13301 = ADVANCED_FACE('',(#13302),#12733,.T.);
#13302 = FACE_BOUND('',#13303,.T.);
#13303 = EDGE_LOOP('',(#13304,#13305,#13328,#13349));
#13304 = ORIENTED_EDGE('',*,*,#12717,.F.);
#13305 = ORIENTED_EDGE('',*,*,#13306,.T.);
#13306 = EDGE_CURVE('',#12718,#13307,#13309,.T.);
#13307 = VERTEX_POINT('',#13308);
#13308 = CARTESIAN_POINT('',(-196.,27.85,7.));
#13309 = SURFACE_CURVE('',#13310,(#13314,#13321),.PCURVE_S1.);
#13310 = LINE('',#13311,#13312);
#13311 = CARTESIAN_POINT('',(-196.,27.85,5.8));
#13312 = VECTOR('',#13313,1.);
#13313 = DIRECTION('',(0.,0.,1.));
#13314 = PCURVE('',#12733,#13315);
#13315 = DEFINITIONAL_REPRESENTATION('',(#13316),#13320);
#13316 = LINE('',#13317,#13318);
#13317 = CARTESIAN_POINT('',(0.,2.));
#13318 = VECTOR('',#13319,1.);
#13319 = DIRECTION('',(1.,0.));
#13320 = ( GEOMETRIC_REPRESENTATION_CONTEXT(2) 
PARAMETRIC_REPRESENTATION_CONTEXT() REPRESENTATION_CONTEXT('2D SPACE',''
  ) );
#13321 = PCURVE('',#12559,#13322);
#13322 = DEFINITIONAL_REPRESENTATION('',(#13323),#13327);
#13323 = LINE('',#13324,#13325);
#13324 = CARTESIAN_POINT('',(-1.570796326795,0.));
#13325 = VECTOR('',#13326,1.);
#13326 = DIRECTION('',(-0.,1.));
#13327 = ( GEOMETRIC_REPRESENTATION_CONTEXT(2) 
PARAMETRIC_REPRESENTATION_CONTEXT() REPRESENTATION_CONTEXT('2D SPACE',''
  ) );
#13328 = ORIENTED_EDGE('',*,*,#13329,.T.);
#13329 = EDGE_CURVE('',#13307,#13203,#13330,.T.);
#13330 = SURFACE_CURVE('',#13331,(#13335,#13342),.PCURVE_S1.);
#13331 = LINE('',#13332,#13333);
#13332 = CARTESIAN_POINT('',(-198.,27.85,7.));
#13333 = VECTOR('',#13334,1.);
#13334 = DIRECTION('',(1.,0.,0.));
#13335 = PCURVE('',#12733,#13336);
#13336 = DEFINITIONAL_REPRESENTATION('',(#13337),#13341);
#13337 = LINE('',#13338,#13339);
#13338 = CARTESIAN_POINT('',(1.2,0.));
#13339 = VECTOR('',#13340,1.);
#13340 = DIRECTION('',(0.,1.));
#13341 = ( GEOMETRIC_REPRESENTATION_CONTEXT(2) 
PARAMETRIC_REPRESENTATION_CONTEXT() REPRESENTATION_CONTEXT('2D SPACE',''
  ) );
#13342 = PCURVE('',#12477,#13343);
#13343 = DEFINITIONAL_REPRESENTATION('',(#13344),#13348);
#13344 = LINE('',#13345,#13346);
#13345 = CARTESIAN_POINT('',(0.,55.7));
#13346 = VECTOR('',#13347,1.);
#13347 = DIRECTION('',(1.,0.));
#13348 = ( GEOMETRIC_REPRESENTATION_CONTEXT(2) 
PARAMETRIC_REPRESENTATION_CONTEXT() REPRESENTATION_CONTEXT('2D SPACE',''
  ) );
#13349 = ORIENTED_EDGE('',*,*,#13202,.F.);
#13350 = ADVANCED_FACE('',(#13351),#12615,.F.);
#13351 = FACE_BOUND('',#13352,.F.);
#13352 = EDGE_LOOP('',(#13353,#13354,#13377,#13398));
#13353 = ORIENTED_EDGE('',*,*,#12599,.F.);
#13354 = ORIENTED_EDGE('',*,*,#13355,.T.);
#13355 = EDGE_CURVE('',#12576,#13356,#13358,.T.);
#13356 = VERTEX_POINT('',#13357);
#13357 = CARTESIAN_POINT('',(-196.,-27.85,7.));
#13358 = SURFACE_CURVE('',#13359,(#13363,#13370),.PCURVE_S1.);
#13359 = LINE('',#13360,#13361);
#13360 = CARTESIAN_POINT('',(-196.,-27.85,5.8));
#13361 = VECTOR('',#13362,1.);
#13362 = DIRECTION('',(0.,0.,1.));
#13363 = PCURVE('',#12615,#13364);
#13364 = DEFINITIONAL_REPRESENTATION('',(#13365),#13369);
#13365 = LINE('',#13366,#13367);
#13366 = CARTESIAN_POINT('',(0.,2.));
#13367 = VECTOR('',#13368,1.);
#13368 = DIRECTION('',(1.,0.));
#13369 = ( GEOMETRIC_REPRESENTATION_CONTEXT(2) 
PARAMETRIC_REPRESENTATION_CONTEXT() REPRESENTATION_CONTEXT('2D SPACE',''
  ) );
#13370 = PCURVE('',#12505,#13371);
#13371 = DEFINITIONAL_REPRESENTATION('',(#13372),#13376);
#13372 = LINE('',#13373,#13374);
#13373 = CARTESIAN_POINT('',(1.570796326795,0.));
#13374 = VECTOR('',#13375,1.);
#13375 = DIRECTION('',(0.,1.));
#13376 = ( GEOMETRIC_REPRESENTATION_CONTEXT(2) 
PARAMETRIC_REPRESENTATION_CONTEXT() REPRESENTATION_CONTEXT('2D SPACE',''
  ) );
#13377 = ORIENTED_EDGE('',*,*,#13378,.T.);
#13378 = EDGE_CURVE('',#13356,#13253,#13379,.T.);
#13379 = SURFACE_CURVE('',#13380,(#13384,#13391),.PCURVE_S1.);
#13380 = LINE('',#13381,#13382);
#13381 = CARTESIAN_POINT('',(-198.,-27.85,7.));
#13382 = VECTOR('',#13383,1.);
#13383 = DIRECTION('',(1.,0.,0.));
#13384 = PCURVE('',#12615,#13385);
#13385 = DEFINITIONAL_REPRESENTATION('',(#13386),#13390);
#13386 = LINE('',#13387,#13388);
#13387 = CARTESIAN_POINT('',(1.2,0.));
#13388 = VECTOR('',#13389,1.);
#13389 = DIRECTION('',(0.,1.));
#13390 = ( GEOMETRIC_REPRESENTATION_CONTEXT(2) 
PARAMETRIC_REPRESENTATION_CONTEXT() REPRESENTATION_CONTEXT('2D SPACE',''
  ) );
#13391 = PCURVE('',#12477,#13392);
#13392 = DEFINITIONAL_REPRESENTATION('',(#13393),#13397);
#13393 = LINE('',#13394,#13395);
#13394 = CARTESIAN_POINT('',(0.,0.));
#13395 = VECTOR('',#13396,1.);
#13396 = DIRECTION('',(1.,0.));
#13397 = ( GEOMETRIC_REPRESENTATION_CONTEXT(2) 
PARAMETRIC_REPRESENTATION_CONTEXT() REPRESENTATION_CONTEXT('2D SPACE',''
  ) );
#13398 = ORIENTED_EDGE('',*,*,#13252,.F.);
#13399 = ADVANCED_FACE('',(#13400),#12559,.T.);
#13400 = FACE_BOUND('',#13401,.F.);
#13401 = EDGE_LOOP('',(#13402,#13403,#13404,#13430));
#13402 = ORIENTED_EDGE('',*,*,#12745,.T.);
#13403 = ORIENTED_EDGE('',*,*,#13306,.T.);
#13404 = ORIENTED_EDGE('',*,*,#13405,.F.);
#13405 = EDGE_CURVE('',#12457,#13307,#13406,.T.);
#13406 = SURFACE_CURVE('',#13407,(#13412,#13419),.PCURVE_S1.);
#13407 = CIRCLE('',#13408,2.);
#13408 = AXIS2_PLACEMENT_3D('',#13409,#13410,#13411);
#13409 = CARTESIAN_POINT('',(-196.,25.85,7.));
#13410 = DIRECTION('',(-0.,-0.,-1.));
#13411 = DIRECTION('',(0.,-1.,0.));
#13412 = PCURVE('',#12559,#13413);
#13413 = DEFINITIONAL_REPRESENTATION('',(#13414),#13418);
#13414 = LINE('',#13415,#13416);
#13415 = CARTESIAN_POINT('',(1.570796326795,1.2));
#13416 = VECTOR('',#13417,1.);
#13417 = DIRECTION('',(-1.,0.));
#13418 = ( GEOMETRIC_REPRESENTATION_CONTEXT(2) 
PARAMETRIC_REPRESENTATION_CONTEXT() REPRESENTATION_CONTEXT('2D SPACE',''
  ) );
#13419 = PCURVE('',#12477,#13420);
#13420 = DEFINITIONAL_REPRESENTATION('',(#13421),#13429);
#13421 = ( BOUNDED_CURVE() B_SPLINE_CURVE(2,(#13422,#13423,#13424,#13425
    ,#13426,#13427,#13428),.UNSPECIFIED.,.T.,.F.) 
B_SPLINE_CURVE_WITH_KNOTS((1,2,2,2,2,1),(-2.094395102393,0.,
    2.094395102393,4.188790204786,6.28318530718,8.377580409573),
.UNSPECIFIED.) CURVE() GEOMETRIC_REPRESENTATION_ITEM() 
RATIONAL_B_SPLINE_CURVE((1.,0.5,1.,0.5,1.,0.5,1.)) REPRESENTATION_ITEM(
  '') );
#13422 = CARTESIAN_POINT('',(2.,51.7));
#13423 = CARTESIAN_POINT('',(-1.464101615138,51.7));
#13424 = CARTESIAN_POINT('',(0.267949192431,54.7));
#13425 = CARTESIAN_POINT('',(2.,57.7));
#13426 = CARTESIAN_POINT('',(3.732050807569,54.7));
#13427 = CARTESIAN_POINT('',(5.464101615138,51.7));
#13428 = CARTESIAN_POINT('',(2.,51.7));
#13429 = ( GEOMETRIC_REPRESENTATION_CONTEXT(2) 
PARAMETRIC_REPRESENTATION_CONTEXT() REPRESENTATION_CONTEXT('2D SPACE',''
  ) );
#13430 = ORIENTED_EDGE('',*,*,#12545,.F.);
#13431 = ADVANCED_FACE('',(#13432),#12505,.T.);
#13432 = FACE_BOUND('',#13433,.T.);
#13433 = EDGE_LOOP('',(#13434,#13435,#13436,#13458));
#13434 = ORIENTED_EDGE('',*,*,#12575,.T.);
#13435 = ORIENTED_EDGE('',*,*,#13355,.T.);
#13436 = ORIENTED_EDGE('',*,*,#13437,.F.);
#13437 = EDGE_CURVE('',#12455,#13356,#13438,.T.);
#13438 = SURFACE_CURVE('',#13439,(#13444,#13451),.PCURVE_S1.);
#13439 = CIRCLE('',#13440,2.);
#13440 = AXIS2_PLACEMENT_3D('',#13441,#13442,#13443);
#13441 = CARTESIAN_POINT('',(-196.,-25.85,7.));
#13442 = DIRECTION('',(0.,0.,1.));
#13443 = DIRECTION('',(0.,-1.,0.));
#13444 = PCURVE('',#12505,#13445);
#13445 = DEFINITIONAL_REPRESENTATION('',(#13446),#13450);
#13446 = LINE('',#13447,#13448);
#13447 = CARTESIAN_POINT('',(-4.712388980385,1.2));
#13448 = VECTOR('',#13449,1.);
#13449 = DIRECTION('',(1.,0.));
#13450 = ( GEOMETRIC_REPRESENTATION_CONTEXT(2) 
PARAMETRIC_REPRESENTATION_CONTEXT() REPRESENTATION_CONTEXT('2D SPACE',''
  ) );
#13451 = PCURVE('',#12477,#13452);
#13452 = DEFINITIONAL_REPRESENTATION('',(#13453),#13457);
#13453 = CIRCLE('',#13454,2.);
#13454 = AXIS2_PLACEMENT_2D('',#13455,#13456);
#13455 = CARTESIAN_POINT('',(2.,2.));
#13456 = DIRECTION('',(0.,-1.));
#13457 = ( GEOMETRIC_REPRESENTATION_CONTEXT(2) 
PARAMETRIC_REPRESENTATION_CONTEXT() REPRESENTATION_CONTEXT('2D SPACE',''
  ) );
#13458 = ORIENTED_EDGE('',*,*,#12489,.F.);
#13459 = ADVANCED_FACE('',(#13460,#13470,#13473,#13476,#13479),#12477,
  .T.);
#13460 = FACE_BOUND('',#13461,.T.);
#13461 = EDGE_LOOP('',(#13462,#13463,#13464,#13465,#13466,#13467,#13468,
    #13469));
#13462 = ORIENTED_EDGE('',*,*,#12454,.F.);
#13463 = ORIENTED_EDGE('',*,*,#13437,.T.);
#13464 = ORIENTED_EDGE('',*,*,#13378,.T.);
#13465 = ORIENTED_EDGE('',*,*,#13275,.F.);
#13466 = ORIENTED_EDGE('',*,*,#13130,.T.);
#13467 = ORIENTED_EDGE('',*,*,#13225,.T.);
#13468 = ORIENTED_EDGE('',*,*,#13329,.F.);
#13469 = ORIENTED_EDGE('',*,*,#13405,.F.);
#13470 = FACE_BOUND('',#13471,.T.);
#13471 = EDGE_LOOP('',(#13472));
#13472 = ORIENTED_EDGE('',*,*,#13100,.T.);
#13473 = FACE_BOUND('',#13474,.T.);
#13474 = EDGE_LOOP('',(#13475));
#13475 = ORIENTED_EDGE('',*,*,#13046,.T.);
#13476 = FACE_BOUND('',#13477,.T.);
#13477 = EDGE_LOOP('',(#13478));
#13478 = ORIENTED_EDGE('',*,*,#12992,.T.);
#13479 = FACE_BOUND('',#13480,.T.);
#13480 = EDGE_LOOP('',(#13481));
#13481 = ORIENTED_EDGE('',*,*,#12938,.T.);
#13482 = ( GEOMETRIC_REPRESENTATION_CONTEXT(3) 
GLOBAL_UNCERTAINTY_ASSIGNED_CONTEXT((#13486)) 
GLOBAL_UNIT_ASSIGNED_CONTEXT((#13483,#13484,#13485)) 
REPRESENTATION_CONTEXT('Context #1',
  '3D Context with UNIT and UNCERTAINTY') );
#13483 = ( LENGTH_UNIT() NAMED_UNIT(*) SI_UNIT(.MILLI.,.METRE.) );
#13484 = ( NAMED_UNIT(*) PLANE_ANGLE_UNIT() SI_UNIT($,.RADIAN.) );
#13485 = ( NAMED_UNIT(*) SI_UNIT($,.STERADIAN.) SOLID_ANGLE_UNIT() );
#13486 = UNCERTAINTY_MEASURE_WITH_UNIT(LENGTH_MEASURE(1.E-07),#13483,
  'distance_accuracy_value','confusion accuracy');
#13487 = CONTEXT_DEPENDENT_SHAPE_REPRESENTATION(#13488,#13490);
#13488 = ( REPRESENTATION_RELATIONSHIP('','',#12447,#55) 
REPRESENTATION_RELATIONSHIP_WITH_TRANSFORMATION(#13489) 
SHAPE_REPRESENTATION_RELATIONSHIP() );
#13489 = ITEM_DEFINED_TRANSFORMATION('','',#11,#68);
#13490 = PRODUCT_DEFINITION_SHAPE('Placement','Placement of an item',
  #13491);
#13491 = NEXT_ASSEMBLY_USAGE_OCCURRENCE('4','','',#50,#12442,$);
#13492 = PRODUCT_RELATED_PRODUCT_CATEGORY('part',$,(#12444));
ENDSEC;
END-ISO-10303-21;
