ISO-10303-21;
HEADER;
FILE_DESCRIPTION(('Open CASCADE Model'),'2;1');
FILE_NAME('Open CASCADE Shape Model','2026-08-15T15:58:46',('Author'),(
    'Open CASCADE'),'Open CASCADE STEP processor 7.9','Open CASCADE 7.9'
  ,'Unknown');
FILE_SCHEMA(('AUTOMOTIVE_DESIGN { 1 0 10303 214 1 1 1 1 }'));
ENDSEC;
DATA;
#1 = APPLICATION_PROTOCOL_DEFINITION('international standard',
  'automotive_design',2000,#2);
#2 = APPLICATION_CONTEXT(
  'core data for automotive mechanical design processes');
#3 = SHAPE_DEFINITION_REPRESENTATION(#4,#10);
#4 = PRODUCT_DEFINITION_SHAPE('','',#5);
#5 = PRODUCT_DEFINITION('design','',#6,#9);
#6 = PRODUCT_DEFINITION_FORMATION('','',#7);
#7 = PRODUCT('Open CASCADE STEP translator 7.9 1',
  'Open CASCADE STEP translator 7.9 1','',(#8));
#8 = PRODUCT_CONTEXT('',#2,'mechanical');
#9 = PRODUCT_DEFINITION_CONTEXT('part definition',#2,'design');
#10 = SHAPE_REPRESENTATION('',(#11,#15),#19);
#11 = AXIS2_PLACEMENT_3D('',#12,#13,#14);
#12 = CARTESIAN_POINT('',(0.,0.,0.));
#13 = DIRECTION('',(0.,0.,1.));
#14 = DIRECTION('',(1.,0.,-0.));
#15 = AXIS2_PLACEMENT_3D('',#16,#17,#18);
#16 = CARTESIAN_POINT('',(0.,0.,0.));
#17 = DIRECTION('',(0.,0.,1.));
#18 = DIRECTION('',(1.,0.,-0.));
#19 = ( GEOMETRIC_REPRESENTATION_CONTEXT(3) 
GLOBAL_UNCERTAINTY_ASSIGNED_CONTEXT((#23)) GLOBAL_UNIT_ASSIGNED_CONTEXT(
(#20,#21,#22)) REPRESENTATION_CONTEXT('Context #1',
  '3D Context with UNIT and UNCERTAINTY') );
#20 = ( LENGTH_UNIT() NAMED_UNIT(*) SI_UNIT(.MILLI.,.METRE.) );
#21 = ( NAMED_UNIT(*) PLANE_ANGLE_UNIT() SI_UNIT($,.RADIAN.) );
#22 = ( NAMED_UNIT(*) SI_UNIT($,.STERADIAN.) SOLID_ANGLE_UNIT() );
#23 = UNCERTAINTY_MEASURE_WITH_UNIT(LENGTH_MEASURE(1.E-07),#20,
  'distance_accuracy_value','confusion accuracy');
#24 = PRODUCT_RELATED_PRODUCT_CATEGORY('part',$,(#7));
#25 = SHAPE_DEFINITION_REPRESENTATION(#26,#32);
#26 = PRODUCT_DEFINITION_SHAPE('','',#27);
#27 = PRODUCT_DEFINITION('design','',#28,#31);
#28 = PRODUCT_DEFINITION_FORMATION('','',#29);
#29 = PRODUCT('Open CASCADE STEP translator 7.9 1.1',
  'Open CASCADE STEP translator 7.9 1.1','',(#30));
#30 = PRODUCT_CONTEXT('',#2,'mechanical');
#31 = PRODUCT_DEFINITION_CONTEXT('part definition',#2,'design');
#32 = SHAPE_REPRESENTATION('',(#11,#33),#37);
#33 = AXIS2_PLACEMENT_3D('',#34,#35,#36);
#34 = CARTESIAN_POINT('',(0.,0.,0.));
#35 = DIRECTION('',(0.,0.,1.));
#36 = DIRECTION('',(1.,0.,-0.));
#37 = ( GEOMETRIC_REPRESENTATION_CONTEXT(3) 
GLOBAL_UNCERTAINTY_ASSIGNED_CONTEXT((#41)) GLOBAL_UNIT_ASSIGNED_CONTEXT(
(#38,#39,#40)) REPRESENTATION_CONTEXT('Context #1',
  '3D Context with UNIT and UNCERTAINTY') );
#38 = ( LENGTH_UNIT() NAMED_UNIT(*) SI_UNIT(.MILLI.,.METRE.) );
#39 = ( NAMED_UNIT(*) PLANE_ANGLE_UNIT() SI_UNIT($,.RADIAN.) );
#40 = ( NAMED_UNIT(*) SI_UNIT($,.STERADIAN.) SOLID_ANGLE_UNIT() );
#41 = UNCERTAINTY_MEASURE_WITH_UNIT(LENGTH_MEASURE(1.E-07),#38,
  'distance_accuracy_value','confusion accuracy');
#42 = CONTEXT_DEPENDENT_SHAPE_REPRESENTATION(#43,#45);
#43 = ( REPRESENTATION_RELATIONSHIP('','',#32,#10) 
REPRESENTATION_RELATIONSHIP_WITH_TRANSFORMATION(#44) 
SHAPE_REPRESENTATION_RELATIONSHIP() );
#44 = ITEM_DEFINED_TRANSFORMATION('','',#11,#15);
#45 = PRODUCT_DEFINITION_SHAPE('Placement','Placement of an item',#46);
#46 = NEXT_ASSEMBLY_USAGE_OCCURRENCE('4','','',#5,#27,$);
#47 = PRODUCT_RELATED_PRODUCT_CATEGORY('part',$,(#29));
#48 = SHAPE_DEFINITION_REPRESENTATION(#49,#55);
#49 = PRODUCT_DEFINITION_SHAPE('','',#50);
#50 = PRODUCT_DEFINITION('design','',#51,#54);
#51 = PRODUCT_DEFINITION_FORMATION('','',#52);
#52 = PRODUCT('Open CASCADE STEP translator 7.9 1.1.1',
  'Open CASCADE STEP translator 7.9 1.1.1','',(#53));
#53 = PRODUCT_CONTEXT('',#2,'mechanical');
#54 = PRODUCT_DEFINITION_CONTEXT('part definition',#2,'design');
#55 = SHAPE_REPRESENTATION('',(#11,#56,#60),#64);
#56 = AXIS2_PLACEMENT_3D('',#57,#58,#59);
#57 = CARTESIAN_POINT('',(0.,0.,0.));
#58 = DIRECTION('',(0.,0.,1.));
#59 = DIRECTION('',(1.,0.,-0.));
#60 = AXIS2_PLACEMENT_3D('',#61,#62,#63);
#61 = CARTESIAN_POINT('',(0.,0.,0.));
#62 = DIRECTION('',(0.,0.,1.));
#63 = DIRECTION('',(1.,0.,-0.));
#64 = ( GEOMETRIC_REPRESENTATION_CONTEXT(3) 
GLOBAL_UNCERTAINTY_ASSIGNED_CONTEXT((#68)) GLOBAL_UNIT_ASSIGNED_CONTEXT(
(#65,#66,#67)) REPRESENTATION_CONTEXT('Context #1',
  '3D Context with UNIT and UNCERTAINTY') );
#65 = ( LENGTH_UNIT() NAMED_UNIT(*) SI_UNIT(.MILLI.,.METRE.) );
#66 = ( NAMED_UNIT(*) PLANE_ANGLE_UNIT() SI_UNIT($,.RADIAN.) );
#67 = ( NAMED_UNIT(*) SI_UNIT($,.STERADIAN.) SOLID_ANGLE_UNIT() );
#68 = UNCERTAINTY_MEASURE_WITH_UNIT(LENGTH_MEASURE(1.E-07),#65,
  'distance_accuracy_value','confusion accuracy');
#69 = CONTEXT_DEPENDENT_SHAPE_REPRESENTATION(#70,#72);
#70 = ( REPRESENTATION_RELATIONSHIP('','',#55,#32) 
REPRESENTATION_RELATIONSHIP_WITH_TRANSFORMATION(#71) 
SHAPE_REPRESENTATION_RELATIONSHIP() );
#71 = ITEM_DEFINED_TRANSFORMATION('','',#11,#33);
#72 = PRODUCT_DEFINITION_SHAPE('Placement','Placement of an item',#73);
#73 = NEXT_ASSEMBLY_USAGE_OCCURRENCE('3','','',#27,#50,$);
#74 = PRODUCT_RELATED_PRODUCT_CATEGORY('part',$,(#52));
#75 = SHAPE_DEFINITION_REPRESENTATION(#76,#82);
#76 = PRODUCT_DEFINITION_SHAPE('','',#77);
#77 = PRODUCT_DEFINITION('design','',#78,#81);
#78 = PRODUCT_DEFINITION_FORMATION('','',#79);
#79 = PRODUCT('Open CASCADE STEP translator 7.9 1.1.1.1',
  'Open CASCADE STEP translator 7.9 1.1.1.1','',(#80));
#80 = PRODUCT_CONTEXT('',#2,'mechanical');
#81 = PRODUCT_DEFINITION_CONTEXT('part definition',#2,'design');
#82 = ADVANCED_BREP_SHAPE_REPRESENTATION('',(#11,#83),#10665);
#83 = BREP_WITH_VOIDS('',#84,(#10273,#10371,#10469,#10567));
#84 = CLOSED_SHELL('',(#85,#205,#293,#372,#451,#529,#587,#641,#767,#1182
    ,#1208,#1262,#1510,#1631,#1691,#1840,#2025,#2106,#2347,#2407,#2489,
    #2699,#2747,#2801,#2854,#2908,#2995,#3205,#3287,#3412,#3550,#3681,
    #4136,#4190,#4239,#4289,#4737,#4843,#4924,#5180,#5273,#5312,#5388,
    #5393,#5589,#5619,#5658,#5739,#5815,#5870,#5924,#5979,#6058,#6097,
    #6178,#6229,#6268,#6361,#6410,#6459,#6486,#7104,#7132,#7137,#7165,
    #7170,#7220,#7432,#7570,#7619,#7740,#7787,#7822,#7850,#7855,#7883,
    #7888,#7915,#8044,#8093,#8185,#8210,#8284,#8311,#8338,#8345,#8453,
    #8458,#8488,#8515,#8731,#8800,#8850,#8878,#8904,#8930,#8956,#9187,
    #9214,#9264,#9291,#9298,#9374,#9423,#9472,#9499,#9575,#9624,#9673,
    #9700,#9776,#9825,#9874,#9901,#9977,#10026,#10075,#10102,#10149,
    #10180,#10187,#10214,#10221,#10226,#10233,#10238,#10245,#10252,
    #10259,#10266));
#85 = ADVANCED_FACE('',(#86),#100,.F.);
#86 = FACE_BOUND('',#87,.F.);
#87 = EDGE_LOOP('',(#88,#123,#151,#179));
#88 = ORIENTED_EDGE('',*,*,#89,.F.);
#89 = EDGE_CURVE('',#90,#92,#94,.T.);
#90 = VERTEX_POINT('',#91);
#91 = CARTESIAN_POINT('',(-45.,-22.,-9.5));
#92 = VERTEX_POINT('',#93);
#93 = CARTESIAN_POINT('',(-45.,-22.,9.5));
#94 = SURFACE_CURVE('',#95,(#99,#111),.PCURVE_S1.);
#95 = LINE('',#96,#97);
#96 = CARTESIAN_POINT('',(-45.,-22.,-11.));
#97 = VECTOR('',#98,1.);
#98 = DIRECTION('',(0.,0.,1.));
#99 = PCURVE('',#100,#105);
#100 = PLANE('',#101);
#101 = AXIS2_PLACEMENT_3D('',#102,#103,#104);
#102 = CARTESIAN_POINT('',(-45.,-25.,-11.));
#103 = DIRECTION('',(1.,0.,0.));
#104 = DIRECTION('',(0.,0.,1.));
#105 = DEFINITIONAL_REPRESENTATION('',(#106),#110);
#106 = LINE('',#107,#108);
#107 = CARTESIAN_POINT('',(0.,-3.));
#108 = VECTOR('',#109,1.);
#109 = DIRECTION('',(1.,0.));
#110 = ( GEOMETRIC_REPRESENTATION_CONTEXT(2) 
PARAMETRIC_REPRESENTATION_CONTEXT() REPRESENTATION_CONTEXT('2D SPACE',''
  ) );
#111 = PCURVE('',#112,#117);
#112 = CYLINDRICAL_SURFACE('',#113,3.);
#113 = AXIS2_PLACEMENT_3D('',#114,#115,#116);
#114 = CARTESIAN_POINT('',(-42.,-22.,-11.));
#115 = DIRECTION('',(0.,0.,1.));
#116 = DIRECTION('',(-1.,-0.,0.));
#117 = DEFINITIONAL_REPRESENTATION('',(#118),#122);
#118 = LINE('',#119,#120);
#119 = CARTESIAN_POINT('',(0.,0.));
#120 = VECTOR('',#121,1.);
#121 = DIRECTION('',(0.,1.));
#122 = ( GEOMETRIC_REPRESENTATION_CONTEXT(2) 
PARAMETRIC_REPRESENTATION_CONTEXT() REPRESENTATION_CONTEXT('2D SPACE',''
  ) );
#123 = ORIENTED_EDGE('',*,*,#124,.T.);
#124 = EDGE_CURVE('',#90,#125,#127,.T.);
#125 = VERTEX_POINT('',#126);
#126 = CARTESIAN_POINT('',(-45.,22.,-9.5));
#127 = SURFACE_CURVE('',#128,(#132,#139),.PCURVE_S1.);
#128 = LINE('',#129,#130);
#129 = CARTESIAN_POINT('',(-45.,-22.,-9.5));
#130 = VECTOR('',#131,1.);
#131 = DIRECTION('',(0.,1.,0.));
#132 = PCURVE('',#100,#133);
#133 = DEFINITIONAL_REPRESENTATION('',(#134),#138);
#134 = LINE('',#135,#136);
#135 = CARTESIAN_POINT('',(1.5,-3.));
#136 = VECTOR('',#137,1.);
#137 = DIRECTION('',(0.,-1.));
#138 = ( GEOMETRIC_REPRESENTATION_CONTEXT(2) 
PARAMETRIC_REPRESENTATION_CONTEXT() REPRESENTATION_CONTEXT('2D SPACE',''
  ) );
#139 = PCURVE('',#140,#145);
#140 = CYLINDRICAL_SURFACE('',#141,1.5);
#141 = AXIS2_PLACEMENT_3D('',#142,#143,#144);
#142 = CARTESIAN_POINT('',(-43.5,-22.,-9.5));
#143 = DIRECTION('',(0.,1.,0.));
#144 = DIRECTION('',(0.,0.,-1.));
#145 = DEFINITIONAL_REPRESENTATION('',(#146),#150);
#146 = LINE('',#147,#148);
#147 = CARTESIAN_POINT('',(1.570796326795,0.));
#148 = VECTOR('',#149,1.);
#149 = DIRECTION('',(0.,1.));
#150 = ( GEOMETRIC_REPRESENTATION_CONTEXT(2) 
PARAMETRIC_REPRESENTATION_CONTEXT() REPRESENTATION_CONTEXT('2D SPACE',''
  ) );
#151 = ORIENTED_EDGE('',*,*,#152,.T.);
#152 = EDGE_CURVE('',#125,#153,#155,.T.);
#153 = VERTEX_POINT('',#154);
#154 = CARTESIAN_POINT('',(-45.,22.,9.5));
#155 = SURFACE_CURVE('',#156,(#160,#167),.PCURVE_S1.);
#156 = LINE('',#157,#158);
#157 = CARTESIAN_POINT('',(-45.,22.,-11.));
#158 = VECTOR('',#159,1.);
#159 = DIRECTION('',(0.,0.,1.));
#160 = PCURVE('',#100,#161);
#161 = DEFINITIONAL_REPRESENTATION('',(#162),#166);
#162 = LINE('',#163,#164);
#163 = CARTESIAN_POINT('',(0.,-47.));
#164 = VECTOR('',#165,1.);
#165 = DIRECTION('',(1.,0.));
#166 = ( GEOMETRIC_REPRESENTATION_CONTEXT(2) 
PARAMETRIC_REPRESENTATION_CONTEXT() REPRESENTATION_CONTEXT('2D SPACE',''
  ) );
#167 = PCURVE('',#168,#173);
#168 = CYLINDRICAL_SURFACE('',#169,3.);
#169 = AXIS2_PLACEMENT_3D('',#170,#171,#172);
#170 = CARTESIAN_POINT('',(-42.,22.,-11.));
#171 = DIRECTION('',(0.,0.,1.));
#172 = DIRECTION('',(-1.,-0.,0.));
#173 = DEFINITIONAL_REPRESENTATION('',(#174),#178);
#174 = LINE('',#175,#176);
#175 = CARTESIAN_POINT('',(-0.,0.));
#176 = VECTOR('',#177,1.);
#177 = DIRECTION('',(-0.,1.));
#178 = ( GEOMETRIC_REPRESENTATION_CONTEXT(2) 
PARAMETRIC_REPRESENTATION_CONTEXT() REPRESENTATION_CONTEXT('2D SPACE',''
  ) );
#179 = ORIENTED_EDGE('',*,*,#180,.T.);
#180 = EDGE_CURVE('',#153,#92,#181,.T.);
#181 = SURFACE_CURVE('',#182,(#186,#193),.PCURVE_S1.);
#182 = LINE('',#183,#184);
#183 = CARTESIAN_POINT('',(-45.,22.,9.5));
#184 = VECTOR('',#185,1.);
#185 = DIRECTION('',(-0.,-1.,-0.));
#186 = PCURVE('',#100,#187);
#187 = DEFINITIONAL_REPRESENTATION('',(#188),#192);
#188 = LINE('',#189,#190);
#189 = CARTESIAN_POINT('',(20.5,-47.));
#190 = VECTOR('',#191,1.);
#191 = DIRECTION('',(-0.,1.));
#192 = ( GEOMETRIC_REPRESENTATION_CONTEXT(2) 
PARAMETRIC_REPRESENTATION_CONTEXT() REPRESENTATION_CONTEXT('2D SPACE',''
  ) );
#193 = PCURVE('',#194,#199);
#194 = CYLINDRICAL_SURFACE('',#195,1.5);
#195 = AXIS2_PLACEMENT_3D('',#196,#197,#198);
#196 = CARTESIAN_POINT('',(-43.5,22.,9.5));
#197 = DIRECTION('',(-0.,-1.,-0.));
#198 = DIRECTION('',(0.,0.,1.));
#199 = DEFINITIONAL_REPRESENTATION('',(#200),#204);
#200 = LINE('',#201,#202);
#201 = CARTESIAN_POINT('',(1.570796326795,0.));
#202 = VECTOR('',#203,1.);
#203 = DIRECTION('',(0.,1.));
#204 = ( GEOMETRIC_REPRESENTATION_CONTEXT(2) 
PARAMETRIC_REPRESENTATION_CONTEXT() REPRESENTATION_CONTEXT('2D SPACE',''
  ) );
#205 = ADVANCED_FACE('',(#206),#112,.T.);
#206 = FACE_BOUND('',#207,.T.);
#207 = EDGE_LOOP('',(#208,#209,#238,#266));
#208 = ORIENTED_EDGE('',*,*,#89,.F.);
#209 = ORIENTED_EDGE('',*,*,#210,.F.);
#210 = EDGE_CURVE('',#211,#90,#213,.T.);
#211 = VERTEX_POINT('',#212);
#212 = CARTESIAN_POINT('',(-42.,-25.,-9.5));
#213 = SURFACE_CURVE('',#214,(#219,#226),.PCURVE_S1.);
#214 = CIRCLE('',#215,3.);
#215 = AXIS2_PLACEMENT_3D('',#216,#217,#218);
#216 = CARTESIAN_POINT('',(-42.,-22.,-9.5));
#217 = DIRECTION('',(-0.,-0.,-1.));
#218 = DIRECTION('',(0.,-1.,0.));
#219 = PCURVE('',#112,#220);
#220 = DEFINITIONAL_REPRESENTATION('',(#221),#225);
#221 = LINE('',#222,#223);
#222 = CARTESIAN_POINT('',(1.570796326795,1.5));
#223 = VECTOR('',#224,1.);
#224 = DIRECTION('',(-1.,-0.));
#225 = ( GEOMETRIC_REPRESENTATION_CONTEXT(2) 
PARAMETRIC_REPRESENTATION_CONTEXT() REPRESENTATION_CONTEXT('2D SPACE',''
  ) );
#226 = PCURVE('',#227,#232);
#227 = TOROIDAL_SURFACE('',#228,1.5,1.5);
#228 = AXIS2_PLACEMENT_3D('',#229,#230,#231);
#229 = CARTESIAN_POINT('',(-42.,-22.,-9.5));
#230 = DIRECTION('',(0.,0.,1.));
#231 = DIRECTION('',(0.,-1.,0.));
#232 = DEFINITIONAL_REPRESENTATION('',(#233),#237);
#233 = LINE('',#234,#235);
#234 = CARTESIAN_POINT('',(-0.,6.28318530718));
#235 = VECTOR('',#236,1.);
#236 = DIRECTION('',(-1.,0.));
#237 = ( GEOMETRIC_REPRESENTATION_CONTEXT(2) 
PARAMETRIC_REPRESENTATION_CONTEXT() REPRESENTATION_CONTEXT('2D SPACE',''
  ) );
#238 = ORIENTED_EDGE('',*,*,#239,.T.);
#239 = EDGE_CURVE('',#211,#240,#242,.T.);
#240 = VERTEX_POINT('',#241);
#241 = CARTESIAN_POINT('',(-42.,-25.,9.5));
#242 = SURFACE_CURVE('',#243,(#247,#254),.PCURVE_S1.);
#243 = LINE('',#244,#245);
#244 = CARTESIAN_POINT('',(-42.,-25.,-11.));
#245 = VECTOR('',#246,1.);
#246 = DIRECTION('',(0.,0.,1.));
#247 = PCURVE('',#112,#248);
#248 = DEFINITIONAL_REPRESENTATION('',(#249),#253);
#249 = LINE('',#250,#251);
#250 = CARTESIAN_POINT('',(1.570796326795,0.));
#251 = VECTOR('',#252,1.);
#252 = DIRECTION('',(0.,1.));
#253 = ( GEOMETRIC_REPRESENTATION_CONTEXT(2) 
PARAMETRIC_REPRESENTATION_CONTEXT() REPRESENTATION_CONTEXT('2D SPACE',''
  ) );
#254 = PCURVE('',#255,#260);
#255 = PLANE('',#256);
#256 = AXIS2_PLACEMENT_3D('',#257,#258,#259);
#257 = CARTESIAN_POINT('',(-45.,-25.,-11.));
#258 = DIRECTION('',(0.,1.,0.));
#259 = DIRECTION('',(0.,0.,1.));
#260 = DEFINITIONAL_REPRESENTATION('',(#261),#265);
#261 = LINE('',#262,#263);
#262 = CARTESIAN_POINT('',(0.,3.));
#263 = VECTOR('',#264,1.);
#264 = DIRECTION('',(1.,0.));
#265 = ( GEOMETRIC_REPRESENTATION_CONTEXT(2) 
PARAMETRIC_REPRESENTATION_CONTEXT() REPRESENTATION_CONTEXT('2D SPACE',''
  ) );
#266 = ORIENTED_EDGE('',*,*,#267,.F.);
#267 = EDGE_CURVE('',#92,#240,#268,.T.);
#268 = SURFACE_CURVE('',#269,(#274,#281),.PCURVE_S1.);
#269 = CIRCLE('',#270,3.);
#270 = AXIS2_PLACEMENT_3D('',#271,#272,#273);
#271 = CARTESIAN_POINT('',(-42.,-22.,9.5));
#272 = DIRECTION('',(0.,0.,1.));
#273 = DIRECTION('',(-1.,0.,0.));
#274 = PCURVE('',#112,#275);
#275 = DEFINITIONAL_REPRESENTATION('',(#276),#280);
#276 = LINE('',#277,#278);
#277 = CARTESIAN_POINT('',(0.,20.5));
#278 = VECTOR('',#279,1.);
#279 = DIRECTION('',(1.,0.));
#280 = ( GEOMETRIC_REPRESENTATION_CONTEXT(2) 
PARAMETRIC_REPRESENTATION_CONTEXT() REPRESENTATION_CONTEXT('2D SPACE',''
  ) );
#281 = PCURVE('',#282,#287);
#282 = TOROIDAL_SURFACE('',#283,1.5,1.5);
#283 = AXIS2_PLACEMENT_3D('',#284,#285,#286);
#284 = CARTESIAN_POINT('',(-42.,-22.,9.5));
#285 = DIRECTION('',(-0.,-0.,-1.));
#286 = DIRECTION('',(-1.,0.,0.));
#287 = DEFINITIONAL_REPRESENTATION('',(#288),#292);
#288 = LINE('',#289,#290);
#289 = CARTESIAN_POINT('',(-0.,6.28318530718));
#290 = VECTOR('',#291,1.);
#291 = DIRECTION('',(-1.,0.));
#292 = ( GEOMETRIC_REPRESENTATION_CONTEXT(2) 
PARAMETRIC_REPRESENTATION_CONTEXT() REPRESENTATION_CONTEXT('2D SPACE',''
  ) );
#293 = ADVANCED_FACE('',(#294),#140,.T.);
#294 = FACE_BOUND('',#295,.T.);
#295 = EDGE_LOOP('',(#296,#318,#319,#346));
#296 = ORIENTED_EDGE('',*,*,#297,.T.);
#297 = EDGE_CURVE('',#298,#90,#300,.T.);
#298 = VERTEX_POINT('',#299);
#299 = CARTESIAN_POINT('',(-43.5,-22.,-11.));
#300 = SURFACE_CURVE('',#301,(#306,#312),.PCURVE_S1.);
#301 = CIRCLE('',#302,1.5);
#302 = AXIS2_PLACEMENT_3D('',#303,#304,#305);
#303 = CARTESIAN_POINT('',(-43.5,-22.,-9.5));
#304 = DIRECTION('',(-6.123233995737E-17,1.,0.));
#305 = DIRECTION('',(-1.,-6.123233995737E-17,0.));
#306 = PCURVE('',#140,#307);
#307 = DEFINITIONAL_REPRESENTATION('',(#308),#311);
#308 = B_SPLINE_CURVE_WITH_KNOTS('',1,(#309,#310),.UNSPECIFIED.,.F.,.F.,
  (2,2),(4.712388980385,6.28318530718),.PIECEWISE_BEZIER_KNOTS.);
#309 = CARTESIAN_POINT('',(0.,0.));
#310 = CARTESIAN_POINT('',(1.570796326795,0.));
#311 = ( GEOMETRIC_REPRESENTATION_CONTEXT(2) 
PARAMETRIC_REPRESENTATION_CONTEXT() REPRESENTATION_CONTEXT('2D SPACE',''
  ) );
#312 = PCURVE('',#227,#313);
#313 = DEFINITIONAL_REPRESENTATION('',(#314),#317);
#314 = B_SPLINE_CURVE_WITH_KNOTS('',1,(#315,#316),.UNSPECIFIED.,.F.,.F.,
  (2,2),(4.712388980385,6.28318530718),.PIECEWISE_BEZIER_KNOTS.);
#315 = CARTESIAN_POINT('',(-1.570796326795,4.712388980385));
#316 = CARTESIAN_POINT('',(-1.570796326795,6.28318530718));
#317 = ( GEOMETRIC_REPRESENTATION_CONTEXT(2) 
PARAMETRIC_REPRESENTATION_CONTEXT() REPRESENTATION_CONTEXT('2D SPACE',''
  ) );
#318 = ORIENTED_EDGE('',*,*,#124,.T.);
#319 = ORIENTED_EDGE('',*,*,#320,.F.);
#320 = EDGE_CURVE('',#321,#125,#323,.T.);
#321 = VERTEX_POINT('',#322);
#322 = CARTESIAN_POINT('',(-43.5,22.,-11.));
#323 = SURFACE_CURVE('',#324,(#329,#335),.PCURVE_S1.);
#324 = CIRCLE('',#325,1.5);
#325 = AXIS2_PLACEMENT_3D('',#326,#327,#328);
#326 = CARTESIAN_POINT('',(-43.5,22.,-9.5));
#327 = DIRECTION('',(0.,1.,0.));
#328 = DIRECTION('',(0.,0.,-1.));
#329 = PCURVE('',#140,#330);
#330 = DEFINITIONAL_REPRESENTATION('',(#331),#334);
#331 = B_SPLINE_CURVE_WITH_KNOTS('',1,(#332,#333),.UNSPECIFIED.,.F.,.F.,
  (2,2),(0.,1.570796326795),.PIECEWISE_BEZIER_KNOTS.);
#332 = CARTESIAN_POINT('',(0.,44.));
#333 = CARTESIAN_POINT('',(1.570796326795,44.));
#334 = ( GEOMETRIC_REPRESENTATION_CONTEXT(2) 
PARAMETRIC_REPRESENTATION_CONTEXT() REPRESENTATION_CONTEXT('2D SPACE',''
  ) );
#335 = PCURVE('',#336,#341);
#336 = TOROIDAL_SURFACE('',#337,1.5,1.5);
#337 = AXIS2_PLACEMENT_3D('',#338,#339,#340);
#338 = CARTESIAN_POINT('',(-42.,22.,-9.5));
#339 = DIRECTION('',(0.,0.,1.));
#340 = DIRECTION('',(-1.,0.,0.));
#341 = DEFINITIONAL_REPRESENTATION('',(#342),#345);
#342 = B_SPLINE_CURVE_WITH_KNOTS('',1,(#343,#344),.UNSPECIFIED.,.F.,.F.,
  (2,2),(0.,1.570796326795),.PIECEWISE_BEZIER_KNOTS.);
#343 = CARTESIAN_POINT('',(0.,4.712388980385));
#344 = CARTESIAN_POINT('',(0.,6.28318530718));
#345 = ( GEOMETRIC_REPRESENTATION_CONTEXT(2) 
PARAMETRIC_REPRESENTATION_CONTEXT() REPRESENTATION_CONTEXT('2D SPACE',''
  ) );
#346 = ORIENTED_EDGE('',*,*,#347,.F.);
#347 = EDGE_CURVE('',#298,#321,#348,.T.);
#348 = SURFACE_CURVE('',#349,(#353,#360),.PCURVE_S1.);
#349 = LINE('',#350,#351);
#350 = CARTESIAN_POINT('',(-43.5,-22.,-11.));
#351 = VECTOR('',#352,1.);
#352 = DIRECTION('',(0.,1.,0.));
#353 = PCURVE('',#140,#354);
#354 = DEFINITIONAL_REPRESENTATION('',(#355),#359);
#355 = LINE('',#356,#357);
#356 = CARTESIAN_POINT('',(0.,0.));
#357 = VECTOR('',#358,1.);
#358 = DIRECTION('',(0.,1.));
#359 = ( GEOMETRIC_REPRESENTATION_CONTEXT(2) 
PARAMETRIC_REPRESENTATION_CONTEXT() REPRESENTATION_CONTEXT('2D SPACE',''
  ) );
#360 = PCURVE('',#361,#366);
#361 = PLANE('',#362);
#362 = AXIS2_PLACEMENT_3D('',#363,#364,#365);
#363 = CARTESIAN_POINT('',(-45.,-25.,-11.));
#364 = DIRECTION('',(0.,0.,1.));
#365 = DIRECTION('',(1.,0.,0.));
#366 = DEFINITIONAL_REPRESENTATION('',(#367),#371);
#367 = LINE('',#368,#369);
#368 = CARTESIAN_POINT('',(1.5,3.));
#369 = VECTOR('',#370,1.);
#370 = DIRECTION('',(0.,1.));
#371 = ( GEOMETRIC_REPRESENTATION_CONTEXT(2) 
PARAMETRIC_REPRESENTATION_CONTEXT() REPRESENTATION_CONTEXT('2D SPACE',''
  ) );
#372 = ADVANCED_FACE('',(#373),#194,.T.);
#373 = FACE_BOUND('',#374,.T.);
#374 = EDGE_LOOP('',(#375,#402,#403,#425));
#375 = ORIENTED_EDGE('',*,*,#376,.T.);
#376 = EDGE_CURVE('',#377,#153,#379,.T.);
#377 = VERTEX_POINT('',#378);
#378 = CARTESIAN_POINT('',(-43.5,22.,11.));
#379 = SURFACE_CURVE('',#380,(#385,#391),.PCURVE_S1.);
#380 = CIRCLE('',#381,1.5);
#381 = AXIS2_PLACEMENT_3D('',#382,#383,#384);
#382 = CARTESIAN_POINT('',(-43.5,22.,9.5));
#383 = DIRECTION('',(-6.123233995737E-17,-1.,0.));
#384 = DIRECTION('',(-1.,6.123233995737E-17,0.));
#385 = PCURVE('',#194,#386);
#386 = DEFINITIONAL_REPRESENTATION('',(#387),#390);
#387 = B_SPLINE_CURVE_WITH_KNOTS('',1,(#388,#389),.UNSPECIFIED.,.F.,.F.,
  (2,2),(4.712388980385,6.28318530718),.PIECEWISE_BEZIER_KNOTS.);
#388 = CARTESIAN_POINT('',(0.,0.));
#389 = CARTESIAN_POINT('',(1.570796326795,0.));
#390 = ( GEOMETRIC_REPRESENTATION_CONTEXT(2) 
PARAMETRIC_REPRESENTATION_CONTEXT() REPRESENTATION_CONTEXT('2D SPACE',''
  ) );
#391 = PCURVE('',#392,#397);
#392 = TOROIDAL_SURFACE('',#393,1.5,1.5);
#393 = AXIS2_PLACEMENT_3D('',#394,#395,#396);
#394 = CARTESIAN_POINT('',(-42.,22.,9.5));
#395 = DIRECTION('',(-0.,-0.,-1.));
#396 = DIRECTION('',(0.,1.,-0.));
#397 = DEFINITIONAL_REPRESENTATION('',(#398),#401);
#398 = B_SPLINE_CURVE_WITH_KNOTS('',1,(#399,#400),.UNSPECIFIED.,.F.,.F.,
  (2,2),(4.712388980385,6.28318530718),.PIECEWISE_BEZIER_KNOTS.);
#399 = CARTESIAN_POINT('',(-1.570796326795,4.712388980385));
#400 = CARTESIAN_POINT('',(-1.570796326795,6.28318530718));
#401 = ( GEOMETRIC_REPRESENTATION_CONTEXT(2) 
PARAMETRIC_REPRESENTATION_CONTEXT() REPRESENTATION_CONTEXT('2D SPACE',''
  ) );
#402 = ORIENTED_EDGE('',*,*,#180,.T.);
#403 = ORIENTED_EDGE('',*,*,#404,.F.);
#404 = EDGE_CURVE('',#405,#92,#407,.T.);
#405 = VERTEX_POINT('',#406);
#406 = CARTESIAN_POINT('',(-43.5,-22.,11.));
#407 = SURFACE_CURVE('',#408,(#413,#419),.PCURVE_S1.);
#408 = CIRCLE('',#409,1.5);
#409 = AXIS2_PLACEMENT_3D('',#410,#411,#412);
#410 = CARTESIAN_POINT('',(-43.5,-22.,9.5));
#411 = DIRECTION('',(0.,-1.,0.));
#412 = DIRECTION('',(0.,0.,1.));
#413 = PCURVE('',#194,#414);
#414 = DEFINITIONAL_REPRESENTATION('',(#415),#418);
#415 = B_SPLINE_CURVE_WITH_KNOTS('',1,(#416,#417),.UNSPECIFIED.,.F.,.F.,
  (2,2),(0.,1.570796326795),.PIECEWISE_BEZIER_KNOTS.);
#416 = CARTESIAN_POINT('',(0.,44.));
#417 = CARTESIAN_POINT('',(1.570796326795,44.));
#418 = ( GEOMETRIC_REPRESENTATION_CONTEXT(2) 
PARAMETRIC_REPRESENTATION_CONTEXT() REPRESENTATION_CONTEXT('2D SPACE',''
  ) );
#419 = PCURVE('',#282,#420);
#420 = DEFINITIONAL_REPRESENTATION('',(#421),#424);
#421 = B_SPLINE_CURVE_WITH_KNOTS('',1,(#422,#423),.UNSPECIFIED.,.F.,.F.,
  (2,2),(0.,1.570796326795),.PIECEWISE_BEZIER_KNOTS.);
#422 = CARTESIAN_POINT('',(0.,4.712388980385));
#423 = CARTESIAN_POINT('',(0.,6.28318530718));
#424 = ( GEOMETRIC_REPRESENTATION_CONTEXT(2) 
PARAMETRIC_REPRESENTATION_CONTEXT() REPRESENTATION_CONTEXT('2D SPACE',''
  ) );
#425 = ORIENTED_EDGE('',*,*,#426,.F.);
#426 = EDGE_CURVE('',#377,#405,#427,.T.);
#427 = SURFACE_CURVE('',#428,(#432,#439),.PCURVE_S1.);
#428 = LINE('',#429,#430);
#429 = CARTESIAN_POINT('',(-43.5,22.,11.));
#430 = VECTOR('',#431,1.);
#431 = DIRECTION('',(-0.,-1.,-0.));
#432 = PCURVE('',#194,#433);
#433 = DEFINITIONAL_REPRESENTATION('',(#434),#438);
#434 = LINE('',#435,#436);
#435 = CARTESIAN_POINT('',(0.,0.));
#436 = VECTOR('',#437,1.);
#437 = DIRECTION('',(0.,1.));
#438 = ( GEOMETRIC_REPRESENTATION_CONTEXT(2) 
PARAMETRIC_REPRESENTATION_CONTEXT() REPRESENTATION_CONTEXT('2D SPACE',''
  ) );
#439 = PCURVE('',#440,#445);
#440 = PLANE('',#441);
#441 = AXIS2_PLACEMENT_3D('',#442,#443,#444);
#442 = CARTESIAN_POINT('',(-45.,-25.,11.));
#443 = DIRECTION('',(0.,0.,1.));
#444 = DIRECTION('',(1.,0.,0.));
#445 = DEFINITIONAL_REPRESENTATION('',(#446),#450);
#446 = LINE('',#447,#448);
#447 = CARTESIAN_POINT('',(1.5,47.));
#448 = VECTOR('',#449,1.);
#449 = DIRECTION('',(-0.,-1.));
#450 = ( GEOMETRIC_REPRESENTATION_CONTEXT(2) 
PARAMETRIC_REPRESENTATION_CONTEXT() REPRESENTATION_CONTEXT('2D SPACE',''
  ) );
#451 = ADVANCED_FACE('',(#452),#168,.T.);
#452 = FACE_BOUND('',#453,.F.);
#453 = EDGE_LOOP('',(#454,#455,#479,#507));
#454 = ORIENTED_EDGE('',*,*,#152,.F.);
#455 = ORIENTED_EDGE('',*,*,#456,.T.);
#456 = EDGE_CURVE('',#125,#457,#459,.T.);
#457 = VERTEX_POINT('',#458);
#458 = CARTESIAN_POINT('',(-42.,25.,-9.5));
#459 = SURFACE_CURVE('',#460,(#465,#472),.PCURVE_S1.);
#460 = CIRCLE('',#461,3.);
#461 = AXIS2_PLACEMENT_3D('',#462,#463,#464);
#462 = CARTESIAN_POINT('',(-42.,22.,-9.5));
#463 = DIRECTION('',(-0.,0.,-1.));
#464 = DIRECTION('',(-1.,0.,0.));
#465 = PCURVE('',#168,#466);
#466 = DEFINITIONAL_REPRESENTATION('',(#467),#471);
#467 = LINE('',#468,#469);
#468 = CARTESIAN_POINT('',(-0.,1.5));
#469 = VECTOR('',#470,1.);
#470 = DIRECTION('',(-1.,0.));
#471 = ( GEOMETRIC_REPRESENTATION_CONTEXT(2) 
PARAMETRIC_REPRESENTATION_CONTEXT() REPRESENTATION_CONTEXT('2D SPACE',''
  ) );
#472 = PCURVE('',#336,#473);
#473 = DEFINITIONAL_REPRESENTATION('',(#474),#478);
#474 = LINE('',#475,#476);
#475 = CARTESIAN_POINT('',(-0.,6.28318530718));
#476 = VECTOR('',#477,1.);
#477 = DIRECTION('',(-1.,0.));
#478 = ( GEOMETRIC_REPRESENTATION_CONTEXT(2) 
PARAMETRIC_REPRESENTATION_CONTEXT() REPRESENTATION_CONTEXT('2D SPACE',''
  ) );
#479 = ORIENTED_EDGE('',*,*,#480,.T.);
#480 = EDGE_CURVE('',#457,#481,#483,.T.);
#481 = VERTEX_POINT('',#482);
#482 = CARTESIAN_POINT('',(-42.,25.,9.5));
#483 = SURFACE_CURVE('',#484,(#488,#495),.PCURVE_S1.);
#484 = LINE('',#485,#486);
#485 = CARTESIAN_POINT('',(-42.,25.,-11.));
#486 = VECTOR('',#487,1.);
#487 = DIRECTION('',(0.,0.,1.));
#488 = PCURVE('',#168,#489);
#489 = DEFINITIONAL_REPRESENTATION('',(#490),#494);
#490 = LINE('',#491,#492);
#491 = CARTESIAN_POINT('',(-1.570796326795,0.));
#492 = VECTOR('',#493,1.);
#493 = DIRECTION('',(-0.,1.));
#494 = ( GEOMETRIC_REPRESENTATION_CONTEXT(2) 
PARAMETRIC_REPRESENTATION_CONTEXT() REPRESENTATION_CONTEXT('2D SPACE',''
  ) );
#495 = PCURVE('',#496,#501);
#496 = PLANE('',#497);
#497 = AXIS2_PLACEMENT_3D('',#498,#499,#500);
#498 = CARTESIAN_POINT('',(-45.,25.,-11.));
#499 = DIRECTION('',(0.,1.,0.));
#500 = DIRECTION('',(0.,0.,1.));
#501 = DEFINITIONAL_REPRESENTATION('',(#502),#506);
#502 = LINE('',#503,#504);
#503 = CARTESIAN_POINT('',(0.,3.));
#504 = VECTOR('',#505,1.);
#505 = DIRECTION('',(1.,0.));
#506 = ( GEOMETRIC_REPRESENTATION_CONTEXT(2) 
PARAMETRIC_REPRESENTATION_CONTEXT() REPRESENTATION_CONTEXT('2D SPACE',''
  ) );
#507 = ORIENTED_EDGE('',*,*,#508,.T.);
#508 = EDGE_CURVE('',#481,#153,#509,.T.);
#509 = SURFACE_CURVE('',#510,(#515,#522),.PCURVE_S1.);
#510 = CIRCLE('',#511,3.);
#511 = AXIS2_PLACEMENT_3D('',#512,#513,#514);
#512 = CARTESIAN_POINT('',(-42.,22.,9.5));
#513 = DIRECTION('',(0.,0.,1.));
#514 = DIRECTION('',(0.,1.,-0.));
#515 = PCURVE('',#168,#516);
#516 = DEFINITIONAL_REPRESENTATION('',(#517),#521);
#517 = LINE('',#518,#519);
#518 = CARTESIAN_POINT('',(-1.570796326795,20.5));
#519 = VECTOR('',#520,1.);
#520 = DIRECTION('',(1.,-0.));
#521 = ( GEOMETRIC_REPRESENTATION_CONTEXT(2) 
PARAMETRIC_REPRESENTATION_CONTEXT() REPRESENTATION_CONTEXT('2D SPACE',''
  ) );
#522 = PCURVE('',#392,#523);
#523 = DEFINITIONAL_REPRESENTATION('',(#524),#528);
#524 = LINE('',#525,#526);
#525 = CARTESIAN_POINT('',(-0.,6.28318530718));
#526 = VECTOR('',#527,1.);
#527 = DIRECTION('',(-1.,0.));
#528 = ( GEOMETRIC_REPRESENTATION_CONTEXT(2) 
PARAMETRIC_REPRESENTATION_CONTEXT() REPRESENTATION_CONTEXT('2D SPACE',''
  ) );
#529 = ADVANCED_FACE('',(#530),#227,.T.);
#530 = FACE_BOUND('',#531,.F.);
#531 = EDGE_LOOP('',(#532,#559,#585,#586));
#532 = ORIENTED_EDGE('',*,*,#533,.F.);
#533 = EDGE_CURVE('',#534,#211,#536,.T.);
#534 = VERTEX_POINT('',#535);
#535 = CARTESIAN_POINT('',(-42.,-23.5,-11.));
#536 = SURFACE_CURVE('',#537,(#542,#548),.PCURVE_S1.);
#537 = CIRCLE('',#538,1.5);
#538 = AXIS2_PLACEMENT_3D('',#539,#540,#541);
#539 = CARTESIAN_POINT('',(-42.,-23.5,-9.5));
#540 = DIRECTION('',(-1.,-0.,-0.));
#541 = DIRECTION('',(0.,0.,-1.));
#542 = PCURVE('',#227,#543);
#543 = DEFINITIONAL_REPRESENTATION('',(#544),#547);
#544 = B_SPLINE_CURVE_WITH_KNOTS('',1,(#545,#546),.UNSPECIFIED.,.F.,.F.,
  (2,2),(0.,1.570796326795),.PIECEWISE_BEZIER_KNOTS.);
#545 = CARTESIAN_POINT('',(0.,4.712388980385));
#546 = CARTESIAN_POINT('',(0.,6.28318530718));
#547 = ( GEOMETRIC_REPRESENTATION_CONTEXT(2) 
PARAMETRIC_REPRESENTATION_CONTEXT() REPRESENTATION_CONTEXT('2D SPACE',''
  ) );
#548 = PCURVE('',#549,#554);
#549 = CYLINDRICAL_SURFACE('',#550,1.5);
#550 = AXIS2_PLACEMENT_3D('',#551,#552,#553);
#551 = CARTESIAN_POINT('',(42.,-23.5,-9.5));
#552 = DIRECTION('',(-1.,-0.,-0.));
#553 = DIRECTION('',(0.,0.,-1.));
#554 = DEFINITIONAL_REPRESENTATION('',(#555),#558);
#555 = B_SPLINE_CURVE_WITH_KNOTS('',1,(#556,#557),.UNSPECIFIED.,.F.,.F.,
  (2,2),(0.,1.570796326795),.PIECEWISE_BEZIER_KNOTS.);
#556 = CARTESIAN_POINT('',(0.,84.));
#557 = CARTESIAN_POINT('',(1.570796326795,84.));
#558 = ( GEOMETRIC_REPRESENTATION_CONTEXT(2) 
PARAMETRIC_REPRESENTATION_CONTEXT() REPRESENTATION_CONTEXT('2D SPACE',''
  ) );
#559 = ORIENTED_EDGE('',*,*,#560,.T.);
#560 = EDGE_CURVE('',#534,#298,#561,.T.);
#561 = SURFACE_CURVE('',#562,(#567,#574),.PCURVE_S1.);
#562 = CIRCLE('',#563,1.5);
#563 = AXIS2_PLACEMENT_3D('',#564,#565,#566);
#564 = CARTESIAN_POINT('',(-42.,-22.,-11.));
#565 = DIRECTION('',(-0.,-0.,-1.));
#566 = DIRECTION('',(0.,-1.,0.));
#567 = PCURVE('',#227,#568);
#568 = DEFINITIONAL_REPRESENTATION('',(#569),#573);
#569 = LINE('',#570,#571);
#570 = CARTESIAN_POINT('',(-0.,4.712388980385));
#571 = VECTOR('',#572,1.);
#572 = DIRECTION('',(-1.,0.));
#573 = ( GEOMETRIC_REPRESENTATION_CONTEXT(2) 
PARAMETRIC_REPRESENTATION_CONTEXT() REPRESENTATION_CONTEXT('2D SPACE',''
  ) );
#574 = PCURVE('',#361,#575);
#575 = DEFINITIONAL_REPRESENTATION('',(#576),#584);
#576 = ( BOUNDED_CURVE() B_SPLINE_CURVE(2,(#577,#578,#579,#580,#581,#582
,#583),.UNSPECIFIED.,.T.,.F.) B_SPLINE_CURVE_WITH_KNOTS((1,2,2,2,2,1),(
    -2.094395102393,0.,2.094395102393,4.188790204786,6.28318530718,
8.377580409573),.UNSPECIFIED.) CURVE() GEOMETRIC_REPRESENTATION_ITEM() 
RATIONAL_B_SPLINE_CURVE((1.,0.5,1.,0.5,1.,0.5,1.)) REPRESENTATION_ITEM(
  '') );
#577 = CARTESIAN_POINT('',(3.,1.5));
#578 = CARTESIAN_POINT('',(0.401923788647,1.5));
#579 = CARTESIAN_POINT('',(1.700961894323,3.75));
#580 = CARTESIAN_POINT('',(3.,6.));
#581 = CARTESIAN_POINT('',(4.299038105677,3.75));
#582 = CARTESIAN_POINT('',(5.598076211353,1.5));
#583 = CARTESIAN_POINT('',(3.,1.5));
#584 = ( GEOMETRIC_REPRESENTATION_CONTEXT(2) 
PARAMETRIC_REPRESENTATION_CONTEXT() REPRESENTATION_CONTEXT('2D SPACE',''
  ) );
#585 = ORIENTED_EDGE('',*,*,#297,.T.);
#586 = ORIENTED_EDGE('',*,*,#210,.F.);
#587 = ADVANCED_FACE('',(#588),#282,.T.);
#588 = FACE_BOUND('',#589,.F.);
#589 = EDGE_LOOP('',(#590,#591,#615,#640));
#590 = ORIENTED_EDGE('',*,*,#404,.F.);
#591 = ORIENTED_EDGE('',*,*,#592,.T.);
#592 = EDGE_CURVE('',#405,#593,#595,.T.);
#593 = VERTEX_POINT('',#594);
#594 = CARTESIAN_POINT('',(-42.,-23.5,11.));
#595 = SURFACE_CURVE('',#596,(#601,#608),.PCURVE_S1.);
#596 = CIRCLE('',#597,1.5);
#597 = AXIS2_PLACEMENT_3D('',#598,#599,#600);
#598 = CARTESIAN_POINT('',(-42.,-22.,11.));
#599 = DIRECTION('',(0.,0.,1.));
#600 = DIRECTION('',(-1.,0.,0.));
#601 = PCURVE('',#282,#602);
#602 = DEFINITIONAL_REPRESENTATION('',(#603),#607);
#603 = LINE('',#604,#605);
#604 = CARTESIAN_POINT('',(-0.,4.712388980385));
#605 = VECTOR('',#606,1.);
#606 = DIRECTION('',(-1.,0.));
#607 = ( GEOMETRIC_REPRESENTATION_CONTEXT(2) 
PARAMETRIC_REPRESENTATION_CONTEXT() REPRESENTATION_CONTEXT('2D SPACE',''
  ) );
#608 = PCURVE('',#440,#609);
#609 = DEFINITIONAL_REPRESENTATION('',(#610),#614);
#610 = CIRCLE('',#611,1.5);
#611 = AXIS2_PLACEMENT_2D('',#612,#613);
#612 = CARTESIAN_POINT('',(3.,3.));
#613 = DIRECTION('',(-1.,0.));
#614 = ( GEOMETRIC_REPRESENTATION_CONTEXT(2) 
PARAMETRIC_REPRESENTATION_CONTEXT() REPRESENTATION_CONTEXT('2D SPACE',''
  ) );
#615 = ORIENTED_EDGE('',*,*,#616,.T.);
#616 = EDGE_CURVE('',#593,#240,#617,.T.);
#617 = SURFACE_CURVE('',#618,(#623,#629),.PCURVE_S1.);
#618 = CIRCLE('',#619,1.5);
#619 = AXIS2_PLACEMENT_3D('',#620,#621,#622);
#620 = CARTESIAN_POINT('',(-42.,-23.5,9.5));
#621 = DIRECTION('',(1.,0.,-0.));
#622 = DIRECTION('',(0.,0.,1.));
#623 = PCURVE('',#282,#624);
#624 = DEFINITIONAL_REPRESENTATION('',(#625),#628);
#625 = B_SPLINE_CURVE_WITH_KNOTS('',1,(#626,#627),.UNSPECIFIED.,.F.,.F.,
  (2,2),(0.,1.570796326795),.PIECEWISE_BEZIER_KNOTS.);
#626 = CARTESIAN_POINT('',(-1.570796326795,4.712388980385));
#627 = CARTESIAN_POINT('',(-1.570796326795,6.28318530718));
#628 = ( GEOMETRIC_REPRESENTATION_CONTEXT(2) 
PARAMETRIC_REPRESENTATION_CONTEXT() REPRESENTATION_CONTEXT('2D SPACE',''
  ) );
#629 = PCURVE('',#630,#635);
#630 = CYLINDRICAL_SURFACE('',#631,1.5);
#631 = AXIS2_PLACEMENT_3D('',#632,#633,#634);
#632 = CARTESIAN_POINT('',(-42.,-23.5,9.5));
#633 = DIRECTION('',(1.,0.,0.));
#634 = DIRECTION('',(0.,0.,1.));
#635 = DEFINITIONAL_REPRESENTATION('',(#636),#639);
#636 = B_SPLINE_CURVE_WITH_KNOTS('',1,(#637,#638),.UNSPECIFIED.,.F.,.F.,
  (2,2),(0.,1.570796326795),.PIECEWISE_BEZIER_KNOTS.);
#637 = CARTESIAN_POINT('',(0.,0.));
#638 = CARTESIAN_POINT('',(1.570796326795,0.));
#639 = ( GEOMETRIC_REPRESENTATION_CONTEXT(2) 
PARAMETRIC_REPRESENTATION_CONTEXT() REPRESENTATION_CONTEXT('2D SPACE',''
  ) );
#640 = ORIENTED_EDGE('',*,*,#267,.F.);
#641 = ADVANCED_FACE('',(#642),#255,.F.);
#642 = FACE_BOUND('',#643,.F.);
#643 = EDGE_LOOP('',(#644,#672,#693,#694,#717,#743));
#644 = ORIENTED_EDGE('',*,*,#645,.T.);
#645 = EDGE_CURVE('',#646,#648,#650,.T.);
#646 = VERTEX_POINT('',#647);
#647 = CARTESIAN_POINT('',(-38.48528137423,-25.,-6.5));
#648 = VERTEX_POINT('',#649);
#649 = CARTESIAN_POINT('',(-38.48528137423,-25.,-9.5));
#650 = SURFACE_CURVE('',#651,(#655,#661),.PCURVE_S1.);
#651 = LINE('',#652,#653);
#652 = CARTESIAN_POINT('',(-38.48528137423,-25.,-14.5));
#653 = VECTOR('',#654,1.);
#654 = DIRECTION('',(-0.,-0.,-1.));
#655 = PCURVE('',#255,#656);
#656 = DEFINITIONAL_REPRESENTATION('',(#657),#660);
#657 = B_SPLINE_CURVE_WITH_KNOTS('',1,(#658,#659),.UNSPECIFIED.,.F.,.F.,
  (2,2),(-8.0000006,-3.1),.PIECEWISE_BEZIER_KNOTS.);
#658 = CARTESIAN_POINT('',(4.5000006,6.514718625761));
#659 = CARTESIAN_POINT('',(-0.4,6.514718625761));
#660 = ( GEOMETRIC_REPRESENTATION_CONTEXT(2) 
PARAMETRIC_REPRESENTATION_CONTEXT() REPRESENTATION_CONTEXT('2D SPACE',''
  ) );
#661 = PCURVE('',#662,#667);
#662 = CYLINDRICAL_SURFACE('',#663,8.5);
#663 = AXIS2_PLACEMENT_3D('',#664,#665,#666);
#664 = CARTESIAN_POINT('',(-30.,-25.5,-14.5));
#665 = DIRECTION('',(-0.,-0.,-1.));
#666 = DIRECTION('',(1.,0.,0.));
#667 = DEFINITIONAL_REPRESENTATION('',(#668),#671);
#668 = B_SPLINE_CURVE_WITH_KNOTS('',1,(#669,#670),.UNSPECIFIED.,.F.,.F.,
  (2,2),(-8.0000006,-3.1),.PIECEWISE_BEZIER_KNOTS.);
#669 = CARTESIAN_POINT('',(-3.082735147643,-8.0000006));
#670 = CARTESIAN_POINT('',(-3.082735147643,-3.1));
#671 = ( GEOMETRIC_REPRESENTATION_CONTEXT(2) 
PARAMETRIC_REPRESENTATION_CONTEXT() REPRESENTATION_CONTEXT('2D SPACE',''
  ) );
#672 = ORIENTED_EDGE('',*,*,#673,.T.);
#673 = EDGE_CURVE('',#648,#211,#674,.T.);
#674 = SURFACE_CURVE('',#675,(#679,#686),.PCURVE_S1.);
#675 = LINE('',#676,#677);
#676 = CARTESIAN_POINT('',(42.,-25.,-9.5));
#677 = VECTOR('',#678,1.);
#678 = DIRECTION('',(-1.,-0.,-0.));
#679 = PCURVE('',#255,#680);
#680 = DEFINITIONAL_REPRESENTATION('',(#681),#685);
#681 = LINE('',#682,#683);
#682 = CARTESIAN_POINT('',(1.5,87.));
#683 = VECTOR('',#684,1.);
#684 = DIRECTION('',(-0.,-1.));
#685 = ( GEOMETRIC_REPRESENTATION_CONTEXT(2) 
PARAMETRIC_REPRESENTATION_CONTEXT() REPRESENTATION_CONTEXT('2D SPACE',''
  ) );
#686 = PCURVE('',#549,#687);
#687 = DEFINITIONAL_REPRESENTATION('',(#688),#692);
#688 = LINE('',#689,#690);
#689 = CARTESIAN_POINT('',(1.570796326795,0.));
#690 = VECTOR('',#691,1.);
#691 = DIRECTION('',(0.,1.));
#692 = ( GEOMETRIC_REPRESENTATION_CONTEXT(2) 
PARAMETRIC_REPRESENTATION_CONTEXT() REPRESENTATION_CONTEXT('2D SPACE',''
  ) );
#693 = ORIENTED_EDGE('',*,*,#239,.T.);
#694 = ORIENTED_EDGE('',*,*,#695,.T.);
#695 = EDGE_CURVE('',#240,#696,#698,.T.);
#696 = VERTEX_POINT('',#697);
#697 = CARTESIAN_POINT('',(-33.11006430801,-25.,9.5));
#698 = SURFACE_CURVE('',#699,(#703,#710),.PCURVE_S1.);
#699 = LINE('',#700,#701);
#700 = CARTESIAN_POINT('',(-42.,-25.,9.5));
#701 = VECTOR('',#702,1.);
#702 = DIRECTION('',(1.,0.,0.));
#703 = PCURVE('',#255,#704);
#704 = DEFINITIONAL_REPRESENTATION('',(#705),#709);
#705 = LINE('',#706,#707);
#706 = CARTESIAN_POINT('',(20.5,3.));
#707 = VECTOR('',#708,1.);
#708 = DIRECTION('',(0.,1.));
#709 = ( GEOMETRIC_REPRESENTATION_CONTEXT(2) 
PARAMETRIC_REPRESENTATION_CONTEXT() REPRESENTATION_CONTEXT('2D SPACE',''
  ) );
#710 = PCURVE('',#630,#711);
#711 = DEFINITIONAL_REPRESENTATION('',(#712),#716);
#712 = LINE('',#713,#714);
#713 = CARTESIAN_POINT('',(1.570796326795,0.));
#714 = VECTOR('',#715,1.);
#715 = DIRECTION('',(0.,1.));
#716 = ( GEOMETRIC_REPRESENTATION_CONTEXT(2) 
PARAMETRIC_REPRESENTATION_CONTEXT() REPRESENTATION_CONTEXT('2D SPACE',''
  ) );
#717 = ORIENTED_EDGE('',*,*,#718,.T.);
#718 = EDGE_CURVE('',#696,#719,#721,.T.);
#719 = VERTEX_POINT('',#720);
#720 = CARTESIAN_POINT('',(-33.11006430801,-25.,-6.5));
#721 = SURFACE_CURVE('',#722,(#726,#732),.PCURVE_S1.);
#722 = LINE('',#723,#724);
#723 = CARTESIAN_POINT('',(-33.11006430801,-25.,-16.));
#724 = VECTOR('',#725,1.);
#725 = DIRECTION('',(-0.,-0.,-1.));
#726 = PCURVE('',#255,#727);
#727 = DEFINITIONAL_REPRESENTATION('',(#728),#731);
#728 = B_SPLINE_CURVE_WITH_KNOTS('',1,(#729,#730),.UNSPECIFIED.,.F.,.F.,
  (2,2),(-27.4,-4.6),.PIECEWISE_BEZIER_KNOTS.);
#729 = CARTESIAN_POINT('',(22.4,11.889935691983));
#730 = CARTESIAN_POINT('',(-0.4,11.889935691983));
#731 = ( GEOMETRIC_REPRESENTATION_CONTEXT(2) 
PARAMETRIC_REPRESENTATION_CONTEXT() REPRESENTATION_CONTEXT('2D SPACE',''
  ) );
#732 = PCURVE('',#733,#738);
#733 = CYLINDRICAL_SURFACE('',#734,3.15);
#734 = AXIS2_PLACEMENT_3D('',#735,#736,#737);
#735 = CARTESIAN_POINT('',(-30.,-25.5,-16.));
#736 = DIRECTION('',(-0.,-0.,-1.));
#737 = DIRECTION('',(1.,0.,0.));
#738 = DEFINITIONAL_REPRESENTATION('',(#739),#742);
#739 = B_SPLINE_CURVE_WITH_KNOTS('',1,(#740,#741),.UNSPECIFIED.,.F.,.F.,
  (2,2),(-27.4,-4.6),.PIECEWISE_BEZIER_KNOTS.);
#740 = CARTESIAN_POINT('',(-2.982188281028,-27.4));
#741 = CARTESIAN_POINT('',(-2.982188281028,-4.6));
#742 = ( GEOMETRIC_REPRESENTATION_CONTEXT(2) 
PARAMETRIC_REPRESENTATION_CONTEXT() REPRESENTATION_CONTEXT('2D SPACE',''
  ) );
#743 = ORIENTED_EDGE('',*,*,#744,.F.);
#744 = EDGE_CURVE('',#646,#719,#745,.T.);
#745 = SURFACE_CURVE('',#746,(#750,#756),.PCURVE_S1.);
#746 = LINE('',#747,#748);
#747 = CARTESIAN_POINT('',(-37.5,-25.,-6.5));
#748 = VECTOR('',#749,1.);
#749 = DIRECTION('',(1.,0.,0.));
#750 = PCURVE('',#255,#751);
#751 = DEFINITIONAL_REPRESENTATION('',(#752),#755);
#752 = B_SPLINE_CURVE_WITH_KNOTS('',1,(#753,#754),.UNSPECIFIED.,.F.,.F.,
  (2,2),(-1.,16.),.PIECEWISE_BEZIER_KNOTS.);
#753 = CARTESIAN_POINT('',(4.5,6.5));
#754 = CARTESIAN_POINT('',(4.5,23.5));
#755 = ( GEOMETRIC_REPRESENTATION_CONTEXT(2) 
PARAMETRIC_REPRESENTATION_CONTEXT() REPRESENTATION_CONTEXT('2D SPACE',''
  ) );
#756 = PCURVE('',#757,#762);
#757 = PLANE('',#758);
#758 = AXIS2_PLACEMENT_3D('',#759,#760,#761);
#759 = CARTESIAN_POINT('',(-30.,-25.5,-6.5));
#760 = DIRECTION('',(0.,0.,1.));
#761 = DIRECTION('',(1.,0.,-0.));
#762 = DEFINITIONAL_REPRESENTATION('',(#763),#766);
#763 = B_SPLINE_CURVE_WITH_KNOTS('',1,(#764,#765),.UNSPECIFIED.,.F.,.F.,
  (2,2),(-1.,16.),.PIECEWISE_BEZIER_KNOTS.);
#764 = CARTESIAN_POINT('',(-8.5,0.5));
#765 = CARTESIAN_POINT('',(8.5,0.5));
#766 = ( GEOMETRIC_REPRESENTATION_CONTEXT(2) 
PARAMETRIC_REPRESENTATION_CONTEXT() REPRESENTATION_CONTEXT('2D SPACE',''
  ) );
#767 = ADVANCED_FACE('',(#768),#361,.F.);
#768 = FACE_BOUND('',#769,.F.);
#769 = EDGE_LOOP('',(#770,#800,#826,#827,#828,#851,#879,#907,#940,#968,
    #1001,#1029,#1062,#1090,#1123,#1151));
#770 = ORIENTED_EDGE('',*,*,#771,.F.);
#771 = EDGE_CURVE('',#772,#774,#776,.T.);
#772 = VERTEX_POINT('',#773);
#773 = CARTESIAN_POINT('',(-42.,23.5,-11.));
#774 = VERTEX_POINT('',#775);
#775 = CARTESIAN_POINT('',(-38.26135582092,23.5,-11.));
#776 = SURFACE_CURVE('',#777,(#781,#788),.PCURVE_S1.);
#777 = LINE('',#778,#779);
#778 = CARTESIAN_POINT('',(-42.,23.5,-11.));
#779 = VECTOR('',#780,1.);
#780 = DIRECTION('',(1.,0.,0.));
#781 = PCURVE('',#361,#782);
#782 = DEFINITIONAL_REPRESENTATION('',(#783),#787);
#783 = LINE('',#784,#785);
#784 = CARTESIAN_POINT('',(3.,48.5));
#785 = VECTOR('',#786,1.);
#786 = DIRECTION('',(1.,0.));
#787 = ( GEOMETRIC_REPRESENTATION_CONTEXT(2) 
PARAMETRIC_REPRESENTATION_CONTEXT() REPRESENTATION_CONTEXT('2D SPACE',''
  ) );
#788 = PCURVE('',#789,#794);
#789 = CYLINDRICAL_SURFACE('',#790,1.5);
#790 = AXIS2_PLACEMENT_3D('',#791,#792,#793);
#791 = CARTESIAN_POINT('',(-42.,23.5,-9.5));
#792 = DIRECTION('',(1.,0.,0.));
#793 = DIRECTION('',(0.,0.,-1.));
#794 = DEFINITIONAL_REPRESENTATION('',(#795),#799);
#795 = LINE('',#796,#797);
#796 = CARTESIAN_POINT('',(0.,0.));
#797 = VECTOR('',#798,1.);
#798 = DIRECTION('',(0.,1.));
#799 = ( GEOMETRIC_REPRESENTATION_CONTEXT(2) 
PARAMETRIC_REPRESENTATION_CONTEXT() REPRESENTATION_CONTEXT('2D SPACE',''
  ) );
#800 = ORIENTED_EDGE('',*,*,#801,.F.);
#801 = EDGE_CURVE('',#321,#772,#802,.T.);
#802 = SURFACE_CURVE('',#803,(#808,#819),.PCURVE_S1.);
#803 = CIRCLE('',#804,1.5);
#804 = AXIS2_PLACEMENT_3D('',#805,#806,#807);
#805 = CARTESIAN_POINT('',(-42.,22.,-11.));
#806 = DIRECTION('',(-0.,0.,-1.));
#807 = DIRECTION('',(-1.,0.,0.));
#808 = PCURVE('',#361,#809);
#809 = DEFINITIONAL_REPRESENTATION('',(#810),#818);
#810 = ( BOUNDED_CURVE() B_SPLINE_CURVE(2,(#811,#812,#813,#814,#815,#816
,#817),.UNSPECIFIED.,.T.,.F.) B_SPLINE_CURVE_WITH_KNOTS((1,2,2,2,2,1),(
    -2.094395102393,0.,2.094395102393,4.188790204786,6.28318530718,
8.377580409573),.UNSPECIFIED.) CURVE() GEOMETRIC_REPRESENTATION_ITEM() 
RATIONAL_B_SPLINE_CURVE((1.,0.5,1.,0.5,1.,0.5,1.)) REPRESENTATION_ITEM(
  '') );
#811 = CARTESIAN_POINT('',(1.5,47.));
#812 = CARTESIAN_POINT('',(1.5,49.598076211353));
#813 = CARTESIAN_POINT('',(3.75,48.299038105677));
#814 = CARTESIAN_POINT('',(6.,47.));
#815 = CARTESIAN_POINT('',(3.75,45.700961894323));
#816 = CARTESIAN_POINT('',(1.5,44.401923788647));
#817 = CARTESIAN_POINT('',(1.5,47.));
#818 = ( GEOMETRIC_REPRESENTATION_CONTEXT(2) 
PARAMETRIC_REPRESENTATION_CONTEXT() REPRESENTATION_CONTEXT('2D SPACE',''
  ) );
#819 = PCURVE('',#336,#820);
#820 = DEFINITIONAL_REPRESENTATION('',(#821),#825);
#821 = LINE('',#822,#823);
#822 = CARTESIAN_POINT('',(-0.,4.712388980385));
#823 = VECTOR('',#824,1.);
#824 = DIRECTION('',(-1.,0.));
#825 = ( GEOMETRIC_REPRESENTATION_CONTEXT(2) 
PARAMETRIC_REPRESENTATION_CONTEXT() REPRESENTATION_CONTEXT('2D SPACE',''
  ) );
#826 = ORIENTED_EDGE('',*,*,#347,.F.);
#827 = ORIENTED_EDGE('',*,*,#560,.F.);
#828 = ORIENTED_EDGE('',*,*,#829,.F.);
#829 = EDGE_CURVE('',#830,#534,#832,.T.);
#830 = VERTEX_POINT('',#831);
#831 = CARTESIAN_POINT('',(-38.26135582092,-23.5,-11.));
#832 = SURFACE_CURVE('',#833,(#837,#844),.PCURVE_S1.);
#833 = LINE('',#834,#835);
#834 = CARTESIAN_POINT('',(42.,-23.5,-11.));
#835 = VECTOR('',#836,1.);
#836 = DIRECTION('',(-1.,-0.,-0.));
#837 = PCURVE('',#361,#838);
#838 = DEFINITIONAL_REPRESENTATION('',(#839),#843);
#839 = LINE('',#840,#841);
#840 = CARTESIAN_POINT('',(87.,1.5));
#841 = VECTOR('',#842,1.);
#842 = DIRECTION('',(-1.,0.));
#843 = ( GEOMETRIC_REPRESENTATION_CONTEXT(2) 
PARAMETRIC_REPRESENTATION_CONTEXT() REPRESENTATION_CONTEXT('2D SPACE',''
  ) );
#844 = PCURVE('',#549,#845);
#845 = DEFINITIONAL_REPRESENTATION('',(#846),#850);
#846 = LINE('',#847,#848);
#847 = CARTESIAN_POINT('',(0.,0.));
#848 = VECTOR('',#849,1.);
#849 = DIRECTION('',(0.,1.));
#850 = ( GEOMETRIC_REPRESENTATION_CONTEXT(2) 
PARAMETRIC_REPRESENTATION_CONTEXT() REPRESENTATION_CONTEXT('2D SPACE',''
  ) );
#851 = ORIENTED_EDGE('',*,*,#852,.T.);
#852 = EDGE_CURVE('',#830,#853,#855,.T.);
#853 = VERTEX_POINT('',#854);
#854 = CARTESIAN_POINT('',(-21.73864417907,-23.5,-11.));
#855 = SURFACE_CURVE('',#856,(#861,#872),.PCURVE_S1.);
#856 = CIRCLE('',#857,8.5);
#857 = AXIS2_PLACEMENT_3D('',#858,#859,#860);
#858 = CARTESIAN_POINT('',(-30.,-25.5,-11.));
#859 = DIRECTION('',(0.,0.,-1.));
#860 = DIRECTION('',(1.,0.,0.));
#861 = PCURVE('',#361,#862);
#862 = DEFINITIONAL_REPRESENTATION('',(#863),#871);
#863 = ( BOUNDED_CURVE() B_SPLINE_CURVE(2,(#864,#865,#866,#867,#868,#869
,#870),.UNSPECIFIED.,.T.,.F.) B_SPLINE_CURVE_WITH_KNOTS((1,2,2,2,2,1),(
    -2.094395102393,0.,2.094395102393,4.188790204786,6.28318530718,
8.377580409573),.UNSPECIFIED.) CURVE() GEOMETRIC_REPRESENTATION_ITEM() 
RATIONAL_B_SPLINE_CURVE((1.,0.5,1.,0.5,1.,0.5,1.)) REPRESENTATION_ITEM(
  '') );
#864 = CARTESIAN_POINT('',(23.5,-0.5));
#865 = CARTESIAN_POINT('',(23.5,-15.22243186433));
#866 = CARTESIAN_POINT('',(10.75,-7.861215932168));
#867 = CARTESIAN_POINT('',(-2.,-0.5));
#868 = CARTESIAN_POINT('',(10.75,6.861215932168));
#869 = CARTESIAN_POINT('',(23.5,14.222431864335));
#870 = CARTESIAN_POINT('',(23.5,-0.5));
#871 = ( GEOMETRIC_REPRESENTATION_CONTEXT(2) 
PARAMETRIC_REPRESENTATION_CONTEXT() REPRESENTATION_CONTEXT('2D SPACE',''
  ) );
#872 = PCURVE('',#662,#873);
#873 = DEFINITIONAL_REPRESENTATION('',(#874),#878);
#874 = LINE('',#875,#876);
#875 = CARTESIAN_POINT('',(-6.28318530718,-3.5));
#876 = VECTOR('',#877,1.);
#877 = DIRECTION('',(1.,-0.));
#878 = ( GEOMETRIC_REPRESENTATION_CONTEXT(2) 
PARAMETRIC_REPRESENTATION_CONTEXT() REPRESENTATION_CONTEXT('2D SPACE',''
  ) );
#879 = ORIENTED_EDGE('',*,*,#880,.F.);
#880 = EDGE_CURVE('',#881,#853,#883,.T.);
#881 = VERTEX_POINT('',#882);
#882 = CARTESIAN_POINT('',(21.738644179071,-23.5,-11.));
#883 = SURFACE_CURVE('',#884,(#888,#895),.PCURVE_S1.);
#884 = LINE('',#885,#886);
#885 = CARTESIAN_POINT('',(42.,-23.5,-11.));
#886 = VECTOR('',#887,1.);
#887 = DIRECTION('',(-1.,-0.,-0.));
#888 = PCURVE('',#361,#889);
#889 = DEFINITIONAL_REPRESENTATION('',(#890),#894);
#890 = LINE('',#891,#892);
#891 = CARTESIAN_POINT('',(87.,1.5));
#892 = VECTOR('',#893,1.);
#893 = DIRECTION('',(-1.,0.));
#894 = ( GEOMETRIC_REPRESENTATION_CONTEXT(2) 
PARAMETRIC_REPRESENTATION_CONTEXT() REPRESENTATION_CONTEXT('2D SPACE',''
  ) );
#895 = PCURVE('',#896,#901);
#896 = CYLINDRICAL_SURFACE('',#897,1.5);
#897 = AXIS2_PLACEMENT_3D('',#898,#899,#900);
#898 = CARTESIAN_POINT('',(42.,-23.5,-9.5));
#899 = DIRECTION('',(-1.,-0.,-0.));
#900 = DIRECTION('',(0.,0.,-1.));
#901 = DEFINITIONAL_REPRESENTATION('',(#902),#906);
#902 = LINE('',#903,#904);
#903 = CARTESIAN_POINT('',(0.,0.));
#904 = VECTOR('',#905,1.);
#905 = DIRECTION('',(0.,1.));
#906 = ( GEOMETRIC_REPRESENTATION_CONTEXT(2) 
PARAMETRIC_REPRESENTATION_CONTEXT() REPRESENTATION_CONTEXT('2D SPACE',''
  ) );
#907 = ORIENTED_EDGE('',*,*,#908,.T.);
#908 = EDGE_CURVE('',#881,#909,#911,.T.);
#909 = VERTEX_POINT('',#910);
#910 = CARTESIAN_POINT('',(38.261355820929,-23.5,-11.));
#911 = SURFACE_CURVE('',#912,(#917,#928),.PCURVE_S1.);
#912 = CIRCLE('',#913,8.5);
#913 = AXIS2_PLACEMENT_3D('',#914,#915,#916);
#914 = CARTESIAN_POINT('',(30.,-25.5,-11.));
#915 = DIRECTION('',(0.,0.,-1.));
#916 = DIRECTION('',(1.,0.,0.));
#917 = PCURVE('',#361,#918);
#918 = DEFINITIONAL_REPRESENTATION('',(#919),#927);
#919 = ( BOUNDED_CURVE() B_SPLINE_CURVE(2,(#920,#921,#922,#923,#924,#925
,#926),.UNSPECIFIED.,.T.,.F.) B_SPLINE_CURVE_WITH_KNOTS((1,2,2,2,2,1),(
    -2.094395102393,0.,2.094395102393,4.188790204786,6.28318530718,
8.377580409573),.UNSPECIFIED.) CURVE() GEOMETRIC_REPRESENTATION_ITEM() 
RATIONAL_B_SPLINE_CURVE((1.,0.5,1.,0.5,1.,0.5,1.)) REPRESENTATION_ITEM(
  '') );
#920 = CARTESIAN_POINT('',(83.5,-0.5));
#921 = CARTESIAN_POINT('',(83.5,-15.22243186433));
#922 = CARTESIAN_POINT('',(70.75,-7.861215932168));
#923 = CARTESIAN_POINT('',(58.,-0.5));
#924 = CARTESIAN_POINT('',(70.75,6.861215932168));
#925 = CARTESIAN_POINT('',(83.5,14.222431864335));
#926 = CARTESIAN_POINT('',(83.5,-0.5));
#927 = ( GEOMETRIC_REPRESENTATION_CONTEXT(2) 
PARAMETRIC_REPRESENTATION_CONTEXT() REPRESENTATION_CONTEXT('2D SPACE',''
  ) );
#928 = PCURVE('',#929,#934);
#929 = CYLINDRICAL_SURFACE('',#930,8.5);
#930 = AXIS2_PLACEMENT_3D('',#931,#932,#933);
#931 = CARTESIAN_POINT('',(30.,-25.5,-14.5));
#932 = DIRECTION('',(-0.,-0.,-1.));
#933 = DIRECTION('',(1.,0.,0.));
#934 = DEFINITIONAL_REPRESENTATION('',(#935),#939);
#935 = LINE('',#936,#937);
#936 = CARTESIAN_POINT('',(-6.28318530718,-3.5));
#937 = VECTOR('',#938,1.);
#938 = DIRECTION('',(1.,-0.));
#939 = ( GEOMETRIC_REPRESENTATION_CONTEXT(2) 
PARAMETRIC_REPRESENTATION_CONTEXT() REPRESENTATION_CONTEXT('2D SPACE',''
  ) );
#940 = ORIENTED_EDGE('',*,*,#941,.F.);
#941 = EDGE_CURVE('',#942,#909,#944,.T.);
#942 = VERTEX_POINT('',#943);
#943 = CARTESIAN_POINT('',(42.,-23.5,-11.));
#944 = SURFACE_CURVE('',#945,(#949,#956),.PCURVE_S1.);
#945 = LINE('',#946,#947);
#946 = CARTESIAN_POINT('',(42.,-23.5,-11.));
#947 = VECTOR('',#948,1.);
#948 = DIRECTION('',(-1.,-0.,-0.));
#949 = PCURVE('',#361,#950);
#950 = DEFINITIONAL_REPRESENTATION('',(#951),#955);
#951 = LINE('',#952,#953);
#952 = CARTESIAN_POINT('',(87.,1.5));
#953 = VECTOR('',#954,1.);
#954 = DIRECTION('',(-1.,0.));
#955 = ( GEOMETRIC_REPRESENTATION_CONTEXT(2) 
PARAMETRIC_REPRESENTATION_CONTEXT() REPRESENTATION_CONTEXT('2D SPACE',''
  ) );
#956 = PCURVE('',#957,#962);
#957 = CYLINDRICAL_SURFACE('',#958,1.5);
#958 = AXIS2_PLACEMENT_3D('',#959,#960,#961);
#959 = CARTESIAN_POINT('',(42.,-23.5,-9.5));
#960 = DIRECTION('',(-1.,-0.,-0.));
#961 = DIRECTION('',(0.,0.,-1.));
#962 = DEFINITIONAL_REPRESENTATION('',(#963),#967);
#963 = LINE('',#964,#965);
#964 = CARTESIAN_POINT('',(0.,0.));
#965 = VECTOR('',#966,1.);
#966 = DIRECTION('',(0.,1.));
#967 = ( GEOMETRIC_REPRESENTATION_CONTEXT(2) 
PARAMETRIC_REPRESENTATION_CONTEXT() REPRESENTATION_CONTEXT('2D SPACE',''
  ) );
#968 = ORIENTED_EDGE('',*,*,#969,.F.);
#969 = EDGE_CURVE('',#970,#942,#972,.T.);
#970 = VERTEX_POINT('',#971);
#971 = CARTESIAN_POINT('',(43.5,-22.,-11.));
#972 = SURFACE_CURVE('',#973,(#978,#989),.PCURVE_S1.);
#973 = CIRCLE('',#974,1.5);
#974 = AXIS2_PLACEMENT_3D('',#975,#976,#977);
#975 = CARTESIAN_POINT('',(42.,-22.,-11.));
#976 = DIRECTION('',(0.,-0.,-1.));
#977 = DIRECTION('',(1.,0.,-0.));
#978 = PCURVE('',#361,#979);
#979 = DEFINITIONAL_REPRESENTATION('',(#980),#988);
#980 = ( BOUNDED_CURVE() B_SPLINE_CURVE(2,(#981,#982,#983,#984,#985,#986
,#987),.UNSPECIFIED.,.T.,.F.) B_SPLINE_CURVE_WITH_KNOTS((1,2,2,2,2,1),(
    -2.094395102393,0.,2.094395102393,4.188790204786,6.28318530718,
8.377580409573),.UNSPECIFIED.) CURVE() GEOMETRIC_REPRESENTATION_ITEM() 
RATIONAL_B_SPLINE_CURVE((1.,0.5,1.,0.5,1.,0.5,1.)) REPRESENTATION_ITEM(
  '') );
#981 = CARTESIAN_POINT('',(88.5,3.));
#982 = CARTESIAN_POINT('',(88.5,0.401923788647));
#983 = CARTESIAN_POINT('',(86.25,1.700961894323));
#984 = CARTESIAN_POINT('',(84.,3.));
#985 = CARTESIAN_POINT('',(86.25,4.299038105677));
#986 = CARTESIAN_POINT('',(88.5,5.598076211353));
#987 = CARTESIAN_POINT('',(88.5,3.));
#988 = ( GEOMETRIC_REPRESENTATION_CONTEXT(2) 
PARAMETRIC_REPRESENTATION_CONTEXT() REPRESENTATION_CONTEXT('2D SPACE',''
  ) );
#989 = PCURVE('',#990,#995);
#990 = TOROIDAL_SURFACE('',#991,1.5,1.5);
#991 = AXIS2_PLACEMENT_3D('',#992,#993,#994);
#992 = CARTESIAN_POINT('',(42.,-22.,-9.5));
#993 = DIRECTION('',(0.,0.,1.));
#994 = DIRECTION('',(1.,0.,-0.));
#995 = DEFINITIONAL_REPRESENTATION('',(#996),#1000);
#996 = LINE('',#997,#998);
#997 = CARTESIAN_POINT('',(-0.,4.712388980385));
#998 = VECTOR('',#999,1.);
#999 = DIRECTION('',(-1.,0.));
#1000 = ( GEOMETRIC_REPRESENTATION_CONTEXT(2) 
PARAMETRIC_REPRESENTATION_CONTEXT() REPRESENTATION_CONTEXT('2D SPACE',''
  ) );
#1001 = ORIENTED_EDGE('',*,*,#1002,.F.);
#1002 = EDGE_CURVE('',#1003,#970,#1005,.T.);
#1003 = VERTEX_POINT('',#1004);
#1004 = CARTESIAN_POINT('',(43.5,22.,-11.));
#1005 = SURFACE_CURVE('',#1006,(#1010,#1017),.PCURVE_S1.);
#1006 = LINE('',#1007,#1008);
#1007 = CARTESIAN_POINT('',(43.5,22.,-11.));
#1008 = VECTOR('',#1009,1.);
#1009 = DIRECTION('',(-0.,-1.,-0.));
#1010 = PCURVE('',#361,#1011);
#1011 = DEFINITIONAL_REPRESENTATION('',(#1012),#1016);
#1012 = LINE('',#1013,#1014);
#1013 = CARTESIAN_POINT('',(88.5,47.));
#1014 = VECTOR('',#1015,1.);
#1015 = DIRECTION('',(0.,-1.));
#1016 = ( GEOMETRIC_REPRESENTATION_CONTEXT(2) 
PARAMETRIC_REPRESENTATION_CONTEXT() REPRESENTATION_CONTEXT('2D SPACE',''
  ) );
#1017 = PCURVE('',#1018,#1023);
#1018 = CYLINDRICAL_SURFACE('',#1019,1.5);
#1019 = AXIS2_PLACEMENT_3D('',#1020,#1021,#1022);
#1020 = CARTESIAN_POINT('',(43.5,22.,-9.5));
#1021 = DIRECTION('',(-0.,-1.,-0.));
#1022 = DIRECTION('',(0.,0.,-1.));
#1023 = DEFINITIONAL_REPRESENTATION('',(#1024),#1028);
#1024 = LINE('',#1025,#1026);
#1025 = CARTESIAN_POINT('',(0.,0.));
#1026 = VECTOR('',#1027,1.);
#1027 = DIRECTION('',(0.,1.));
#1028 = ( GEOMETRIC_REPRESENTATION_CONTEXT(2) 
PARAMETRIC_REPRESENTATION_CONTEXT() REPRESENTATION_CONTEXT('2D SPACE',''
  ) );
#1029 = ORIENTED_EDGE('',*,*,#1030,.F.);
#1030 = EDGE_CURVE('',#1031,#1003,#1033,.T.);
#1031 = VERTEX_POINT('',#1032);
#1032 = CARTESIAN_POINT('',(42.,23.5,-11.));
#1033 = SURFACE_CURVE('',#1034,(#1039,#1050),.PCURVE_S1.);
#1034 = CIRCLE('',#1035,1.5);
#1035 = AXIS2_PLACEMENT_3D('',#1036,#1037,#1038);
#1036 = CARTESIAN_POINT('',(42.,22.,-11.));
#1037 = DIRECTION('',(0.,-0.,-1.));
#1038 = DIRECTION('',(0.,1.,-0.));
#1039 = PCURVE('',#361,#1040);
#1040 = DEFINITIONAL_REPRESENTATION('',(#1041),#1049);
#1041 = ( BOUNDED_CURVE() B_SPLINE_CURVE(2,(#1042,#1043,#1044,#1045,
#1046,#1047,#1048),.UNSPECIFIED.,.T.,.F.) B_SPLINE_CURVE_WITH_KNOTS((1,2
    ,2,2,2,1),(-2.094395102393,0.,2.094395102393,4.188790204786,
6.28318530718,8.377580409573),.UNSPECIFIED.) CURVE() 
GEOMETRIC_REPRESENTATION_ITEM() RATIONAL_B_SPLINE_CURVE((1.,0.5,1.,0.5,
1.,0.5,1.)) REPRESENTATION_ITEM('') );
#1042 = CARTESIAN_POINT('',(87.,48.5));
#1043 = CARTESIAN_POINT('',(89.598076211353,48.5));
#1044 = CARTESIAN_POINT('',(88.299038105677,46.25));
#1045 = CARTESIAN_POINT('',(87.,44.));
#1046 = CARTESIAN_POINT('',(85.700961894323,46.25));
#1047 = CARTESIAN_POINT('',(84.401923788647,48.5));
#1048 = CARTESIAN_POINT('',(87.,48.5));
#1049 = ( GEOMETRIC_REPRESENTATION_CONTEXT(2) 
PARAMETRIC_REPRESENTATION_CONTEXT() REPRESENTATION_CONTEXT('2D SPACE',''
  ) );
#1050 = PCURVE('',#1051,#1056);
#1051 = TOROIDAL_SURFACE('',#1052,1.5,1.5);
#1052 = AXIS2_PLACEMENT_3D('',#1053,#1054,#1055);
#1053 = CARTESIAN_POINT('',(42.,22.,-9.5));
#1054 = DIRECTION('',(0.,0.,1.));
#1055 = DIRECTION('',(0.,1.,-0.));
#1056 = DEFINITIONAL_REPRESENTATION('',(#1057),#1061);
#1057 = LINE('',#1058,#1059);
#1058 = CARTESIAN_POINT('',(-0.,4.712388980385));
#1059 = VECTOR('',#1060,1.);
#1060 = DIRECTION('',(-1.,0.));
#1061 = ( GEOMETRIC_REPRESENTATION_CONTEXT(2) 
PARAMETRIC_REPRESENTATION_CONTEXT() REPRESENTATION_CONTEXT('2D SPACE',''
  ) );
#1062 = ORIENTED_EDGE('',*,*,#1063,.F.);
#1063 = EDGE_CURVE('',#1064,#1031,#1066,.T.);
#1064 = VERTEX_POINT('',#1065);
#1065 = CARTESIAN_POINT('',(38.261355820929,23.5,-11.));
#1066 = SURFACE_CURVE('',#1067,(#1071,#1078),.PCURVE_S1.);
#1067 = LINE('',#1068,#1069);
#1068 = CARTESIAN_POINT('',(-42.,23.5,-11.));
#1069 = VECTOR('',#1070,1.);
#1070 = DIRECTION('',(1.,0.,0.));
#1071 = PCURVE('',#361,#1072);
#1072 = DEFINITIONAL_REPRESENTATION('',(#1073),#1077);
#1073 = LINE('',#1074,#1075);
#1074 = CARTESIAN_POINT('',(3.,48.5));
#1075 = VECTOR('',#1076,1.);
#1076 = DIRECTION('',(1.,0.));
#1077 = ( GEOMETRIC_REPRESENTATION_CONTEXT(2) 
PARAMETRIC_REPRESENTATION_CONTEXT() REPRESENTATION_CONTEXT('2D SPACE',''
  ) );
#1078 = PCURVE('',#1079,#1084);
#1079 = CYLINDRICAL_SURFACE('',#1080,1.5);
#1080 = AXIS2_PLACEMENT_3D('',#1081,#1082,#1083);
#1081 = CARTESIAN_POINT('',(-42.,23.5,-9.5));
#1082 = DIRECTION('',(1.,0.,0.));
#1083 = DIRECTION('',(0.,0.,-1.));
#1084 = DEFINITIONAL_REPRESENTATION('',(#1085),#1089);
#1085 = LINE('',#1086,#1087);
#1086 = CARTESIAN_POINT('',(0.,0.));
#1087 = VECTOR('',#1088,1.);
#1088 = DIRECTION('',(0.,1.));
#1089 = ( GEOMETRIC_REPRESENTATION_CONTEXT(2) 
PARAMETRIC_REPRESENTATION_CONTEXT() REPRESENTATION_CONTEXT('2D SPACE',''
  ) );
#1090 = ORIENTED_EDGE('',*,*,#1091,.T.);
#1091 = EDGE_CURVE('',#1064,#1092,#1094,.T.);
#1092 = VERTEX_POINT('',#1093);
#1093 = CARTESIAN_POINT('',(21.738644179071,23.5,-11.));
#1094 = SURFACE_CURVE('',#1095,(#1100,#1111),.PCURVE_S1.);
#1095 = CIRCLE('',#1096,8.5);
#1096 = AXIS2_PLACEMENT_3D('',#1097,#1098,#1099);
#1097 = CARTESIAN_POINT('',(30.,25.5,-11.));
#1098 = DIRECTION('',(0.,0.,-1.));
#1099 = DIRECTION('',(1.,0.,0.));
#1100 = PCURVE('',#361,#1101);
#1101 = DEFINITIONAL_REPRESENTATION('',(#1102),#1110);
#1102 = ( BOUNDED_CURVE() B_SPLINE_CURVE(2,(#1103,#1104,#1105,#1106,
#1107,#1108,#1109),.UNSPECIFIED.,.T.,.F.) B_SPLINE_CURVE_WITH_KNOTS((1,2
    ,2,2,2,1),(-2.094395102393,0.,2.094395102393,4.188790204786,
6.28318530718,8.377580409573),.UNSPECIFIED.) CURVE() 
GEOMETRIC_REPRESENTATION_ITEM() RATIONAL_B_SPLINE_CURVE((1.,0.5,1.,0.5,
1.,0.5,1.)) REPRESENTATION_ITEM('') );
#1103 = CARTESIAN_POINT('',(83.5,50.5));
#1104 = CARTESIAN_POINT('',(83.5,35.777568135665));
#1105 = CARTESIAN_POINT('',(70.75,43.138784067832));
#1106 = CARTESIAN_POINT('',(58.,50.5));
#1107 = CARTESIAN_POINT('',(70.75,57.861215932168));
#1108 = CARTESIAN_POINT('',(83.5,65.222431864335));
#1109 = CARTESIAN_POINT('',(83.5,50.5));
#1110 = ( GEOMETRIC_REPRESENTATION_CONTEXT(2) 
PARAMETRIC_REPRESENTATION_CONTEXT() REPRESENTATION_CONTEXT('2D SPACE',''
  ) );
#1111 = PCURVE('',#1112,#1117);
#1112 = CYLINDRICAL_SURFACE('',#1113,8.5);
#1113 = AXIS2_PLACEMENT_3D('',#1114,#1115,#1116);
#1114 = CARTESIAN_POINT('',(30.,25.5,-14.5));
#1115 = DIRECTION('',(-0.,-0.,-1.));
#1116 = DIRECTION('',(1.,0.,0.));
#1117 = DEFINITIONAL_REPRESENTATION('',(#1118),#1122);
#1118 = LINE('',#1119,#1120);
#1119 = CARTESIAN_POINT('',(-6.28318530718,-3.5));
#1120 = VECTOR('',#1121,1.);
#1121 = DIRECTION('',(1.,-0.));
#1122 = ( GEOMETRIC_REPRESENTATION_CONTEXT(2) 
PARAMETRIC_REPRESENTATION_CONTEXT() REPRESENTATION_CONTEXT('2D SPACE',''
  ) );
#1123 = ORIENTED_EDGE('',*,*,#1124,.F.);
#1124 = EDGE_CURVE('',#1125,#1092,#1127,.T.);
#1125 = VERTEX_POINT('',#1126);
#1126 = CARTESIAN_POINT('',(-21.73864417907,23.5,-11.));
#1127 = SURFACE_CURVE('',#1128,(#1132,#1139),.PCURVE_S1.);
#1128 = LINE('',#1129,#1130);
#1129 = CARTESIAN_POINT('',(-42.,23.5,-11.));
#1130 = VECTOR('',#1131,1.);
#1131 = DIRECTION('',(1.,0.,0.));
#1132 = PCURVE('',#361,#1133);
#1133 = DEFINITIONAL_REPRESENTATION('',(#1134),#1138);
#1134 = LINE('',#1135,#1136);
#1135 = CARTESIAN_POINT('',(3.,48.5));
#1136 = VECTOR('',#1137,1.);
#1137 = DIRECTION('',(1.,0.));
#1138 = ( GEOMETRIC_REPRESENTATION_CONTEXT(2) 
PARAMETRIC_REPRESENTATION_CONTEXT() REPRESENTATION_CONTEXT('2D SPACE',''
  ) );
#1139 = PCURVE('',#1140,#1145);
#1140 = CYLINDRICAL_SURFACE('',#1141,1.5);
#1141 = AXIS2_PLACEMENT_3D('',#1142,#1143,#1144);
#1142 = CARTESIAN_POINT('',(-42.,23.5,-9.5));
#1143 = DIRECTION('',(1.,0.,0.));
#1144 = DIRECTION('',(0.,0.,-1.));
#1145 = DEFINITIONAL_REPRESENTATION('',(#1146),#1150);
#1146 = LINE('',#1147,#1148);
#1147 = CARTESIAN_POINT('',(0.,0.));
#1148 = VECTOR('',#1149,1.);
#1149 = DIRECTION('',(0.,1.));
#1150 = ( GEOMETRIC_REPRESENTATION_CONTEXT(2) 
PARAMETRIC_REPRESENTATION_CONTEXT() REPRESENTATION_CONTEXT('2D SPACE',''
  ) );
#1151 = ORIENTED_EDGE('',*,*,#1152,.T.);
#1152 = EDGE_CURVE('',#1125,#774,#1153,.T.);
#1153 = SURFACE_CURVE('',#1154,(#1159,#1170),.PCURVE_S1.);
#1154 = CIRCLE('',#1155,8.5);
#1155 = AXIS2_PLACEMENT_3D('',#1156,#1157,#1158);
#1156 = CARTESIAN_POINT('',(-30.,25.5,-11.));
#1157 = DIRECTION('',(0.,0.,-1.));
#1158 = DIRECTION('',(1.,0.,0.));
#1159 = PCURVE('',#361,#1160);
#1160 = DEFINITIONAL_REPRESENTATION('',(#1161),#1169);
#1161 = ( BOUNDED_CURVE() B_SPLINE_CURVE(2,(#1162,#1163,#1164,#1165,
#1166,#1167,#1168),.UNSPECIFIED.,.T.,.F.) B_SPLINE_CURVE_WITH_KNOTS((1,2
    ,2,2,2,1),(-2.094395102393,0.,2.094395102393,4.188790204786,
6.28318530718,8.377580409573),.UNSPECIFIED.) CURVE() 
GEOMETRIC_REPRESENTATION_ITEM() RATIONAL_B_SPLINE_CURVE((1.,0.5,1.,0.5,
1.,0.5,1.)) REPRESENTATION_ITEM('') );
#1162 = CARTESIAN_POINT('',(23.5,50.5));
#1163 = CARTESIAN_POINT('',(23.5,35.777568135665));
#1164 = CARTESIAN_POINT('',(10.75,43.138784067832));
#1165 = CARTESIAN_POINT('',(-2.,50.5));
#1166 = CARTESIAN_POINT('',(10.75,57.861215932168));
#1167 = CARTESIAN_POINT('',(23.5,65.222431864335));
#1168 = CARTESIAN_POINT('',(23.5,50.5));
#1169 = ( GEOMETRIC_REPRESENTATION_CONTEXT(2) 
PARAMETRIC_REPRESENTATION_CONTEXT() REPRESENTATION_CONTEXT('2D SPACE',''
  ) );
#1170 = PCURVE('',#1171,#1176);
#1171 = CYLINDRICAL_SURFACE('',#1172,8.5);
#1172 = AXIS2_PLACEMENT_3D('',#1173,#1174,#1175);
#1173 = CARTESIAN_POINT('',(-30.,25.5,-14.5));
#1174 = DIRECTION('',(-0.,-0.,-1.));
#1175 = DIRECTION('',(1.,0.,0.));
#1176 = DEFINITIONAL_REPRESENTATION('',(#1177),#1181);
#1177 = LINE('',#1178,#1179);
#1178 = CARTESIAN_POINT('',(-6.28318530718,-3.5));
#1179 = VECTOR('',#1180,1.);
#1180 = DIRECTION('',(1.,-0.));
#1181 = ( GEOMETRIC_REPRESENTATION_CONTEXT(2) 
PARAMETRIC_REPRESENTATION_CONTEXT() REPRESENTATION_CONTEXT('2D SPACE',''
  ) );
#1182 = ADVANCED_FACE('',(#1183),#336,.T.);
#1183 = FACE_BOUND('',#1184,.F.);
#1184 = EDGE_LOOP('',(#1185,#1186,#1187,#1207));
#1185 = ORIENTED_EDGE('',*,*,#320,.F.);
#1186 = ORIENTED_EDGE('',*,*,#801,.T.);
#1187 = ORIENTED_EDGE('',*,*,#1188,.T.);
#1188 = EDGE_CURVE('',#772,#457,#1189,.T.);
#1189 = SURFACE_CURVE('',#1190,(#1195,#1201),.PCURVE_S1.);
#1190 = CIRCLE('',#1191,1.5);
#1191 = AXIS2_PLACEMENT_3D('',#1192,#1193,#1194);
#1192 = CARTESIAN_POINT('',(-42.,23.5,-9.5));
#1193 = DIRECTION('',(1.,0.,0.));
#1194 = DIRECTION('',(0.,0.,-1.));
#1195 = PCURVE('',#336,#1196);
#1196 = DEFINITIONAL_REPRESENTATION('',(#1197),#1200);
#1197 = B_SPLINE_CURVE_WITH_KNOTS('',1,(#1198,#1199),.UNSPECIFIED.,.F.,
  .F.,(2,2),(0.,1.570796326795),.PIECEWISE_BEZIER_KNOTS.);
#1198 = CARTESIAN_POINT('',(-1.570796326795,4.712388980385));
#1199 = CARTESIAN_POINT('',(-1.570796326795,6.28318530718));
#1200 = ( GEOMETRIC_REPRESENTATION_CONTEXT(2) 
PARAMETRIC_REPRESENTATION_CONTEXT() REPRESENTATION_CONTEXT('2D SPACE',''
  ) );
#1201 = PCURVE('',#789,#1202);
#1202 = DEFINITIONAL_REPRESENTATION('',(#1203),#1206);
#1203 = B_SPLINE_CURVE_WITH_KNOTS('',1,(#1204,#1205),.UNSPECIFIED.,.F.,
  .F.,(2,2),(0.,1.570796326795),.PIECEWISE_BEZIER_KNOTS.);
#1204 = CARTESIAN_POINT('',(0.,0.));
#1205 = CARTESIAN_POINT('',(1.570796326795,0.));
#1206 = ( GEOMETRIC_REPRESENTATION_CONTEXT(2) 
PARAMETRIC_REPRESENTATION_CONTEXT() REPRESENTATION_CONTEXT('2D SPACE',''
  ) );
#1207 = ORIENTED_EDGE('',*,*,#456,.F.);
#1208 = ADVANCED_FACE('',(#1209),#392,.T.);
#1209 = FACE_BOUND('',#1210,.F.);
#1210 = EDGE_LOOP('',(#1211,#1238,#1260,#1261));
#1211 = ORIENTED_EDGE('',*,*,#1212,.F.);
#1212 = EDGE_CURVE('',#1213,#481,#1215,.T.);
#1213 = VERTEX_POINT('',#1214);
#1214 = CARTESIAN_POINT('',(-42.,23.5,11.));
#1215 = SURFACE_CURVE('',#1216,(#1221,#1227),.PCURVE_S1.);
#1216 = CIRCLE('',#1217,1.5);
#1217 = AXIS2_PLACEMENT_3D('',#1218,#1219,#1220);
#1218 = CARTESIAN_POINT('',(-42.,23.5,9.5));
#1219 = DIRECTION('',(-1.,0.,-0.));
#1220 = DIRECTION('',(-0.,0.,1.));
#1221 = PCURVE('',#392,#1222);
#1222 = DEFINITIONAL_REPRESENTATION('',(#1223),#1226);
#1223 = B_SPLINE_CURVE_WITH_KNOTS('',1,(#1224,#1225),.UNSPECIFIED.,.F.,
  .F.,(2,2),(0.,1.570796326795),.PIECEWISE_BEZIER_KNOTS.);
#1224 = CARTESIAN_POINT('',(0.,4.712388980385));
#1225 = CARTESIAN_POINT('',(0.,6.28318530718));
#1226 = ( GEOMETRIC_REPRESENTATION_CONTEXT(2) 
PARAMETRIC_REPRESENTATION_CONTEXT() REPRESENTATION_CONTEXT('2D SPACE',''
  ) );
#1227 = PCURVE('',#1228,#1233);
#1228 = CYLINDRICAL_SURFACE('',#1229,1.5);
#1229 = AXIS2_PLACEMENT_3D('',#1230,#1231,#1232);
#1230 = CARTESIAN_POINT('',(42.,23.5,9.5));
#1231 = DIRECTION('',(-1.,-0.,-0.));
#1232 = DIRECTION('',(-0.,0.,1.));
#1233 = DEFINITIONAL_REPRESENTATION('',(#1234),#1237);
#1234 = B_SPLINE_CURVE_WITH_KNOTS('',1,(#1235,#1236),.UNSPECIFIED.,.F.,
  .F.,(2,2),(0.,1.570796326795),.PIECEWISE_BEZIER_KNOTS.);
#1235 = CARTESIAN_POINT('',(0.,84.));
#1236 = CARTESIAN_POINT('',(1.570796326795,84.));
#1237 = ( GEOMETRIC_REPRESENTATION_CONTEXT(2) 
PARAMETRIC_REPRESENTATION_CONTEXT() REPRESENTATION_CONTEXT('2D SPACE',''
  ) );
#1238 = ORIENTED_EDGE('',*,*,#1239,.T.);
#1239 = EDGE_CURVE('',#1213,#377,#1240,.T.);
#1240 = SURFACE_CURVE('',#1241,(#1246,#1253),.PCURVE_S1.);
#1241 = CIRCLE('',#1242,1.5);
#1242 = AXIS2_PLACEMENT_3D('',#1243,#1244,#1245);
#1243 = CARTESIAN_POINT('',(-42.,22.,11.));
#1244 = DIRECTION('',(0.,0.,1.));
#1245 = DIRECTION('',(0.,1.,-0.));
#1246 = PCURVE('',#392,#1247);
#1247 = DEFINITIONAL_REPRESENTATION('',(#1248),#1252);
#1248 = LINE('',#1249,#1250);
#1249 = CARTESIAN_POINT('',(-0.,4.712388980385));
#1250 = VECTOR('',#1251,1.);
#1251 = DIRECTION('',(-1.,0.));
#1252 = ( GEOMETRIC_REPRESENTATION_CONTEXT(2) 
PARAMETRIC_REPRESENTATION_CONTEXT() REPRESENTATION_CONTEXT('2D SPACE',''
  ) );
#1253 = PCURVE('',#440,#1254);
#1254 = DEFINITIONAL_REPRESENTATION('',(#1255),#1259);
#1255 = CIRCLE('',#1256,1.5);
#1256 = AXIS2_PLACEMENT_2D('',#1257,#1258);
#1257 = CARTESIAN_POINT('',(3.,47.));
#1258 = DIRECTION('',(0.,1.));
#1259 = ( GEOMETRIC_REPRESENTATION_CONTEXT(2) 
PARAMETRIC_REPRESENTATION_CONTEXT() REPRESENTATION_CONTEXT('2D SPACE',''
  ) );
#1260 = ORIENTED_EDGE('',*,*,#376,.T.);
#1261 = ORIENTED_EDGE('',*,*,#508,.F.);
#1262 = ADVANCED_FACE('',(#1263),#440,.T.);
#1263 = FACE_BOUND('',#1264,.T.);
#1264 = EDGE_LOOP('',(#1265,#1293,#1314,#1315,#1316,#1317,#1340,#1366,
    #1394,#1423,#1451,#1484));
#1265 = ORIENTED_EDGE('',*,*,#1266,.T.);
#1266 = EDGE_CURVE('',#1267,#1269,#1271,.T.);
#1267 = VERTEX_POINT('',#1268);
#1268 = CARTESIAN_POINT('',(-34.,22.,11.));
#1269 = VERTEX_POINT('',#1270);
#1270 = CARTESIAN_POINT('',(-34.,23.5,11.));
#1271 = SURFACE_CURVE('',#1272,(#1276,#1282),.PCURVE_S1.);
#1272 = LINE('',#1273,#1274);
#1273 = CARTESIAN_POINT('',(-34.,-2.75,11.));
#1274 = VECTOR('',#1275,1.);
#1275 = DIRECTION('',(0.,1.,0.));
#1276 = PCURVE('',#440,#1277);
#1277 = DEFINITIONAL_REPRESENTATION('',(#1278),#1281);
#1278 = B_SPLINE_CURVE_WITH_KNOTS('',1,(#1279,#1280),.UNSPECIFIED.,.F.,
  .F.,(2,2),(22.25,26.25),.PIECEWISE_BEZIER_KNOTS.);
#1279 = CARTESIAN_POINT('',(11.,44.5));
#1280 = CARTESIAN_POINT('',(11.,48.5));
#1281 = ( GEOMETRIC_REPRESENTATION_CONTEXT(2) 
PARAMETRIC_REPRESENTATION_CONTEXT() REPRESENTATION_CONTEXT('2D SPACE',''
  ) );
#1282 = PCURVE('',#1283,#1288);
#1283 = PLANE('',#1284);
#1284 = AXIS2_PLACEMENT_3D('',#1285,#1286,#1287);
#1285 = CARTESIAN_POINT('',(-34.,19.5,2.));
#1286 = DIRECTION('',(1.,0.,0.));
#1287 = DIRECTION('',(0.,0.,1.));
#1288 = DEFINITIONAL_REPRESENTATION('',(#1289),#1292);
#1289 = B_SPLINE_CURVE_WITH_KNOTS('',1,(#1290,#1291),.UNSPECIFIED.,.F.,
  .F.,(2,2),(22.25,26.25),.PIECEWISE_BEZIER_KNOTS.);
#1290 = CARTESIAN_POINT('',(9.,0.));
#1291 = CARTESIAN_POINT('',(9.,-4.));
#1292 = ( GEOMETRIC_REPRESENTATION_CONTEXT(2) 
PARAMETRIC_REPRESENTATION_CONTEXT() REPRESENTATION_CONTEXT('2D SPACE',''
  ) );
#1293 = ORIENTED_EDGE('',*,*,#1294,.T.);
#1294 = EDGE_CURVE('',#1269,#1213,#1295,.T.);
#1295 = SURFACE_CURVE('',#1296,(#1300,#1307),.PCURVE_S1.);
#1296 = LINE('',#1297,#1298);
#1297 = CARTESIAN_POINT('',(42.,23.5,11.));
#1298 = VECTOR('',#1299,1.);
#1299 = DIRECTION('',(-1.,-0.,-0.));
#1300 = PCURVE('',#440,#1301);
#1301 = DEFINITIONAL_REPRESENTATION('',(#1302),#1306);
#1302 = LINE('',#1303,#1304);
#1303 = CARTESIAN_POINT('',(87.,48.5));
#1304 = VECTOR('',#1305,1.);
#1305 = DIRECTION('',(-1.,-0.));
#1306 = ( GEOMETRIC_REPRESENTATION_CONTEXT(2) 
PARAMETRIC_REPRESENTATION_CONTEXT() REPRESENTATION_CONTEXT('2D SPACE',''
  ) );
#1307 = PCURVE('',#1228,#1308);
#1308 = DEFINITIONAL_REPRESENTATION('',(#1309),#1313);
#1309 = LINE('',#1310,#1311);
#1310 = CARTESIAN_POINT('',(0.,0.));
#1311 = VECTOR('',#1312,1.);
#1312 = DIRECTION('',(0.,1.));
#1313 = ( GEOMETRIC_REPRESENTATION_CONTEXT(2) 
PARAMETRIC_REPRESENTATION_CONTEXT() REPRESENTATION_CONTEXT('2D SPACE',''
  ) );
#1314 = ORIENTED_EDGE('',*,*,#1239,.T.);
#1315 = ORIENTED_EDGE('',*,*,#426,.T.);
#1316 = ORIENTED_EDGE('',*,*,#592,.T.);
#1317 = ORIENTED_EDGE('',*,*,#1318,.T.);
#1318 = EDGE_CURVE('',#593,#1319,#1321,.T.);
#1319 = VERTEX_POINT('',#1320);
#1320 = CARTESIAN_POINT('',(-34.,-23.5,11.));
#1321 = SURFACE_CURVE('',#1322,(#1326,#1333),.PCURVE_S1.);
#1322 = LINE('',#1323,#1324);
#1323 = CARTESIAN_POINT('',(-42.,-23.5,11.));
#1324 = VECTOR('',#1325,1.);
#1325 = DIRECTION('',(1.,0.,0.));
#1326 = PCURVE('',#440,#1327);
#1327 = DEFINITIONAL_REPRESENTATION('',(#1328),#1332);
#1328 = LINE('',#1329,#1330);
#1329 = CARTESIAN_POINT('',(3.,1.5));
#1330 = VECTOR('',#1331,1.);
#1331 = DIRECTION('',(1.,0.));
#1332 = ( GEOMETRIC_REPRESENTATION_CONTEXT(2) 
PARAMETRIC_REPRESENTATION_CONTEXT() REPRESENTATION_CONTEXT('2D SPACE',''
  ) );
#1333 = PCURVE('',#630,#1334);
#1334 = DEFINITIONAL_REPRESENTATION('',(#1335),#1339);
#1335 = LINE('',#1336,#1337);
#1336 = CARTESIAN_POINT('',(0.,0.));
#1337 = VECTOR('',#1338,1.);
#1338 = DIRECTION('',(0.,1.));
#1339 = ( GEOMETRIC_REPRESENTATION_CONTEXT(2) 
PARAMETRIC_REPRESENTATION_CONTEXT() REPRESENTATION_CONTEXT('2D SPACE',''
  ) );
#1340 = ORIENTED_EDGE('',*,*,#1341,.T.);
#1341 = EDGE_CURVE('',#1319,#1342,#1344,.T.);
#1342 = VERTEX_POINT('',#1343);
#1343 = CARTESIAN_POINT('',(-34.,-22.,11.));
#1344 = SURFACE_CURVE('',#1345,(#1349,#1355),.PCURVE_S1.);
#1345 = LINE('',#1346,#1347);
#1346 = CARTESIAN_POINT('',(-34.,-24.75,11.));
#1347 = VECTOR('',#1348,1.);
#1348 = DIRECTION('',(0.,1.,0.));
#1349 = PCURVE('',#440,#1350);
#1350 = DEFINITIONAL_REPRESENTATION('',(#1351),#1354);
#1351 = B_SPLINE_CURVE_WITH_KNOTS('',1,(#1352,#1353),.UNSPECIFIED.,.F.,
  .F.,(2,2),(1.25,5.25),.PIECEWISE_BEZIER_KNOTS.);
#1352 = CARTESIAN_POINT('',(11.,1.5));
#1353 = CARTESIAN_POINT('',(11.,5.5));
#1354 = ( GEOMETRIC_REPRESENTATION_CONTEXT(2) 
PARAMETRIC_REPRESENTATION_CONTEXT() REPRESENTATION_CONTEXT('2D SPACE',''
  ) );
#1355 = PCURVE('',#1356,#1361);
#1356 = PLANE('',#1357);
#1357 = AXIS2_PLACEMENT_3D('',#1358,#1359,#1360);
#1358 = CARTESIAN_POINT('',(-34.,-24.5,2.));
#1359 = DIRECTION('',(1.,0.,0.));
#1360 = DIRECTION('',(0.,0.,1.));
#1361 = DEFINITIONAL_REPRESENTATION('',(#1362),#1365);
#1362 = B_SPLINE_CURVE_WITH_KNOTS('',1,(#1363,#1364),.UNSPECIFIED.,.F.,
  .F.,(2,2),(1.25,5.25),.PIECEWISE_BEZIER_KNOTS.);
#1363 = CARTESIAN_POINT('',(9.,-1.));
#1364 = CARTESIAN_POINT('',(9.,-5.));
#1365 = ( GEOMETRIC_REPRESENTATION_CONTEXT(2) 
PARAMETRIC_REPRESENTATION_CONTEXT() REPRESENTATION_CONTEXT('2D SPACE',''
  ) );
#1366 = ORIENTED_EDGE('',*,*,#1367,.F.);
#1367 = EDGE_CURVE('',#1368,#1342,#1370,.T.);
#1368 = VERTEX_POINT('',#1369);
#1369 = CARTESIAN_POINT('',(-40.,-22.,11.));
#1370 = SURFACE_CURVE('',#1371,(#1375,#1382),.PCURVE_S1.);
#1371 = LINE('',#1372,#1373);
#1372 = CARTESIAN_POINT('',(-42.,-22.,11.));
#1373 = VECTOR('',#1374,1.);
#1374 = DIRECTION('',(1.,0.,0.));
#1375 = PCURVE('',#440,#1376);
#1376 = DEFINITIONAL_REPRESENTATION('',(#1377),#1381);
#1377 = LINE('',#1378,#1379);
#1378 = CARTESIAN_POINT('',(3.,3.));
#1379 = VECTOR('',#1380,1.);
#1380 = DIRECTION('',(1.,0.));
#1381 = ( GEOMETRIC_REPRESENTATION_CONTEXT(2) 
PARAMETRIC_REPRESENTATION_CONTEXT() REPRESENTATION_CONTEXT('2D SPACE',''
  ) );
#1382 = PCURVE('',#1383,#1388);
#1383 = PLANE('',#1384);
#1384 = AXIS2_PLACEMENT_3D('',#1385,#1386,#1387);
#1385 = CARTESIAN_POINT('',(-42.,-22.,-8.));
#1386 = DIRECTION('',(0.,1.,0.));
#1387 = DIRECTION('',(0.,0.,1.));
#1388 = DEFINITIONAL_REPRESENTATION('',(#1389),#1393);
#1389 = LINE('',#1390,#1391);
#1390 = CARTESIAN_POINT('',(19.,0.));
#1391 = VECTOR('',#1392,1.);
#1392 = DIRECTION('',(0.,1.));
#1393 = ( GEOMETRIC_REPRESENTATION_CONTEXT(2) 
PARAMETRIC_REPRESENTATION_CONTEXT() REPRESENTATION_CONTEXT('2D SPACE',''
  ) );
#1394 = ORIENTED_EDGE('',*,*,#1395,.F.);
#1395 = EDGE_CURVE('',#1396,#1368,#1398,.T.);
#1396 = VERTEX_POINT('',#1397);
#1397 = CARTESIAN_POINT('',(-42.,-20.,11.));
#1398 = SURFACE_CURVE('',#1399,(#1404,#1411),.PCURVE_S1.);
#1399 = CIRCLE('',#1400,2.);
#1400 = AXIS2_PLACEMENT_3D('',#1401,#1402,#1403);
#1401 = CARTESIAN_POINT('',(-40.,-20.,11.));
#1402 = DIRECTION('',(0.,0.,1.));
#1403 = DIRECTION('',(0.,-1.,0.));
#1404 = PCURVE('',#440,#1405);
#1405 = DEFINITIONAL_REPRESENTATION('',(#1406),#1410);
#1406 = CIRCLE('',#1407,2.);
#1407 = AXIS2_PLACEMENT_2D('',#1408,#1409);
#1408 = CARTESIAN_POINT('',(5.,5.));
#1409 = DIRECTION('',(0.,-1.));
#1410 = ( GEOMETRIC_REPRESENTATION_CONTEXT(2) 
PARAMETRIC_REPRESENTATION_CONTEXT() REPRESENTATION_CONTEXT('2D SPACE',''
  ) );
#1411 = PCURVE('',#1412,#1417);
#1412 = CYLINDRICAL_SURFACE('',#1413,2.);
#1413 = AXIS2_PLACEMENT_3D('',#1414,#1415,#1416);
#1414 = CARTESIAN_POINT('',(-40.,-20.,-8.));
#1415 = DIRECTION('',(0.,0.,1.));
#1416 = DIRECTION('',(-1.,-0.,0.));
#1417 = DEFINITIONAL_REPRESENTATION('',(#1418),#1422);
#1418 = LINE('',#1419,#1420);
#1419 = CARTESIAN_POINT('',(-4.712388980385,19.));
#1420 = VECTOR('',#1421,1.);
#1421 = DIRECTION('',(1.,0.));
#1422 = ( GEOMETRIC_REPRESENTATION_CONTEXT(2) 
PARAMETRIC_REPRESENTATION_CONTEXT() REPRESENTATION_CONTEXT('2D SPACE',''
  ) );
#1423 = ORIENTED_EDGE('',*,*,#1424,.T.);
#1424 = EDGE_CURVE('',#1396,#1425,#1427,.T.);
#1425 = VERTEX_POINT('',#1426);
#1426 = CARTESIAN_POINT('',(-42.,20.,11.));
#1427 = SURFACE_CURVE('',#1428,(#1432,#1439),.PCURVE_S1.);
#1428 = LINE('',#1429,#1430);
#1429 = CARTESIAN_POINT('',(-42.,-22.,11.));
#1430 = VECTOR('',#1431,1.);
#1431 = DIRECTION('',(0.,1.,0.));
#1432 = PCURVE('',#440,#1433);
#1433 = DEFINITIONAL_REPRESENTATION('',(#1434),#1438);
#1434 = LINE('',#1435,#1436);
#1435 = CARTESIAN_POINT('',(3.,3.));
#1436 = VECTOR('',#1437,1.);
#1437 = DIRECTION('',(0.,1.));
#1438 = ( GEOMETRIC_REPRESENTATION_CONTEXT(2) 
PARAMETRIC_REPRESENTATION_CONTEXT() REPRESENTATION_CONTEXT('2D SPACE',''
  ) );
#1439 = PCURVE('',#1440,#1445);
#1440 = PLANE('',#1441);
#1441 = AXIS2_PLACEMENT_3D('',#1442,#1443,#1444);
#1442 = CARTESIAN_POINT('',(-42.,-22.,-8.));
#1443 = DIRECTION('',(1.,0.,0.));
#1444 = DIRECTION('',(0.,0.,1.));
#1445 = DEFINITIONAL_REPRESENTATION('',(#1446),#1450);
#1446 = LINE('',#1447,#1448);
#1447 = CARTESIAN_POINT('',(19.,0.));
#1448 = VECTOR('',#1449,1.);
#1449 = DIRECTION('',(0.,-1.));
#1450 = ( GEOMETRIC_REPRESENTATION_CONTEXT(2) 
PARAMETRIC_REPRESENTATION_CONTEXT() REPRESENTATION_CONTEXT('2D SPACE',''
  ) );
#1451 = ORIENTED_EDGE('',*,*,#1452,.T.);
#1452 = EDGE_CURVE('',#1425,#1453,#1455,.T.);
#1453 = VERTEX_POINT('',#1454);
#1454 = CARTESIAN_POINT('',(-40.,22.,11.));
#1455 = SURFACE_CURVE('',#1456,(#1461,#1472),.PCURVE_S1.);
#1456 = CIRCLE('',#1457,2.);
#1457 = AXIS2_PLACEMENT_3D('',#1458,#1459,#1460);
#1458 = CARTESIAN_POINT('',(-40.,20.,11.));
#1459 = DIRECTION('',(-0.,-0.,-1.));
#1460 = DIRECTION('',(0.,-1.,0.));
#1461 = PCURVE('',#440,#1462);
#1462 = DEFINITIONAL_REPRESENTATION('',(#1463),#1471);
#1463 = ( BOUNDED_CURVE() B_SPLINE_CURVE(2,(#1464,#1465,#1466,#1467,
#1468,#1469,#1470),.UNSPECIFIED.,.T.,.F.) B_SPLINE_CURVE_WITH_KNOTS((1,2
    ,2,2,2,1),(-2.094395102393,0.,2.094395102393,4.188790204786,
6.28318530718,8.377580409573),.UNSPECIFIED.) CURVE() 
GEOMETRIC_REPRESENTATION_ITEM() RATIONAL_B_SPLINE_CURVE((1.,0.5,1.,0.5,
1.,0.5,1.)) REPRESENTATION_ITEM('') );
#1464 = CARTESIAN_POINT('',(5.,43.));
#1465 = CARTESIAN_POINT('',(1.535898384862,43.));
#1466 = CARTESIAN_POINT('',(3.267949192431,46.));
#1467 = CARTESIAN_POINT('',(5.,49.));
#1468 = CARTESIAN_POINT('',(6.732050807569,46.));
#1469 = CARTESIAN_POINT('',(8.464101615138,43.));
#1470 = CARTESIAN_POINT('',(5.,43.));
#1471 = ( GEOMETRIC_REPRESENTATION_CONTEXT(2) 
PARAMETRIC_REPRESENTATION_CONTEXT() REPRESENTATION_CONTEXT('2D SPACE',''
  ) );
#1472 = PCURVE('',#1473,#1478);
#1473 = CYLINDRICAL_SURFACE('',#1474,2.);
#1474 = AXIS2_PLACEMENT_3D('',#1475,#1476,#1477);
#1475 = CARTESIAN_POINT('',(-40.,20.,-8.));
#1476 = DIRECTION('',(0.,0.,1.));
#1477 = DIRECTION('',(-1.,-0.,0.));
#1478 = DEFINITIONAL_REPRESENTATION('',(#1479),#1483);
#1479 = LINE('',#1480,#1481);
#1480 = CARTESIAN_POINT('',(1.570796326795,19.));
#1481 = VECTOR('',#1482,1.);
#1482 = DIRECTION('',(-1.,0.));
#1483 = ( GEOMETRIC_REPRESENTATION_CONTEXT(2) 
PARAMETRIC_REPRESENTATION_CONTEXT() REPRESENTATION_CONTEXT('2D SPACE',''
  ) );
#1484 = ORIENTED_EDGE('',*,*,#1485,.T.);
#1485 = EDGE_CURVE('',#1453,#1267,#1486,.T.);
#1486 = SURFACE_CURVE('',#1487,(#1491,#1498),.PCURVE_S1.);
#1487 = LINE('',#1488,#1489);
#1488 = CARTESIAN_POINT('',(-42.,22.,11.));
#1489 = VECTOR('',#1490,1.);
#1490 = DIRECTION('',(1.,0.,0.));
#1491 = PCURVE('',#440,#1492);
#1492 = DEFINITIONAL_REPRESENTATION('',(#1493),#1497);
#1493 = LINE('',#1494,#1495);
#1494 = CARTESIAN_POINT('',(3.,47.));
#1495 = VECTOR('',#1496,1.);
#1496 = DIRECTION('',(1.,0.));
#1497 = ( GEOMETRIC_REPRESENTATION_CONTEXT(2) 
PARAMETRIC_REPRESENTATION_CONTEXT() REPRESENTATION_CONTEXT('2D SPACE',''
  ) );
#1498 = PCURVE('',#1499,#1504);
#1499 = PLANE('',#1500);
#1500 = AXIS2_PLACEMENT_3D('',#1501,#1502,#1503);
#1501 = CARTESIAN_POINT('',(-42.,22.,-8.));
#1502 = DIRECTION('',(0.,1.,0.));
#1503 = DIRECTION('',(0.,0.,1.));
#1504 = DEFINITIONAL_REPRESENTATION('',(#1505),#1509);
#1505 = LINE('',#1506,#1507);
#1506 = CARTESIAN_POINT('',(19.,0.));
#1507 = VECTOR('',#1508,1.);
#1508 = DIRECTION('',(0.,1.));
#1509 = ( GEOMETRIC_REPRESENTATION_CONTEXT(2) 
PARAMETRIC_REPRESENTATION_CONTEXT() REPRESENTATION_CONTEXT('2D SPACE',''
  ) );
#1510 = ADVANCED_FACE('',(#1511),#496,.T.);
#1511 = FACE_BOUND('',#1512,.T.);
#1512 = EDGE_LOOP('',(#1513,#1536,#1537,#1560,#1586,#1612));
#1513 = ORIENTED_EDGE('',*,*,#1514,.F.);
#1514 = EDGE_CURVE('',#457,#1515,#1517,.T.);
#1515 = VERTEX_POINT('',#1516);
#1516 = CARTESIAN_POINT('',(-38.48528137423,25.,-9.5));
#1517 = SURFACE_CURVE('',#1518,(#1522,#1529),.PCURVE_S1.);
#1518 = LINE('',#1519,#1520);
#1519 = CARTESIAN_POINT('',(-42.,25.,-9.5));
#1520 = VECTOR('',#1521,1.);
#1521 = DIRECTION('',(1.,0.,0.));
#1522 = PCURVE('',#496,#1523);
#1523 = DEFINITIONAL_REPRESENTATION('',(#1524),#1528);
#1524 = LINE('',#1525,#1526);
#1525 = CARTESIAN_POINT('',(1.5,3.));
#1526 = VECTOR('',#1527,1.);
#1527 = DIRECTION('',(0.,1.));
#1528 = ( GEOMETRIC_REPRESENTATION_CONTEXT(2) 
PARAMETRIC_REPRESENTATION_CONTEXT() REPRESENTATION_CONTEXT('2D SPACE',''
  ) );
#1529 = PCURVE('',#789,#1530);
#1530 = DEFINITIONAL_REPRESENTATION('',(#1531),#1535);
#1531 = LINE('',#1532,#1533);
#1532 = CARTESIAN_POINT('',(1.570796326795,0.));
#1533 = VECTOR('',#1534,1.);
#1534 = DIRECTION('',(0.,1.));
#1535 = ( GEOMETRIC_REPRESENTATION_CONTEXT(2) 
PARAMETRIC_REPRESENTATION_CONTEXT() REPRESENTATION_CONTEXT('2D SPACE',''
  ) );
#1536 = ORIENTED_EDGE('',*,*,#480,.T.);
#1537 = ORIENTED_EDGE('',*,*,#1538,.F.);
#1538 = EDGE_CURVE('',#1539,#481,#1541,.T.);
#1539 = VERTEX_POINT('',#1540);
#1540 = CARTESIAN_POINT('',(-33.11006430801,25.,9.5));
#1541 = SURFACE_CURVE('',#1542,(#1546,#1553),.PCURVE_S1.);
#1542 = LINE('',#1543,#1544);
#1543 = CARTESIAN_POINT('',(42.,25.,9.5));
#1544 = VECTOR('',#1545,1.);
#1545 = DIRECTION('',(-1.,-0.,-0.));
#1546 = PCURVE('',#496,#1547);
#1547 = DEFINITIONAL_REPRESENTATION('',(#1548),#1552);
#1548 = LINE('',#1549,#1550);
#1549 = CARTESIAN_POINT('',(20.5,87.));
#1550 = VECTOR('',#1551,1.);
#1551 = DIRECTION('',(-0.,-1.));
#1552 = ( GEOMETRIC_REPRESENTATION_CONTEXT(2) 
PARAMETRIC_REPRESENTATION_CONTEXT() REPRESENTATION_CONTEXT('2D SPACE',''
  ) );
#1553 = PCURVE('',#1228,#1554);
#1554 = DEFINITIONAL_REPRESENTATION('',(#1555),#1559);
#1555 = LINE('',#1556,#1557);
#1556 = CARTESIAN_POINT('',(1.570796326795,0.));
#1557 = VECTOR('',#1558,1.);
#1558 = DIRECTION('',(0.,1.));
#1559 = ( GEOMETRIC_REPRESENTATION_CONTEXT(2) 
PARAMETRIC_REPRESENTATION_CONTEXT() REPRESENTATION_CONTEXT('2D SPACE',''
  ) );
#1560 = ORIENTED_EDGE('',*,*,#1561,.T.);
#1561 = EDGE_CURVE('',#1539,#1562,#1564,.T.);
#1562 = VERTEX_POINT('',#1563);
#1563 = CARTESIAN_POINT('',(-33.11006430801,25.,-6.5));
#1564 = SURFACE_CURVE('',#1565,(#1569,#1575),.PCURVE_S1.);
#1565 = LINE('',#1566,#1567);
#1566 = CARTESIAN_POINT('',(-33.11006430801,25.,-16.));
#1567 = VECTOR('',#1568,1.);
#1568 = DIRECTION('',(-0.,-0.,-1.));
#1569 = PCURVE('',#496,#1570);
#1570 = DEFINITIONAL_REPRESENTATION('',(#1571),#1574);
#1571 = B_SPLINE_CURVE_WITH_KNOTS('',1,(#1572,#1573),.UNSPECIFIED.,.F.,
  .F.,(2,2),(-27.4,-4.6),.PIECEWISE_BEZIER_KNOTS.);
#1572 = CARTESIAN_POINT('',(22.4,11.889935691983));
#1573 = CARTESIAN_POINT('',(-0.4,11.889935691983));
#1574 = ( GEOMETRIC_REPRESENTATION_CONTEXT(2) 
PARAMETRIC_REPRESENTATION_CONTEXT() REPRESENTATION_CONTEXT('2D SPACE',''
  ) );
#1575 = PCURVE('',#1576,#1581);
#1576 = CYLINDRICAL_SURFACE('',#1577,3.15);
#1577 = AXIS2_PLACEMENT_3D('',#1578,#1579,#1580);
#1578 = CARTESIAN_POINT('',(-30.,25.5,-16.));
#1579 = DIRECTION('',(-0.,-0.,-1.));
#1580 = DIRECTION('',(1.,0.,0.));
#1581 = DEFINITIONAL_REPRESENTATION('',(#1582),#1585);
#1582 = B_SPLINE_CURVE_WITH_KNOTS('',1,(#1583,#1584),.UNSPECIFIED.,.F.,
  .F.,(2,2),(-27.4,-4.6),.PIECEWISE_BEZIER_KNOTS.);
#1583 = CARTESIAN_POINT('',(-3.300997026151,-27.4));
#1584 = CARTESIAN_POINT('',(-3.300997026151,-4.6));
#1585 = ( GEOMETRIC_REPRESENTATION_CONTEXT(2) 
PARAMETRIC_REPRESENTATION_CONTEXT() REPRESENTATION_CONTEXT('2D SPACE',''
  ) );
#1586 = ORIENTED_EDGE('',*,*,#1587,.F.);
#1587 = EDGE_CURVE('',#1588,#1562,#1590,.T.);
#1588 = VERTEX_POINT('',#1589);
#1589 = CARTESIAN_POINT('',(-38.48528137423,25.,-6.5));
#1590 = SURFACE_CURVE('',#1591,(#1595,#1601),.PCURVE_S1.);
#1591 = LINE('',#1592,#1593);
#1592 = CARTESIAN_POINT('',(-37.5,25.,-6.5));
#1593 = VECTOR('',#1594,1.);
#1594 = DIRECTION('',(1.,0.,0.));
#1595 = PCURVE('',#496,#1596);
#1596 = DEFINITIONAL_REPRESENTATION('',(#1597),#1600);
#1597 = B_SPLINE_CURVE_WITH_KNOTS('',1,(#1598,#1599),.UNSPECIFIED.,.F.,
  .F.,(2,2),(-1.,16.),.PIECEWISE_BEZIER_KNOTS.);
#1598 = CARTESIAN_POINT('',(4.5,6.5));
#1599 = CARTESIAN_POINT('',(4.5,23.5));
#1600 = ( GEOMETRIC_REPRESENTATION_CONTEXT(2) 
PARAMETRIC_REPRESENTATION_CONTEXT() REPRESENTATION_CONTEXT('2D SPACE',''
  ) );
#1601 = PCURVE('',#1602,#1607);
#1602 = PLANE('',#1603);
#1603 = AXIS2_PLACEMENT_3D('',#1604,#1605,#1606);
#1604 = CARTESIAN_POINT('',(-30.,25.5,-6.5));
#1605 = DIRECTION('',(0.,0.,1.));
#1606 = DIRECTION('',(1.,0.,-0.));
#1607 = DEFINITIONAL_REPRESENTATION('',(#1608),#1611);
#1608 = B_SPLINE_CURVE_WITH_KNOTS('',1,(#1609,#1610),.UNSPECIFIED.,.F.,
  .F.,(2,2),(-1.,16.),.PIECEWISE_BEZIER_KNOTS.);
#1609 = CARTESIAN_POINT('',(-8.5,-0.5));
#1610 = CARTESIAN_POINT('',(8.5,-0.5));
#1611 = ( GEOMETRIC_REPRESENTATION_CONTEXT(2) 
PARAMETRIC_REPRESENTATION_CONTEXT() REPRESENTATION_CONTEXT('2D SPACE',''
  ) );
#1612 = ORIENTED_EDGE('',*,*,#1613,.T.);
#1613 = EDGE_CURVE('',#1588,#1515,#1614,.T.);
#1614 = SURFACE_CURVE('',#1615,(#1619,#1625),.PCURVE_S1.);
#1615 = LINE('',#1616,#1617);
#1616 = CARTESIAN_POINT('',(-38.48528137423,25.,-14.5));
#1617 = VECTOR('',#1618,1.);
#1618 = DIRECTION('',(-0.,-0.,-1.));
#1619 = PCURVE('',#496,#1620);
#1620 = DEFINITIONAL_REPRESENTATION('',(#1621),#1624);
#1621 = B_SPLINE_CURVE_WITH_KNOTS('',1,(#1622,#1623),.UNSPECIFIED.,.F.,
  .F.,(2,2),(-8.0000006,-3.1),.PIECEWISE_BEZIER_KNOTS.);
#1622 = CARTESIAN_POINT('',(4.5000006,6.514718625761));
#1623 = CARTESIAN_POINT('',(-0.4,6.514718625761));
#1624 = ( GEOMETRIC_REPRESENTATION_CONTEXT(2) 
PARAMETRIC_REPRESENTATION_CONTEXT() REPRESENTATION_CONTEXT('2D SPACE',''
  ) );
#1625 = PCURVE('',#1171,#1626);
#1626 = DEFINITIONAL_REPRESENTATION('',(#1627),#1630);
#1627 = B_SPLINE_CURVE_WITH_KNOTS('',1,(#1628,#1629),.UNSPECIFIED.,.F.,
  .F.,(2,2),(-8.0000006,-3.1),.PIECEWISE_BEZIER_KNOTS.);
#1628 = CARTESIAN_POINT('',(-3.200450159537,-8.0000006));
#1629 = CARTESIAN_POINT('',(-3.200450159537,-3.1));
#1630 = ( GEOMETRIC_REPRESENTATION_CONTEXT(2) 
PARAMETRIC_REPRESENTATION_CONTEXT() REPRESENTATION_CONTEXT('2D SPACE',''
  ) );
#1631 = ADVANCED_FACE('',(#1632),#549,.T.);
#1632 = FACE_BOUND('',#1633,.T.);
#1633 = EDGE_LOOP('',(#1634,#1635,#1689,#1690));
#1634 = ORIENTED_EDGE('',*,*,#829,.F.);
#1635 = ORIENTED_EDGE('',*,*,#1636,.T.);
#1636 = EDGE_CURVE('',#830,#648,#1637,.T.);
#1637 = SURFACE_CURVE('',#1638,(#1653,#1671),.PCURVE_S1.);
#1638 = B_SPLINE_CURVE_WITH_KNOTS('',7,(#1639,#1640,#1641,#1642,#1643,
    #1644,#1645,#1646,#1647,#1648,#1649,#1650,#1651,#1652),
  .UNSPECIFIED.,.F.,.F.,(8,6,8),(0.,0.402049391486,1.),.UNSPECIFIED.);
#1639 = CARTESIAN_POINT('',(-38.26135582092,-23.5,-11.));
#1640 = CARTESIAN_POINT('',(-38.29833492288,-23.65274875961,-11.));
#1641 = CARTESIAN_POINT('',(-38.3317953193,-23.80537130146,
    -10.98185272057));
#1642 = CARTESIAN_POINT('',(-38.36099444277,-23.95448434575,
    -10.94561240252));
#1643 = CARTESIAN_POINT('',(-38.38565569665,-24.09677410445,
    -10.89236009726));
#1644 = CARTESIAN_POINT('',(-38.40598731775,-24.22924879774,
    -10.82414299043));
#1645 = CARTESIAN_POINT('',(-38.42246701997,-24.34952667158,
    -10.74396475801));
#1646 = CARTESIAN_POINT('',(-38.45527961897,-24.61469138839,
    -10.52460142674));
#1647 = CARTESIAN_POINT('',(-38.467912559,-24.74530942045,
    -10.37380217566));
#1648 = CARTESIAN_POINT('',(-38.47586938838,-24.84828350073,
    -10.20985648772));
#1649 = CARTESIAN_POINT('',(-38.4808329275,-24.92449879887,
    -10.03733894964));
#1650 = CARTESIAN_POINT('',(-38.48379982734,-24.97485935996,
    -9.85972732864));
#1651 = CARTESIAN_POINT('',(-38.48528137423,-25.,-9.679790921363));
#1652 = CARTESIAN_POINT('',(-38.48528137423,-25.,-9.5));
#1653 = PCURVE('',#549,#1654);
#1654 = DEFINITIONAL_REPRESENTATION('',(#1655),#1670);
#1655 = B_SPLINE_CURVE_WITH_KNOTS('',7,(#1656,#1657,#1658,#1659,#1660,
    #1661,#1662,#1663,#1664,#1665,#1666,#1667,#1668,#1669),
  .UNSPECIFIED.,.F.,.F.,(8,6,8),(0.,0.402049391486,1.),.UNSPECIFIED.);
#1656 = CARTESIAN_POINT('',(0.,80.261355820929));
#1657 = CARTESIAN_POINT('',(0.10183250641,80.298334922889));
#1658 = CARTESIAN_POINT('',(0.203580774656,80.331795319305));
#1659 = CARTESIAN_POINT('',(0.304714738956,80.360994442779));
#1660 = CARTESIAN_POINT('',(0.404734778379,80.385655696656));
#1661 = CARTESIAN_POINT('',(0.503053838191,80.405987317758));
#1662 = CARTESIAN_POINT('',(0.59890943138,80.422467019979));
#1663 = CARTESIAN_POINT('',(0.828336348478,80.455279618971));
#1664 = CARTESIAN_POINT('',(0.959514210126,80.467912559002));
#1665 = CARTESIAN_POINT('',(1.08629151766,80.475869388381));
#1666 = CARTESIAN_POINT('',(1.209755448003,80.480832927503));
#1667 = CARTESIAN_POINT('',(1.330978750613,80.483799827349));
#1668 = CARTESIAN_POINT('',(1.450935712553,80.485281374239));
#1669 = CARTESIAN_POINT('',(1.570796326795,80.485281374239));
#1670 = ( GEOMETRIC_REPRESENTATION_CONTEXT(2) 
PARAMETRIC_REPRESENTATION_CONTEXT() REPRESENTATION_CONTEXT('2D SPACE',''
  ) );
#1671 = PCURVE('',#662,#1672);
#1672 = DEFINITIONAL_REPRESENTATION('',(#1673),#1688);
#1673 = B_SPLINE_CURVE_WITH_KNOTS('',7,(#1674,#1675,#1676,#1677,#1678,
    #1679,#1680,#1681,#1682,#1683,#1684,#1685,#1686,#1687),
  .UNSPECIFIED.,.F.,.F.,(8,6,8),(0.,0.402049391486,1.),.UNSPECIFIED.);
#1674 = CARTESIAN_POINT('',(-2.904071482808,-3.5));
#1675 = CARTESIAN_POINT('',(-2.922561033788,-3.5));
#1676 = CARTESIAN_POINT('',(-2.940938757476,-3.518147279423));
#1677 = CARTESIAN_POINT('',(-2.95880750133,-3.554387597471));
#1678 = CARTESIAN_POINT('',(-2.975790689482,-3.607639902732));
#1679 = CARTESIAN_POINT('',(-2.991555065649,-3.67585700957));
#1680 = CARTESIAN_POINT('',(-3.005836382621,-3.756035241981));
#1681 = CARTESIAN_POINT('',(-3.037270169502,-3.97539857326));
#1682 = CARTESIAN_POINT('',(-3.052703194306,-4.126197824332));
#1683 = CARTESIAN_POINT('',(-3.064851918365,-4.290143512272));
#1684 = CARTESIAN_POINT('',(-3.073837254817,-4.462661050356));
#1685 = CARTESIAN_POINT('',(-3.07977229211,-4.64027267136));
#1686 = CARTESIAN_POINT('',(-3.082735147643,-4.820209078637));
#1687 = CARTESIAN_POINT('',(-3.082735147643,-5.));
#1688 = ( GEOMETRIC_REPRESENTATION_CONTEXT(2) 
PARAMETRIC_REPRESENTATION_CONTEXT() REPRESENTATION_CONTEXT('2D SPACE',''
  ) );
#1689 = ORIENTED_EDGE('',*,*,#673,.T.);
#1690 = ORIENTED_EDGE('',*,*,#533,.F.);
#1691 = ADVANCED_FACE('',(#1692),#630,.T.);
#1692 = FACE_BOUND('',#1693,.T.);
#1693 = EDGE_LOOP('',(#1694,#1695,#1696,#1697,#1792,#1818));
#1694 = ORIENTED_EDGE('',*,*,#1318,.F.);
#1695 = ORIENTED_EDGE('',*,*,#616,.T.);
#1696 = ORIENTED_EDGE('',*,*,#695,.T.);
#1697 = ORIENTED_EDGE('',*,*,#1698,.F.);
#1698 = EDGE_CURVE('',#1699,#696,#1701,.T.);
#1699 = VERTEX_POINT('',#1700);
#1700 = CARTESIAN_POINT('',(-32.98705539534,-24.5,10.618033996734));
#1701 = SURFACE_CURVE('',#1702,(#1730,#1761),.PCURVE_S1.);
#1702 = B_SPLINE_CURVE_WITH_KNOTS('',6,(#1703,#1704,#1705,#1706,#1707,
    #1708,#1709,#1710,#1711,#1712,#1713,#1714,#1715,#1716,#1717,#1718,
    #1719,#1720,#1721,#1722,#1723,#1724,#1725,#1726,#1727,#1728,#1729),
  .UNSPECIFIED.,.F.,.F.,(7,5,5,5,5,7),(0.,0.101373170221,0.281115722388,
    0.455855924398,0.559527751704,1.),.UNSPECIFIED.);
#1703 = CARTESIAN_POINT('',(-32.43361870472,-23.5,11.));
#1704 = CARTESIAN_POINT('',(-32.4623451539,-23.53495461201,11.));
#1705 = CARTESIAN_POINT('',(-32.49055453513,-23.57050830536,
    10.99902255781));
#1706 = CARTESIAN_POINT('',(-32.51819545023,-23.60661212927,
    10.997004793872));
#1707 = CARTESIAN_POINT('',(-32.54522202356,-23.643213634,
    10.993886493013));
#1708 = CARTESIAN_POINT('',(-32.57159390202,-23.68025687087,
    10.989610104442));
#1709 = CARTESIAN_POINT('',(-32.64281307385,-23.78404076612,
    10.974387672762));
#1710 = CARTESIAN_POINT('',(-32.686231576,-23.85167268411,
    10.960830936446));
#1711 = CARTESIAN_POINT('',(-32.72716548786,-23.92001621326,
    10.943163028639));
#1712 = CARTESIAN_POINT('',(-32.76537846249,-23.98847623839,
    10.921207882226));
#1713 = CARTESIAN_POINT('',(-32.80074911677,-24.05644987443,
    10.894909939556));
#1714 = CARTESIAN_POINT('',(-32.86485833122,-24.18839195759,
    10.834627201362));
#1715 = CARTESIAN_POINT('',(-32.89368479299,-24.25227669052,
    10.800941732907));
#1716 = CARTESIAN_POINT('',(-32.91973988556,-24.31448508691,
    10.763383501688));
#1717 = CARTESIAN_POINT('',(-32.94310839887,-24.37450789171,
    10.722166014277));
#1718 = CARTESIAN_POINT('',(-32.96393436329,-24.43187783773,
    10.677625287714));
#1719 = CARTESIAN_POINT('',(-32.99335539137,-24.51842869915,
    10.60210367897));
#1720 = CARTESIAN_POINT('',(-33.00348638821,-24.5496041956,
    10.572958559831));
#1721 = CARTESIAN_POINT('',(-33.01284144034,-24.57967659368,
    10.542853819279));
#1722 = CARTESIAN_POINT('',(-33.02146829186,-24.60860157859,
    10.51185860495));
#1723 = CARTESIAN_POINT('',(-33.02941391298,-24.6363403143,
    10.480047571045));
#1724 = CARTESIAN_POINT('',(-33.06778511477,-24.7755317173,
    10.309219193838));
#1725 = CARTESIAN_POINT('',(-33.08725303272,-24.86572965622,
    10.158224068812));
#1726 = CARTESIAN_POINT('',(-33.09930864883,-24.93308991484,
    9.998639970974));
#1727 = CARTESIAN_POINT('',(-33.10648897028,-24.97776373672,
    9.83383850467));
#1728 = CARTESIAN_POINT('',(-33.11006430801,-25.,9.666720763995));
#1729 = CARTESIAN_POINT('',(-33.11006430801,-25.,9.5));
#1730 = PCURVE('',#630,#1731);
#1731 = DEFINITIONAL_REPRESENTATION('',(#1732),#1760);
#1732 = B_SPLINE_CURVE_WITH_KNOTS('',6,(#1733,#1734,#1735,#1736,#1737,
    #1738,#1739,#1740,#1741,#1742,#1743,#1744,#1745,#1746,#1747,#1748,
    #1749,#1750,#1751,#1752,#1753,#1754,#1755,#1756,#1757,#1758,#1759),
  .UNSPECIFIED.,.F.,.F.,(7,5,5,5,5,7),(0.,0.101373170221,0.281115722388,
    0.455855924398,0.559527751704,1.),.UNSPECIFIED.);
#1733 = CARTESIAN_POINT('',(0.,9.566381295272));
#1734 = CARTESIAN_POINT('',(2.330307467706E-02,9.537654846098));
#1735 = CARTESIAN_POINT('',(4.700554421991E-02,9.509445464866));
#1736 = CARTESIAN_POINT('',(7.109753187971E-02,9.481804549766));
#1737 = CARTESIAN_POINT('',(9.557076298509E-02,9.454777976438));
#1738 = CARTESIAN_POINT('',(0.120418564942,9.428406097977));
#1739 = CARTESIAN_POINT('',(0.190348114695,9.357186926146));
#1740 = CARTESIAN_POINT('',(0.236270493324,9.313768424));
#1741 = CARTESIAN_POINT('',(0.283220281015,9.272834512133));
#1742 = CARTESIAN_POINT('',(0.331028016051,9.234621537507));
#1743 = CARTESIAN_POINT('',(0.37953105014,9.199250883228));
#1744 = CARTESIAN_POINT('',(0.476238448071,9.13514166878));
#1745 = CARTESIAN_POINT('',(0.524309131598,9.106315207009));
#1746 = CARTESIAN_POINT('',(0.57263054407,9.080260114434));
#1747 = CARTESIAN_POINT('',(0.621047807838,9.056891601124));
#1748 = CARTESIAN_POINT('',(0.669388529981,9.036065636707));
#1749 = CARTESIAN_POINT('',(0.745966928444,9.006644608625));
#1750 = CARTESIAN_POINT('',(0.774401554703,8.996513611781));
#1751 = CARTESIAN_POINT('',(0.802744730777,8.987158559659));
#1752 = CARTESIAN_POINT('',(0.830984142317,8.978531708136));
#1753 = CARTESIAN_POINT('',(0.859105865371,8.970586087012));
#1754 = CARTESIAN_POINT('',(1.006009584601,8.932214885227));
#1755 = CARTESIAN_POINT('',(1.122031690704,8.912746967276));
#1756 = CARTESIAN_POINT('',(1.235899590736,8.900691351165));
#1757 = CARTESIAN_POINT('',(1.348236945616,8.893511029717));
#1758 = CARTESIAN_POINT('',(1.459649150799,8.889935691983));
#1759 = CARTESIAN_POINT('',(1.570796326795,8.889935691983));
#1760 = ( GEOMETRIC_REPRESENTATION_CONTEXT(2) 
PARAMETRIC_REPRESENTATION_CONTEXT() REPRESENTATION_CONTEXT('2D SPACE',''
  ) );
#1761 = PCURVE('',#733,#1762);
#1762 = DEFINITIONAL_REPRESENTATION('',(#1763),#1791);
#1763 = B_SPLINE_CURVE_WITH_KNOTS('',6,(#1764,#1765,#1766,#1767,#1768,
    #1769,#1770,#1771,#1772,#1773,#1774,#1775,#1776,#1777,#1778,#1779,
    #1780,#1781,#1782,#1783,#1784,#1785,#1786,#1787,#1788,#1789,#1790),
  .UNSPECIFIED.,.F.,.F.,(7,5,5,5,5,7),(0.,0.101373170221,0.281115722388,
    0.455855924398,0.559527751704,1.),.UNSPECIFIED.);
#1764 = CARTESIAN_POINT('',(-2.45368686557,-27.));
#1765 = CARTESIAN_POINT('',(-2.468050090157,-27.));
#1766 = CARTESIAN_POINT('',(-2.482455983425,-26.99902255781));
#1767 = CARTESIAN_POINT('',(-2.496887640694,-26.99700479387));
#1768 = CARTESIAN_POINT('',(-2.511328357828,-26.99388649301));
#1769 = CARTESIAN_POINT('',(-2.525761631237,-26.98961010444));
#1770 = CARTESIAN_POINT('',(-2.565720374573,-26.97438767276));
#1771 = CARTESIAN_POINT('',(-2.591222374785,-26.96083093644));
#1772 = CARTESIAN_POINT('',(-2.616494649775,-26.94316302863));
#1773 = CARTESIAN_POINT('',(-2.641367781282,-26.92120788222));
#1774 = CARTESIAN_POINT('',(-2.665684274399,-26.89490993955));
#1775 = CARTESIAN_POINT('',(-2.712253338389,-26.83462720136));
#1776 = CARTESIAN_POINT('',(-2.734494192906,-26.8009417329));
#1777 = CARTESIAN_POINT('',(-2.755893972566,-26.76338350168));
#1778 = CARTESIAN_POINT('',(-2.776333272542,-26.72216601427));
#1779 = CARTESIAN_POINT('',(-2.795704820203,-26.67762528771));
#1780 = CARTESIAN_POINT('',(-2.824725361847,-26.60210367897));
#1781 = CARTESIAN_POINT('',(-2.835130895039,-26.57295855983));
#1782 = CARTESIAN_POINT('',(-2.845127801136,-26.54285381927));
#1783 = CARTESIAN_POINT('',(-2.854709126709,-26.51185860495));
#1784 = CARTESIAN_POINT('',(-2.863868794046,-26.48004757104));
#1785 = CARTESIAN_POINT('',(-2.909704826587,-26.30921919383));
#1786 = CARTESIAN_POINT('',(-2.938952084395,-26.15822406881));
#1787 = CARTESIAN_POINT('',(-2.960675102579,-25.99863997097));
#1788 = CARTESIAN_POINT('',(-2.975038254817,-25.83383850467));
#1789 = CARTESIAN_POINT('',(-2.982188281028,-25.66672076399));
#1790 = CARTESIAN_POINT('',(-2.982188281028,-25.5));
#1791 = ( GEOMETRIC_REPRESENTATION_CONTEXT(2) 
PARAMETRIC_REPRESENTATION_CONTEXT() REPRESENTATION_CONTEXT('2D SPACE',''
  ) );
#1792 = ORIENTED_EDGE('',*,*,#1793,.F.);
#1793 = EDGE_CURVE('',#1794,#1699,#1796,.T.);
#1794 = VERTEX_POINT('',#1795);
#1795 = CARTESIAN_POINT('',(-34.,-24.5,10.61803398875));
#1796 = SURFACE_CURVE('',#1797,(#1801,#1807),.PCURVE_S1.);
#1797 = LINE('',#1798,#1799);
#1798 = CARTESIAN_POINT('',(-42.,-24.5,10.61803398875));
#1799 = VECTOR('',#1800,1.);
#1800 = DIRECTION('',(1.,0.,0.));
#1801 = PCURVE('',#630,#1802);
#1802 = DEFINITIONAL_REPRESENTATION('',(#1803),#1806);
#1803 = B_SPLINE_CURVE_WITH_KNOTS('',1,(#1804,#1805),.UNSPECIFIED.,.F.,
  .F.,(2,2),(7.2,9.566381895272),.PIECEWISE_BEZIER_KNOTS.);
#1804 = CARTESIAN_POINT('',(0.729727656227,7.2));
#1805 = CARTESIAN_POINT('',(0.729727656227,9.566381895272));
#1806 = ( GEOMETRIC_REPRESENTATION_CONTEXT(2) 
PARAMETRIC_REPRESENTATION_CONTEXT() REPRESENTATION_CONTEXT('2D SPACE',''
  ) );
#1807 = PCURVE('',#1808,#1813);
#1808 = PLANE('',#1809);
#1809 = AXIS2_PLACEMENT_3D('',#1810,#1811,#1812);
#1810 = CARTESIAN_POINT('',(-34.,-24.5,2.));
#1811 = DIRECTION('',(0.,1.,0.));
#1812 = DIRECTION('',(0.,0.,1.));
#1813 = DEFINITIONAL_REPRESENTATION('',(#1814),#1817);
#1814 = B_SPLINE_CURVE_WITH_KNOTS('',1,(#1815,#1816),.UNSPECIFIED.,.F.,
  .F.,(2,2),(7.2,9.566381895272),.PIECEWISE_BEZIER_KNOTS.);
#1815 = CARTESIAN_POINT('',(8.61803398875,-0.8));
#1816 = CARTESIAN_POINT('',(8.61803398875,1.566381895272));
#1817 = ( GEOMETRIC_REPRESENTATION_CONTEXT(2) 
PARAMETRIC_REPRESENTATION_CONTEXT() REPRESENTATION_CONTEXT('2D SPACE',''
  ) );
#1818 = ORIENTED_EDGE('',*,*,#1819,.F.);
#1819 = EDGE_CURVE('',#1319,#1794,#1820,.T.);
#1820 = SURFACE_CURVE('',#1821,(#1826,#1833),.PCURVE_S1.);
#1821 = CIRCLE('',#1822,1.5);
#1822 = AXIS2_PLACEMENT_3D('',#1823,#1824,#1825);
#1823 = CARTESIAN_POINT('',(-34.,-23.5,9.5));
#1824 = DIRECTION('',(1.,0.,-0.));
#1825 = DIRECTION('',(0.,0.,1.));
#1826 = PCURVE('',#630,#1827);
#1827 = DEFINITIONAL_REPRESENTATION('',(#1828),#1832);
#1828 = LINE('',#1829,#1830);
#1829 = CARTESIAN_POINT('',(0.,8.));
#1830 = VECTOR('',#1831,1.);
#1831 = DIRECTION('',(1.,0.));
#1832 = ( GEOMETRIC_REPRESENTATION_CONTEXT(2) 
PARAMETRIC_REPRESENTATION_CONTEXT() REPRESENTATION_CONTEXT('2D SPACE',''
  ) );
#1833 = PCURVE('',#1356,#1834);
#1834 = DEFINITIONAL_REPRESENTATION('',(#1835),#1839);
#1835 = CIRCLE('',#1836,1.5);
#1836 = AXIS2_PLACEMENT_2D('',#1837,#1838);
#1837 = CARTESIAN_POINT('',(7.5,-1.));
#1838 = DIRECTION('',(1.,0.));
#1839 = ( GEOMETRIC_REPRESENTATION_CONTEXT(2) 
PARAMETRIC_REPRESENTATION_CONTEXT() REPRESENTATION_CONTEXT('2D SPACE',''
  ) );
#1840 = ADVANCED_FACE('',(#1841),#662,.T.);
#1841 = FACE_BOUND('',#1842,.F.);
#1842 = EDGE_LOOP('',(#1843,#1872,#1895,#1919,#1945,#1999,#2000,#2001,
    #2002,#2024));
#1843 = ORIENTED_EDGE('',*,*,#1844,.F.);
#1844 = EDGE_CURVE('',#1845,#1845,#1847,.T.);
#1845 = VERTEX_POINT('',#1846);
#1846 = CARTESIAN_POINT('',(-21.5,-25.5,-14.5));
#1847 = SURFACE_CURVE('',#1848,(#1853,#1860),.PCURVE_S1.);
#1848 = CIRCLE('',#1849,8.5);
#1849 = AXIS2_PLACEMENT_3D('',#1850,#1851,#1852);
#1850 = CARTESIAN_POINT('',(-30.,-25.5,-14.5));
#1851 = DIRECTION('',(0.,0.,1.));
#1852 = DIRECTION('',(1.,0.,0.));
#1853 = PCURVE('',#662,#1854);
#1854 = DEFINITIONAL_REPRESENTATION('',(#1855),#1859);
#1855 = LINE('',#1856,#1857);
#1856 = CARTESIAN_POINT('',(-0.,0.));
#1857 = VECTOR('',#1858,1.);
#1858 = DIRECTION('',(-1.,0.));
#1859 = ( GEOMETRIC_REPRESENTATION_CONTEXT(2) 
PARAMETRIC_REPRESENTATION_CONTEXT() REPRESENTATION_CONTEXT('2D SPACE',''
  ) );
#1860 = PCURVE('',#1861,#1866);
#1861 = PLANE('',#1862);
#1862 = AXIS2_PLACEMENT_3D('',#1863,#1864,#1865);
#1863 = CARTESIAN_POINT('',(-30.,-25.5,-14.5));
#1864 = DIRECTION('',(0.,0.,1.));
#1865 = DIRECTION('',(1.,0.,-0.));
#1866 = DEFINITIONAL_REPRESENTATION('',(#1867),#1871);
#1867 = CIRCLE('',#1868,8.5);
#1868 = AXIS2_PLACEMENT_2D('',#1869,#1870);
#1869 = CARTESIAN_POINT('',(-3.552713678801E-15,0.));
#1870 = DIRECTION('',(1.,0.));
#1871 = ( GEOMETRIC_REPRESENTATION_CONTEXT(2) 
PARAMETRIC_REPRESENTATION_CONTEXT() REPRESENTATION_CONTEXT('2D SPACE',''
  ) );
#1872 = ORIENTED_EDGE('',*,*,#1873,.T.);
#1873 = EDGE_CURVE('',#1845,#1874,#1876,.T.);
#1874 = VERTEX_POINT('',#1875);
#1875 = CARTESIAN_POINT('',(-21.5,-25.5,-6.5));
#1876 = SEAM_CURVE('',#1877,(#1881,#1888),.PCURVE_S1.);
#1877 = LINE('',#1878,#1879);
#1878 = CARTESIAN_POINT('',(-21.5,-25.5,-14.5));
#1879 = VECTOR('',#1880,1.);
#1880 = DIRECTION('',(0.,0.,1.));
#1881 = PCURVE('',#662,#1882);
#1882 = DEFINITIONAL_REPRESENTATION('',(#1883),#1887);
#1883 = LINE('',#1884,#1885);
#1884 = CARTESIAN_POINT('',(-6.28318530718,0.));
#1885 = VECTOR('',#1886,1.);
#1886 = DIRECTION('',(-0.,-1.));
#1887 = ( GEOMETRIC_REPRESENTATION_CONTEXT(2) 
PARAMETRIC_REPRESENTATION_CONTEXT() REPRESENTATION_CONTEXT('2D SPACE',''
  ) );
#1888 = PCURVE('',#662,#1889);
#1889 = DEFINITIONAL_REPRESENTATION('',(#1890),#1894);
#1890 = LINE('',#1891,#1892);
#1891 = CARTESIAN_POINT('',(-0.,0.));
#1892 = VECTOR('',#1893,1.);
#1893 = DIRECTION('',(-0.,-1.));
#1894 = ( GEOMETRIC_REPRESENTATION_CONTEXT(2) 
PARAMETRIC_REPRESENTATION_CONTEXT() REPRESENTATION_CONTEXT('2D SPACE',''
  ) );
#1895 = ORIENTED_EDGE('',*,*,#1896,.T.);
#1896 = EDGE_CURVE('',#1874,#1897,#1899,.T.);
#1897 = VERTEX_POINT('',#1898);
#1898 = CARTESIAN_POINT('',(-21.51471862576,-25.,-6.5));
#1899 = SURFACE_CURVE('',#1900,(#1905,#1912),.PCURVE_S1.);
#1900 = CIRCLE('',#1901,8.5);
#1901 = AXIS2_PLACEMENT_3D('',#1902,#1903,#1904);
#1902 = CARTESIAN_POINT('',(-30.,-25.5,-6.5));
#1903 = DIRECTION('',(0.,0.,1.));
#1904 = DIRECTION('',(1.,0.,0.));
#1905 = PCURVE('',#662,#1906);
#1906 = DEFINITIONAL_REPRESENTATION('',(#1907),#1911);
#1907 = LINE('',#1908,#1909);
#1908 = CARTESIAN_POINT('',(-0.,-8.));
#1909 = VECTOR('',#1910,1.);
#1910 = DIRECTION('',(-1.,0.));
#1911 = ( GEOMETRIC_REPRESENTATION_CONTEXT(2) 
PARAMETRIC_REPRESENTATION_CONTEXT() REPRESENTATION_CONTEXT('2D SPACE',''
  ) );
#1912 = PCURVE('',#757,#1913);
#1913 = DEFINITIONAL_REPRESENTATION('',(#1914),#1918);
#1914 = CIRCLE('',#1915,8.5);
#1915 = AXIS2_PLACEMENT_2D('',#1916,#1917);
#1916 = CARTESIAN_POINT('',(-3.552713678801E-15,0.));
#1917 = DIRECTION('',(1.,0.));
#1918 = ( GEOMETRIC_REPRESENTATION_CONTEXT(2) 
PARAMETRIC_REPRESENTATION_CONTEXT() REPRESENTATION_CONTEXT('2D SPACE',''
  ) );
#1919 = ORIENTED_EDGE('',*,*,#1920,.T.);
#1920 = EDGE_CURVE('',#1897,#1921,#1923,.T.);
#1921 = VERTEX_POINT('',#1922);
#1922 = CARTESIAN_POINT('',(-21.51471862576,-25.,-9.5));
#1923 = SURFACE_CURVE('',#1924,(#1928,#1934),.PCURVE_S1.);
#1924 = LINE('',#1925,#1926);
#1925 = CARTESIAN_POINT('',(-21.51471862576,-25.,-14.5));
#1926 = VECTOR('',#1927,1.);
#1927 = DIRECTION('',(-0.,-0.,-1.));
#1928 = PCURVE('',#662,#1929);
#1929 = DEFINITIONAL_REPRESENTATION('',(#1930),#1933);
#1930 = B_SPLINE_CURVE_WITH_KNOTS('',1,(#1931,#1932),.UNSPECIFIED.,.F.,
  .F.,(2,2),(-8.0000006,-3.1),.PIECEWISE_BEZIER_KNOTS.);
#1931 = CARTESIAN_POINT('',(-5.885750594708E-02,-8.0000006));
#1932 = CARTESIAN_POINT('',(-5.885750594708E-02,-3.1));
#1933 = ( GEOMETRIC_REPRESENTATION_CONTEXT(2) 
PARAMETRIC_REPRESENTATION_CONTEXT() REPRESENTATION_CONTEXT('2D SPACE',''
  ) );
#1934 = PCURVE('',#1935,#1940);
#1935 = PLANE('',#1936);
#1936 = AXIS2_PLACEMENT_3D('',#1937,#1938,#1939);
#1937 = CARTESIAN_POINT('',(-45.,-25.,-11.));
#1938 = DIRECTION('',(0.,1.,0.));
#1939 = DIRECTION('',(0.,0.,1.));
#1940 = DEFINITIONAL_REPRESENTATION('',(#1941),#1944);
#1941 = B_SPLINE_CURVE_WITH_KNOTS('',1,(#1942,#1943),.UNSPECIFIED.,.F.,
  .F.,(2,2),(-8.0000006,-3.1),.PIECEWISE_BEZIER_KNOTS.);
#1942 = CARTESIAN_POINT('',(4.5000006,23.485281374239));
#1943 = CARTESIAN_POINT('',(-0.4,23.485281374239));
#1944 = ( GEOMETRIC_REPRESENTATION_CONTEXT(2) 
PARAMETRIC_REPRESENTATION_CONTEXT() REPRESENTATION_CONTEXT('2D SPACE',''
  ) );
#1945 = ORIENTED_EDGE('',*,*,#1946,.F.);
#1946 = EDGE_CURVE('',#853,#1921,#1947,.T.);
#1947 = SURFACE_CURVE('',#1948,(#1963,#1981),.PCURVE_S1.);
#1948 = B_SPLINE_CURVE_WITH_KNOTS('',7,(#1949,#1950,#1951,#1952,#1953,
    #1954,#1955,#1956,#1957,#1958,#1959,#1960,#1961,#1962),
  .UNSPECIFIED.,.F.,.F.,(8,6,8),(0.,0.402049391486,1.),.UNSPECIFIED.);
#1949 = CARTESIAN_POINT('',(-21.73864417907,-23.5,-11.));
#1950 = CARTESIAN_POINT('',(-21.70166507711,-23.65274875961,-11.));
#1951 = CARTESIAN_POINT('',(-21.66820468069,-23.80537130146,
    -10.98185272057));
#1952 = CARTESIAN_POINT('',(-21.63900555722,-23.95448434575,
    -10.94561240252));
#1953 = CARTESIAN_POINT('',(-21.61434430334,-24.09677410445,
    -10.89236009726));
#1954 = CARTESIAN_POINT('',(-21.59401268224,-24.22924879774,
    -10.82414299043));
#1955 = CARTESIAN_POINT('',(-21.57753298002,-24.34952667158,
    -10.74396475801));
#1956 = CARTESIAN_POINT('',(-21.54472038102,-24.61469138839,
    -10.52460142674));
#1957 = CARTESIAN_POINT('',(-21.53208744099,-24.74530942045,
    -10.37380217566));
#1958 = CARTESIAN_POINT('',(-21.52413061161,-24.84828350073,
    -10.20985648772));
#1959 = CARTESIAN_POINT('',(-21.51916707249,-24.92449879887,
    -10.03733894964));
#1960 = CARTESIAN_POINT('',(-21.51620017265,-24.97485935996,
    -9.85972732864));
#1961 = CARTESIAN_POINT('',(-21.51471862576,-25.,-9.679790921363));
#1962 = CARTESIAN_POINT('',(-21.51471862576,-25.,-9.5));
#1963 = PCURVE('',#662,#1964);
#1964 = DEFINITIONAL_REPRESENTATION('',(#1965),#1980);
#1965 = B_SPLINE_CURVE_WITH_KNOTS('',7,(#1966,#1967,#1968,#1969,#1970,
    #1971,#1972,#1973,#1974,#1975,#1976,#1977,#1978,#1979),
  .UNSPECIFIED.,.F.,.F.,(8,6,8),(0.,0.402049391486,1.),.UNSPECIFIED.);
#1966 = CARTESIAN_POINT('',(-0.237521170781,-3.5));
#1967 = CARTESIAN_POINT('',(-0.219031619802,-3.5));
#1968 = CARTESIAN_POINT('',(-0.200653896114,-3.518147279423));
#1969 = CARTESIAN_POINT('',(-0.18278515226,-3.554387597471));
#1970 = CARTESIAN_POINT('',(-0.165801964108,-3.607639902732));
#1971 = CARTESIAN_POINT('',(-0.150037587941,-3.67585700957));
#1972 = CARTESIAN_POINT('',(-0.135756270969,-3.756035241981));
#1973 = CARTESIAN_POINT('',(-0.104322484088,-3.97539857326));
#1974 = CARTESIAN_POINT('',(-8.888945928398E-02,-4.126197824332));
#1975 = CARTESIAN_POINT('',(-7.674073522434E-02,-4.290143512272));
#1976 = CARTESIAN_POINT('',(-6.775539877286E-02,-4.462661050356));
#1977 = CARTESIAN_POINT('',(-6.182036148026E-02,-4.64027267136));
#1978 = CARTESIAN_POINT('',(-5.885750594708E-02,-4.820209078637));
#1979 = CARTESIAN_POINT('',(-5.885750594708E-02,-5.));
#1980 = ( GEOMETRIC_REPRESENTATION_CONTEXT(2) 
PARAMETRIC_REPRESENTATION_CONTEXT() REPRESENTATION_CONTEXT('2D SPACE',''
  ) );
#1981 = PCURVE('',#896,#1982);
#1982 = DEFINITIONAL_REPRESENTATION('',(#1983),#1998);
#1983 = B_SPLINE_CURVE_WITH_KNOTS('',7,(#1984,#1985,#1986,#1987,#1988,
    #1989,#1990,#1991,#1992,#1993,#1994,#1995,#1996,#1997),
  .UNSPECIFIED.,.F.,.F.,(8,6,8),(0.,0.402049391486,1.),.UNSPECIFIED.);
#1984 = CARTESIAN_POINT('',(0.,63.738644179071));
#1985 = CARTESIAN_POINT('',(0.10183250641,63.701665077111));
#1986 = CARTESIAN_POINT('',(0.203580774656,63.668204680695));
#1987 = CARTESIAN_POINT('',(0.304714738956,63.639005557221));
#1988 = CARTESIAN_POINT('',(0.404734778379,63.614344303344));
#1989 = CARTESIAN_POINT('',(0.503053838191,63.594012682242));
#1990 = CARTESIAN_POINT('',(0.59890943138,63.577532980021));
#1991 = CARTESIAN_POINT('',(0.828336348478,63.544720381029));
#1992 = CARTESIAN_POINT('',(0.959514210126,63.532087440998));
#1993 = CARTESIAN_POINT('',(1.086291517659,63.524130611619));
#1994 = CARTESIAN_POINT('',(1.209755448003,63.519167072497));
#1995 = CARTESIAN_POINT('',(1.330978750613,63.516200172651));
#1996 = CARTESIAN_POINT('',(1.450935712553,63.514718625761));
#1997 = CARTESIAN_POINT('',(1.570796326795,63.514718625761));
#1998 = ( GEOMETRIC_REPRESENTATION_CONTEXT(2) 
PARAMETRIC_REPRESENTATION_CONTEXT() REPRESENTATION_CONTEXT('2D SPACE',''
  ) );
#1999 = ORIENTED_EDGE('',*,*,#852,.F.);
#2000 = ORIENTED_EDGE('',*,*,#1636,.T.);
#2001 = ORIENTED_EDGE('',*,*,#645,.F.);
#2002 = ORIENTED_EDGE('',*,*,#2003,.T.);
#2003 = EDGE_CURVE('',#646,#1874,#2004,.T.);
#2004 = SURFACE_CURVE('',#2005,(#2010,#2017),.PCURVE_S1.);
#2005 = CIRCLE('',#2006,8.5);
#2006 = AXIS2_PLACEMENT_3D('',#2007,#2008,#2009);
#2007 = CARTESIAN_POINT('',(-30.,-25.5,-6.5));
#2008 = DIRECTION('',(0.,0.,1.));
#2009 = DIRECTION('',(1.,0.,0.));
#2010 = PCURVE('',#662,#2011);
#2011 = DEFINITIONAL_REPRESENTATION('',(#2012),#2016);
#2012 = LINE('',#2013,#2014);
#2013 = CARTESIAN_POINT('',(-0.,-8.));
#2014 = VECTOR('',#2015,1.);
#2015 = DIRECTION('',(-1.,0.));
#2016 = ( GEOMETRIC_REPRESENTATION_CONTEXT(2) 
PARAMETRIC_REPRESENTATION_CONTEXT() REPRESENTATION_CONTEXT('2D SPACE',''
  ) );
#2017 = PCURVE('',#757,#2018);
#2018 = DEFINITIONAL_REPRESENTATION('',(#2019),#2023);
#2019 = CIRCLE('',#2020,8.5);
#2020 = AXIS2_PLACEMENT_2D('',#2021,#2022);
#2021 = CARTESIAN_POINT('',(-3.552713678801E-15,0.));
#2022 = DIRECTION('',(1.,0.));
#2023 = ( GEOMETRIC_REPRESENTATION_CONTEXT(2) 
PARAMETRIC_REPRESENTATION_CONTEXT() REPRESENTATION_CONTEXT('2D SPACE',''
  ) );
#2024 = ORIENTED_EDGE('',*,*,#1873,.F.);
#2025 = ADVANCED_FACE('',(#2026),#757,.T.);
#2026 = FACE_BOUND('',#2027,.T.);
#2027 = EDGE_LOOP('',(#2028,#2029,#2030,#2031,#2052,#2080));
#2028 = ORIENTED_EDGE('',*,*,#744,.F.);
#2029 = ORIENTED_EDGE('',*,*,#2003,.T.);
#2030 = ORIENTED_EDGE('',*,*,#1896,.T.);
#2031 = ORIENTED_EDGE('',*,*,#2032,.F.);
#2032 = EDGE_CURVE('',#2033,#1897,#2035,.T.);
#2033 = VERTEX_POINT('',#2034);
#2034 = CARTESIAN_POINT('',(-26.88993569198,-25.,-6.5));
#2035 = SURFACE_CURVE('',#2036,(#2040,#2046),.PCURVE_S1.);
#2036 = LINE('',#2037,#2038);
#2037 = CARTESIAN_POINT('',(-37.5,-25.,-6.5));
#2038 = VECTOR('',#2039,1.);
#2039 = DIRECTION('',(1.,0.,0.));
#2040 = PCURVE('',#757,#2041);
#2041 = DEFINITIONAL_REPRESENTATION('',(#2042),#2045);
#2042 = B_SPLINE_CURVE_WITH_KNOTS('',1,(#2043,#2044),.UNSPECIFIED.,.F.,
  .F.,(2,2),(-1.,16.),.PIECEWISE_BEZIER_KNOTS.);
#2043 = CARTESIAN_POINT('',(-8.5,0.5));
#2044 = CARTESIAN_POINT('',(8.5,0.5));
#2045 = ( GEOMETRIC_REPRESENTATION_CONTEXT(2) 
PARAMETRIC_REPRESENTATION_CONTEXT() REPRESENTATION_CONTEXT('2D SPACE',''
  ) );
#2046 = PCURVE('',#1935,#2047);
#2047 = DEFINITIONAL_REPRESENTATION('',(#2048),#2051);
#2048 = B_SPLINE_CURVE_WITH_KNOTS('',1,(#2049,#2050),.UNSPECIFIED.,.F.,
  .F.,(2,2),(-1.,16.),.PIECEWISE_BEZIER_KNOTS.);
#2049 = CARTESIAN_POINT('',(4.5,6.5));
#2050 = CARTESIAN_POINT('',(4.5,23.5));
#2051 = ( GEOMETRIC_REPRESENTATION_CONTEXT(2) 
PARAMETRIC_REPRESENTATION_CONTEXT() REPRESENTATION_CONTEXT('2D SPACE',''
  ) );
#2052 = ORIENTED_EDGE('',*,*,#2053,.T.);
#2053 = EDGE_CURVE('',#2033,#2054,#2056,.T.);
#2054 = VERTEX_POINT('',#2055);
#2055 = CARTESIAN_POINT('',(-26.85,-25.5,-6.5));
#2056 = SURFACE_CURVE('',#2057,(#2062,#2073),.PCURVE_S1.);
#2057 = CIRCLE('',#2058,3.15);
#2058 = AXIS2_PLACEMENT_3D('',#2059,#2060,#2061);
#2059 = CARTESIAN_POINT('',(-30.,-25.5,-6.5));
#2060 = DIRECTION('',(0.,0.,-1.));
#2061 = DIRECTION('',(1.,0.,0.));
#2062 = PCURVE('',#757,#2063);
#2063 = DEFINITIONAL_REPRESENTATION('',(#2064),#2072);
#2064 = ( BOUNDED_CURVE() B_SPLINE_CURVE(2,(#2065,#2066,#2067,#2068,
#2069,#2070,#2071),.UNSPECIFIED.,.T.,.F.) B_SPLINE_CURVE_WITH_KNOTS((1,2
    ,2,2,2,1),(-2.094395102393,0.,2.094395102393,4.188790204786,
6.28318530718,8.377580409573),.UNSPECIFIED.) CURVE() 
GEOMETRIC_REPRESENTATION_ITEM() RATIONAL_B_SPLINE_CURVE((1.,0.5,1.,0.5,
1.,0.5,1.)) REPRESENTATION_ITEM('') );
#2065 = CARTESIAN_POINT('',(3.15,0.));
#2066 = CARTESIAN_POINT('',(3.15,-5.455960043842));
#2067 = CARTESIAN_POINT('',(-1.575,-2.727980021921));
#2068 = CARTESIAN_POINT('',(-6.3,-7.715274834628E-16));
#2069 = CARTESIAN_POINT('',(-1.575,2.727980021921));
#2070 = CARTESIAN_POINT('',(3.15,5.455960043842));
#2071 = CARTESIAN_POINT('',(3.15,0.));
#2072 = ( GEOMETRIC_REPRESENTATION_CONTEXT(2) 
PARAMETRIC_REPRESENTATION_CONTEXT() REPRESENTATION_CONTEXT('2D SPACE',''
  ) );
#2073 = PCURVE('',#733,#2074);
#2074 = DEFINITIONAL_REPRESENTATION('',(#2075),#2079);
#2075 = LINE('',#2076,#2077);
#2076 = CARTESIAN_POINT('',(-6.28318530718,-9.5));
#2077 = VECTOR('',#2078,1.);
#2078 = DIRECTION('',(1.,-0.));
#2079 = ( GEOMETRIC_REPRESENTATION_CONTEXT(2) 
PARAMETRIC_REPRESENTATION_CONTEXT() REPRESENTATION_CONTEXT('2D SPACE',''
  ) );
#2080 = ORIENTED_EDGE('',*,*,#2081,.T.);
#2081 = EDGE_CURVE('',#2054,#719,#2082,.T.);
#2082 = SURFACE_CURVE('',#2083,(#2088,#2099),.PCURVE_S1.);
#2083 = CIRCLE('',#2084,3.15);
#2084 = AXIS2_PLACEMENT_3D('',#2085,#2086,#2087);
#2085 = CARTESIAN_POINT('',(-30.,-25.5,-6.5));
#2086 = DIRECTION('',(0.,0.,-1.));
#2087 = DIRECTION('',(1.,0.,0.));
#2088 = PCURVE('',#757,#2089);
#2089 = DEFINITIONAL_REPRESENTATION('',(#2090),#2098);
#2090 = ( BOUNDED_CURVE() B_SPLINE_CURVE(2,(#2091,#2092,#2093,#2094,
#2095,#2096,#2097),.UNSPECIFIED.,.T.,.F.) B_SPLINE_CURVE_WITH_KNOTS((1,2
    ,2,2,2,1),(-2.094395102393,0.,2.094395102393,4.188790204786,
6.28318530718,8.377580409573),.UNSPECIFIED.) CURVE() 
GEOMETRIC_REPRESENTATION_ITEM() RATIONAL_B_SPLINE_CURVE((1.,0.5,1.,0.5,
1.,0.5,1.)) REPRESENTATION_ITEM('') );
#2091 = CARTESIAN_POINT('',(3.15,0.));
#2092 = CARTESIAN_POINT('',(3.15,-5.455960043842));
#2093 = CARTESIAN_POINT('',(-1.575,-2.727980021921));
#2094 = CARTESIAN_POINT('',(-6.3,-7.715274834628E-16));
#2095 = CARTESIAN_POINT('',(-1.575,2.727980021921));
#2096 = CARTESIAN_POINT('',(3.15,5.455960043842));
#2097 = CARTESIAN_POINT('',(3.15,0.));
#2098 = ( GEOMETRIC_REPRESENTATION_CONTEXT(2) 
PARAMETRIC_REPRESENTATION_CONTEXT() REPRESENTATION_CONTEXT('2D SPACE',''
  ) );
#2099 = PCURVE('',#733,#2100);
#2100 = DEFINITIONAL_REPRESENTATION('',(#2101),#2105);
#2101 = LINE('',#2102,#2103);
#2102 = CARTESIAN_POINT('',(-6.28318530718,-9.5));
#2103 = VECTOR('',#2104,1.);
#2104 = DIRECTION('',(1.,-0.));
#2105 = ( GEOMETRIC_REPRESENTATION_CONTEXT(2) 
PARAMETRIC_REPRESENTATION_CONTEXT() REPRESENTATION_CONTEXT('2D SPACE',''
  ) );
#2106 = ADVANCED_FACE('',(#2107),#733,.F.);
#2107 = FACE_BOUND('',#2108,.T.);
#2108 = EDGE_LOOP('',(#2109,#2132,#2163,#2164,#2165,#2186,#2271,#2292,
    #2325,#2344,#2345,#2346));
#2109 = ORIENTED_EDGE('',*,*,#2110,.F.);
#2110 = EDGE_CURVE('',#2111,#2054,#2113,.T.);
#2111 = VERTEX_POINT('',#2112);
#2112 = CARTESIAN_POINT('',(-26.85,-25.5,-10.9));
#2113 = SEAM_CURVE('',#2114,(#2118,#2125),.PCURVE_S1.);
#2114 = LINE('',#2115,#2116);
#2115 = CARTESIAN_POINT('',(-26.85,-25.5,-16.));
#2116 = VECTOR('',#2117,1.);
#2117 = DIRECTION('',(0.,0.,1.));
#2118 = PCURVE('',#733,#2119);
#2119 = DEFINITIONAL_REPRESENTATION('',(#2120),#2124);
#2120 = LINE('',#2121,#2122);
#2121 = CARTESIAN_POINT('',(-6.28318530718,0.));
#2122 = VECTOR('',#2123,1.);
#2123 = DIRECTION('',(-0.,-1.));
#2124 = ( GEOMETRIC_REPRESENTATION_CONTEXT(2) 
PARAMETRIC_REPRESENTATION_CONTEXT() REPRESENTATION_CONTEXT('2D SPACE',''
  ) );
#2125 = PCURVE('',#733,#2126);
#2126 = DEFINITIONAL_REPRESENTATION('',(#2127),#2131);
#2127 = LINE('',#2128,#2129);
#2128 = CARTESIAN_POINT('',(-0.,0.));
#2129 = VECTOR('',#2130,1.);
#2130 = DIRECTION('',(-0.,-1.));
#2131 = ( GEOMETRIC_REPRESENTATION_CONTEXT(2) 
PARAMETRIC_REPRESENTATION_CONTEXT() REPRESENTATION_CONTEXT('2D SPACE',''
  ) );
#2132 = ORIENTED_EDGE('',*,*,#2133,.T.);
#2133 = EDGE_CURVE('',#2111,#2111,#2134,.T.);
#2134 = SURFACE_CURVE('',#2135,(#2140,#2147),.PCURVE_S1.);
#2135 = CIRCLE('',#2136,3.15);
#2136 = AXIS2_PLACEMENT_3D('',#2137,#2138,#2139);
#2137 = CARTESIAN_POINT('',(-30.,-25.5,-10.9));
#2138 = DIRECTION('',(0.,0.,-1.));
#2139 = DIRECTION('',(1.,0.,0.));
#2140 = PCURVE('',#733,#2141);
#2141 = DEFINITIONAL_REPRESENTATION('',(#2142),#2146);
#2142 = LINE('',#2143,#2144);
#2143 = CARTESIAN_POINT('',(-6.28318530718,-5.1));
#2144 = VECTOR('',#2145,1.);
#2145 = DIRECTION('',(1.,-0.));
#2146 = ( GEOMETRIC_REPRESENTATION_CONTEXT(2) 
PARAMETRIC_REPRESENTATION_CONTEXT() REPRESENTATION_CONTEXT('2D SPACE',''
  ) );
#2147 = PCURVE('',#2148,#2153);
#2148 = PLANE('',#2149);
#2149 = AXIS2_PLACEMENT_3D('',#2150,#2151,#2152);
#2150 = CARTESIAN_POINT('',(-30.,-25.5,-10.9));
#2151 = DIRECTION('',(0.,0.,1.));
#2152 = DIRECTION('',(1.,0.,-0.));
#2153 = DEFINITIONAL_REPRESENTATION('',(#2154),#2162);
#2154 = ( BOUNDED_CURVE() B_SPLINE_CURVE(2,(#2155,#2156,#2157,#2158,
#2159,#2160,#2161),.UNSPECIFIED.,.T.,.F.) B_SPLINE_CURVE_WITH_KNOTS((1,2
    ,2,2,2,1),(-2.094395102393,0.,2.094395102393,4.188790204786,
6.28318530718,8.377580409573),.UNSPECIFIED.) CURVE() 
GEOMETRIC_REPRESENTATION_ITEM() RATIONAL_B_SPLINE_CURVE((1.,0.5,1.,0.5,
1.,0.5,1.)) REPRESENTATION_ITEM('') );
#2155 = CARTESIAN_POINT('',(3.15,-3.552713678801E-15));
#2156 = CARTESIAN_POINT('',(3.15,-5.455960043842));
#2157 = CARTESIAN_POINT('',(-1.575,-2.727980021921));
#2158 = CARTESIAN_POINT('',(-6.3,-4.324241162263E-15));
#2159 = CARTESIAN_POINT('',(-1.575,2.727980021921));
#2160 = CARTESIAN_POINT('',(3.15,5.455960043842));
#2161 = CARTESIAN_POINT('',(3.15,-3.552713678801E-15));
#2162 = ( GEOMETRIC_REPRESENTATION_CONTEXT(2) 
PARAMETRIC_REPRESENTATION_CONTEXT() REPRESENTATION_CONTEXT('2D SPACE',''
  ) );
#2163 = ORIENTED_EDGE('',*,*,#2110,.T.);
#2164 = ORIENTED_EDGE('',*,*,#2053,.F.);
#2165 = ORIENTED_EDGE('',*,*,#2166,.F.);
#2166 = EDGE_CURVE('',#2167,#2033,#2169,.T.);
#2167 = VERTEX_POINT('',#2168);
#2168 = CARTESIAN_POINT('',(-26.88993569198,-25.,9.5));
#2169 = SURFACE_CURVE('',#2170,(#2174,#2180),.PCURVE_S1.);
#2170 = LINE('',#2171,#2172);
#2171 = CARTESIAN_POINT('',(-26.88993569198,-25.,-16.));
#2172 = VECTOR('',#2173,1.);
#2173 = DIRECTION('',(-0.,-0.,-1.));
#2174 = PCURVE('',#733,#2175);
#2175 = DEFINITIONAL_REPRESENTATION('',(#2176),#2179);
#2176 = B_SPLINE_CURVE_WITH_KNOTS('',1,(#2177,#2178),.UNSPECIFIED.,.F.,
  .F.,(2,2),(-27.4,-4.6),.PIECEWISE_BEZIER_KNOTS.);
#2177 = CARTESIAN_POINT('',(-0.159404372561,-27.4));
#2178 = CARTESIAN_POINT('',(-0.159404372561,-4.6));
#2179 = ( GEOMETRIC_REPRESENTATION_CONTEXT(2) 
PARAMETRIC_REPRESENTATION_CONTEXT() REPRESENTATION_CONTEXT('2D SPACE',''
  ) );
#2180 = PCURVE('',#1935,#2181);
#2181 = DEFINITIONAL_REPRESENTATION('',(#2182),#2185);
#2182 = B_SPLINE_CURVE_WITH_KNOTS('',1,(#2183,#2184),.UNSPECIFIED.,.F.,
  .F.,(2,2),(-27.4,-4.6),.PIECEWISE_BEZIER_KNOTS.);
#2183 = CARTESIAN_POINT('',(22.4,18.110064308017));
#2184 = CARTESIAN_POINT('',(-0.4,18.110064308017));
#2185 = ( GEOMETRIC_REPRESENTATION_CONTEXT(2) 
PARAMETRIC_REPRESENTATION_CONTEXT() REPRESENTATION_CONTEXT('2D SPACE',''
  ) );
#2186 = ORIENTED_EDGE('',*,*,#2187,.T.);
#2187 = EDGE_CURVE('',#2167,#2188,#2190,.T.);
#2188 = VERTEX_POINT('',#2189);
#2189 = CARTESIAN_POINT('',(-27.01294460281,-24.5,10.618033995478));
#2190 = SURFACE_CURVE('',#2191,(#2214,#2240),.PCURVE_S1.);
#2191 = B_SPLINE_CURVE_WITH_KNOTS('',6,(#2192,#2193,#2194,#2195,#2196,
    #2197,#2198,#2199,#2200,#2201,#2202,#2203,#2204,#2205,#2206,#2207,
    #2208,#2209,#2210,#2211,#2212,#2213),.UNSPECIFIED.,.F.,.F.,(7,5,5,5,
    7),(0.,0.44043922141,0.543088543493,0.718016741627,1.),
  .UNSPECIFIED.);
#2192 = CARTESIAN_POINT('',(-26.88993569198,-25.,9.5));
#2193 = CARTESIAN_POINT('',(-26.88993569198,-25.,9.666787859805));
#2194 = CARTESIAN_POINT('',(-26.89351389727,-24.97774583706,
    9.833967925062));
#2195 = CARTESIAN_POINT('',(-26.9006996384,-24.93303849807,
    9.998826624419));
#2196 = CARTESIAN_POINT('',(-26.91276511167,-24.86562882663,
    10.158462326515));
#2197 = CARTESIAN_POINT('',(-26.93225107618,-24.77536371149,
    10.309500920066));
#2198 = CARTESIAN_POINT('',(-26.97059233054,-24.63632627568,
    10.480047091532));
#2199 = CARTESIAN_POINT('',(-26.97846260263,-24.60885045656,
    10.511559359901));
#2200 = CARTESIAN_POINT('',(-26.98700116726,-24.58021063892,
    10.542271247385));
#2201 = CARTESIAN_POINT('',(-26.99625371905,-24.55044438779,
    10.572110348169));
#2202 = CARTESIAN_POINT('',(-27.00626673525,-24.51959451851,
    10.60100951886));
#2203 = CARTESIAN_POINT('',(-27.03552746745,-24.43337206579,
    10.676447717096));
#2204 = CARTESIAN_POINT('',(-27.05633144724,-24.37597163088,
    10.72112787398));
#2205 = CARTESIAN_POINT('',(-27.07968297131,-24.31590317046,
    10.762480141114));
#2206 = CARTESIAN_POINT('',(-27.10572758898,-24.25363486218,
    10.800166013384));
#2207 = CARTESIAN_POINT('',(-27.1345515826,-24.18967725642,
    10.833969990104));
#2208 = CARTESIAN_POINT('',(-27.21711443594,-24.01957267777,
    10.911869811483));
#2209 = CARTESIAN_POINT('',(-27.27494587901,-23.91230230973,
    10.949263320999));
#2210 = CARTESIAN_POINT('',(-27.33960888478,-23.80477135526,
    10.97594833551));
#2211 = CARTESIAN_POINT('',(-27.41059142379,-23.69899577716,
    10.99249627861));
#2212 = CARTESIAN_POINT('',(-27.48678734916,-23.59685065801,11.));
#2213 = CARTESIAN_POINT('',(-27.56638129527,-23.5,11.));
#2214 = PCURVE('',#733,#2215);
#2215 = DEFINITIONAL_REPRESENTATION('',(#2216),#2239);
#2216 = B_SPLINE_CURVE_WITH_KNOTS('',6,(#2217,#2218,#2219,#2220,#2221,
    #2222,#2223,#2224,#2225,#2226,#2227,#2228,#2229,#2230,#2231,#2232,
    #2233,#2234,#2235,#2236,#2237,#2238),.UNSPECIFIED.,.F.,.F.,(7,5,5,5,
    7),(0.,0.44043922141,0.543088543493,0.718016741627,1.),
  .UNSPECIFIED.);
#2217 = CARTESIAN_POINT('',(-0.159404372561,-25.5));
#2218 = CARTESIAN_POINT('',(-0.159404372561,-25.6667878598));
#2219 = CARTESIAN_POINT('',(-0.166560151754,-25.83396792506));
#2220 = CARTESIAN_POINT('',(-0.180934083898,-25.99882662441));
#2221 = CARTESIAN_POINT('',(-0.202673094309,-26.15846232651));
#2222 = CARTESIAN_POINT('',(-0.231942297448,-26.30950092006));
#2223 = CARTESIAN_POINT('',(-0.277728682768,-26.48004709153));
#2224 = CARTESIAN_POINT('',(-0.286801533984,-26.5115593599));
#2225 = CARTESIAN_POINT('',(-0.296288122136,-26.54227124738));
#2226 = CARTESIAN_POINT('',(-0.306182596636,-26.57211034816));
#2227 = CARTESIAN_POINT('',(-0.316478272702,-26.60100951886));
#2228 = CARTESIAN_POINT('',(-0.345383730713,-26.67644771709));
#2229 = CARTESIAN_POINT('',(-0.364761997812,-26.72112787398));
#2230 = CARTESIAN_POINT('',(-0.385212838072,-26.76248014111));
#2231 = CARTESIAN_POINT('',(-0.406628851823,-26.80016601338));
#2232 = CARTESIAN_POINT('',(-0.428890442202,-26.8339699901));
#2233 = CARTESIAN_POINT('',(-0.488916633203,-26.91186981148));
#2234 = CARTESIAN_POINT('',(-0.527569332096,-26.94926332099));
#2235 = CARTESIAN_POINT('',(-0.567334752484,-26.97594833551));
#2236 = CARTESIAN_POINT('',(-0.607698175353,-26.99249627861));
#2237 = CARTESIAN_POINT('',(-0.648108814967,-27.));
#2238 = CARTESIAN_POINT('',(-0.68790578802,-27.));
#2239 = ( GEOMETRIC_REPRESENTATION_CONTEXT(2) 
PARAMETRIC_REPRESENTATION_CONTEXT() REPRESENTATION_CONTEXT('2D SPACE',''
  ) );
#2240 = PCURVE('',#2241,#2246);
#2241 = CYLINDRICAL_SURFACE('',#2242,1.5);
#2242 = AXIS2_PLACEMENT_3D('',#2243,#2244,#2245);
#2243 = CARTESIAN_POINT('',(-42.,-23.5,9.5));
#2244 = DIRECTION('',(1.,0.,0.));
#2245 = DIRECTION('',(0.,0.,1.));
#2246 = DEFINITIONAL_REPRESENTATION('',(#2247),#2270);
#2247 = B_SPLINE_CURVE_WITH_KNOTS('',6,(#2248,#2249,#2250,#2251,#2252,
    #2253,#2254,#2255,#2256,#2257,#2258,#2259,#2260,#2261,#2262,#2263,
    #2264,#2265,#2266,#2267,#2268,#2269),.UNSPECIFIED.,.F.,.F.,(7,5,5,5,
    7),(0.,0.44043922141,0.543088543493,0.718016741627,1.),
  .UNSPECIFIED.);
#2248 = CARTESIAN_POINT('',(1.570796326795,15.110064308017));
#2249 = CARTESIAN_POINT('',(1.459604420258,15.110064308017));
#2250 = CARTESIAN_POINT('',(1.348150669912,15.106486102721));
#2251 = CARTESIAN_POINT('',(1.235772166918,15.099300361599));
#2252 = CARTESIAN_POINT('',(1.121861558461,15.087234888326));
#2253 = CARTESIAN_POINT('',(1.005793236123,15.067748923814));
#2254 = CARTESIAN_POINT('',(0.859100200373,15.02940766946));
#2255 = CARTESIAN_POINT('',(0.831243341376,15.021537397367));
#2256 = CARTESIAN_POINT('',(0.803271052169,15.012998832736));
#2257 = CARTESIAN_POINT('',(0.775196714049,15.003746280949));
#2258 = CARTESIAN_POINT('',(0.747032153784,14.993733264741));
#2259 = CARTESIAN_POINT('',(0.670655213967,14.964472532541));
#2260 = CARTESIAN_POINT('',(0.62224173568,14.943668552751));
#2261 = CARTESIAN_POINT('',(0.573749058465,14.92031702869));
#2262 = CARTESIAN_POINT('',(0.525350049352,14.894272411011));
#2263 = CARTESIAN_POINT('',(0.477199916744,14.865448417395));
#2264 = CARTESIAN_POINT('',(0.352470966439,14.782885564052));
#2265 = CARTESIAN_POINT('',(0.277071447245,14.725054120988));
#2266 = CARTESIAN_POINT('',(0.20366542134,14.660391115214));
#2267 = CARTESIAN_POINT('',(0.132663832404,14.589408576202));
#2268 = CARTESIAN_POINT('',(6.456710534253E-02,14.513212650834));
#2269 = CARTESIAN_POINT('',(0.,14.433618704728));
#2270 = ( GEOMETRIC_REPRESENTATION_CONTEXT(2) 
PARAMETRIC_REPRESENTATION_CONTEXT() REPRESENTATION_CONTEXT('2D SPACE',''
  ) );
#2271 = ORIENTED_EDGE('',*,*,#2272,.T.);
#2272 = EDGE_CURVE('',#2188,#2273,#2275,.T.);
#2273 = VERTEX_POINT('',#2274);
#2274 = CARTESIAN_POINT('',(-27.01294459375,-24.5,2.));
#2275 = SURFACE_CURVE('',#2276,(#2280,#2286),.PCURVE_S1.);
#2276 = LINE('',#2277,#2278);
#2277 = CARTESIAN_POINT('',(-27.01294459375,-24.5,-16.));
#2278 = VECTOR('',#2279,1.);
#2279 = DIRECTION('',(-0.,-0.,-1.));
#2280 = PCURVE('',#733,#2281);
#2281 = DEFINITIONAL_REPRESENTATION('',(#2282),#2285);
#2282 = B_SPLINE_CURVE_WITH_KNOTS('',1,(#2283,#2284),.UNSPECIFIED.,.F.,
  .F.,(2,2),(-27.0000006,-16.8),.PIECEWISE_BEZIER_KNOTS.);
#2283 = CARTESIAN_POINT('',(-0.323050059513,-27.0000006));
#2284 = CARTESIAN_POINT('',(-0.323050059513,-16.8));
#2285 = ( GEOMETRIC_REPRESENTATION_CONTEXT(2) 
PARAMETRIC_REPRESENTATION_CONTEXT() REPRESENTATION_CONTEXT('2D SPACE',''
  ) );
#2286 = PCURVE('',#1808,#2287);
#2287 = DEFINITIONAL_REPRESENTATION('',(#2288),#2291);
#2288 = B_SPLINE_CURVE_WITH_KNOTS('',1,(#2289,#2290),.UNSPECIFIED.,.F.,
  .F.,(2,2),(-27.0000006,-16.8),.PIECEWISE_BEZIER_KNOTS.);
#2289 = CARTESIAN_POINT('',(9.0000006,6.987055406249));
#2290 = CARTESIAN_POINT('',(-1.2,6.987055406249));
#2291 = ( GEOMETRIC_REPRESENTATION_CONTEXT(2) 
PARAMETRIC_REPRESENTATION_CONTEXT() REPRESENTATION_CONTEXT('2D SPACE',''
  ) );
#2292 = ORIENTED_EDGE('',*,*,#2293,.F.);
#2293 = EDGE_CURVE('',#2294,#2273,#2296,.T.);
#2294 = VERTEX_POINT('',#2295);
#2295 = CARTESIAN_POINT('',(-32.98705540624,-24.5,2.));
#2296 = SURFACE_CURVE('',#2297,(#2302,#2309),.PCURVE_S1.);
#2297 = CIRCLE('',#2298,3.15);
#2298 = AXIS2_PLACEMENT_3D('',#2299,#2300,#2301);
#2299 = CARTESIAN_POINT('',(-30.,-25.5,2.));
#2300 = DIRECTION('',(0.,0.,-1.));
#2301 = DIRECTION('',(1.,0.,0.));
#2302 = PCURVE('',#733,#2303);
#2303 = DEFINITIONAL_REPRESENTATION('',(#2304),#2308);
#2304 = LINE('',#2305,#2306);
#2305 = CARTESIAN_POINT('',(-6.28318530718,-18.));
#2306 = VECTOR('',#2307,1.);
#2307 = DIRECTION('',(1.,-0.));
#2308 = ( GEOMETRIC_REPRESENTATION_CONTEXT(2) 
PARAMETRIC_REPRESENTATION_CONTEXT() REPRESENTATION_CONTEXT('2D SPACE',''
  ) );
#2309 = PCURVE('',#2310,#2315);
#2310 = PLANE('',#2311);
#2311 = AXIS2_PLACEMENT_3D('',#2312,#2313,#2314);
#2312 = CARTESIAN_POINT('',(-34.,-24.5,2.));
#2313 = DIRECTION('',(0.,0.,1.));
#2314 = DIRECTION('',(1.,0.,0.));
#2315 = DEFINITIONAL_REPRESENTATION('',(#2316),#2324);
#2316 = ( BOUNDED_CURVE() B_SPLINE_CURVE(2,(#2317,#2318,#2319,#2320,
#2321,#2322,#2323),.UNSPECIFIED.,.T.,.F.) B_SPLINE_CURVE_WITH_KNOTS((1,2
    ,2,2,2,1),(-2.094395102393,0.,2.094395102393,4.188790204786,
6.28318530718,8.377580409573),.UNSPECIFIED.) CURVE() 
GEOMETRIC_REPRESENTATION_ITEM() RATIONAL_B_SPLINE_CURVE((1.,0.5,1.,0.5,
1.,0.5,1.)) REPRESENTATION_ITEM('') );
#2317 = CARTESIAN_POINT('',(7.15,-1.));
#2318 = CARTESIAN_POINT('',(7.15,-6.455960043842));
#2319 = CARTESIAN_POINT('',(2.425,-3.727980021921));
#2320 = CARTESIAN_POINT('',(-2.3,-1.));
#2321 = CARTESIAN_POINT('',(2.425,1.727980021921));
#2322 = CARTESIAN_POINT('',(7.15,4.455960043842));
#2323 = CARTESIAN_POINT('',(7.15,-1.));
#2324 = ( GEOMETRIC_REPRESENTATION_CONTEXT(2) 
PARAMETRIC_REPRESENTATION_CONTEXT() REPRESENTATION_CONTEXT('2D SPACE',''
  ) );
#2325 = ORIENTED_EDGE('',*,*,#2326,.F.);
#2326 = EDGE_CURVE('',#1699,#2294,#2327,.T.);
#2327 = SURFACE_CURVE('',#2328,(#2332,#2338),.PCURVE_S1.);
#2328 = LINE('',#2329,#2330);
#2329 = CARTESIAN_POINT('',(-32.98705540624,-24.5,-16.));
#2330 = VECTOR('',#2331,1.);
#2331 = DIRECTION('',(-0.,-0.,-1.));
#2332 = PCURVE('',#733,#2333);
#2333 = DEFINITIONAL_REPRESENTATION('',(#2334),#2337);
#2334 = B_SPLINE_CURVE_WITH_KNOTS('',1,(#2335,#2336),.UNSPECIFIED.,.F.,
  .F.,(2,2),(-27.0000006,-16.8),.PIECEWISE_BEZIER_KNOTS.);
#2335 = CARTESIAN_POINT('',(-2.818542594077,-27.0000006));
#2336 = CARTESIAN_POINT('',(-2.818542594077,-16.8));
#2337 = ( GEOMETRIC_REPRESENTATION_CONTEXT(2) 
PARAMETRIC_REPRESENTATION_CONTEXT() REPRESENTATION_CONTEXT('2D SPACE',''
  ) );
#2338 = PCURVE('',#1808,#2339);
#2339 = DEFINITIONAL_REPRESENTATION('',(#2340),#2343);
#2340 = B_SPLINE_CURVE_WITH_KNOTS('',1,(#2341,#2342),.UNSPECIFIED.,.F.,
  .F.,(2,2),(-27.0000006,-16.8),.PIECEWISE_BEZIER_KNOTS.);
#2341 = CARTESIAN_POINT('',(9.0000006,1.012944593751));
#2342 = CARTESIAN_POINT('',(-1.2,1.012944593751));
#2343 = ( GEOMETRIC_REPRESENTATION_CONTEXT(2) 
PARAMETRIC_REPRESENTATION_CONTEXT() REPRESENTATION_CONTEXT('2D SPACE',''
  ) );
#2344 = ORIENTED_EDGE('',*,*,#1698,.T.);
#2345 = ORIENTED_EDGE('',*,*,#718,.T.);
#2346 = ORIENTED_EDGE('',*,*,#2081,.F.);
#2347 = ADVANCED_FACE('',(#2348),#789,.T.);
#2348 = FACE_BOUND('',#2349,.T.);
#2349 = EDGE_LOOP('',(#2350,#2351,#2352,#2353));
#2350 = ORIENTED_EDGE('',*,*,#771,.F.);
#2351 = ORIENTED_EDGE('',*,*,#1188,.T.);
#2352 = ORIENTED_EDGE('',*,*,#1514,.T.);
#2353 = ORIENTED_EDGE('',*,*,#2354,.F.);
#2354 = EDGE_CURVE('',#774,#1515,#2355,.T.);
#2355 = SURFACE_CURVE('',#2356,(#2371,#2389),.PCURVE_S1.);
#2356 = B_SPLINE_CURVE_WITH_KNOTS('',7,(#2357,#2358,#2359,#2360,#2361,
    #2362,#2363,#2364,#2365,#2366,#2367,#2368,#2369,#2370),
  .UNSPECIFIED.,.F.,.F.,(8,6,8),(0.,0.402049391486,1.),.UNSPECIFIED.);
#2357 = CARTESIAN_POINT('',(-38.26135582092,23.5,-11.));
#2358 = CARTESIAN_POINT('',(-38.29833492288,23.652748759614,-11.));
#2359 = CARTESIAN_POINT('',(-38.3317953193,23.805371301467,
    -10.98185272057));
#2360 = CARTESIAN_POINT('',(-38.36099444277,23.954484345756,
    -10.94561240252));
#2361 = CARTESIAN_POINT('',(-38.38565569665,24.096774104452,
    -10.89236009726));
#2362 = CARTESIAN_POINT('',(-38.40598731775,24.229248797749,
    -10.82414299043));
#2363 = CARTESIAN_POINT('',(-38.42246701997,24.349526671586,
    -10.74396475801));
#2364 = CARTESIAN_POINT('',(-38.45527961897,24.614691388396,
    -10.52460142674));
#2365 = CARTESIAN_POINT('',(-38.467912559,24.745309420458,
    -10.37380217566));
#2366 = CARTESIAN_POINT('',(-38.47586938838,24.848283500733,
    -10.20985648772));
#2367 = CARTESIAN_POINT('',(-38.4808329275,24.92449879887,
    -10.03733894964));
#2368 = CARTESIAN_POINT('',(-38.48379982734,24.97485935996,
    -9.85972732864));
#2369 = CARTESIAN_POINT('',(-38.48528137423,25.,-9.679790921363));
#2370 = CARTESIAN_POINT('',(-38.48528137423,25.,-9.5));
#2371 = PCURVE('',#789,#2372);
#2372 = DEFINITIONAL_REPRESENTATION('',(#2373),#2388);
#2373 = B_SPLINE_CURVE_WITH_KNOTS('',7,(#2374,#2375,#2376,#2377,#2378,
    #2379,#2380,#2381,#2382,#2383,#2384,#2385,#2386,#2387),
  .UNSPECIFIED.,.F.,.F.,(8,6,8),(0.,0.402049391486,1.),.UNSPECIFIED.);
#2374 = CARTESIAN_POINT('',(0.,3.738644179071));
#2375 = CARTESIAN_POINT('',(0.10183250641,3.701665077111));
#2376 = CARTESIAN_POINT('',(0.203580774656,3.668204680695));
#2377 = CARTESIAN_POINT('',(0.304714738956,3.639005557221));
#2378 = CARTESIAN_POINT('',(0.404734778379,3.614344303344));
#2379 = CARTESIAN_POINT('',(0.503053838191,3.594012682242));
#2380 = CARTESIAN_POINT('',(0.59890943138,3.577532980021));
#2381 = CARTESIAN_POINT('',(0.828336348478,3.544720381029));
#2382 = CARTESIAN_POINT('',(0.959514210126,3.532087440998));
#2383 = CARTESIAN_POINT('',(1.08629151766,3.524130611619));
#2384 = CARTESIAN_POINT('',(1.209755448003,3.519167072497));
#2385 = CARTESIAN_POINT('',(1.330978750613,3.516200172651));
#2386 = CARTESIAN_POINT('',(1.450935712553,3.514718625761));
#2387 = CARTESIAN_POINT('',(1.570796326795,3.514718625761));
#2388 = ( GEOMETRIC_REPRESENTATION_CONTEXT(2) 
PARAMETRIC_REPRESENTATION_CONTEXT() REPRESENTATION_CONTEXT('2D SPACE',''
  ) );
#2389 = PCURVE('',#1171,#2390);
#2390 = DEFINITIONAL_REPRESENTATION('',(#2391),#2406);
#2391 = B_SPLINE_CURVE_WITH_KNOTS('',7,(#2392,#2393,#2394,#2395,#2396,
    #2397,#2398,#2399,#2400,#2401,#2402,#2403,#2404,#2405),
  .UNSPECIFIED.,.F.,.F.,(8,6,8),(0.,0.402049391486,1.),.UNSPECIFIED.);
#2392 = CARTESIAN_POINT('',(-3.379113824371,-3.5));
#2393 = CARTESIAN_POINT('',(-3.360624273391,-3.5));
#2394 = CARTESIAN_POINT('',(-3.342246549703,-3.518147279423));
#2395 = CARTESIAN_POINT('',(-3.32437780585,-3.554387597471));
#2396 = CARTESIAN_POINT('',(-3.307394617698,-3.607639902732));
#2397 = CARTESIAN_POINT('',(-3.291630241531,-3.67585700957));
#2398 = CARTESIAN_POINT('',(-3.277348924559,-3.756035241981));
#2399 = CARTESIAN_POINT('',(-3.245915137677,-3.97539857326));
#2400 = CARTESIAN_POINT('',(-3.230482112874,-4.126197824332));
#2401 = CARTESIAN_POINT('',(-3.218333388814,-4.290143512272));
#2402 = CARTESIAN_POINT('',(-3.209348052363,-4.462661050356));
#2403 = CARTESIAN_POINT('',(-3.20341301507,-4.64027267136));
#2404 = CARTESIAN_POINT('',(-3.200450159537,-4.820209078637));
#2405 = CARTESIAN_POINT('',(-3.200450159537,-5.));
#2406 = ( GEOMETRIC_REPRESENTATION_CONTEXT(2) 
PARAMETRIC_REPRESENTATION_CONTEXT() REPRESENTATION_CONTEXT('2D SPACE',''
  ) );
#2407 = ADVANCED_FACE('',(#2408),#896,.T.);
#2408 = FACE_BOUND('',#2409,.T.);
#2409 = EDGE_LOOP('',(#2410,#2411,#2467,#2488));
#2410 = ORIENTED_EDGE('',*,*,#880,.F.);
#2411 = ORIENTED_EDGE('',*,*,#2412,.T.);
#2412 = EDGE_CURVE('',#881,#2413,#2415,.T.);
#2413 = VERTEX_POINT('',#2414);
#2414 = CARTESIAN_POINT('',(21.514718625761,-25.,-9.5));
#2415 = SURFACE_CURVE('',#2416,(#2431,#2449),.PCURVE_S1.);
#2416 = B_SPLINE_CURVE_WITH_KNOTS('',7,(#2417,#2418,#2419,#2420,#2421,
    #2422,#2423,#2424,#2425,#2426,#2427,#2428,#2429,#2430),
  .UNSPECIFIED.,.F.,.F.,(8,6,8),(0.,0.402049391486,1.),.UNSPECIFIED.);
#2417 = CARTESIAN_POINT('',(21.738644179071,-23.5,-11.));
#2418 = CARTESIAN_POINT('',(21.701665077111,-23.65274875961,-11.));
#2419 = CARTESIAN_POINT('',(21.668204680695,-23.80537130146,
    -10.98185272057));
#2420 = CARTESIAN_POINT('',(21.639005557221,-23.95448434575,
    -10.94561240252));
#2421 = CARTESIAN_POINT('',(21.614344303344,-24.09677410445,
    -10.89236009726));
#2422 = CARTESIAN_POINT('',(21.594012682242,-24.22924879774,
    -10.82414299043));
#2423 = CARTESIAN_POINT('',(21.577532980021,-24.34952667158,
    -10.74396475801));
#2424 = CARTESIAN_POINT('',(21.544720381029,-24.61469138839,
    -10.52460142674));
#2425 = CARTESIAN_POINT('',(21.532087440998,-24.74530942045,
    -10.37380217566));
#2426 = CARTESIAN_POINT('',(21.524130611619,-24.84828350073,
    -10.20985648772));
#2427 = CARTESIAN_POINT('',(21.519167072497,-24.92449879887,
    -10.03733894964));
#2428 = CARTESIAN_POINT('',(21.516200172651,-24.97485935996,
    -9.85972732864));
#2429 = CARTESIAN_POINT('',(21.514718625761,-25.,-9.679790921363));
#2430 = CARTESIAN_POINT('',(21.514718625761,-25.,-9.5));
#2431 = PCURVE('',#896,#2432);
#2432 = DEFINITIONAL_REPRESENTATION('',(#2433),#2448);
#2433 = B_SPLINE_CURVE_WITH_KNOTS('',7,(#2434,#2435,#2436,#2437,#2438,
    #2439,#2440,#2441,#2442,#2443,#2444,#2445,#2446,#2447),
  .UNSPECIFIED.,.F.,.F.,(8,6,8),(0.,0.402049391486,1.),.UNSPECIFIED.);
#2434 = CARTESIAN_POINT('',(0.,20.261355820929));
#2435 = CARTESIAN_POINT('',(0.10183250641,20.298334922889));
#2436 = CARTESIAN_POINT('',(0.203580774656,20.331795319305));
#2437 = CARTESIAN_POINT('',(0.304714738956,20.360994442779));
#2438 = CARTESIAN_POINT('',(0.404734778379,20.385655696656));
#2439 = CARTESIAN_POINT('',(0.503053838191,20.405987317758));
#2440 = CARTESIAN_POINT('',(0.59890943138,20.422467019979));
#2441 = CARTESIAN_POINT('',(0.828336348478,20.455279618971));
#2442 = CARTESIAN_POINT('',(0.959514210126,20.467912559002));
#2443 = CARTESIAN_POINT('',(1.086291517659,20.475869388381));
#2444 = CARTESIAN_POINT('',(1.209755448003,20.480832927503));
#2445 = CARTESIAN_POINT('',(1.330978750613,20.483799827349));
#2446 = CARTESIAN_POINT('',(1.450935712553,20.485281374239));
#2447 = CARTESIAN_POINT('',(1.570796326795,20.485281374239));
#2448 = ( GEOMETRIC_REPRESENTATION_CONTEXT(2) 
PARAMETRIC_REPRESENTATION_CONTEXT() REPRESENTATION_CONTEXT('2D SPACE',''
  ) );
#2449 = PCURVE('',#929,#2450);
#2450 = DEFINITIONAL_REPRESENTATION('',(#2451),#2466);
#2451 = B_SPLINE_CURVE_WITH_KNOTS('',7,(#2452,#2453,#2454,#2455,#2456,
    #2457,#2458,#2459,#2460,#2461,#2462,#2463,#2464,#2465),
  .UNSPECIFIED.,.F.,.F.,(8,6,8),(0.,0.402049391486,1.),.UNSPECIFIED.);
#2452 = CARTESIAN_POINT('',(-2.904071482808,-3.5));
#2453 = CARTESIAN_POINT('',(-2.922561033788,-3.5));
#2454 = CARTESIAN_POINT('',(-2.940938757476,-3.518147279423));
#2455 = CARTESIAN_POINT('',(-2.95880750133,-3.554387597471));
#2456 = CARTESIAN_POINT('',(-2.975790689482,-3.607639902732));
#2457 = CARTESIAN_POINT('',(-2.991555065649,-3.67585700957));
#2458 = CARTESIAN_POINT('',(-3.005836382621,-3.756035241981));
#2459 = CARTESIAN_POINT('',(-3.037270169502,-3.97539857326));
#2460 = CARTESIAN_POINT('',(-3.052703194306,-4.126197824332));
#2461 = CARTESIAN_POINT('',(-3.064851918365,-4.290143512272));
#2462 = CARTESIAN_POINT('',(-3.073837254817,-4.462661050356));
#2463 = CARTESIAN_POINT('',(-3.07977229211,-4.64027267136));
#2464 = CARTESIAN_POINT('',(-3.082735147643,-4.820209078637));
#2465 = CARTESIAN_POINT('',(-3.082735147643,-5.));
#2466 = ( GEOMETRIC_REPRESENTATION_CONTEXT(2) 
PARAMETRIC_REPRESENTATION_CONTEXT() REPRESENTATION_CONTEXT('2D SPACE',''
  ) );
#2467 = ORIENTED_EDGE('',*,*,#2468,.T.);
#2468 = EDGE_CURVE('',#2413,#1921,#2469,.T.);
#2469 = SURFACE_CURVE('',#2470,(#2474,#2481),.PCURVE_S1.);
#2470 = LINE('',#2471,#2472);
#2471 = CARTESIAN_POINT('',(42.,-25.,-9.5));
#2472 = VECTOR('',#2473,1.);
#2473 = DIRECTION('',(-1.,-0.,-0.));
#2474 = PCURVE('',#896,#2475);
#2475 = DEFINITIONAL_REPRESENTATION('',(#2476),#2480);
#2476 = LINE('',#2477,#2478);
#2477 = CARTESIAN_POINT('',(1.570796326795,0.));
#2478 = VECTOR('',#2479,1.);
#2479 = DIRECTION('',(0.,1.));
#2480 = ( GEOMETRIC_REPRESENTATION_CONTEXT(2) 
PARAMETRIC_REPRESENTATION_CONTEXT() REPRESENTATION_CONTEXT('2D SPACE',''
  ) );
#2481 = PCURVE('',#1935,#2482);
#2482 = DEFINITIONAL_REPRESENTATION('',(#2483),#2487);
#2483 = LINE('',#2484,#2485);
#2484 = CARTESIAN_POINT('',(1.5,87.));
#2485 = VECTOR('',#2486,1.);
#2486 = DIRECTION('',(-0.,-1.));
#2487 = ( GEOMETRIC_REPRESENTATION_CONTEXT(2) 
PARAMETRIC_REPRESENTATION_CONTEXT() REPRESENTATION_CONTEXT('2D SPACE',''
  ) );
#2488 = ORIENTED_EDGE('',*,*,#1946,.F.);
#2489 = ADVANCED_FACE('',(#2490),#929,.T.);
#2490 = FACE_BOUND('',#2491,.F.);
#2491 = EDGE_LOOP('',(#2492,#2521,#2544,#2573,#2599,#2653,#2654,#2655,
    #2676,#2698));
#2492 = ORIENTED_EDGE('',*,*,#2493,.F.);
#2493 = EDGE_CURVE('',#2494,#2494,#2496,.T.);
#2494 = VERTEX_POINT('',#2495);
#2495 = CARTESIAN_POINT('',(38.5,-25.5,-14.5));
#2496 = SURFACE_CURVE('',#2497,(#2502,#2509),.PCURVE_S1.);
#2497 = CIRCLE('',#2498,8.5);
#2498 = AXIS2_PLACEMENT_3D('',#2499,#2500,#2501);
#2499 = CARTESIAN_POINT('',(30.,-25.5,-14.5));
#2500 = DIRECTION('',(0.,0.,1.));
#2501 = DIRECTION('',(1.,0.,0.));
#2502 = PCURVE('',#929,#2503);
#2503 = DEFINITIONAL_REPRESENTATION('',(#2504),#2508);
#2504 = LINE('',#2505,#2506);
#2505 = CARTESIAN_POINT('',(-0.,0.));
#2506 = VECTOR('',#2507,1.);
#2507 = DIRECTION('',(-1.,0.));
#2508 = ( GEOMETRIC_REPRESENTATION_CONTEXT(2) 
PARAMETRIC_REPRESENTATION_CONTEXT() REPRESENTATION_CONTEXT('2D SPACE',''
  ) );
#2509 = PCURVE('',#2510,#2515);
#2510 = PLANE('',#2511);
#2511 = AXIS2_PLACEMENT_3D('',#2512,#2513,#2514);
#2512 = CARTESIAN_POINT('',(30.,-25.5,-14.5));
#2513 = DIRECTION('',(0.,0.,1.));
#2514 = DIRECTION('',(1.,0.,-0.));
#2515 = DEFINITIONAL_REPRESENTATION('',(#2516),#2520);
#2516 = CIRCLE('',#2517,8.5);
#2517 = AXIS2_PLACEMENT_2D('',#2518,#2519);
#2518 = CARTESIAN_POINT('',(3.552713678801E-15,-7.105427357601E-15));
#2519 = DIRECTION('',(1.,0.));
#2520 = ( GEOMETRIC_REPRESENTATION_CONTEXT(2) 
PARAMETRIC_REPRESENTATION_CONTEXT() REPRESENTATION_CONTEXT('2D SPACE',''
  ) );
#2521 = ORIENTED_EDGE('',*,*,#2522,.T.);
#2522 = EDGE_CURVE('',#2494,#2523,#2525,.T.);
#2523 = VERTEX_POINT('',#2524);
#2524 = CARTESIAN_POINT('',(38.5,-25.5,-6.5));
#2525 = SEAM_CURVE('',#2526,(#2530,#2537),.PCURVE_S1.);
#2526 = LINE('',#2527,#2528);
#2527 = CARTESIAN_POINT('',(38.5,-25.5,-14.5));
#2528 = VECTOR('',#2529,1.);
#2529 = DIRECTION('',(0.,0.,1.));
#2530 = PCURVE('',#929,#2531);
#2531 = DEFINITIONAL_REPRESENTATION('',(#2532),#2536);
#2532 = LINE('',#2533,#2534);
#2533 = CARTESIAN_POINT('',(-6.28318530718,0.));
#2534 = VECTOR('',#2535,1.);
#2535 = DIRECTION('',(-0.,-1.));
#2536 = ( GEOMETRIC_REPRESENTATION_CONTEXT(2) 
PARAMETRIC_REPRESENTATION_CONTEXT() REPRESENTATION_CONTEXT('2D SPACE',''
  ) );
#2537 = PCURVE('',#929,#2538);
#2538 = DEFINITIONAL_REPRESENTATION('',(#2539),#2543);
#2539 = LINE('',#2540,#2541);
#2540 = CARTESIAN_POINT('',(-0.,0.));
#2541 = VECTOR('',#2542,1.);
#2542 = DIRECTION('',(-0.,-1.));
#2543 = ( GEOMETRIC_REPRESENTATION_CONTEXT(2) 
PARAMETRIC_REPRESENTATION_CONTEXT() REPRESENTATION_CONTEXT('2D SPACE',''
  ) );
#2544 = ORIENTED_EDGE('',*,*,#2545,.T.);
#2545 = EDGE_CURVE('',#2523,#2546,#2548,.T.);
#2546 = VERTEX_POINT('',#2547);
#2547 = CARTESIAN_POINT('',(38.485281374239,-25.,-6.5));
#2548 = SURFACE_CURVE('',#2549,(#2554,#2561),.PCURVE_S1.);
#2549 = CIRCLE('',#2550,8.5);
#2550 = AXIS2_PLACEMENT_3D('',#2551,#2552,#2553);
#2551 = CARTESIAN_POINT('',(30.,-25.5,-6.5));
#2552 = DIRECTION('',(0.,0.,1.));
#2553 = DIRECTION('',(1.,0.,0.));
#2554 = PCURVE('',#929,#2555);
#2555 = DEFINITIONAL_REPRESENTATION('',(#2556),#2560);
#2556 = LINE('',#2557,#2558);
#2557 = CARTESIAN_POINT('',(-0.,-8.));
#2558 = VECTOR('',#2559,1.);
#2559 = DIRECTION('',(-1.,0.));
#2560 = ( GEOMETRIC_REPRESENTATION_CONTEXT(2) 
PARAMETRIC_REPRESENTATION_CONTEXT() REPRESENTATION_CONTEXT('2D SPACE',''
  ) );
#2561 = PCURVE('',#2562,#2567);
#2562 = PLANE('',#2563);
#2563 = AXIS2_PLACEMENT_3D('',#2564,#2565,#2566);
#2564 = CARTESIAN_POINT('',(30.,-25.5,-6.5));
#2565 = DIRECTION('',(0.,0.,1.));
#2566 = DIRECTION('',(1.,0.,-0.));
#2567 = DEFINITIONAL_REPRESENTATION('',(#2568),#2572);
#2568 = CIRCLE('',#2569,8.5);
#2569 = AXIS2_PLACEMENT_2D('',#2570,#2571);
#2570 = CARTESIAN_POINT('',(3.552713678801E-15,-7.105427357601E-15));
#2571 = DIRECTION('',(1.,0.));
#2572 = ( GEOMETRIC_REPRESENTATION_CONTEXT(2) 
PARAMETRIC_REPRESENTATION_CONTEXT() REPRESENTATION_CONTEXT('2D SPACE',''
  ) );
#2573 = ORIENTED_EDGE('',*,*,#2574,.T.);
#2574 = EDGE_CURVE('',#2546,#2575,#2577,.T.);
#2575 = VERTEX_POINT('',#2576);
#2576 = CARTESIAN_POINT('',(38.485281374239,-25.,-9.5));
#2577 = SURFACE_CURVE('',#2578,(#2582,#2588),.PCURVE_S1.);
#2578 = LINE('',#2579,#2580);
#2579 = CARTESIAN_POINT('',(38.485281374239,-25.,-14.5));
#2580 = VECTOR('',#2581,1.);
#2581 = DIRECTION('',(-0.,-0.,-1.));
#2582 = PCURVE('',#929,#2583);
#2583 = DEFINITIONAL_REPRESENTATION('',(#2584),#2587);
#2584 = B_SPLINE_CURVE_WITH_KNOTS('',1,(#2585,#2586),.UNSPECIFIED.,.F.,
  .F.,(2,2),(-8.0000006,-3.1),.PIECEWISE_BEZIER_KNOTS.);
#2585 = CARTESIAN_POINT('',(-5.885750594708E-02,-8.0000006));
#2586 = CARTESIAN_POINT('',(-5.885750594708E-02,-3.1));
#2587 = ( GEOMETRIC_REPRESENTATION_CONTEXT(2) 
PARAMETRIC_REPRESENTATION_CONTEXT() REPRESENTATION_CONTEXT('2D SPACE',''
  ) );
#2588 = PCURVE('',#2589,#2594);
#2589 = PLANE('',#2590);
#2590 = AXIS2_PLACEMENT_3D('',#2591,#2592,#2593);
#2591 = CARTESIAN_POINT('',(-45.,-25.,-11.));
#2592 = DIRECTION('',(0.,1.,0.));
#2593 = DIRECTION('',(0.,0.,1.));
#2594 = DEFINITIONAL_REPRESENTATION('',(#2595),#2598);
#2595 = B_SPLINE_CURVE_WITH_KNOTS('',1,(#2596,#2597),.UNSPECIFIED.,.F.,
  .F.,(2,2),(-8.0000006,-3.1),.PIECEWISE_BEZIER_KNOTS.);
#2596 = CARTESIAN_POINT('',(4.5000006,83.485281374239));
#2597 = CARTESIAN_POINT('',(-0.4,83.485281374239));
#2598 = ( GEOMETRIC_REPRESENTATION_CONTEXT(2) 
PARAMETRIC_REPRESENTATION_CONTEXT() REPRESENTATION_CONTEXT('2D SPACE',''
  ) );
#2599 = ORIENTED_EDGE('',*,*,#2600,.F.);
#2600 = EDGE_CURVE('',#909,#2575,#2601,.T.);
#2601 = SURFACE_CURVE('',#2602,(#2617,#2635),.PCURVE_S1.);
#2602 = B_SPLINE_CURVE_WITH_KNOTS('',7,(#2603,#2604,#2605,#2606,#2607,
    #2608,#2609,#2610,#2611,#2612,#2613,#2614,#2615,#2616),
  .UNSPECIFIED.,.F.,.F.,(8,6,8),(0.,0.402049391486,1.),.UNSPECIFIED.);
#2603 = CARTESIAN_POINT('',(38.261355820929,-23.5,-11.));
#2604 = CARTESIAN_POINT('',(38.298334922889,-23.65274875961,-11.));
#2605 = CARTESIAN_POINT('',(38.331795319305,-23.80537130146,
    -10.98185272057));
#2606 = CARTESIAN_POINT('',(38.360994442779,-23.95448434575,
    -10.94561240252));
#2607 = CARTESIAN_POINT('',(38.385655696656,-24.09677410445,
    -10.89236009726));
#2608 = CARTESIAN_POINT('',(38.405987317758,-24.22924879774,
    -10.82414299043));
#2609 = CARTESIAN_POINT('',(38.422467019979,-24.34952667158,
    -10.74396475801));
#2610 = CARTESIAN_POINT('',(38.455279618971,-24.61469138839,
    -10.52460142674));
#2611 = CARTESIAN_POINT('',(38.467912559002,-24.74530942045,
    -10.37380217566));
#2612 = CARTESIAN_POINT('',(38.475869388381,-24.84828350073,
    -10.20985648772));
#2613 = CARTESIAN_POINT('',(38.480832927503,-24.92449879887,
    -10.03733894964));
#2614 = CARTESIAN_POINT('',(38.483799827349,-24.97485935996,
    -9.85972732864));
#2615 = CARTESIAN_POINT('',(38.485281374239,-25.,-9.679790921363));
#2616 = CARTESIAN_POINT('',(38.485281374239,-25.,-9.5));
#2617 = PCURVE('',#929,#2618);
#2618 = DEFINITIONAL_REPRESENTATION('',(#2619),#2634);
#2619 = B_SPLINE_CURVE_WITH_KNOTS('',7,(#2620,#2621,#2622,#2623,#2624,
    #2625,#2626,#2627,#2628,#2629,#2630,#2631,#2632,#2633),
  .UNSPECIFIED.,.F.,.F.,(8,6,8),(0.,0.402049391486,1.),.UNSPECIFIED.);
#2620 = CARTESIAN_POINT('',(-0.237521170781,-3.5));
#2621 = CARTESIAN_POINT('',(-0.219031619802,-3.5));
#2622 = CARTESIAN_POINT('',(-0.200653896114,-3.518147279423));
#2623 = CARTESIAN_POINT('',(-0.18278515226,-3.554387597471));
#2624 = CARTESIAN_POINT('',(-0.165801964108,-3.607639902732));
#2625 = CARTESIAN_POINT('',(-0.150037587941,-3.67585700957));
#2626 = CARTESIAN_POINT('',(-0.135756270969,-3.756035241981));
#2627 = CARTESIAN_POINT('',(-0.104322484088,-3.97539857326));
#2628 = CARTESIAN_POINT('',(-8.888945928397E-02,-4.126197824332));
#2629 = CARTESIAN_POINT('',(-7.674073522435E-02,-4.290143512271));
#2630 = CARTESIAN_POINT('',(-6.775539877285E-02,-4.462661050357));
#2631 = CARTESIAN_POINT('',(-6.182036148027E-02,-4.64027267136));
#2632 = CARTESIAN_POINT('',(-5.885750594708E-02,-4.820209078637));
#2633 = CARTESIAN_POINT('',(-5.885750594708E-02,-5.));
#2634 = ( GEOMETRIC_REPRESENTATION_CONTEXT(2) 
PARAMETRIC_REPRESENTATION_CONTEXT() REPRESENTATION_CONTEXT('2D SPACE',''
  ) );
#2635 = PCURVE('',#957,#2636);
#2636 = DEFINITIONAL_REPRESENTATION('',(#2637),#2652);
#2637 = B_SPLINE_CURVE_WITH_KNOTS('',7,(#2638,#2639,#2640,#2641,#2642,
    #2643,#2644,#2645,#2646,#2647,#2648,#2649,#2650,#2651),
  .UNSPECIFIED.,.F.,.F.,(8,6,8),(0.,0.402049391486,1.),.UNSPECIFIED.);
#2638 = CARTESIAN_POINT('',(0.,3.738644179071));
#2639 = CARTESIAN_POINT('',(0.10183250641,3.701665077111));
#2640 = CARTESIAN_POINT('',(0.203580774656,3.668204680695));
#2641 = CARTESIAN_POINT('',(0.304714738956,3.639005557221));
#2642 = CARTESIAN_POINT('',(0.404734778379,3.614344303344));
#2643 = CARTESIAN_POINT('',(0.503053838191,3.594012682242));
#2644 = CARTESIAN_POINT('',(0.59890943138,3.577532980021));
#2645 = CARTESIAN_POINT('',(0.828336348478,3.544720381029));
#2646 = CARTESIAN_POINT('',(0.959514210127,3.532087440998));
#2647 = CARTESIAN_POINT('',(1.086291517659,3.524130611619));
#2648 = CARTESIAN_POINT('',(1.209755448004,3.519167072497));
#2649 = CARTESIAN_POINT('',(1.330978750613,3.516200172651));
#2650 = CARTESIAN_POINT('',(1.450935712553,3.514718625761));
#2651 = CARTESIAN_POINT('',(1.570796326795,3.514718625761));
#2652 = ( GEOMETRIC_REPRESENTATION_CONTEXT(2) 
PARAMETRIC_REPRESENTATION_CONTEXT() REPRESENTATION_CONTEXT('2D SPACE',''
  ) );
#2653 = ORIENTED_EDGE('',*,*,#908,.F.);
#2654 = ORIENTED_EDGE('',*,*,#2412,.T.);
#2655 = ORIENTED_EDGE('',*,*,#2656,.F.);
#2656 = EDGE_CURVE('',#2657,#2413,#2659,.T.);
#2657 = VERTEX_POINT('',#2658);
#2658 = CARTESIAN_POINT('',(21.514718625761,-25.,-6.5));
#2659 = SURFACE_CURVE('',#2660,(#2664,#2670),.PCURVE_S1.);
#2660 = LINE('',#2661,#2662);
#2661 = CARTESIAN_POINT('',(21.514718625761,-25.,-14.5));
#2662 = VECTOR('',#2663,1.);
#2663 = DIRECTION('',(-0.,-0.,-1.));
#2664 = PCURVE('',#929,#2665);
#2665 = DEFINITIONAL_REPRESENTATION('',(#2666),#2669);
#2666 = B_SPLINE_CURVE_WITH_KNOTS('',1,(#2667,#2668),.UNSPECIFIED.,.F.,
  .F.,(2,2),(-8.0000006,-3.1),.PIECEWISE_BEZIER_KNOTS.);
#2667 = CARTESIAN_POINT('',(-3.082735147643,-8.0000006));
#2668 = CARTESIAN_POINT('',(-3.082735147643,-3.1));
#2669 = ( GEOMETRIC_REPRESENTATION_CONTEXT(2) 
PARAMETRIC_REPRESENTATION_CONTEXT() REPRESENTATION_CONTEXT('2D SPACE',''
  ) );
#2670 = PCURVE('',#1935,#2671);
#2671 = DEFINITIONAL_REPRESENTATION('',(#2672),#2675);
#2672 = B_SPLINE_CURVE_WITH_KNOTS('',1,(#2673,#2674),.UNSPECIFIED.,.F.,
  .F.,(2,2),(-8.0000006,-3.1),.PIECEWISE_BEZIER_KNOTS.);
#2673 = CARTESIAN_POINT('',(4.5000006,66.514718625761));
#2674 = CARTESIAN_POINT('',(-0.4,66.514718625761));
#2675 = ( GEOMETRIC_REPRESENTATION_CONTEXT(2) 
PARAMETRIC_REPRESENTATION_CONTEXT() REPRESENTATION_CONTEXT('2D SPACE',''
  ) );
#2676 = ORIENTED_EDGE('',*,*,#2677,.T.);
#2677 = EDGE_CURVE('',#2657,#2523,#2678,.T.);
#2678 = SURFACE_CURVE('',#2679,(#2684,#2691),.PCURVE_S1.);
#2679 = CIRCLE('',#2680,8.5);
#2680 = AXIS2_PLACEMENT_3D('',#2681,#2682,#2683);
#2681 = CARTESIAN_POINT('',(30.,-25.5,-6.5));
#2682 = DIRECTION('',(0.,0.,1.));
#2683 = DIRECTION('',(1.,0.,0.));
#2684 = PCURVE('',#929,#2685);
#2685 = DEFINITIONAL_REPRESENTATION('',(#2686),#2690);
#2686 = LINE('',#2687,#2688);
#2687 = CARTESIAN_POINT('',(-0.,-8.));
#2688 = VECTOR('',#2689,1.);
#2689 = DIRECTION('',(-1.,0.));
#2690 = ( GEOMETRIC_REPRESENTATION_CONTEXT(2) 
PARAMETRIC_REPRESENTATION_CONTEXT() REPRESENTATION_CONTEXT('2D SPACE',''
  ) );
#2691 = PCURVE('',#2562,#2692);
#2692 = DEFINITIONAL_REPRESENTATION('',(#2693),#2697);
#2693 = CIRCLE('',#2694,8.5);
#2694 = AXIS2_PLACEMENT_2D('',#2695,#2696);
#2695 = CARTESIAN_POINT('',(3.552713678801E-15,-7.105427357601E-15));
#2696 = DIRECTION('',(1.,0.));
#2697 = ( GEOMETRIC_REPRESENTATION_CONTEXT(2) 
PARAMETRIC_REPRESENTATION_CONTEXT() REPRESENTATION_CONTEXT('2D SPACE',''
  ) );
#2698 = ORIENTED_EDGE('',*,*,#2522,.F.);
#2699 = ADVANCED_FACE('',(#2700),#957,.T.);
#2700 = FACE_BOUND('',#2701,.T.);
#2701 = EDGE_LOOP('',(#2702,#2703,#2725,#2746));
#2702 = ORIENTED_EDGE('',*,*,#941,.F.);
#2703 = ORIENTED_EDGE('',*,*,#2704,.T.);
#2704 = EDGE_CURVE('',#942,#2705,#2707,.T.);
#2705 = VERTEX_POINT('',#2706);
#2706 = CARTESIAN_POINT('',(42.,-25.,-9.5));
#2707 = SURFACE_CURVE('',#2708,(#2713,#2719),.PCURVE_S1.);
#2708 = CIRCLE('',#2709,1.5);
#2709 = AXIS2_PLACEMENT_3D('',#2710,#2711,#2712);
#2710 = CARTESIAN_POINT('',(42.,-23.5,-9.5));
#2711 = DIRECTION('',(-1.,-6.123233995737E-17,0.));
#2712 = DIRECTION('',(6.123233995737E-17,-1.,-0.));
#2713 = PCURVE('',#957,#2714);
#2714 = DEFINITIONAL_REPRESENTATION('',(#2715),#2718);
#2715 = B_SPLINE_CURVE_WITH_KNOTS('',1,(#2716,#2717),.UNSPECIFIED.,.F.,
  .F.,(2,2),(4.712388980385,6.28318530718),.PIECEWISE_BEZIER_KNOTS.);
#2716 = CARTESIAN_POINT('',(0.,0.));
#2717 = CARTESIAN_POINT('',(1.570796326795,0.));
#2718 = ( GEOMETRIC_REPRESENTATION_CONTEXT(2) 
PARAMETRIC_REPRESENTATION_CONTEXT() REPRESENTATION_CONTEXT('2D SPACE',''
  ) );
#2719 = PCURVE('',#990,#2720);
#2720 = DEFINITIONAL_REPRESENTATION('',(#2721),#2724);
#2721 = B_SPLINE_CURVE_WITH_KNOTS('',1,(#2722,#2723),.UNSPECIFIED.,.F.,
  .F.,(2,2),(4.712388980385,6.28318530718),.PIECEWISE_BEZIER_KNOTS.);
#2722 = CARTESIAN_POINT('',(-1.570796326795,4.712388980385));
#2723 = CARTESIAN_POINT('',(-1.570796326795,6.28318530718));
#2724 = ( GEOMETRIC_REPRESENTATION_CONTEXT(2) 
PARAMETRIC_REPRESENTATION_CONTEXT() REPRESENTATION_CONTEXT('2D SPACE',''
  ) );
#2725 = ORIENTED_EDGE('',*,*,#2726,.T.);
#2726 = EDGE_CURVE('',#2705,#2575,#2727,.T.);
#2727 = SURFACE_CURVE('',#2728,(#2732,#2739),.PCURVE_S1.);
#2728 = LINE('',#2729,#2730);
#2729 = CARTESIAN_POINT('',(42.,-25.,-9.5));
#2730 = VECTOR('',#2731,1.);
#2731 = DIRECTION('',(-1.,-0.,-0.));
#2732 = PCURVE('',#957,#2733);
#2733 = DEFINITIONAL_REPRESENTATION('',(#2734),#2738);
#2734 = LINE('',#2735,#2736);
#2735 = CARTESIAN_POINT('',(1.570796326795,0.));
#2736 = VECTOR('',#2737,1.);
#2737 = DIRECTION('',(0.,1.));
#2738 = ( GEOMETRIC_REPRESENTATION_CONTEXT(2) 
PARAMETRIC_REPRESENTATION_CONTEXT() REPRESENTATION_CONTEXT('2D SPACE',''
  ) );
#2739 = PCURVE('',#2589,#2740);
#2740 = DEFINITIONAL_REPRESENTATION('',(#2741),#2745);
#2741 = LINE('',#2742,#2743);
#2742 = CARTESIAN_POINT('',(1.5,87.));
#2743 = VECTOR('',#2744,1.);
#2744 = DIRECTION('',(-0.,-1.));
#2745 = ( GEOMETRIC_REPRESENTATION_CONTEXT(2) 
PARAMETRIC_REPRESENTATION_CONTEXT() REPRESENTATION_CONTEXT('2D SPACE',''
  ) );
#2746 = ORIENTED_EDGE('',*,*,#2600,.F.);
#2747 = ADVANCED_FACE('',(#2748),#990,.T.);
#2748 = FACE_BOUND('',#2749,.F.);
#2749 = EDGE_LOOP('',(#2750,#2772,#2773,#2774));
#2750 = ORIENTED_EDGE('',*,*,#2751,.F.);
#2751 = EDGE_CURVE('',#970,#2752,#2754,.T.);
#2752 = VERTEX_POINT('',#2753);
#2753 = CARTESIAN_POINT('',(45.,-22.,-9.5));
#2754 = SURFACE_CURVE('',#2755,(#2760,#2766),.PCURVE_S1.);
#2755 = CIRCLE('',#2756,1.5);
#2756 = AXIS2_PLACEMENT_3D('',#2757,#2758,#2759);
#2757 = CARTESIAN_POINT('',(43.5,-22.,-9.5));
#2758 = DIRECTION('',(0.,-1.,-0.));
#2759 = DIRECTION('',(0.,0.,-1.));
#2760 = PCURVE('',#990,#2761);
#2761 = DEFINITIONAL_REPRESENTATION('',(#2762),#2765);
#2762 = B_SPLINE_CURVE_WITH_KNOTS('',1,(#2763,#2764),.UNSPECIFIED.,.F.,
  .F.,(2,2),(0.,1.570796326795),.PIECEWISE_BEZIER_KNOTS.);
#2763 = CARTESIAN_POINT('',(0.,4.712388980385));
#2764 = CARTESIAN_POINT('',(0.,6.28318530718));
#2765 = ( GEOMETRIC_REPRESENTATION_CONTEXT(2) 
PARAMETRIC_REPRESENTATION_CONTEXT() REPRESENTATION_CONTEXT('2D SPACE',''
  ) );
#2766 = PCURVE('',#1018,#2767);
#2767 = DEFINITIONAL_REPRESENTATION('',(#2768),#2771);
#2768 = B_SPLINE_CURVE_WITH_KNOTS('',1,(#2769,#2770),.UNSPECIFIED.,.F.,
  .F.,(2,2),(0.,1.570796326795),.PIECEWISE_BEZIER_KNOTS.);
#2769 = CARTESIAN_POINT('',(0.,44.));
#2770 = CARTESIAN_POINT('',(1.570796326795,44.));
#2771 = ( GEOMETRIC_REPRESENTATION_CONTEXT(2) 
PARAMETRIC_REPRESENTATION_CONTEXT() REPRESENTATION_CONTEXT('2D SPACE',''
  ) );
#2772 = ORIENTED_EDGE('',*,*,#969,.T.);
#2773 = ORIENTED_EDGE('',*,*,#2704,.T.);
#2774 = ORIENTED_EDGE('',*,*,#2775,.F.);
#2775 = EDGE_CURVE('',#2752,#2705,#2776,.T.);
#2776 = SURFACE_CURVE('',#2777,(#2782,#2789),.PCURVE_S1.);
#2777 = CIRCLE('',#2778,3.);
#2778 = AXIS2_PLACEMENT_3D('',#2779,#2780,#2781);
#2779 = CARTESIAN_POINT('',(42.,-22.,-9.5));
#2780 = DIRECTION('',(0.,-0.,-1.));
#2781 = DIRECTION('',(1.,0.,-0.));
#2782 = PCURVE('',#990,#2783);
#2783 = DEFINITIONAL_REPRESENTATION('',(#2784),#2788);
#2784 = LINE('',#2785,#2786);
#2785 = CARTESIAN_POINT('',(-0.,6.28318530718));
#2786 = VECTOR('',#2787,1.);
#2787 = DIRECTION('',(-1.,0.));
#2788 = ( GEOMETRIC_REPRESENTATION_CONTEXT(2) 
PARAMETRIC_REPRESENTATION_CONTEXT() REPRESENTATION_CONTEXT('2D SPACE',''
  ) );
#2789 = PCURVE('',#2790,#2795);
#2790 = CYLINDRICAL_SURFACE('',#2791,3.);
#2791 = AXIS2_PLACEMENT_3D('',#2792,#2793,#2794);
#2792 = CARTESIAN_POINT('',(42.,-22.,-11.));
#2793 = DIRECTION('',(0.,0.,1.));
#2794 = DIRECTION('',(1.,0.,-0.));
#2795 = DEFINITIONAL_REPRESENTATION('',(#2796),#2800);
#2796 = LINE('',#2797,#2798);
#2797 = CARTESIAN_POINT('',(-0.,1.5));
#2798 = VECTOR('',#2799,1.);
#2799 = DIRECTION('',(-1.,0.));
#2800 = ( GEOMETRIC_REPRESENTATION_CONTEXT(2) 
PARAMETRIC_REPRESENTATION_CONTEXT() REPRESENTATION_CONTEXT('2D SPACE',''
  ) );
#2801 = ADVANCED_FACE('',(#2802),#1018,.T.);
#2802 = FACE_BOUND('',#2803,.T.);
#2803 = EDGE_LOOP('',(#2804,#2826,#2852,#2853));
#2804 = ORIENTED_EDGE('',*,*,#2805,.T.);
#2805 = EDGE_CURVE('',#1003,#2806,#2808,.T.);
#2806 = VERTEX_POINT('',#2807);
#2807 = CARTESIAN_POINT('',(45.,22.,-9.5));
#2808 = SURFACE_CURVE('',#2809,(#2814,#2820),.PCURVE_S1.);
#2809 = CIRCLE('',#2810,1.5);
#2810 = AXIS2_PLACEMENT_3D('',#2811,#2812,#2813);
#2811 = CARTESIAN_POINT('',(43.5,22.,-9.5));
#2812 = DIRECTION('',(6.123233995737E-17,-1.,0.));
#2813 = DIRECTION('',(1.,6.123233995737E-17,0.));
#2814 = PCURVE('',#1018,#2815);
#2815 = DEFINITIONAL_REPRESENTATION('',(#2816),#2819);
#2816 = B_SPLINE_CURVE_WITH_KNOTS('',1,(#2817,#2818),.UNSPECIFIED.,.F.,
  .F.,(2,2),(4.712388980385,6.28318530718),.PIECEWISE_BEZIER_KNOTS.);
#2817 = CARTESIAN_POINT('',(0.,0.));
#2818 = CARTESIAN_POINT('',(1.570796326795,0.));
#2819 = ( GEOMETRIC_REPRESENTATION_CONTEXT(2) 
PARAMETRIC_REPRESENTATION_CONTEXT() REPRESENTATION_CONTEXT('2D SPACE',''
  ) );
#2820 = PCURVE('',#1051,#2821);
#2821 = DEFINITIONAL_REPRESENTATION('',(#2822),#2825);
#2822 = B_SPLINE_CURVE_WITH_KNOTS('',1,(#2823,#2824),.UNSPECIFIED.,.F.,
  .F.,(2,2),(4.712388980385,6.28318530718),.PIECEWISE_BEZIER_KNOTS.);
#2823 = CARTESIAN_POINT('',(-1.570796326795,4.712388980385));
#2824 = CARTESIAN_POINT('',(-1.570796326795,6.28318530718));
#2825 = ( GEOMETRIC_REPRESENTATION_CONTEXT(2) 
PARAMETRIC_REPRESENTATION_CONTEXT() REPRESENTATION_CONTEXT('2D SPACE',''
  ) );
#2826 = ORIENTED_EDGE('',*,*,#2827,.T.);
#2827 = EDGE_CURVE('',#2806,#2752,#2828,.T.);
#2828 = SURFACE_CURVE('',#2829,(#2833,#2840),.PCURVE_S1.);
#2829 = LINE('',#2830,#2831);
#2830 = CARTESIAN_POINT('',(45.,22.,-9.5));
#2831 = VECTOR('',#2832,1.);
#2832 = DIRECTION('',(-0.,-1.,-0.));
#2833 = PCURVE('',#1018,#2834);
#2834 = DEFINITIONAL_REPRESENTATION('',(#2835),#2839);
#2835 = LINE('',#2836,#2837);
#2836 = CARTESIAN_POINT('',(1.570796326795,0.));
#2837 = VECTOR('',#2838,1.);
#2838 = DIRECTION('',(0.,1.));
#2839 = ( GEOMETRIC_REPRESENTATION_CONTEXT(2) 
PARAMETRIC_REPRESENTATION_CONTEXT() REPRESENTATION_CONTEXT('2D SPACE',''
  ) );
#2840 = PCURVE('',#2841,#2846);
#2841 = PLANE('',#2842);
#2842 = AXIS2_PLACEMENT_3D('',#2843,#2844,#2845);
#2843 = CARTESIAN_POINT('',(45.,-25.,-11.));
#2844 = DIRECTION('',(1.,0.,0.));
#2845 = DIRECTION('',(0.,0.,1.));
#2846 = DEFINITIONAL_REPRESENTATION('',(#2847),#2851);
#2847 = LINE('',#2848,#2849);
#2848 = CARTESIAN_POINT('',(1.5,-47.));
#2849 = VECTOR('',#2850,1.);
#2850 = DIRECTION('',(-0.,1.));
#2851 = ( GEOMETRIC_REPRESENTATION_CONTEXT(2) 
PARAMETRIC_REPRESENTATION_CONTEXT() REPRESENTATION_CONTEXT('2D SPACE',''
  ) );
#2852 = ORIENTED_EDGE('',*,*,#2751,.F.);
#2853 = ORIENTED_EDGE('',*,*,#1002,.F.);
#2854 = ADVANCED_FACE('',(#2855),#1051,.T.);
#2855 = FACE_BOUND('',#2856,.F.);
#2856 = EDGE_LOOP('',(#2857,#2879,#2880,#2881));
#2857 = ORIENTED_EDGE('',*,*,#2858,.F.);
#2858 = EDGE_CURVE('',#1031,#2859,#2861,.T.);
#2859 = VERTEX_POINT('',#2860);
#2860 = CARTESIAN_POINT('',(42.,25.,-9.5));
#2861 = SURFACE_CURVE('',#2862,(#2867,#2873),.PCURVE_S1.);
#2862 = CIRCLE('',#2863,1.5);
#2863 = AXIS2_PLACEMENT_3D('',#2864,#2865,#2866);
#2864 = CARTESIAN_POINT('',(42.,23.5,-9.5));
#2865 = DIRECTION('',(1.,0.,0.));
#2866 = DIRECTION('',(0.,0.,-1.));
#2867 = PCURVE('',#1051,#2868);
#2868 = DEFINITIONAL_REPRESENTATION('',(#2869),#2872);
#2869 = B_SPLINE_CURVE_WITH_KNOTS('',1,(#2870,#2871),.UNSPECIFIED.,.F.,
  .F.,(2,2),(0.,1.570796326795),.PIECEWISE_BEZIER_KNOTS.);
#2870 = CARTESIAN_POINT('',(0.,4.712388980385));
#2871 = CARTESIAN_POINT('',(0.,6.28318530718));
#2872 = ( GEOMETRIC_REPRESENTATION_CONTEXT(2) 
PARAMETRIC_REPRESENTATION_CONTEXT() REPRESENTATION_CONTEXT('2D SPACE',''
  ) );
#2873 = PCURVE('',#1079,#2874);
#2874 = DEFINITIONAL_REPRESENTATION('',(#2875),#2878);
#2875 = B_SPLINE_CURVE_WITH_KNOTS('',1,(#2876,#2877),.UNSPECIFIED.,.F.,
  .F.,(2,2),(0.,1.570796326795),.PIECEWISE_BEZIER_KNOTS.);
#2876 = CARTESIAN_POINT('',(0.,84.));
#2877 = CARTESIAN_POINT('',(1.570796326795,84.));
#2878 = ( GEOMETRIC_REPRESENTATION_CONTEXT(2) 
PARAMETRIC_REPRESENTATION_CONTEXT() REPRESENTATION_CONTEXT('2D SPACE',''
  ) );
#2879 = ORIENTED_EDGE('',*,*,#1030,.T.);
#2880 = ORIENTED_EDGE('',*,*,#2805,.T.);
#2881 = ORIENTED_EDGE('',*,*,#2882,.F.);
#2882 = EDGE_CURVE('',#2859,#2806,#2883,.T.);
#2883 = SURFACE_CURVE('',#2884,(#2889,#2896),.PCURVE_S1.);
#2884 = CIRCLE('',#2885,3.);
#2885 = AXIS2_PLACEMENT_3D('',#2886,#2887,#2888);
#2886 = CARTESIAN_POINT('',(42.,22.,-9.5));
#2887 = DIRECTION('',(0.,-0.,-1.));
#2888 = DIRECTION('',(0.,1.,-0.));
#2889 = PCURVE('',#1051,#2890);
#2890 = DEFINITIONAL_REPRESENTATION('',(#2891),#2895);
#2891 = LINE('',#2892,#2893);
#2892 = CARTESIAN_POINT('',(-0.,6.28318530718));
#2893 = VECTOR('',#2894,1.);
#2894 = DIRECTION('',(-1.,0.));
#2895 = ( GEOMETRIC_REPRESENTATION_CONTEXT(2) 
PARAMETRIC_REPRESENTATION_CONTEXT() REPRESENTATION_CONTEXT('2D SPACE',''
  ) );
#2896 = PCURVE('',#2897,#2902);
#2897 = CYLINDRICAL_SURFACE('',#2898,3.);
#2898 = AXIS2_PLACEMENT_3D('',#2899,#2900,#2901);
#2899 = CARTESIAN_POINT('',(42.,22.,-11.));
#2900 = DIRECTION('',(0.,0.,1.));
#2901 = DIRECTION('',(1.,0.,-0.));
#2902 = DEFINITIONAL_REPRESENTATION('',(#2903),#2907);
#2903 = LINE('',#2904,#2905);
#2904 = CARTESIAN_POINT('',(1.570796326795,1.5));
#2905 = VECTOR('',#2906,1.);
#2906 = DIRECTION('',(-1.,-0.));
#2907 = ( GEOMETRIC_REPRESENTATION_CONTEXT(2) 
PARAMETRIC_REPRESENTATION_CONTEXT() REPRESENTATION_CONTEXT('2D SPACE',''
  ) );
#2908 = ADVANCED_FACE('',(#2909),#1079,.T.);
#2909 = FACE_BOUND('',#2910,.T.);
#2910 = EDGE_LOOP('',(#2911,#2912,#2968,#2994));
#2911 = ORIENTED_EDGE('',*,*,#1063,.F.);
#2912 = ORIENTED_EDGE('',*,*,#2913,.T.);
#2913 = EDGE_CURVE('',#1064,#2914,#2916,.T.);
#2914 = VERTEX_POINT('',#2915);
#2915 = CARTESIAN_POINT('',(38.485281374239,25.,-9.5));
#2916 = SURFACE_CURVE('',#2917,(#2932,#2950),.PCURVE_S1.);
#2917 = B_SPLINE_CURVE_WITH_KNOTS('',7,(#2918,#2919,#2920,#2921,#2922,
    #2923,#2924,#2925,#2926,#2927,#2928,#2929,#2930,#2931),
  .UNSPECIFIED.,.F.,.F.,(8,6,8),(0.,0.402049391486,1.),.UNSPECIFIED.);
#2918 = CARTESIAN_POINT('',(38.261355820929,23.5,-11.));
#2919 = CARTESIAN_POINT('',(38.298334922889,23.652748759614,-11.));
#2920 = CARTESIAN_POINT('',(38.331795319305,23.805371301467,
    -10.98185272057));
#2921 = CARTESIAN_POINT('',(38.360994442779,23.954484345756,
    -10.94561240252));
#2922 = CARTESIAN_POINT('',(38.385655696656,24.096774104452,
    -10.89236009726));
#2923 = CARTESIAN_POINT('',(38.405987317758,24.229248797749,
    -10.82414299043));
#2924 = CARTESIAN_POINT('',(38.422467019979,24.349526671586,
    -10.74396475801));
#2925 = CARTESIAN_POINT('',(38.455279618971,24.614691388396,
    -10.52460142674));
#2926 = CARTESIAN_POINT('',(38.467912559002,24.745309420458,
    -10.37380217566));
#2927 = CARTESIAN_POINT('',(38.475869388381,24.848283500733,
    -10.20985648772));
#2928 = CARTESIAN_POINT('',(38.480832927503,24.92449879887,
    -10.03733894964));
#2929 = CARTESIAN_POINT('',(38.483799827349,24.97485935996,
    -9.85972732864));
#2930 = CARTESIAN_POINT('',(38.485281374239,25.,-9.679790921363));
#2931 = CARTESIAN_POINT('',(38.485281374239,25.,-9.5));
#2932 = PCURVE('',#1079,#2933);
#2933 = DEFINITIONAL_REPRESENTATION('',(#2934),#2949);
#2934 = B_SPLINE_CURVE_WITH_KNOTS('',7,(#2935,#2936,#2937,#2938,#2939,
    #2940,#2941,#2942,#2943,#2944,#2945,#2946,#2947,#2948),
  .UNSPECIFIED.,.F.,.F.,(8,6,8),(0.,0.402049391486,1.),.UNSPECIFIED.);
#2935 = CARTESIAN_POINT('',(0.,80.261355820929));
#2936 = CARTESIAN_POINT('',(0.10183250641,80.298334922889));
#2937 = CARTESIAN_POINT('',(0.203580774656,80.331795319305));
#2938 = CARTESIAN_POINT('',(0.304714738956,80.360994442779));
#2939 = CARTESIAN_POINT('',(0.404734778379,80.385655696656));
#2940 = CARTESIAN_POINT('',(0.503053838191,80.405987317758));
#2941 = CARTESIAN_POINT('',(0.59890943138,80.422467019979));
#2942 = CARTESIAN_POINT('',(0.828336348478,80.455279618971));
#2943 = CARTESIAN_POINT('',(0.959514210127,80.467912559002));
#2944 = CARTESIAN_POINT('',(1.086291517659,80.475869388381));
#2945 = CARTESIAN_POINT('',(1.209755448004,80.480832927503));
#2946 = CARTESIAN_POINT('',(1.330978750613,80.483799827349));
#2947 = CARTESIAN_POINT('',(1.450935712553,80.485281374239));
#2948 = CARTESIAN_POINT('',(1.570796326795,80.485281374239));
#2949 = ( GEOMETRIC_REPRESENTATION_CONTEXT(2) 
PARAMETRIC_REPRESENTATION_CONTEXT() REPRESENTATION_CONTEXT('2D SPACE',''
  ) );
#2950 = PCURVE('',#1112,#2951);
#2951 = DEFINITIONAL_REPRESENTATION('',(#2952),#2967);
#2952 = B_SPLINE_CURVE_WITH_KNOTS('',7,(#2953,#2954,#2955,#2956,#2957,
    #2958,#2959,#2960,#2961,#2962,#2963,#2964,#2965,#2966),
  .UNSPECIFIED.,.F.,.F.,(8,6,8),(0.,0.402049391486,1.),.UNSPECIFIED.);
#2953 = CARTESIAN_POINT('',(-6.045664136398,-3.5));
#2954 = CARTESIAN_POINT('',(-6.064153687378,-3.5));
#2955 = CARTESIAN_POINT('',(-6.082531411066,-3.518147279423));
#2956 = CARTESIAN_POINT('',(-6.10040015492,-3.554387597471));
#2957 = CARTESIAN_POINT('',(-6.117383343072,-3.607639902732));
#2958 = CARTESIAN_POINT('',(-6.133147719239,-3.67585700957));
#2959 = CARTESIAN_POINT('',(-6.147429036211,-3.756035241981));
#2960 = CARTESIAN_POINT('',(-6.178862823092,-3.97539857326));
#2961 = CARTESIAN_POINT('',(-6.194295847896,-4.126197824332));
#2962 = CARTESIAN_POINT('',(-6.206444571955,-4.290143512271));
#2963 = CARTESIAN_POINT('',(-6.215429908407,-4.462661050356));
#2964 = CARTESIAN_POINT('',(-6.221364945699,-4.64027267136));
#2965 = CARTESIAN_POINT('',(-6.224327801233,-4.820209078637));
#2966 = CARTESIAN_POINT('',(-6.224327801233,-5.));
#2967 = ( GEOMETRIC_REPRESENTATION_CONTEXT(2) 
PARAMETRIC_REPRESENTATION_CONTEXT() REPRESENTATION_CONTEXT('2D SPACE',''
  ) );
#2968 = ORIENTED_EDGE('',*,*,#2969,.T.);
#2969 = EDGE_CURVE('',#2914,#2859,#2970,.T.);
#2970 = SURFACE_CURVE('',#2971,(#2975,#2982),.PCURVE_S1.);
#2971 = LINE('',#2972,#2973);
#2972 = CARTESIAN_POINT('',(-42.,25.,-9.5));
#2973 = VECTOR('',#2974,1.);
#2974 = DIRECTION('',(1.,0.,0.));
#2975 = PCURVE('',#1079,#2976);
#2976 = DEFINITIONAL_REPRESENTATION('',(#2977),#2981);
#2977 = LINE('',#2978,#2979);
#2978 = CARTESIAN_POINT('',(1.570796326795,0.));
#2979 = VECTOR('',#2980,1.);
#2980 = DIRECTION('',(0.,1.));
#2981 = ( GEOMETRIC_REPRESENTATION_CONTEXT(2) 
PARAMETRIC_REPRESENTATION_CONTEXT() REPRESENTATION_CONTEXT('2D SPACE',''
  ) );
#2982 = PCURVE('',#2983,#2988);
#2983 = PLANE('',#2984);
#2984 = AXIS2_PLACEMENT_3D('',#2985,#2986,#2987);
#2985 = CARTESIAN_POINT('',(-45.,25.,-11.));
#2986 = DIRECTION('',(0.,1.,0.));
#2987 = DIRECTION('',(0.,0.,1.));
#2988 = DEFINITIONAL_REPRESENTATION('',(#2989),#2993);
#2989 = LINE('',#2990,#2991);
#2990 = CARTESIAN_POINT('',(1.5,3.));
#2991 = VECTOR('',#2992,1.);
#2992 = DIRECTION('',(0.,1.));
#2993 = ( GEOMETRIC_REPRESENTATION_CONTEXT(2) 
PARAMETRIC_REPRESENTATION_CONTEXT() REPRESENTATION_CONTEXT('2D SPACE',''
  ) );
#2994 = ORIENTED_EDGE('',*,*,#2858,.F.);
#2995 = ADVANCED_FACE('',(#2996),#1112,.T.);
#2996 = FACE_BOUND('',#2997,.F.);
#2997 = EDGE_LOOP('',(#2998,#3027,#3050,#3079,#3105,#3159,#3160,#3161,
    #3182,#3204));
#2998 = ORIENTED_EDGE('',*,*,#2999,.F.);
#2999 = EDGE_CURVE('',#3000,#3000,#3002,.T.);
#3000 = VERTEX_POINT('',#3001);
#3001 = CARTESIAN_POINT('',(38.5,25.5,-14.5));
#3002 = SURFACE_CURVE('',#3003,(#3008,#3015),.PCURVE_S1.);
#3003 = CIRCLE('',#3004,8.5);
#3004 = AXIS2_PLACEMENT_3D('',#3005,#3006,#3007);
#3005 = CARTESIAN_POINT('',(30.,25.5,-14.5));
#3006 = DIRECTION('',(0.,0.,1.));
#3007 = DIRECTION('',(1.,0.,0.));
#3008 = PCURVE('',#1112,#3009);
#3009 = DEFINITIONAL_REPRESENTATION('',(#3010),#3014);
#3010 = LINE('',#3011,#3012);
#3011 = CARTESIAN_POINT('',(-0.,0.));
#3012 = VECTOR('',#3013,1.);
#3013 = DIRECTION('',(-1.,0.));
#3014 = ( GEOMETRIC_REPRESENTATION_CONTEXT(2) 
PARAMETRIC_REPRESENTATION_CONTEXT() REPRESENTATION_CONTEXT('2D SPACE',''
  ) );
#3015 = PCURVE('',#3016,#3021);
#3016 = PLANE('',#3017);
#3017 = AXIS2_PLACEMENT_3D('',#3018,#3019,#3020);
#3018 = CARTESIAN_POINT('',(30.,25.5,-14.5));
#3019 = DIRECTION('',(0.,0.,1.));
#3020 = DIRECTION('',(1.,0.,-0.));
#3021 = DEFINITIONAL_REPRESENTATION('',(#3022),#3026);
#3022 = CIRCLE('',#3023,8.5);
#3023 = AXIS2_PLACEMENT_2D('',#3024,#3025);
#3024 = CARTESIAN_POINT('',(7.105427357601E-15,0.));
#3025 = DIRECTION('',(1.,0.));
#3026 = ( GEOMETRIC_REPRESENTATION_CONTEXT(2) 
PARAMETRIC_REPRESENTATION_CONTEXT() REPRESENTATION_CONTEXT('2D SPACE',''
  ) );
#3027 = ORIENTED_EDGE('',*,*,#3028,.T.);
#3028 = EDGE_CURVE('',#3000,#3029,#3031,.T.);
#3029 = VERTEX_POINT('',#3030);
#3030 = CARTESIAN_POINT('',(38.5,25.5,-6.5));
#3031 = SEAM_CURVE('',#3032,(#3036,#3043),.PCURVE_S1.);
#3032 = LINE('',#3033,#3034);
#3033 = CARTESIAN_POINT('',(38.5,25.5,-14.5));
#3034 = VECTOR('',#3035,1.);
#3035 = DIRECTION('',(0.,0.,1.));
#3036 = PCURVE('',#1112,#3037);
#3037 = DEFINITIONAL_REPRESENTATION('',(#3038),#3042);
#3038 = LINE('',#3039,#3040);
#3039 = CARTESIAN_POINT('',(-6.28318530718,0.));
#3040 = VECTOR('',#3041,1.);
#3041 = DIRECTION('',(-0.,-1.));
#3042 = ( GEOMETRIC_REPRESENTATION_CONTEXT(2) 
PARAMETRIC_REPRESENTATION_CONTEXT() REPRESENTATION_CONTEXT('2D SPACE',''
  ) );
#3043 = PCURVE('',#1112,#3044);
#3044 = DEFINITIONAL_REPRESENTATION('',(#3045),#3049);
#3045 = LINE('',#3046,#3047);
#3046 = CARTESIAN_POINT('',(-0.,0.));
#3047 = VECTOR('',#3048,1.);
#3048 = DIRECTION('',(-0.,-1.));
#3049 = ( GEOMETRIC_REPRESENTATION_CONTEXT(2) 
PARAMETRIC_REPRESENTATION_CONTEXT() REPRESENTATION_CONTEXT('2D SPACE',''
  ) );
#3050 = ORIENTED_EDGE('',*,*,#3051,.T.);
#3051 = EDGE_CURVE('',#3029,#3052,#3054,.T.);
#3052 = VERTEX_POINT('',#3053);
#3053 = CARTESIAN_POINT('',(21.514718625761,25.,-6.5));
#3054 = SURFACE_CURVE('',#3055,(#3060,#3067),.PCURVE_S1.);
#3055 = CIRCLE('',#3056,8.5);
#3056 = AXIS2_PLACEMENT_3D('',#3057,#3058,#3059);
#3057 = CARTESIAN_POINT('',(30.,25.5,-6.5));
#3058 = DIRECTION('',(0.,0.,1.));
#3059 = DIRECTION('',(1.,0.,0.));
#3060 = PCURVE('',#1112,#3061);
#3061 = DEFINITIONAL_REPRESENTATION('',(#3062),#3066);
#3062 = LINE('',#3063,#3064);
#3063 = CARTESIAN_POINT('',(-0.,-8.));
#3064 = VECTOR('',#3065,1.);
#3065 = DIRECTION('',(-1.,0.));
#3066 = ( GEOMETRIC_REPRESENTATION_CONTEXT(2) 
PARAMETRIC_REPRESENTATION_CONTEXT() REPRESENTATION_CONTEXT('2D SPACE',''
  ) );
#3067 = PCURVE('',#3068,#3073);
#3068 = PLANE('',#3069);
#3069 = AXIS2_PLACEMENT_3D('',#3070,#3071,#3072);
#3070 = CARTESIAN_POINT('',(30.,25.5,-6.5));
#3071 = DIRECTION('',(0.,0.,1.));
#3072 = DIRECTION('',(1.,0.,-0.));
#3073 = DEFINITIONAL_REPRESENTATION('',(#3074),#3078);
#3074 = CIRCLE('',#3075,8.5);
#3075 = AXIS2_PLACEMENT_2D('',#3076,#3077);
#3076 = CARTESIAN_POINT('',(7.105427357601E-15,0.));
#3077 = DIRECTION('',(1.,0.));
#3078 = ( GEOMETRIC_REPRESENTATION_CONTEXT(2) 
PARAMETRIC_REPRESENTATION_CONTEXT() REPRESENTATION_CONTEXT('2D SPACE',''
  ) );
#3079 = ORIENTED_EDGE('',*,*,#3080,.T.);
#3080 = EDGE_CURVE('',#3052,#3081,#3083,.T.);
#3081 = VERTEX_POINT('',#3082);
#3082 = CARTESIAN_POINT('',(21.514718625761,25.,-9.5));
#3083 = SURFACE_CURVE('',#3084,(#3088,#3094),.PCURVE_S1.);
#3084 = LINE('',#3085,#3086);
#3085 = CARTESIAN_POINT('',(21.514718625761,25.,-14.5));
#3086 = VECTOR('',#3087,1.);
#3087 = DIRECTION('',(-0.,-0.,-1.));
#3088 = PCURVE('',#1112,#3089);
#3089 = DEFINITIONAL_REPRESENTATION('',(#3090),#3093);
#3090 = B_SPLINE_CURVE_WITH_KNOTS('',1,(#3091,#3092),.UNSPECIFIED.,.F.,
  .F.,(2,2),(-8.0000006,-3.1),.PIECEWISE_BEZIER_KNOTS.);
#3091 = CARTESIAN_POINT('',(-3.200450159537,-8.0000006));
#3092 = CARTESIAN_POINT('',(-3.200450159537,-3.1));
#3093 = ( GEOMETRIC_REPRESENTATION_CONTEXT(2) 
PARAMETRIC_REPRESENTATION_CONTEXT() REPRESENTATION_CONTEXT('2D SPACE',''
  ) );
#3094 = PCURVE('',#3095,#3100);
#3095 = PLANE('',#3096);
#3096 = AXIS2_PLACEMENT_3D('',#3097,#3098,#3099);
#3097 = CARTESIAN_POINT('',(-45.,25.,-11.));
#3098 = DIRECTION('',(0.,1.,0.));
#3099 = DIRECTION('',(0.,0.,1.));
#3100 = DEFINITIONAL_REPRESENTATION('',(#3101),#3104);
#3101 = B_SPLINE_CURVE_WITH_KNOTS('',1,(#3102,#3103),.UNSPECIFIED.,.F.,
  .F.,(2,2),(-8.0000006,-3.1),.PIECEWISE_BEZIER_KNOTS.);
#3102 = CARTESIAN_POINT('',(4.5000006,66.514718625761));
#3103 = CARTESIAN_POINT('',(-0.4,66.514718625761));
#3104 = ( GEOMETRIC_REPRESENTATION_CONTEXT(2) 
PARAMETRIC_REPRESENTATION_CONTEXT() REPRESENTATION_CONTEXT('2D SPACE',''
  ) );
#3105 = ORIENTED_EDGE('',*,*,#3106,.F.);
#3106 = EDGE_CURVE('',#1092,#3081,#3107,.T.);
#3107 = SURFACE_CURVE('',#3108,(#3123,#3141),.PCURVE_S1.);
#3108 = B_SPLINE_CURVE_WITH_KNOTS('',7,(#3109,#3110,#3111,#3112,#3113,
    #3114,#3115,#3116,#3117,#3118,#3119,#3120,#3121,#3122),
  .UNSPECIFIED.,.F.,.F.,(8,6,8),(0.,0.402049391486,1.),.UNSPECIFIED.);
#3109 = CARTESIAN_POINT('',(21.738644179071,23.5,-11.));
#3110 = CARTESIAN_POINT('',(21.701665077111,23.652748759614,-11.));
#3111 = CARTESIAN_POINT('',(21.668204680695,23.805371301467,
    -10.98185272057));
#3112 = CARTESIAN_POINT('',(21.639005557221,23.954484345756,
    -10.94561240252));
#3113 = CARTESIAN_POINT('',(21.614344303344,24.096774104452,
    -10.89236009726));
#3114 = CARTESIAN_POINT('',(21.594012682242,24.229248797749,
    -10.82414299043));
#3115 = CARTESIAN_POINT('',(21.577532980021,24.349526671586,
    -10.74396475801));
#3116 = CARTESIAN_POINT('',(21.544720381029,24.614691388396,
    -10.52460142674));
#3117 = CARTESIAN_POINT('',(21.532087440998,24.745309420458,
    -10.37380217566));
#3118 = CARTESIAN_POINT('',(21.524130611619,24.848283500733,
    -10.20985648772));
#3119 = CARTESIAN_POINT('',(21.519167072497,24.92449879887,
    -10.03733894964));
#3120 = CARTESIAN_POINT('',(21.516200172651,24.97485935996,
    -9.85972732864));
#3121 = CARTESIAN_POINT('',(21.514718625761,25.,-9.679790921363));
#3122 = CARTESIAN_POINT('',(21.514718625761,25.,-9.5));
#3123 = PCURVE('',#1112,#3124);
#3124 = DEFINITIONAL_REPRESENTATION('',(#3125),#3140);
#3125 = B_SPLINE_CURVE_WITH_KNOTS('',7,(#3126,#3127,#3128,#3129,#3130,
    #3131,#3132,#3133,#3134,#3135,#3136,#3137,#3138,#3139),
  .UNSPECIFIED.,.F.,.F.,(8,6,8),(0.,0.402049391486,1.),.UNSPECIFIED.);
#3126 = CARTESIAN_POINT('',(-3.379113824371,-3.5));
#3127 = CARTESIAN_POINT('',(-3.360624273391,-3.5));
#3128 = CARTESIAN_POINT('',(-3.342246549703,-3.518147279423));
#3129 = CARTESIAN_POINT('',(-3.32437780585,-3.554387597471));
#3130 = CARTESIAN_POINT('',(-3.307394617698,-3.607639902732));
#3131 = CARTESIAN_POINT('',(-3.291630241531,-3.67585700957));
#3132 = CARTESIAN_POINT('',(-3.277348924559,-3.756035241981));
#3133 = CARTESIAN_POINT('',(-3.245915137677,-3.97539857326));
#3134 = CARTESIAN_POINT('',(-3.230482112874,-4.126197824332));
#3135 = CARTESIAN_POINT('',(-3.218333388814,-4.290143512272));
#3136 = CARTESIAN_POINT('',(-3.209348052363,-4.462661050356));
#3137 = CARTESIAN_POINT('',(-3.20341301507,-4.64027267136));
#3138 = CARTESIAN_POINT('',(-3.200450159537,-4.820209078637));
#3139 = CARTESIAN_POINT('',(-3.200450159537,-5.));
#3140 = ( GEOMETRIC_REPRESENTATION_CONTEXT(2) 
PARAMETRIC_REPRESENTATION_CONTEXT() REPRESENTATION_CONTEXT('2D SPACE',''
  ) );
#3141 = PCURVE('',#1140,#3142);
#3142 = DEFINITIONAL_REPRESENTATION('',(#3143),#3158);
#3143 = B_SPLINE_CURVE_WITH_KNOTS('',7,(#3144,#3145,#3146,#3147,#3148,
    #3149,#3150,#3151,#3152,#3153,#3154,#3155,#3156,#3157),
  .UNSPECIFIED.,.F.,.F.,(8,6,8),(0.,0.402049391486,1.),.UNSPECIFIED.);
#3144 = CARTESIAN_POINT('',(0.,63.738644179071));
#3145 = CARTESIAN_POINT('',(0.10183250641,63.701665077111));
#3146 = CARTESIAN_POINT('',(0.203580774656,63.668204680695));
#3147 = CARTESIAN_POINT('',(0.304714738956,63.639005557221));
#3148 = CARTESIAN_POINT('',(0.404734778379,63.614344303344));
#3149 = CARTESIAN_POINT('',(0.503053838191,63.594012682242));
#3150 = CARTESIAN_POINT('',(0.59890943138,63.577532980021));
#3151 = CARTESIAN_POINT('',(0.828336348478,63.544720381029));
#3152 = CARTESIAN_POINT('',(0.959514210127,63.532087440998));
#3153 = CARTESIAN_POINT('',(1.086291517659,63.524130611619));
#3154 = CARTESIAN_POINT('',(1.209755448004,63.519167072497));
#3155 = CARTESIAN_POINT('',(1.330978750613,63.516200172651));
#3156 = CARTESIAN_POINT('',(1.450935712553,63.514718625761));
#3157 = CARTESIAN_POINT('',(1.570796326795,63.514718625761));
#3158 = ( GEOMETRIC_REPRESENTATION_CONTEXT(2) 
PARAMETRIC_REPRESENTATION_CONTEXT() REPRESENTATION_CONTEXT('2D SPACE',''
  ) );
#3159 = ORIENTED_EDGE('',*,*,#1091,.F.);
#3160 = ORIENTED_EDGE('',*,*,#2913,.T.);
#3161 = ORIENTED_EDGE('',*,*,#3162,.F.);
#3162 = EDGE_CURVE('',#3163,#2914,#3165,.T.);
#3163 = VERTEX_POINT('',#3164);
#3164 = CARTESIAN_POINT('',(38.485281374239,25.,-6.5));
#3165 = SURFACE_CURVE('',#3166,(#3170,#3176),.PCURVE_S1.);
#3166 = LINE('',#3167,#3168);
#3167 = CARTESIAN_POINT('',(38.485281374239,25.,-14.5));
#3168 = VECTOR('',#3169,1.);
#3169 = DIRECTION('',(-0.,-0.,-1.));
#3170 = PCURVE('',#1112,#3171);
#3171 = DEFINITIONAL_REPRESENTATION('',(#3172),#3175);
#3172 = B_SPLINE_CURVE_WITH_KNOTS('',1,(#3173,#3174),.UNSPECIFIED.,.F.,
  .F.,(2,2),(-8.0000006,-3.1),.PIECEWISE_BEZIER_KNOTS.);
#3173 = CARTESIAN_POINT('',(-6.224327801233,-8.0000006));
#3174 = CARTESIAN_POINT('',(-6.224327801233,-3.1));
#3175 = ( GEOMETRIC_REPRESENTATION_CONTEXT(2) 
PARAMETRIC_REPRESENTATION_CONTEXT() REPRESENTATION_CONTEXT('2D SPACE',''
  ) );
#3176 = PCURVE('',#2983,#3177);
#3177 = DEFINITIONAL_REPRESENTATION('',(#3178),#3181);
#3178 = B_SPLINE_CURVE_WITH_KNOTS('',1,(#3179,#3180),.UNSPECIFIED.,.F.,
  .F.,(2,2),(-8.0000006,-3.1),.PIECEWISE_BEZIER_KNOTS.);
#3179 = CARTESIAN_POINT('',(4.5000006,83.485281374239));
#3180 = CARTESIAN_POINT('',(-0.4,83.485281374239));
#3181 = ( GEOMETRIC_REPRESENTATION_CONTEXT(2) 
PARAMETRIC_REPRESENTATION_CONTEXT() REPRESENTATION_CONTEXT('2D SPACE',''
  ) );
#3182 = ORIENTED_EDGE('',*,*,#3183,.T.);
#3183 = EDGE_CURVE('',#3163,#3029,#3184,.T.);
#3184 = SURFACE_CURVE('',#3185,(#3190,#3197),.PCURVE_S1.);
#3185 = CIRCLE('',#3186,8.5);
#3186 = AXIS2_PLACEMENT_3D('',#3187,#3188,#3189);
#3187 = CARTESIAN_POINT('',(30.,25.5,-6.5));
#3188 = DIRECTION('',(0.,0.,1.));
#3189 = DIRECTION('',(1.,0.,0.));
#3190 = PCURVE('',#1112,#3191);
#3191 = DEFINITIONAL_REPRESENTATION('',(#3192),#3196);
#3192 = LINE('',#3193,#3194);
#3193 = CARTESIAN_POINT('',(-0.,-8.));
#3194 = VECTOR('',#3195,1.);
#3195 = DIRECTION('',(-1.,0.));
#3196 = ( GEOMETRIC_REPRESENTATION_CONTEXT(2) 
PARAMETRIC_REPRESENTATION_CONTEXT() REPRESENTATION_CONTEXT('2D SPACE',''
  ) );
#3197 = PCURVE('',#3068,#3198);
#3198 = DEFINITIONAL_REPRESENTATION('',(#3199),#3203);
#3199 = CIRCLE('',#3200,8.5);
#3200 = AXIS2_PLACEMENT_2D('',#3201,#3202);
#3201 = CARTESIAN_POINT('',(7.105427357601E-15,0.));
#3202 = DIRECTION('',(1.,0.));
#3203 = ( GEOMETRIC_REPRESENTATION_CONTEXT(2) 
PARAMETRIC_REPRESENTATION_CONTEXT() REPRESENTATION_CONTEXT('2D SPACE',''
  ) );
#3204 = ORIENTED_EDGE('',*,*,#3028,.F.);
#3205 = ADVANCED_FACE('',(#3206),#1140,.T.);
#3206 = FACE_BOUND('',#3207,.T.);
#3207 = EDGE_LOOP('',(#3208,#3209,#3265,#3286));
#3208 = ORIENTED_EDGE('',*,*,#1124,.F.);
#3209 = ORIENTED_EDGE('',*,*,#3210,.T.);
#3210 = EDGE_CURVE('',#1125,#3211,#3213,.T.);
#3211 = VERTEX_POINT('',#3212);
#3212 = CARTESIAN_POINT('',(-21.51471862576,25.,-9.5));
#3213 = SURFACE_CURVE('',#3214,(#3229,#3247),.PCURVE_S1.);
#3214 = B_SPLINE_CURVE_WITH_KNOTS('',7,(#3215,#3216,#3217,#3218,#3219,
    #3220,#3221,#3222,#3223,#3224,#3225,#3226,#3227,#3228),
  .UNSPECIFIED.,.F.,.F.,(8,6,8),(0.,0.402049391486,1.),.UNSPECIFIED.);
#3215 = CARTESIAN_POINT('',(-21.73864417907,23.5,-11.));
#3216 = CARTESIAN_POINT('',(-21.70166507711,23.652748759614,-11.));
#3217 = CARTESIAN_POINT('',(-21.66820468069,23.805371301467,
    -10.98185272057));
#3218 = CARTESIAN_POINT('',(-21.63900555722,23.954484345756,
    -10.94561240252));
#3219 = CARTESIAN_POINT('',(-21.61434430334,24.096774104452,
    -10.89236009726));
#3220 = CARTESIAN_POINT('',(-21.59401268224,24.229248797749,
    -10.82414299043));
#3221 = CARTESIAN_POINT('',(-21.57753298002,24.349526671586,
    -10.74396475801));
#3222 = CARTESIAN_POINT('',(-21.54472038102,24.614691388396,
    -10.52460142674));
#3223 = CARTESIAN_POINT('',(-21.53208744099,24.745309420458,
    -10.37380217566));
#3224 = CARTESIAN_POINT('',(-21.52413061161,24.848283500733,
    -10.20985648772));
#3225 = CARTESIAN_POINT('',(-21.51916707249,24.92449879887,
    -10.03733894964));
#3226 = CARTESIAN_POINT('',(-21.51620017265,24.97485935996,
    -9.85972732864));
#3227 = CARTESIAN_POINT('',(-21.51471862576,25.,-9.679790921363));
#3228 = CARTESIAN_POINT('',(-21.51471862576,25.,-9.5));
#3229 = PCURVE('',#1140,#3230);
#3230 = DEFINITIONAL_REPRESENTATION('',(#3231),#3246);
#3231 = B_SPLINE_CURVE_WITH_KNOTS('',7,(#3232,#3233,#3234,#3235,#3236,
    #3237,#3238,#3239,#3240,#3241,#3242,#3243,#3244,#3245),
  .UNSPECIFIED.,.F.,.F.,(8,6,8),(0.,0.402049391486,1.),.UNSPECIFIED.);
#3232 = CARTESIAN_POINT('',(0.,20.261355820929));
#3233 = CARTESIAN_POINT('',(0.10183250641,20.298334922889));
#3234 = CARTESIAN_POINT('',(0.203580774656,20.331795319305));
#3235 = CARTESIAN_POINT('',(0.304714738956,20.360994442779));
#3236 = CARTESIAN_POINT('',(0.404734778379,20.385655696656));
#3237 = CARTESIAN_POINT('',(0.503053838191,20.405987317758));
#3238 = CARTESIAN_POINT('',(0.59890943138,20.422467019979));
#3239 = CARTESIAN_POINT('',(0.828336348478,20.455279618971));
#3240 = CARTESIAN_POINT('',(0.959514210126,20.467912559002));
#3241 = CARTESIAN_POINT('',(1.086291517659,20.475869388381));
#3242 = CARTESIAN_POINT('',(1.209755448003,20.480832927503));
#3243 = CARTESIAN_POINT('',(1.330978750613,20.483799827349));
#3244 = CARTESIAN_POINT('',(1.450935712553,20.485281374239));
#3245 = CARTESIAN_POINT('',(1.570796326795,20.485281374239));
#3246 = ( GEOMETRIC_REPRESENTATION_CONTEXT(2) 
PARAMETRIC_REPRESENTATION_CONTEXT() REPRESENTATION_CONTEXT('2D SPACE',''
  ) );
#3247 = PCURVE('',#1171,#3248);
#3248 = DEFINITIONAL_REPRESENTATION('',(#3249),#3264);
#3249 = B_SPLINE_CURVE_WITH_KNOTS('',7,(#3250,#3251,#3252,#3253,#3254,
    #3255,#3256,#3257,#3258,#3259,#3260,#3261,#3262,#3263),
  .UNSPECIFIED.,.F.,.F.,(8,6,8),(0.,0.402049391486,1.),.UNSPECIFIED.);
#3250 = CARTESIAN_POINT('',(-6.045664136398,-3.5));
#3251 = CARTESIAN_POINT('',(-6.064153687378,-3.5));
#3252 = CARTESIAN_POINT('',(-6.082531411066,-3.518147279423));
#3253 = CARTESIAN_POINT('',(-6.10040015492,-3.554387597471));
#3254 = CARTESIAN_POINT('',(-6.117383343072,-3.607639902732));
#3255 = CARTESIAN_POINT('',(-6.133147719238,-3.67585700957));
#3256 = CARTESIAN_POINT('',(-6.147429036211,-3.756035241981));
#3257 = CARTESIAN_POINT('',(-6.178862823092,-3.97539857326));
#3258 = CARTESIAN_POINT('',(-6.194295847896,-4.126197824332));
#3259 = CARTESIAN_POINT('',(-6.206444571955,-4.290143512272));
#3260 = CARTESIAN_POINT('',(-6.215429908407,-4.462661050356));
#3261 = CARTESIAN_POINT('',(-6.221364945699,-4.64027267136));
#3262 = CARTESIAN_POINT('',(-6.224327801233,-4.820209078637));
#3263 = CARTESIAN_POINT('',(-6.224327801233,-5.));
#3264 = ( GEOMETRIC_REPRESENTATION_CONTEXT(2) 
PARAMETRIC_REPRESENTATION_CONTEXT() REPRESENTATION_CONTEXT('2D SPACE',''
  ) );
#3265 = ORIENTED_EDGE('',*,*,#3266,.T.);
#3266 = EDGE_CURVE('',#3211,#3081,#3267,.T.);
#3267 = SURFACE_CURVE('',#3268,(#3272,#3279),.PCURVE_S1.);
#3268 = LINE('',#3269,#3270);
#3269 = CARTESIAN_POINT('',(-42.,25.,-9.5));
#3270 = VECTOR('',#3271,1.);
#3271 = DIRECTION('',(1.,0.,0.));
#3272 = PCURVE('',#1140,#3273);
#3273 = DEFINITIONAL_REPRESENTATION('',(#3274),#3278);
#3274 = LINE('',#3275,#3276);
#3275 = CARTESIAN_POINT('',(1.570796326795,0.));
#3276 = VECTOR('',#3277,1.);
#3277 = DIRECTION('',(0.,1.));
#3278 = ( GEOMETRIC_REPRESENTATION_CONTEXT(2) 
PARAMETRIC_REPRESENTATION_CONTEXT() REPRESENTATION_CONTEXT('2D SPACE',''
  ) );
#3279 = PCURVE('',#3095,#3280);
#3280 = DEFINITIONAL_REPRESENTATION('',(#3281),#3285);
#3281 = LINE('',#3282,#3283);
#3282 = CARTESIAN_POINT('',(1.5,3.));
#3283 = VECTOR('',#3284,1.);
#3284 = DIRECTION('',(0.,1.));
#3285 = ( GEOMETRIC_REPRESENTATION_CONTEXT(2) 
PARAMETRIC_REPRESENTATION_CONTEXT() REPRESENTATION_CONTEXT('2D SPACE',''
  ) );
#3286 = ORIENTED_EDGE('',*,*,#3106,.F.);
#3287 = ADVANCED_FACE('',(#3288),#1171,.T.);
#3288 = FACE_BOUND('',#3289,.F.);
#3289 = EDGE_LOOP('',(#3290,#3319,#3342,#3364,#3365,#3366,#3367,#3368,
    #3389,#3411));
#3290 = ORIENTED_EDGE('',*,*,#3291,.F.);
#3291 = EDGE_CURVE('',#3292,#3292,#3294,.T.);
#3292 = VERTEX_POINT('',#3293);
#3293 = CARTESIAN_POINT('',(-21.5,25.5,-14.5));
#3294 = SURFACE_CURVE('',#3295,(#3300,#3307),.PCURVE_S1.);
#3295 = CIRCLE('',#3296,8.5);
#3296 = AXIS2_PLACEMENT_3D('',#3297,#3298,#3299);
#3297 = CARTESIAN_POINT('',(-30.,25.5,-14.5));
#3298 = DIRECTION('',(0.,0.,1.));
#3299 = DIRECTION('',(1.,0.,0.));
#3300 = PCURVE('',#1171,#3301);
#3301 = DEFINITIONAL_REPRESENTATION('',(#3302),#3306);
#3302 = LINE('',#3303,#3304);
#3303 = CARTESIAN_POINT('',(-0.,0.));
#3304 = VECTOR('',#3305,1.);
#3305 = DIRECTION('',(-1.,0.));
#3306 = ( GEOMETRIC_REPRESENTATION_CONTEXT(2) 
PARAMETRIC_REPRESENTATION_CONTEXT() REPRESENTATION_CONTEXT('2D SPACE',''
  ) );
#3307 = PCURVE('',#3308,#3313);
#3308 = PLANE('',#3309);
#3309 = AXIS2_PLACEMENT_3D('',#3310,#3311,#3312);
#3310 = CARTESIAN_POINT('',(-30.,25.5,-14.5));
#3311 = DIRECTION('',(0.,0.,1.));
#3312 = DIRECTION('',(1.,0.,-0.));
#3313 = DEFINITIONAL_REPRESENTATION('',(#3314),#3318);
#3314 = CIRCLE('',#3315,8.5);
#3315 = AXIS2_PLACEMENT_2D('',#3316,#3317);
#3316 = CARTESIAN_POINT('',(-3.552713678801E-15,-3.552713678801E-15));
#3317 = DIRECTION('',(1.,0.));
#3318 = ( GEOMETRIC_REPRESENTATION_CONTEXT(2) 
PARAMETRIC_REPRESENTATION_CONTEXT() REPRESENTATION_CONTEXT('2D SPACE',''
  ) );
#3319 = ORIENTED_EDGE('',*,*,#3320,.T.);
#3320 = EDGE_CURVE('',#3292,#3321,#3323,.T.);
#3321 = VERTEX_POINT('',#3322);
#3322 = CARTESIAN_POINT('',(-21.5,25.5,-6.5));
#3323 = SEAM_CURVE('',#3324,(#3328,#3335),.PCURVE_S1.);
#3324 = LINE('',#3325,#3326);
#3325 = CARTESIAN_POINT('',(-21.5,25.5,-14.5));
#3326 = VECTOR('',#3327,1.);
#3327 = DIRECTION('',(0.,0.,1.));
#3328 = PCURVE('',#1171,#3329);
#3329 = DEFINITIONAL_REPRESENTATION('',(#3330),#3334);
#3330 = LINE('',#3331,#3332);
#3331 = CARTESIAN_POINT('',(-6.28318530718,0.));
#3332 = VECTOR('',#3333,1.);
#3333 = DIRECTION('',(-0.,-1.));
#3334 = ( GEOMETRIC_REPRESENTATION_CONTEXT(2) 
PARAMETRIC_REPRESENTATION_CONTEXT() REPRESENTATION_CONTEXT('2D SPACE',''
  ) );
#3335 = PCURVE('',#1171,#3336);
#3336 = DEFINITIONAL_REPRESENTATION('',(#3337),#3341);
#3337 = LINE('',#3338,#3339);
#3338 = CARTESIAN_POINT('',(-0.,0.));
#3339 = VECTOR('',#3340,1.);
#3340 = DIRECTION('',(-0.,-1.));
#3341 = ( GEOMETRIC_REPRESENTATION_CONTEXT(2) 
PARAMETRIC_REPRESENTATION_CONTEXT() REPRESENTATION_CONTEXT('2D SPACE',''
  ) );
#3342 = ORIENTED_EDGE('',*,*,#3343,.T.);
#3343 = EDGE_CURVE('',#3321,#1588,#3344,.T.);
#3344 = SURFACE_CURVE('',#3345,(#3350,#3357),.PCURVE_S1.);
#3345 = CIRCLE('',#3346,8.5);
#3346 = AXIS2_PLACEMENT_3D('',#3347,#3348,#3349);
#3347 = CARTESIAN_POINT('',(-30.,25.5,-6.5));
#3348 = DIRECTION('',(0.,0.,1.));
#3349 = DIRECTION('',(1.,0.,0.));
#3350 = PCURVE('',#1171,#3351);
#3351 = DEFINITIONAL_REPRESENTATION('',(#3352),#3356);
#3352 = LINE('',#3353,#3354);
#3353 = CARTESIAN_POINT('',(-0.,-8.));
#3354 = VECTOR('',#3355,1.);
#3355 = DIRECTION('',(-1.,0.));
#3356 = ( GEOMETRIC_REPRESENTATION_CONTEXT(2) 
PARAMETRIC_REPRESENTATION_CONTEXT() REPRESENTATION_CONTEXT('2D SPACE',''
  ) );
#3357 = PCURVE('',#1602,#3358);
#3358 = DEFINITIONAL_REPRESENTATION('',(#3359),#3363);
#3359 = CIRCLE('',#3360,8.5);
#3360 = AXIS2_PLACEMENT_2D('',#3361,#3362);
#3361 = CARTESIAN_POINT('',(-3.552713678801E-15,-3.552713678801E-15));
#3362 = DIRECTION('',(1.,0.));
#3363 = ( GEOMETRIC_REPRESENTATION_CONTEXT(2) 
PARAMETRIC_REPRESENTATION_CONTEXT() REPRESENTATION_CONTEXT('2D SPACE',''
  ) );
#3364 = ORIENTED_EDGE('',*,*,#1613,.T.);
#3365 = ORIENTED_EDGE('',*,*,#2354,.F.);
#3366 = ORIENTED_EDGE('',*,*,#1152,.F.);
#3367 = ORIENTED_EDGE('',*,*,#3210,.T.);
#3368 = ORIENTED_EDGE('',*,*,#3369,.F.);
#3369 = EDGE_CURVE('',#3370,#3211,#3372,.T.);
#3370 = VERTEX_POINT('',#3371);
#3371 = CARTESIAN_POINT('',(-21.51471862576,25.,-6.5));
#3372 = SURFACE_CURVE('',#3373,(#3377,#3383),.PCURVE_S1.);
#3373 = LINE('',#3374,#3375);
#3374 = CARTESIAN_POINT('',(-21.51471862576,25.,-14.5));
#3375 = VECTOR('',#3376,1.);
#3376 = DIRECTION('',(-0.,-0.,-1.));
#3377 = PCURVE('',#1171,#3378);
#3378 = DEFINITIONAL_REPRESENTATION('',(#3379),#3382);
#3379 = B_SPLINE_CURVE_WITH_KNOTS('',1,(#3380,#3381),.UNSPECIFIED.,.F.,
  .F.,(2,2),(-8.0000006,-3.1),.PIECEWISE_BEZIER_KNOTS.);
#3380 = CARTESIAN_POINT('',(-6.224327801233,-8.0000006));
#3381 = CARTESIAN_POINT('',(-6.224327801233,-3.1));
#3382 = ( GEOMETRIC_REPRESENTATION_CONTEXT(2) 
PARAMETRIC_REPRESENTATION_CONTEXT() REPRESENTATION_CONTEXT('2D SPACE',''
  ) );
#3383 = PCURVE('',#3095,#3384);
#3384 = DEFINITIONAL_REPRESENTATION('',(#3385),#3388);
#3385 = B_SPLINE_CURVE_WITH_KNOTS('',1,(#3386,#3387),.UNSPECIFIED.,.F.,
  .F.,(2,2),(-8.0000006,-3.1),.PIECEWISE_BEZIER_KNOTS.);
#3386 = CARTESIAN_POINT('',(4.5000006,23.485281374239));
#3387 = CARTESIAN_POINT('',(-0.4,23.485281374239));
#3388 = ( GEOMETRIC_REPRESENTATION_CONTEXT(2) 
PARAMETRIC_REPRESENTATION_CONTEXT() REPRESENTATION_CONTEXT('2D SPACE',''
  ) );
#3389 = ORIENTED_EDGE('',*,*,#3390,.T.);
#3390 = EDGE_CURVE('',#3370,#3321,#3391,.T.);
#3391 = SURFACE_CURVE('',#3392,(#3397,#3404),.PCURVE_S1.);
#3392 = CIRCLE('',#3393,8.5);
#3393 = AXIS2_PLACEMENT_3D('',#3394,#3395,#3396);
#3394 = CARTESIAN_POINT('',(-30.,25.5,-6.5));
#3395 = DIRECTION('',(0.,0.,1.));
#3396 = DIRECTION('',(1.,0.,0.));
#3397 = PCURVE('',#1171,#3398);
#3398 = DEFINITIONAL_REPRESENTATION('',(#3399),#3403);
#3399 = LINE('',#3400,#3401);
#3400 = CARTESIAN_POINT('',(-0.,-8.));
#3401 = VECTOR('',#3402,1.);
#3402 = DIRECTION('',(-1.,0.));
#3403 = ( GEOMETRIC_REPRESENTATION_CONTEXT(2) 
PARAMETRIC_REPRESENTATION_CONTEXT() REPRESENTATION_CONTEXT('2D SPACE',''
  ) );
#3404 = PCURVE('',#1602,#3405);
#3405 = DEFINITIONAL_REPRESENTATION('',(#3406),#3410);
#3406 = CIRCLE('',#3407,8.5);
#3407 = AXIS2_PLACEMENT_2D('',#3408,#3409);
#3408 = CARTESIAN_POINT('',(-3.552713678801E-15,-3.552713678801E-15));
#3409 = DIRECTION('',(1.,0.));
#3410 = ( GEOMETRIC_REPRESENTATION_CONTEXT(2) 
PARAMETRIC_REPRESENTATION_CONTEXT() REPRESENTATION_CONTEXT('2D SPACE',''
  ) );
#3411 = ORIENTED_EDGE('',*,*,#3320,.F.);
#3412 = ADVANCED_FACE('',(#3413),#1228,.T.);
#3413 = FACE_BOUND('',#3414,.T.);
#3414 = EDGE_LOOP('',(#3415,#3416,#3444,#3470,#3548,#3549));
#3415 = ORIENTED_EDGE('',*,*,#1294,.F.);
#3416 = ORIENTED_EDGE('',*,*,#3417,.T.);
#3417 = EDGE_CURVE('',#1269,#3418,#3420,.T.);
#3418 = VERTEX_POINT('',#3419);
#3419 = CARTESIAN_POINT('',(-34.,24.5,10.61803398875));
#3420 = SURFACE_CURVE('',#3421,(#3426,#3433),.PCURVE_S1.);
#3421 = CIRCLE('',#3422,1.5);
#3422 = AXIS2_PLACEMENT_3D('',#3423,#3424,#3425);
#3423 = CARTESIAN_POINT('',(-34.,23.5,9.5));
#3424 = DIRECTION('',(-1.,0.,-0.));
#3425 = DIRECTION('',(-0.,0.,1.));
#3426 = PCURVE('',#1228,#3427);
#3427 = DEFINITIONAL_REPRESENTATION('',(#3428),#3432);
#3428 = LINE('',#3429,#3430);
#3429 = CARTESIAN_POINT('',(0.,76.));
#3430 = VECTOR('',#3431,1.);
#3431 = DIRECTION('',(1.,0.));
#3432 = ( GEOMETRIC_REPRESENTATION_CONTEXT(2) 
PARAMETRIC_REPRESENTATION_CONTEXT() REPRESENTATION_CONTEXT('2D SPACE',''
  ) );
#3433 = PCURVE('',#1283,#3434);
#3434 = DEFINITIONAL_REPRESENTATION('',(#3435),#3443);
#3435 = ( BOUNDED_CURVE() B_SPLINE_CURVE(2,(#3436,#3437,#3438,#3439,
#3440,#3441,#3442),.UNSPECIFIED.,.T.,.F.) B_SPLINE_CURVE_WITH_KNOTS((1,2
    ,2,2,2,1),(-2.094395102393,0.,2.094395102393,4.188790204786,
6.28318530718,8.377580409573),.UNSPECIFIED.) CURVE() 
GEOMETRIC_REPRESENTATION_ITEM() RATIONAL_B_SPLINE_CURVE((1.,0.5,1.,0.5,
1.,0.5,1.)) REPRESENTATION_ITEM('') );
#3436 = CARTESIAN_POINT('',(9.,-4.));
#3437 = CARTESIAN_POINT('',(9.,-6.598076211353));
#3438 = CARTESIAN_POINT('',(6.75,-5.299038105677));
#3439 = CARTESIAN_POINT('',(4.5,-4.));
#3440 = CARTESIAN_POINT('',(6.75,-2.700961894323));
#3441 = CARTESIAN_POINT('',(9.,-1.401923788647));
#3442 = CARTESIAN_POINT('',(9.,-4.));
#3443 = ( GEOMETRIC_REPRESENTATION_CONTEXT(2) 
PARAMETRIC_REPRESENTATION_CONTEXT() REPRESENTATION_CONTEXT('2D SPACE',''
  ) );
#3444 = ORIENTED_EDGE('',*,*,#3445,.F.);
#3445 = EDGE_CURVE('',#3446,#3418,#3448,.T.);
#3446 = VERTEX_POINT('',#3447);
#3447 = CARTESIAN_POINT('',(-32.98705539718,24.5,10.618033995478));
#3448 = SURFACE_CURVE('',#3449,(#3453,#3459),.PCURVE_S1.);
#3449 = LINE('',#3450,#3451);
#3450 = CARTESIAN_POINT('',(42.,24.5,10.61803398875));
#3451 = VECTOR('',#3452,1.);
#3452 = DIRECTION('',(-1.,-0.,-0.));
#3453 = PCURVE('',#1228,#3454);
#3454 = DEFINITIONAL_REPRESENTATION('',(#3455),#3458);
#3455 = B_SPLINE_CURVE_WITH_KNOTS('',1,(#3456,#3457),.UNSPECIFIED.,.F.,
  .F.,(2,2),(74.433618104728,76.8),.PIECEWISE_BEZIER_KNOTS.);
#3456 = CARTESIAN_POINT('',(0.729727656227,74.433618104728));
#3457 = CARTESIAN_POINT('',(0.729727656227,76.8));
#3458 = ( GEOMETRIC_REPRESENTATION_CONTEXT(2) 
PARAMETRIC_REPRESENTATION_CONTEXT() REPRESENTATION_CONTEXT('2D SPACE',''
  ) );
#3459 = PCURVE('',#3460,#3465);
#3460 = PLANE('',#3461);
#3461 = AXIS2_PLACEMENT_3D('',#3462,#3463,#3464);
#3462 = CARTESIAN_POINT('',(-34.,24.5,2.));
#3463 = DIRECTION('',(0.,1.,0.));
#3464 = DIRECTION('',(0.,0.,1.));
#3465 = DEFINITIONAL_REPRESENTATION('',(#3466),#3469);
#3466 = B_SPLINE_CURVE_WITH_KNOTS('',1,(#3467,#3468),.UNSPECIFIED.,.F.,
  .F.,(2,2),(74.433618104728,76.8),.PIECEWISE_BEZIER_KNOTS.);
#3467 = CARTESIAN_POINT('',(8.61803398875,1.566381895272));
#3468 = CARTESIAN_POINT('',(8.61803398875,-0.8));
#3469 = ( GEOMETRIC_REPRESENTATION_CONTEXT(2) 
PARAMETRIC_REPRESENTATION_CONTEXT() REPRESENTATION_CONTEXT('2D SPACE',''
  ) );
#3470 = ORIENTED_EDGE('',*,*,#3471,.F.);
#3471 = EDGE_CURVE('',#1539,#3446,#3472,.T.);
#3472 = SURFACE_CURVE('',#3473,(#3496,#3522),.PCURVE_S1.);
#3473 = B_SPLINE_CURVE_WITH_KNOTS('',6,(#3474,#3475,#3476,#3477,#3478,
    #3479,#3480,#3481,#3482,#3483,#3484,#3485,#3486,#3487,#3488,#3489,
    #3490,#3491,#3492,#3493,#3494,#3495),.UNSPECIFIED.,.F.,.F.,(7,5,5,5,
    7),(0.,0.440439221268,0.543088543373,0.718016741541,1.),
  .UNSPECIFIED.);
#3474 = CARTESIAN_POINT('',(-33.11006430801,25.,9.5));
#3475 = CARTESIAN_POINT('',(-33.11006430801,25.,9.666787859349));
#3476 = CARTESIAN_POINT('',(-33.10648610273,24.97774583718,9.83396792482
    ));
#3477 = CARTESIAN_POINT('',(-33.09930036161,24.933038498115,
    9.998826624468));
#3478 = CARTESIAN_POINT('',(-33.0872348883,24.865628826545,
    10.158462326665));
#3479 = CARTESIAN_POINT('',(-33.0677489238,24.775363711445,
    10.309500920123));
#3480 = CARTESIAN_POINT('',(-33.02940766946,24.636326275698,
    10.480047091514));
#3481 = CARTESIAN_POINT('',(-33.02153739737,24.608850456585,
    10.511559359882));
#3482 = CARTESIAN_POINT('',(-33.01299883274,24.580210638938,
    10.542271247367));
#3483 = CARTESIAN_POINT('',(-33.00374628095,24.55044438781,
    10.57211034815));
#3484 = CARTESIAN_POINT('',(-32.99373326474,24.519594518532,
    10.601009518841));
#3485 = CARTESIAN_POINT('',(-32.96447253254,24.433372065817,
    10.676447717076));
#3486 = CARTESIAN_POINT('',(-32.94366855276,24.375971630909,
    10.72112787396));
#3487 = CARTESIAN_POINT('',(-32.9203170287,24.315903170494,
    10.762480141094));
#3488 = CARTESIAN_POINT('',(-32.89427241102,24.253634862217,
    10.800166013364));
#3489 = CARTESIAN_POINT('',(-32.86544841741,24.18967725646,
    10.833969990085));
#3490 = CARTESIAN_POINT('',(-32.78288556407,24.019572677804,
    10.911869811471));
#3491 = CARTESIAN_POINT('',(-32.725054121,23.912302309765,
    10.949263320992));
#3492 = CARTESIAN_POINT('',(-32.66039111522,23.804771355282,
    10.975948335506));
#3493 = CARTESIAN_POINT('',(-32.58940857621,23.698995777175,
    10.992496278609));
#3494 = CARTESIAN_POINT('',(-32.51321265083,23.596850658019,11.));
#3495 = CARTESIAN_POINT('',(-32.43361870472,23.5,11.));
#3496 = PCURVE('',#1228,#3497);
#3497 = DEFINITIONAL_REPRESENTATION('',(#3498),#3521);
#3498 = B_SPLINE_CURVE_WITH_KNOTS('',6,(#3499,#3500,#3501,#3502,#3503,
    #3504,#3505,#3506,#3507,#3508,#3509,#3510,#3511,#3512,#3513,#3514,
    #3515,#3516,#3517,#3518,#3519,#3520),.UNSPECIFIED.,.F.,.F.,(7,5,5,5,
    7),(0.,0.440439221268,0.543088543373,0.718016741541,1.),
  .UNSPECIFIED.);
#3499 = CARTESIAN_POINT('',(1.570796326795,75.110064308017));
#3500 = CARTESIAN_POINT('',(1.459604420562,75.110064308017));
#3501 = CARTESIAN_POINT('',(1.348150670073,75.106486102738));
#3502 = CARTESIAN_POINT('',(1.235772166906,75.099300361613));
#3503 = CARTESIAN_POINT('',(1.121861558346,75.087234888308));
#3504 = CARTESIAN_POINT('',(1.005793236073,75.0677489238));
#3505 = CARTESIAN_POINT('',(0.85910020039,75.029407669465));
#3506 = CARTESIAN_POINT('',(0.831243341393,75.021537397372));
#3507 = CARTESIAN_POINT('',(0.803271052186,75.012998832742));
#3508 = CARTESIAN_POINT('',(0.775196714067,75.003746280955));
#3509 = CARTESIAN_POINT('',(0.747032153803,74.993733264748));
#3510 = CARTESIAN_POINT('',(0.670655213987,74.964472532549));
#3511 = CARTESIAN_POINT('',(0.622241735702,74.943668552762));
#3512 = CARTESIAN_POINT('',(0.573749058489,74.920317028702));
#3513 = CARTESIAN_POINT('',(0.525350049378,74.894272411025));
#3514 = CARTESIAN_POINT('',(0.477199916772,74.865448417411));
#3515 = CARTESIAN_POINT('',(0.352470966462,74.78288556407));
#3516 = CARTESIAN_POINT('',(0.277071447264,74.725054121005));
#3517 = CARTESIAN_POINT('',(0.203665421354,74.660391115228));
#3518 = CARTESIAN_POINT('',(0.132663832412,74.589408576212));
#3519 = CARTESIAN_POINT('',(6.456710534579E-02,74.513212650838));
#3520 = CARTESIAN_POINT('',(0.,74.433618704728));
#3521 = ( GEOMETRIC_REPRESENTATION_CONTEXT(2) 
PARAMETRIC_REPRESENTATION_CONTEXT() REPRESENTATION_CONTEXT('2D SPACE',''
  ) );
#3522 = PCURVE('',#1576,#3523);
#3523 = DEFINITIONAL_REPRESENTATION('',(#3524),#3547);
#3524 = B_SPLINE_CURVE_WITH_KNOTS('',6,(#3525,#3526,#3527,#3528,#3529,
    #3530,#3531,#3532,#3533,#3534,#3535,#3536,#3537,#3538,#3539,#3540,
    #3541,#3542,#3543,#3544,#3545,#3546),.UNSPECIFIED.,.F.,.F.,(7,5,5,5,
    7),(0.,0.440439221268,0.543088543373,0.718016741541,1.),
  .UNSPECIFIED.);
#3525 = CARTESIAN_POINT('',(-3.300997026151,-25.5));
#3526 = CARTESIAN_POINT('',(-3.300997026151,-25.66678785934));
#3527 = CARTESIAN_POINT('',(-3.308152805305,-25.83396792482));
#3528 = CARTESIAN_POINT('',(-3.322526737474,-25.99882662446));
#3529 = CARTESIAN_POINT('',(-3.344265747927,-26.15846232666));
#3530 = CARTESIAN_POINT('',(-3.373534951054,-26.30950092012));
#3531 = CARTESIAN_POINT('',(-3.419321336353,-26.48004709151));
#3532 = CARTESIAN_POINT('',(-3.428394187568,-26.51155935988));
#3533 = CARTESIAN_POINT('',(-3.43788077572,-26.54227124736));
#3534 = CARTESIAN_POINT('',(-3.447775250219,-26.57211034815));
#3535 = CARTESIAN_POINT('',(-3.458070926285,-26.60100951884));
#3536 = CARTESIAN_POINT('',(-3.486976384295,-26.67644771707));
#3537 = CARTESIAN_POINT('',(-3.506354651393,-26.72112787396));
#3538 = CARTESIAN_POINT('',(-3.526805491652,-26.76248014109));
#3539 = CARTESIAN_POINT('',(-3.548221505401,-26.80016601336));
#3540 = CARTESIAN_POINT('',(-3.570483095779,-26.83396999008));
#3541 = CARTESIAN_POINT('',(-3.630509286781,-26.91186981147));
#3542 = CARTESIAN_POINT('',(-3.669161985675,-26.94926332099));
#3543 = CARTESIAN_POINT('',(-3.708927406066,-26.9759483355));
#3544 = CARTESIAN_POINT('',(-3.749290828937,-26.9924962786));
#3545 = CARTESIAN_POINT('',(-3.789701468554,-27.));
#3546 = CARTESIAN_POINT('',(-3.82949844161,-27.));
#3547 = ( GEOMETRIC_REPRESENTATION_CONTEXT(2) 
PARAMETRIC_REPRESENTATION_CONTEXT() REPRESENTATION_CONTEXT('2D SPACE',''
  ) );
#3548 = ORIENTED_EDGE('',*,*,#1538,.T.);
#3549 = ORIENTED_EDGE('',*,*,#1212,.F.);
#3550 = ADVANCED_FACE('',(#3551),#1283,.F.);
#3551 = FACE_BOUND('',#3552,.F.);
#3552 = EDGE_LOOP('',(#3553,#3583,#3611,#3639,#3658,#3659,#3660));
#3553 = ORIENTED_EDGE('',*,*,#3554,.F.);
#3554 = EDGE_CURVE('',#3555,#3557,#3559,.T.);
#3555 = VERTEX_POINT('',#3556);
#3556 = CARTESIAN_POINT('',(-34.,19.5,14.));
#3557 = VERTEX_POINT('',#3558);
#3558 = CARTESIAN_POINT('',(-34.,24.5,14.));
#3559 = SURFACE_CURVE('',#3560,(#3564,#3571),.PCURVE_S1.);
#3560 = LINE('',#3561,#3562);
#3561 = CARTESIAN_POINT('',(-34.,19.5,14.));
#3562 = VECTOR('',#3563,1.);
#3563 = DIRECTION('',(0.,1.,0.));
#3564 = PCURVE('',#1283,#3565);
#3565 = DEFINITIONAL_REPRESENTATION('',(#3566),#3570);
#3566 = LINE('',#3567,#3568);
#3567 = CARTESIAN_POINT('',(12.,0.));
#3568 = VECTOR('',#3569,1.);
#3569 = DIRECTION('',(0.,-1.));
#3570 = ( GEOMETRIC_REPRESENTATION_CONTEXT(2) 
PARAMETRIC_REPRESENTATION_CONTEXT() REPRESENTATION_CONTEXT('2D SPACE',''
  ) );
#3571 = PCURVE('',#3572,#3577);
#3572 = PLANE('',#3573);
#3573 = AXIS2_PLACEMENT_3D('',#3574,#3575,#3576);
#3574 = CARTESIAN_POINT('',(-34.,19.5,14.));
#3575 = DIRECTION('',(0.,0.,1.));
#3576 = DIRECTION('',(1.,0.,0.));
#3577 = DEFINITIONAL_REPRESENTATION('',(#3578),#3582);
#3578 = LINE('',#3579,#3580);
#3579 = CARTESIAN_POINT('',(0.,0.));
#3580 = VECTOR('',#3581,1.);
#3581 = DIRECTION('',(0.,1.));
#3582 = ( GEOMETRIC_REPRESENTATION_CONTEXT(2) 
PARAMETRIC_REPRESENTATION_CONTEXT() REPRESENTATION_CONTEXT('2D SPACE',''
  ) );
#3583 = ORIENTED_EDGE('',*,*,#3584,.F.);
#3584 = EDGE_CURVE('',#3585,#3555,#3587,.T.);
#3585 = VERTEX_POINT('',#3586);
#3586 = CARTESIAN_POINT('',(-34.,19.5,2.));
#3587 = SURFACE_CURVE('',#3588,(#3592,#3599),.PCURVE_S1.);
#3588 = LINE('',#3589,#3590);
#3589 = CARTESIAN_POINT('',(-34.,19.5,2.));
#3590 = VECTOR('',#3591,1.);
#3591 = DIRECTION('',(0.,0.,1.));
#3592 = PCURVE('',#1283,#3593);
#3593 = DEFINITIONAL_REPRESENTATION('',(#3594),#3598);
#3594 = LINE('',#3595,#3596);
#3595 = CARTESIAN_POINT('',(0.,0.));
#3596 = VECTOR('',#3597,1.);
#3597 = DIRECTION('',(1.,0.));
#3598 = ( GEOMETRIC_REPRESENTATION_CONTEXT(2) 
PARAMETRIC_REPRESENTATION_CONTEXT() REPRESENTATION_CONTEXT('2D SPACE',''
  ) );
#3599 = PCURVE('',#3600,#3605);
#3600 = PLANE('',#3601);
#3601 = AXIS2_PLACEMENT_3D('',#3602,#3603,#3604);
#3602 = CARTESIAN_POINT('',(-34.,19.5,2.));
#3603 = DIRECTION('',(0.,1.,0.));
#3604 = DIRECTION('',(0.,0.,1.));
#3605 = DEFINITIONAL_REPRESENTATION('',(#3606),#3610);
#3606 = LINE('',#3607,#3608);
#3607 = CARTESIAN_POINT('',(0.,0.));
#3608 = VECTOR('',#3609,1.);
#3609 = DIRECTION('',(1.,0.));
#3610 = ( GEOMETRIC_REPRESENTATION_CONTEXT(2) 
PARAMETRIC_REPRESENTATION_CONTEXT() REPRESENTATION_CONTEXT('2D SPACE',''
  ) );
#3611 = ORIENTED_EDGE('',*,*,#3612,.T.);
#3612 = EDGE_CURVE('',#3585,#3613,#3615,.T.);
#3613 = VERTEX_POINT('',#3614);
#3614 = CARTESIAN_POINT('',(-34.,22.,2.));
#3615 = SURFACE_CURVE('',#3616,(#3620,#3627),.PCURVE_S1.);
#3616 = LINE('',#3617,#3618);
#3617 = CARTESIAN_POINT('',(-34.,19.5,2.));
#3618 = VECTOR('',#3619,1.);
#3619 = DIRECTION('',(0.,1.,0.));
#3620 = PCURVE('',#1283,#3621);
#3621 = DEFINITIONAL_REPRESENTATION('',(#3622),#3626);
#3622 = LINE('',#3623,#3624);
#3623 = CARTESIAN_POINT('',(0.,0.));
#3624 = VECTOR('',#3625,1.);
#3625 = DIRECTION('',(0.,-1.));
#3626 = ( GEOMETRIC_REPRESENTATION_CONTEXT(2) 
PARAMETRIC_REPRESENTATION_CONTEXT() REPRESENTATION_CONTEXT('2D SPACE',''
  ) );
#3627 = PCURVE('',#3628,#3633);
#3628 = PLANE('',#3629);
#3629 = AXIS2_PLACEMENT_3D('',#3630,#3631,#3632);
#3630 = CARTESIAN_POINT('',(-34.,19.5,2.));
#3631 = DIRECTION('',(0.,0.,1.));
#3632 = DIRECTION('',(1.,0.,0.));
#3633 = DEFINITIONAL_REPRESENTATION('',(#3634),#3638);
#3634 = LINE('',#3635,#3636);
#3635 = CARTESIAN_POINT('',(0.,0.));
#3636 = VECTOR('',#3637,1.);
#3637 = DIRECTION('',(0.,1.));
#3638 = ( GEOMETRIC_REPRESENTATION_CONTEXT(2) 
PARAMETRIC_REPRESENTATION_CONTEXT() REPRESENTATION_CONTEXT('2D SPACE',''
  ) );
#3639 = ORIENTED_EDGE('',*,*,#3640,.F.);
#3640 = EDGE_CURVE('',#1267,#3613,#3641,.T.);
#3641 = SURFACE_CURVE('',#3642,(#3646,#3652),.PCURVE_S1.);
#3642 = LINE('',#3643,#3644);
#3643 = CARTESIAN_POINT('',(-34.,22.,-3.));
#3644 = VECTOR('',#3645,1.);
#3645 = DIRECTION('',(0.,0.,-1.));
#3646 = PCURVE('',#1283,#3647);
#3647 = DEFINITIONAL_REPRESENTATION('',(#3648),#3651);
#3648 = B_SPLINE_CURVE_WITH_KNOTS('',1,(#3649,#3650),.UNSPECIFIED.,.F.,
  .F.,(2,2),(-14.,-5.),.PIECEWISE_BEZIER_KNOTS.);
#3649 = CARTESIAN_POINT('',(9.,-2.5));
#3650 = CARTESIAN_POINT('',(0.,-2.5));
#3651 = ( GEOMETRIC_REPRESENTATION_CONTEXT(2) 
PARAMETRIC_REPRESENTATION_CONTEXT() REPRESENTATION_CONTEXT('2D SPACE',''
  ) );
#3652 = PCURVE('',#1499,#3653);
#3653 = DEFINITIONAL_REPRESENTATION('',(#3654),#3657);
#3654 = B_SPLINE_CURVE_WITH_KNOTS('',1,(#3655,#3656),.UNSPECIFIED.,.F.,
  .F.,(2,2),(-14.,-5.),.PIECEWISE_BEZIER_KNOTS.);
#3655 = CARTESIAN_POINT('',(19.,8.));
#3656 = CARTESIAN_POINT('',(10.,8.));
#3657 = ( GEOMETRIC_REPRESENTATION_CONTEXT(2) 
PARAMETRIC_REPRESENTATION_CONTEXT() REPRESENTATION_CONTEXT('2D SPACE',''
  ) );
#3658 = ORIENTED_EDGE('',*,*,#1266,.T.);
#3659 = ORIENTED_EDGE('',*,*,#3417,.T.);
#3660 = ORIENTED_EDGE('',*,*,#3661,.T.);
#3661 = EDGE_CURVE('',#3418,#3557,#3662,.T.);
#3662 = SURFACE_CURVE('',#3663,(#3667,#3674),.PCURVE_S1.);
#3663 = LINE('',#3664,#3665);
#3664 = CARTESIAN_POINT('',(-34.,24.5,2.));
#3665 = VECTOR('',#3666,1.);
#3666 = DIRECTION('',(0.,0.,1.));
#3667 = PCURVE('',#1283,#3668);
#3668 = DEFINITIONAL_REPRESENTATION('',(#3669),#3673);
#3669 = LINE('',#3670,#3671);
#3670 = CARTESIAN_POINT('',(0.,-5.));
#3671 = VECTOR('',#3672,1.);
#3672 = DIRECTION('',(1.,0.));
#3673 = ( GEOMETRIC_REPRESENTATION_CONTEXT(2) 
PARAMETRIC_REPRESENTATION_CONTEXT() REPRESENTATION_CONTEXT('2D SPACE',''
  ) );
#3674 = PCURVE('',#3460,#3675);
#3675 = DEFINITIONAL_REPRESENTATION('',(#3676),#3680);
#3676 = LINE('',#3677,#3678);
#3677 = CARTESIAN_POINT('',(0.,0.));
#3678 = VECTOR('',#3679,1.);
#3679 = DIRECTION('',(1.,0.));
#3680 = ( GEOMETRIC_REPRESENTATION_CONTEXT(2) 
PARAMETRIC_REPRESENTATION_CONTEXT() REPRESENTATION_CONTEXT('2D SPACE',''
  ) );
#3681 = ADVANCED_FACE('',(#3682),#1499,.F.);
#3682 = FACE_BOUND('',#3683,.F.);
#3683 = EDGE_LOOP('',(#3684,#3714,#3735,#3736,#3737,#3758,#3784,#3812,
    #3838,#3864,#3890,#3918,#3946,#3969,#3995,#4021,#4042,#4065,#4091,
    #4117));
#3684 = ORIENTED_EDGE('',*,*,#3685,.F.);
#3685 = EDGE_CURVE('',#3686,#3688,#3690,.T.);
#3686 = VERTEX_POINT('',#3687);
#3687 = CARTESIAN_POINT('',(-40.,22.,-8.));
#3688 = VERTEX_POINT('',#3689);
#3689 = CARTESIAN_POINT('',(-37.74596669241,22.,-8.));
#3690 = SURFACE_CURVE('',#3691,(#3695,#3702),.PCURVE_S1.);
#3691 = LINE('',#3692,#3693);
#3692 = CARTESIAN_POINT('',(-42.,22.,-8.));
#3693 = VECTOR('',#3694,1.);
#3694 = DIRECTION('',(1.,0.,0.));
#3695 = PCURVE('',#1499,#3696);
#3696 = DEFINITIONAL_REPRESENTATION('',(#3697),#3701);
#3697 = LINE('',#3698,#3699);
#3698 = CARTESIAN_POINT('',(0.,0.));
#3699 = VECTOR('',#3700,1.);
#3700 = DIRECTION('',(0.,1.));
#3701 = ( GEOMETRIC_REPRESENTATION_CONTEXT(2) 
PARAMETRIC_REPRESENTATION_CONTEXT() REPRESENTATION_CONTEXT('2D SPACE',''
  ) );
#3702 = PCURVE('',#3703,#3708);
#3703 = PLANE('',#3704);
#3704 = AXIS2_PLACEMENT_3D('',#3705,#3706,#3707);
#3705 = CARTESIAN_POINT('',(-42.,-22.,-8.));
#3706 = DIRECTION('',(0.,0.,1.));
#3707 = DIRECTION('',(1.,0.,0.));
#3708 = DEFINITIONAL_REPRESENTATION('',(#3709),#3713);
#3709 = LINE('',#3710,#3711);
#3710 = CARTESIAN_POINT('',(0.,44.));
#3711 = VECTOR('',#3712,1.);
#3712 = DIRECTION('',(1.,0.));
#3713 = ( GEOMETRIC_REPRESENTATION_CONTEXT(2) 
PARAMETRIC_REPRESENTATION_CONTEXT() REPRESENTATION_CONTEXT('2D SPACE',''
  ) );
#3714 = ORIENTED_EDGE('',*,*,#3715,.T.);
#3715 = EDGE_CURVE('',#3686,#1453,#3716,.T.);
#3716 = SURFACE_CURVE('',#3717,(#3721,#3728),.PCURVE_S1.);
#3717 = LINE('',#3718,#3719);
#3718 = CARTESIAN_POINT('',(-40.,22.,-8.));
#3719 = VECTOR('',#3720,1.);
#3720 = DIRECTION('',(0.,0.,1.));
#3721 = PCURVE('',#1499,#3722);
#3722 = DEFINITIONAL_REPRESENTATION('',(#3723),#3727);
#3723 = LINE('',#3724,#3725);
#3724 = CARTESIAN_POINT('',(0.,2.));
#3725 = VECTOR('',#3726,1.);
#3726 = DIRECTION('',(1.,0.));
#3727 = ( GEOMETRIC_REPRESENTATION_CONTEXT(2) 
PARAMETRIC_REPRESENTATION_CONTEXT() REPRESENTATION_CONTEXT('2D SPACE',''
  ) );
#3728 = PCURVE('',#1473,#3729);
#3729 = DEFINITIONAL_REPRESENTATION('',(#3730),#3734);
#3730 = LINE('',#3731,#3732);
#3731 = CARTESIAN_POINT('',(-1.570796326795,0.));
#3732 = VECTOR('',#3733,1.);
#3733 = DIRECTION('',(-0.,1.));
#3734 = ( GEOMETRIC_REPRESENTATION_CONTEXT(2) 
PARAMETRIC_REPRESENTATION_CONTEXT() REPRESENTATION_CONTEXT('2D SPACE',''
  ) );
#3735 = ORIENTED_EDGE('',*,*,#1485,.T.);
#3736 = ORIENTED_EDGE('',*,*,#3640,.T.);
#3737 = ORIENTED_EDGE('',*,*,#3738,.T.);
#3738 = EDGE_CURVE('',#3613,#3739,#3741,.T.);
#3739 = VERTEX_POINT('',#3740);
#3740 = CARTESIAN_POINT('',(-26.,22.,2.));
#3741 = SURFACE_CURVE('',#3742,(#3746,#3752),.PCURVE_S1.);
#3742 = LINE('',#3743,#3744);
#3743 = CARTESIAN_POINT('',(-38.,22.,2.));
#3744 = VECTOR('',#3745,1.);
#3745 = DIRECTION('',(1.,0.,0.));
#3746 = PCURVE('',#1499,#3747);
#3747 = DEFINITIONAL_REPRESENTATION('',(#3748),#3751);
#3748 = B_SPLINE_CURVE_WITH_KNOTS('',1,(#3749,#3750),.UNSPECIFIED.,.F.,
  .F.,(2,2),(4.,12.),.PIECEWISE_BEZIER_KNOTS.);
#3749 = CARTESIAN_POINT('',(10.,8.));
#3750 = CARTESIAN_POINT('',(10.,16.));
#3751 = ( GEOMETRIC_REPRESENTATION_CONTEXT(2) 
PARAMETRIC_REPRESENTATION_CONTEXT() REPRESENTATION_CONTEXT('2D SPACE',''
  ) );
#3752 = PCURVE('',#3628,#3753);
#3753 = DEFINITIONAL_REPRESENTATION('',(#3754),#3757);
#3754 = B_SPLINE_CURVE_WITH_KNOTS('',1,(#3755,#3756),.UNSPECIFIED.,.F.,
  .F.,(2,2),(4.,12.),.PIECEWISE_BEZIER_KNOTS.);
#3755 = CARTESIAN_POINT('',(0.,2.5));
#3756 = CARTESIAN_POINT('',(8.,2.5));
#3757 = ( GEOMETRIC_REPRESENTATION_CONTEXT(2) 
PARAMETRIC_REPRESENTATION_CONTEXT() REPRESENTATION_CONTEXT('2D SPACE',''
  ) );
#3758 = ORIENTED_EDGE('',*,*,#3759,.F.);
#3759 = EDGE_CURVE('',#3760,#3739,#3762,.T.);
#3760 = VERTEX_POINT('',#3761);
#3761 = CARTESIAN_POINT('',(-26.,22.,11.));
#3762 = SURFACE_CURVE('',#3763,(#3767,#3773),.PCURVE_S1.);
#3763 = LINE('',#3764,#3765);
#3764 = CARTESIAN_POINT('',(-26.,22.,-3.));
#3765 = VECTOR('',#3766,1.);
#3766 = DIRECTION('',(0.,0.,-1.));
#3767 = PCURVE('',#1499,#3768);
#3768 = DEFINITIONAL_REPRESENTATION('',(#3769),#3772);
#3769 = B_SPLINE_CURVE_WITH_KNOTS('',1,(#3770,#3771),.UNSPECIFIED.,.F.,
  .F.,(2,2),(-14.,-5.),.PIECEWISE_BEZIER_KNOTS.);
#3770 = CARTESIAN_POINT('',(19.,16.));
#3771 = CARTESIAN_POINT('',(10.,16.));
#3772 = ( GEOMETRIC_REPRESENTATION_CONTEXT(2) 
PARAMETRIC_REPRESENTATION_CONTEXT() REPRESENTATION_CONTEXT('2D SPACE',''
  ) );
#3773 = PCURVE('',#3774,#3779);
#3774 = PLANE('',#3775);
#3775 = AXIS2_PLACEMENT_3D('',#3776,#3777,#3778);
#3776 = CARTESIAN_POINT('',(-26.,19.5,2.));
#3777 = DIRECTION('',(1.,0.,0.));
#3778 = DIRECTION('',(0.,0.,1.));
#3779 = DEFINITIONAL_REPRESENTATION('',(#3780),#3783);
#3780 = B_SPLINE_CURVE_WITH_KNOTS('',1,(#3781,#3782),.UNSPECIFIED.,.F.,
  .F.,(2,2),(-14.,-5.),.PIECEWISE_BEZIER_KNOTS.);
#3781 = CARTESIAN_POINT('',(9.,-2.5));
#3782 = CARTESIAN_POINT('',(0.,-2.5));
#3783 = ( GEOMETRIC_REPRESENTATION_CONTEXT(2) 
PARAMETRIC_REPRESENTATION_CONTEXT() REPRESENTATION_CONTEXT('2D SPACE',''
  ) );
#3784 = ORIENTED_EDGE('',*,*,#3785,.T.);
#3785 = EDGE_CURVE('',#3760,#3786,#3788,.T.);
#3786 = VERTEX_POINT('',#3787);
#3787 = CARTESIAN_POINT('',(26.,22.,11.));
#3788 = SURFACE_CURVE('',#3789,(#3793,#3800),.PCURVE_S1.);
#3789 = LINE('',#3790,#3791);
#3790 = CARTESIAN_POINT('',(-42.,22.,11.));
#3791 = VECTOR('',#3792,1.);
#3792 = DIRECTION('',(1.,0.,0.));
#3793 = PCURVE('',#1499,#3794);
#3794 = DEFINITIONAL_REPRESENTATION('',(#3795),#3799);
#3795 = LINE('',#3796,#3797);
#3796 = CARTESIAN_POINT('',(19.,0.));
#3797 = VECTOR('',#3798,1.);
#3798 = DIRECTION('',(0.,1.));
#3799 = ( GEOMETRIC_REPRESENTATION_CONTEXT(2) 
PARAMETRIC_REPRESENTATION_CONTEXT() REPRESENTATION_CONTEXT('2D SPACE',''
  ) );
#3800 = PCURVE('',#3801,#3806);
#3801 = PLANE('',#3802);
#3802 = AXIS2_PLACEMENT_3D('',#3803,#3804,#3805);
#3803 = CARTESIAN_POINT('',(-45.,-25.,11.));
#3804 = DIRECTION('',(0.,0.,1.));
#3805 = DIRECTION('',(1.,0.,0.));
#3806 = DEFINITIONAL_REPRESENTATION('',(#3807),#3811);
#3807 = LINE('',#3808,#3809);
#3808 = CARTESIAN_POINT('',(3.,47.));
#3809 = VECTOR('',#3810,1.);
#3810 = DIRECTION('',(1.,0.));
#3811 = ( GEOMETRIC_REPRESENTATION_CONTEXT(2) 
PARAMETRIC_REPRESENTATION_CONTEXT() REPRESENTATION_CONTEXT('2D SPACE',''
  ) );
#3812 = ORIENTED_EDGE('',*,*,#3813,.T.);
#3813 = EDGE_CURVE('',#3786,#3814,#3816,.T.);
#3814 = VERTEX_POINT('',#3815);
#3815 = CARTESIAN_POINT('',(26.,22.,2.));
#3816 = SURFACE_CURVE('',#3817,(#3821,#3827),.PCURVE_S1.);
#3817 = LINE('',#3818,#3819);
#3818 = CARTESIAN_POINT('',(26.,22.,-3.));
#3819 = VECTOR('',#3820,1.);
#3820 = DIRECTION('',(0.,0.,-1.));
#3821 = PCURVE('',#1499,#3822);
#3822 = DEFINITIONAL_REPRESENTATION('',(#3823),#3826);
#3823 = B_SPLINE_CURVE_WITH_KNOTS('',1,(#3824,#3825),.UNSPECIFIED.,.F.,
  .F.,(2,2),(-14.,-5.),.PIECEWISE_BEZIER_KNOTS.);
#3824 = CARTESIAN_POINT('',(19.,68.));
#3825 = CARTESIAN_POINT('',(10.,68.));
#3826 = ( GEOMETRIC_REPRESENTATION_CONTEXT(2) 
PARAMETRIC_REPRESENTATION_CONTEXT() REPRESENTATION_CONTEXT('2D SPACE',''
  ) );
#3827 = PCURVE('',#3828,#3833);
#3828 = PLANE('',#3829);
#3829 = AXIS2_PLACEMENT_3D('',#3830,#3831,#3832);
#3830 = CARTESIAN_POINT('',(26.,19.5,2.));
#3831 = DIRECTION('',(1.,0.,0.));
#3832 = DIRECTION('',(0.,0.,1.));
#3833 = DEFINITIONAL_REPRESENTATION('',(#3834),#3837);
#3834 = B_SPLINE_CURVE_WITH_KNOTS('',1,(#3835,#3836),.UNSPECIFIED.,.F.,
  .F.,(2,2),(-14.,-5.),.PIECEWISE_BEZIER_KNOTS.);
#3835 = CARTESIAN_POINT('',(9.,-2.5));
#3836 = CARTESIAN_POINT('',(0.,-2.5));
#3837 = ( GEOMETRIC_REPRESENTATION_CONTEXT(2) 
PARAMETRIC_REPRESENTATION_CONTEXT() REPRESENTATION_CONTEXT('2D SPACE',''
  ) );
#3838 = ORIENTED_EDGE('',*,*,#3839,.T.);
#3839 = EDGE_CURVE('',#3814,#3840,#3842,.T.);
#3840 = VERTEX_POINT('',#3841);
#3841 = CARTESIAN_POINT('',(34.,22.,2.));
#3842 = SURFACE_CURVE('',#3843,(#3847,#3853),.PCURVE_S1.);
#3843 = LINE('',#3844,#3845);
#3844 = CARTESIAN_POINT('',(-8.,22.,2.));
#3845 = VECTOR('',#3846,1.);
#3846 = DIRECTION('',(1.,0.,0.));
#3847 = PCURVE('',#1499,#3848);
#3848 = DEFINITIONAL_REPRESENTATION('',(#3849),#3852);
#3849 = B_SPLINE_CURVE_WITH_KNOTS('',1,(#3850,#3851),.UNSPECIFIED.,.F.,
  .F.,(2,2),(34.,42.),.PIECEWISE_BEZIER_KNOTS.);
#3850 = CARTESIAN_POINT('',(10.,68.));
#3851 = CARTESIAN_POINT('',(10.,76.));
#3852 = ( GEOMETRIC_REPRESENTATION_CONTEXT(2) 
PARAMETRIC_REPRESENTATION_CONTEXT() REPRESENTATION_CONTEXT('2D SPACE',''
  ) );
#3853 = PCURVE('',#3854,#3859);
#3854 = PLANE('',#3855);
#3855 = AXIS2_PLACEMENT_3D('',#3856,#3857,#3858);
#3856 = CARTESIAN_POINT('',(26.,19.5,2.));
#3857 = DIRECTION('',(0.,0.,1.));
#3858 = DIRECTION('',(1.,0.,0.));
#3859 = DEFINITIONAL_REPRESENTATION('',(#3860),#3863);
#3860 = B_SPLINE_CURVE_WITH_KNOTS('',1,(#3861,#3862),.UNSPECIFIED.,.F.,
  .F.,(2,2),(34.,42.),.PIECEWISE_BEZIER_KNOTS.);
#3861 = CARTESIAN_POINT('',(0.,2.5));
#3862 = CARTESIAN_POINT('',(8.,2.5));
#3863 = ( GEOMETRIC_REPRESENTATION_CONTEXT(2) 
PARAMETRIC_REPRESENTATION_CONTEXT() REPRESENTATION_CONTEXT('2D SPACE',''
  ) );
#3864 = ORIENTED_EDGE('',*,*,#3865,.F.);
#3865 = EDGE_CURVE('',#3866,#3840,#3868,.T.);
#3866 = VERTEX_POINT('',#3867);
#3867 = CARTESIAN_POINT('',(34.,22.,11.));
#3868 = SURFACE_CURVE('',#3869,(#3873,#3879),.PCURVE_S1.);
#3869 = LINE('',#3870,#3871);
#3870 = CARTESIAN_POINT('',(34.,22.,-3.));
#3871 = VECTOR('',#3872,1.);
#3872 = DIRECTION('',(0.,0.,-1.));
#3873 = PCURVE('',#1499,#3874);
#3874 = DEFINITIONAL_REPRESENTATION('',(#3875),#3878);
#3875 = B_SPLINE_CURVE_WITH_KNOTS('',1,(#3876,#3877),.UNSPECIFIED.,.F.,
  .F.,(2,2),(-14.,-5.),.PIECEWISE_BEZIER_KNOTS.);
#3876 = CARTESIAN_POINT('',(19.,76.));
#3877 = CARTESIAN_POINT('',(10.,76.));
#3878 = ( GEOMETRIC_REPRESENTATION_CONTEXT(2) 
PARAMETRIC_REPRESENTATION_CONTEXT() REPRESENTATION_CONTEXT('2D SPACE',''
  ) );
#3879 = PCURVE('',#3880,#3885);
#3880 = PLANE('',#3881);
#3881 = AXIS2_PLACEMENT_3D('',#3882,#3883,#3884);
#3882 = CARTESIAN_POINT('',(34.,19.5,2.));
#3883 = DIRECTION('',(1.,0.,0.));
#3884 = DIRECTION('',(0.,0.,1.));
#3885 = DEFINITIONAL_REPRESENTATION('',(#3886),#3889);
#3886 = B_SPLINE_CURVE_WITH_KNOTS('',1,(#3887,#3888),.UNSPECIFIED.,.F.,
  .F.,(2,2),(-14.,-5.),.PIECEWISE_BEZIER_KNOTS.);
#3887 = CARTESIAN_POINT('',(9.,-2.5));
#3888 = CARTESIAN_POINT('',(0.,-2.5));
#3889 = ( GEOMETRIC_REPRESENTATION_CONTEXT(2) 
PARAMETRIC_REPRESENTATION_CONTEXT() REPRESENTATION_CONTEXT('2D SPACE',''
  ) );
#3890 = ORIENTED_EDGE('',*,*,#3891,.T.);
#3891 = EDGE_CURVE('',#3866,#3892,#3894,.T.);
#3892 = VERTEX_POINT('',#3893);
#3893 = CARTESIAN_POINT('',(40.,22.,11.));
#3894 = SURFACE_CURVE('',#3895,(#3899,#3906),.PCURVE_S1.);
#3895 = LINE('',#3896,#3897);
#3896 = CARTESIAN_POINT('',(-42.,22.,11.));
#3897 = VECTOR('',#3898,1.);
#3898 = DIRECTION('',(1.,0.,0.));
#3899 = PCURVE('',#1499,#3900);
#3900 = DEFINITIONAL_REPRESENTATION('',(#3901),#3905);
#3901 = LINE('',#3902,#3903);
#3902 = CARTESIAN_POINT('',(19.,0.));
#3903 = VECTOR('',#3904,1.);
#3904 = DIRECTION('',(0.,1.));
#3905 = ( GEOMETRIC_REPRESENTATION_CONTEXT(2) 
PARAMETRIC_REPRESENTATION_CONTEXT() REPRESENTATION_CONTEXT('2D SPACE',''
  ) );
#3906 = PCURVE('',#3907,#3912);
#3907 = PLANE('',#3908);
#3908 = AXIS2_PLACEMENT_3D('',#3909,#3910,#3911);
#3909 = CARTESIAN_POINT('',(-45.,-25.,11.));
#3910 = DIRECTION('',(0.,0.,1.));
#3911 = DIRECTION('',(1.,0.,0.));
#3912 = DEFINITIONAL_REPRESENTATION('',(#3913),#3917);
#3913 = LINE('',#3914,#3915);
#3914 = CARTESIAN_POINT('',(3.,47.));
#3915 = VECTOR('',#3916,1.);
#3916 = DIRECTION('',(1.,0.));
#3917 = ( GEOMETRIC_REPRESENTATION_CONTEXT(2) 
PARAMETRIC_REPRESENTATION_CONTEXT() REPRESENTATION_CONTEXT('2D SPACE',''
  ) );
#3918 = ORIENTED_EDGE('',*,*,#3919,.F.);
#3919 = EDGE_CURVE('',#3920,#3892,#3922,.T.);
#3920 = VERTEX_POINT('',#3921);
#3921 = CARTESIAN_POINT('',(40.,22.,-8.));
#3922 = SURFACE_CURVE('',#3923,(#3927,#3934),.PCURVE_S1.);
#3923 = LINE('',#3924,#3925);
#3924 = CARTESIAN_POINT('',(40.,22.,-8.));
#3925 = VECTOR('',#3926,1.);
#3926 = DIRECTION('',(0.,0.,1.));
#3927 = PCURVE('',#1499,#3928);
#3928 = DEFINITIONAL_REPRESENTATION('',(#3929),#3933);
#3929 = LINE('',#3930,#3931);
#3930 = CARTESIAN_POINT('',(0.,82.));
#3931 = VECTOR('',#3932,1.);
#3932 = DIRECTION('',(1.,0.));
#3933 = ( GEOMETRIC_REPRESENTATION_CONTEXT(2) 
PARAMETRIC_REPRESENTATION_CONTEXT() REPRESENTATION_CONTEXT('2D SPACE',''
  ) );
#3934 = PCURVE('',#3935,#3940);
#3935 = CYLINDRICAL_SURFACE('',#3936,2.);
#3936 = AXIS2_PLACEMENT_3D('',#3937,#3938,#3939);
#3937 = CARTESIAN_POINT('',(40.,20.,-8.));
#3938 = DIRECTION('',(0.,0.,1.));
#3939 = DIRECTION('',(1.,0.,-0.));
#3940 = DEFINITIONAL_REPRESENTATION('',(#3941),#3945);
#3941 = LINE('',#3942,#3943);
#3942 = CARTESIAN_POINT('',(1.570796326795,0.));
#3943 = VECTOR('',#3944,1.);
#3944 = DIRECTION('',(0.,1.));
#3945 = ( GEOMETRIC_REPRESENTATION_CONTEXT(2) 
PARAMETRIC_REPRESENTATION_CONTEXT() REPRESENTATION_CONTEXT('2D SPACE',''
  ) );
#3946 = ORIENTED_EDGE('',*,*,#3947,.F.);
#3947 = EDGE_CURVE('',#3948,#3920,#3950,.T.);
#3948 = VERTEX_POINT('',#3949);
#3949 = CARTESIAN_POINT('',(37.745966692415,22.,-8.));
#3950 = SURFACE_CURVE('',#3951,(#3955,#3962),.PCURVE_S1.);
#3951 = LINE('',#3952,#3953);
#3952 = CARTESIAN_POINT('',(-42.,22.,-8.));
#3953 = VECTOR('',#3954,1.);
#3954 = DIRECTION('',(1.,0.,0.));
#3955 = PCURVE('',#1499,#3956);
#3956 = DEFINITIONAL_REPRESENTATION('',(#3957),#3961);
#3957 = LINE('',#3958,#3959);
#3958 = CARTESIAN_POINT('',(0.,0.));
#3959 = VECTOR('',#3960,1.);
#3960 = DIRECTION('',(0.,1.));
#3961 = ( GEOMETRIC_REPRESENTATION_CONTEXT(2) 
PARAMETRIC_REPRESENTATION_CONTEXT() REPRESENTATION_CONTEXT('2D SPACE',''
  ) );
#3962 = PCURVE('',#3703,#3963);
#3963 = DEFINITIONAL_REPRESENTATION('',(#3964),#3968);
#3964 = LINE('',#3965,#3966);
#3965 = CARTESIAN_POINT('',(0.,44.));
#3966 = VECTOR('',#3967,1.);
#3967 = DIRECTION('',(1.,0.));
#3968 = ( GEOMETRIC_REPRESENTATION_CONTEXT(2) 
PARAMETRIC_REPRESENTATION_CONTEXT() REPRESENTATION_CONTEXT('2D SPACE',''
  ) );
#3969 = ORIENTED_EDGE('',*,*,#3970,.F.);
#3970 = EDGE_CURVE('',#3971,#3948,#3973,.T.);
#3971 = VERTEX_POINT('',#3972);
#3972 = CARTESIAN_POINT('',(37.745966692415,22.,-6.5));
#3973 = SURFACE_CURVE('',#3974,(#3978,#3984),.PCURVE_S1.);
#3974 = LINE('',#3975,#3976);
#3975 = CARTESIAN_POINT('',(37.745966692415,22.,-14.5));
#3976 = VECTOR('',#3977,1.);
#3977 = DIRECTION('',(-0.,-0.,-1.));
#3978 = PCURVE('',#1499,#3979);
#3979 = DEFINITIONAL_REPRESENTATION('',(#3980),#3983);
#3980 = B_SPLINE_CURVE_WITH_KNOTS('',1,(#3981,#3982),.UNSPECIFIED.,.F.,
  .F.,(2,2),(-8.0000006,-4.6),.PIECEWISE_BEZIER_KNOTS.);
#3981 = CARTESIAN_POINT('',(1.5000006,79.745966692415));
#3982 = CARTESIAN_POINT('',(-1.9,79.745966692415));
#3983 = ( GEOMETRIC_REPRESENTATION_CONTEXT(2) 
PARAMETRIC_REPRESENTATION_CONTEXT() REPRESENTATION_CONTEXT('2D SPACE',''
  ) );
#3984 = PCURVE('',#3985,#3990);
#3985 = CYLINDRICAL_SURFACE('',#3986,8.5);
#3986 = AXIS2_PLACEMENT_3D('',#3987,#3988,#3989);
#3987 = CARTESIAN_POINT('',(30.,25.5,-14.5));
#3988 = DIRECTION('',(-0.,-0.,-1.));
#3989 = DIRECTION('',(1.,0.,0.));
#3990 = DEFINITIONAL_REPRESENTATION('',(#3991),#3994);
#3991 = B_SPLINE_CURVE_WITH_KNOTS('',1,(#3992,#3993),.UNSPECIFIED.,.F.,
  .F.,(2,2),(-8.0000006,-4.6),.PIECEWISE_BEZIER_KNOTS.);
#3992 = CARTESIAN_POINT('',(-5.858795598586,-8.0000006));
#3993 = CARTESIAN_POINT('',(-5.858795598586,-4.6));
#3994 = ( GEOMETRIC_REPRESENTATION_CONTEXT(2) 
PARAMETRIC_REPRESENTATION_CONTEXT() REPRESENTATION_CONTEXT('2D SPACE',''
  ) );
#3995 = ORIENTED_EDGE('',*,*,#3996,.F.);
#3996 = EDGE_CURVE('',#3997,#3971,#3999,.T.);
#3997 = VERTEX_POINT('',#3998);
#3998 = CARTESIAN_POINT('',(22.254033307585,22.,-6.5));
#3999 = SURFACE_CURVE('',#4000,(#4004,#4010),.PCURVE_S1.);
#4000 = LINE('',#4001,#4002);
#4001 = CARTESIAN_POINT('',(-6.,22.,-6.5));
#4002 = VECTOR('',#4003,1.);
#4003 = DIRECTION('',(1.,0.,0.));
#4004 = PCURVE('',#1499,#4005);
#4005 = DEFINITIONAL_REPRESENTATION('',(#4006),#4009);
#4006 = B_SPLINE_CURVE_WITH_KNOTS('',1,(#4007,#4008),.UNSPECIFIED.,.F.,
  .F.,(2,2),(27.5,44.5),.PIECEWISE_BEZIER_KNOTS.);
#4007 = CARTESIAN_POINT('',(1.5,63.5));
#4008 = CARTESIAN_POINT('',(1.5,80.5));
#4009 = ( GEOMETRIC_REPRESENTATION_CONTEXT(2) 
PARAMETRIC_REPRESENTATION_CONTEXT() REPRESENTATION_CONTEXT('2D SPACE',''
  ) );
#4010 = PCURVE('',#4011,#4016);
#4011 = PLANE('',#4012);
#4012 = AXIS2_PLACEMENT_3D('',#4013,#4014,#4015);
#4013 = CARTESIAN_POINT('',(30.,25.5,-6.5));
#4014 = DIRECTION('',(0.,0.,1.));
#4015 = DIRECTION('',(1.,0.,-0.));
#4016 = DEFINITIONAL_REPRESENTATION('',(#4017),#4020);
#4017 = B_SPLINE_CURVE_WITH_KNOTS('',1,(#4018,#4019),.UNSPECIFIED.,.F.,
  .F.,(2,2),(27.5,44.5),.PIECEWISE_BEZIER_KNOTS.);
#4018 = CARTESIAN_POINT('',(-8.5,-3.5));
#4019 = CARTESIAN_POINT('',(8.5,-3.5));
#4020 = ( GEOMETRIC_REPRESENTATION_CONTEXT(2) 
PARAMETRIC_REPRESENTATION_CONTEXT() REPRESENTATION_CONTEXT('2D SPACE',''
  ) );
#4021 = ORIENTED_EDGE('',*,*,#4022,.T.);
#4022 = EDGE_CURVE('',#3997,#4023,#4025,.T.);
#4023 = VERTEX_POINT('',#4024);
#4024 = CARTESIAN_POINT('',(22.254033307585,22.,-8.));
#4025 = SURFACE_CURVE('',#4026,(#4030,#4036),.PCURVE_S1.);
#4026 = LINE('',#4027,#4028);
#4027 = CARTESIAN_POINT('',(22.254033307585,22.,-14.5));
#4028 = VECTOR('',#4029,1.);
#4029 = DIRECTION('',(-0.,-0.,-1.));
#4030 = PCURVE('',#1499,#4031);
#4031 = DEFINITIONAL_REPRESENTATION('',(#4032),#4035);
#4032 = B_SPLINE_CURVE_WITH_KNOTS('',1,(#4033,#4034),.UNSPECIFIED.,.F.,
  .F.,(2,2),(-8.0000006,-4.6),.PIECEWISE_BEZIER_KNOTS.);
#4033 = CARTESIAN_POINT('',(1.5000006,64.254033307585));
#4034 = CARTESIAN_POINT('',(-1.9,64.254033307585));
#4035 = ( GEOMETRIC_REPRESENTATION_CONTEXT(2) 
PARAMETRIC_REPRESENTATION_CONTEXT() REPRESENTATION_CONTEXT('2D SPACE',''
  ) );
#4036 = PCURVE('',#3985,#4037);
#4037 = DEFINITIONAL_REPRESENTATION('',(#4038),#4041);
#4038 = B_SPLINE_CURVE_WITH_KNOTS('',1,(#4039,#4040),.UNSPECIFIED.,.F.,
  .F.,(2,2),(-8.0000006,-4.6),.PIECEWISE_BEZIER_KNOTS.);
#4039 = CARTESIAN_POINT('',(-3.565982362183,-8.0000006));
#4040 = CARTESIAN_POINT('',(-3.565982362183,-4.6));
#4041 = ( GEOMETRIC_REPRESENTATION_CONTEXT(2) 
PARAMETRIC_REPRESENTATION_CONTEXT() REPRESENTATION_CONTEXT('2D SPACE',''
  ) );
#4042 = ORIENTED_EDGE('',*,*,#4043,.F.);
#4043 = EDGE_CURVE('',#4044,#4023,#4046,.T.);
#4044 = VERTEX_POINT('',#4045);
#4045 = CARTESIAN_POINT('',(-22.25403330758,22.,-8.));
#4046 = SURFACE_CURVE('',#4047,(#4051,#4058),.PCURVE_S1.);
#4047 = LINE('',#4048,#4049);
#4048 = CARTESIAN_POINT('',(-42.,22.,-8.));
#4049 = VECTOR('',#4050,1.);
#4050 = DIRECTION('',(1.,0.,0.));
#4051 = PCURVE('',#1499,#4052);
#4052 = DEFINITIONAL_REPRESENTATION('',(#4053),#4057);
#4053 = LINE('',#4054,#4055);
#4054 = CARTESIAN_POINT('',(0.,0.));
#4055 = VECTOR('',#4056,1.);
#4056 = DIRECTION('',(0.,1.));
#4057 = ( GEOMETRIC_REPRESENTATION_CONTEXT(2) 
PARAMETRIC_REPRESENTATION_CONTEXT() REPRESENTATION_CONTEXT('2D SPACE',''
  ) );
#4058 = PCURVE('',#3703,#4059);
#4059 = DEFINITIONAL_REPRESENTATION('',(#4060),#4064);
#4060 = LINE('',#4061,#4062);
#4061 = CARTESIAN_POINT('',(0.,44.));
#4062 = VECTOR('',#4063,1.);
#4063 = DIRECTION('',(1.,0.));
#4064 = ( GEOMETRIC_REPRESENTATION_CONTEXT(2) 
PARAMETRIC_REPRESENTATION_CONTEXT() REPRESENTATION_CONTEXT('2D SPACE',''
  ) );
#4065 = ORIENTED_EDGE('',*,*,#4066,.F.);
#4066 = EDGE_CURVE('',#4067,#4044,#4069,.T.);
#4067 = VERTEX_POINT('',#4068);
#4068 = CARTESIAN_POINT('',(-22.25403330758,22.,-6.5));
#4069 = SURFACE_CURVE('',#4070,(#4074,#4080),.PCURVE_S1.);
#4070 = LINE('',#4071,#4072);
#4071 = CARTESIAN_POINT('',(-22.25403330758,22.,-14.5));
#4072 = VECTOR('',#4073,1.);
#4073 = DIRECTION('',(-0.,-0.,-1.));
#4074 = PCURVE('',#1499,#4075);
#4075 = DEFINITIONAL_REPRESENTATION('',(#4076),#4079);
#4076 = B_SPLINE_CURVE_WITH_KNOTS('',1,(#4077,#4078),.UNSPECIFIED.,.F.,
  .F.,(2,2),(-8.0000006,-4.6),.PIECEWISE_BEZIER_KNOTS.);
#4077 = CARTESIAN_POINT('',(1.5000006,19.745966692415));
#4078 = CARTESIAN_POINT('',(-1.9,19.745966692415));
#4079 = ( GEOMETRIC_REPRESENTATION_CONTEXT(2) 
PARAMETRIC_REPRESENTATION_CONTEXT() REPRESENTATION_CONTEXT('2D SPACE',''
  ) );
#4080 = PCURVE('',#4081,#4086);
#4081 = CYLINDRICAL_SURFACE('',#4082,8.5);
#4082 = AXIS2_PLACEMENT_3D('',#4083,#4084,#4085);
#4083 = CARTESIAN_POINT('',(-30.,25.5,-14.5));
#4084 = DIRECTION('',(-0.,-0.,-1.));
#4085 = DIRECTION('',(1.,0.,0.));
#4086 = DEFINITIONAL_REPRESENTATION('',(#4087),#4090);
#4087 = B_SPLINE_CURVE_WITH_KNOTS('',1,(#4088,#4089),.UNSPECIFIED.,.F.,
  .F.,(2,2),(-8.0000006,-4.6),.PIECEWISE_BEZIER_KNOTS.);
#4088 = CARTESIAN_POINT('',(-5.858795598586,-8.0000006));
#4089 = CARTESIAN_POINT('',(-5.858795598586,-4.6));
#4090 = ( GEOMETRIC_REPRESENTATION_CONTEXT(2) 
PARAMETRIC_REPRESENTATION_CONTEXT() REPRESENTATION_CONTEXT('2D SPACE',''
  ) );
#4091 = ORIENTED_EDGE('',*,*,#4092,.F.);
#4092 = EDGE_CURVE('',#4093,#4067,#4095,.T.);
#4093 = VERTEX_POINT('',#4094);
#4094 = CARTESIAN_POINT('',(-37.74596669241,22.,-6.5));
#4095 = SURFACE_CURVE('',#4096,(#4100,#4106),.PCURVE_S1.);
#4096 = LINE('',#4097,#4098);
#4097 = CARTESIAN_POINT('',(-36.,22.,-6.5));
#4098 = VECTOR('',#4099,1.);
#4099 = DIRECTION('',(1.,0.,0.));
#4100 = PCURVE('',#1499,#4101);
#4101 = DEFINITIONAL_REPRESENTATION('',(#4102),#4105);
#4102 = B_SPLINE_CURVE_WITH_KNOTS('',1,(#4103,#4104),.UNSPECIFIED.,.F.,
  .F.,(2,2),(-2.5,14.5),.PIECEWISE_BEZIER_KNOTS.);
#4103 = CARTESIAN_POINT('',(1.5,3.5));
#4104 = CARTESIAN_POINT('',(1.5,20.5));
#4105 = ( GEOMETRIC_REPRESENTATION_CONTEXT(2) 
PARAMETRIC_REPRESENTATION_CONTEXT() REPRESENTATION_CONTEXT('2D SPACE',''
  ) );
#4106 = PCURVE('',#4107,#4112);
#4107 = PLANE('',#4108);
#4108 = AXIS2_PLACEMENT_3D('',#4109,#4110,#4111);
#4109 = CARTESIAN_POINT('',(-30.,25.5,-6.5));
#4110 = DIRECTION('',(0.,0.,1.));
#4111 = DIRECTION('',(1.,0.,-0.));
#4112 = DEFINITIONAL_REPRESENTATION('',(#4113),#4116);
#4113 = B_SPLINE_CURVE_WITH_KNOTS('',1,(#4114,#4115),.UNSPECIFIED.,.F.,
  .F.,(2,2),(-2.5,14.5),.PIECEWISE_BEZIER_KNOTS.);
#4114 = CARTESIAN_POINT('',(-8.5,-3.5));
#4115 = CARTESIAN_POINT('',(8.5,-3.5));
#4116 = ( GEOMETRIC_REPRESENTATION_CONTEXT(2) 
PARAMETRIC_REPRESENTATION_CONTEXT() REPRESENTATION_CONTEXT('2D SPACE',''
  ) );
#4117 = ORIENTED_EDGE('',*,*,#4118,.T.);
#4118 = EDGE_CURVE('',#4093,#3688,#4119,.T.);
#4119 = SURFACE_CURVE('',#4120,(#4124,#4130),.PCURVE_S1.);
#4120 = LINE('',#4121,#4122);
#4121 = CARTESIAN_POINT('',(-37.74596669241,22.,-14.5));
#4122 = VECTOR('',#4123,1.);
#4123 = DIRECTION('',(-0.,-0.,-1.));
#4124 = PCURVE('',#1499,#4125);
#4125 = DEFINITIONAL_REPRESENTATION('',(#4126),#4129);
#4126 = B_SPLINE_CURVE_WITH_KNOTS('',1,(#4127,#4128),.UNSPECIFIED.,.F.,
  .F.,(2,2),(-8.0000006,-4.6),.PIECEWISE_BEZIER_KNOTS.);
#4127 = CARTESIAN_POINT('',(1.5000006,4.254033307585));
#4128 = CARTESIAN_POINT('',(-1.9,4.254033307585));
#4129 = ( GEOMETRIC_REPRESENTATION_CONTEXT(2) 
PARAMETRIC_REPRESENTATION_CONTEXT() REPRESENTATION_CONTEXT('2D SPACE',''
  ) );
#4130 = PCURVE('',#4081,#4131);
#4131 = DEFINITIONAL_REPRESENTATION('',(#4132),#4135);
#4132 = B_SPLINE_CURVE_WITH_KNOTS('',1,(#4133,#4134),.UNSPECIFIED.,.F.,
  .F.,(2,2),(-8.0000006,-4.6),.PIECEWISE_BEZIER_KNOTS.);
#4133 = CARTESIAN_POINT('',(-3.565982362183,-8.0000006));
#4134 = CARTESIAN_POINT('',(-3.565982362183,-4.6));
#4135 = ( GEOMETRIC_REPRESENTATION_CONTEXT(2) 
PARAMETRIC_REPRESENTATION_CONTEXT() REPRESENTATION_CONTEXT('2D SPACE',''
  ) );
#4136 = ADVANCED_FACE('',(#4137),#1473,.F.);
#4137 = FACE_BOUND('',#4138,.T.);
#4138 = EDGE_LOOP('',(#4139,#4167,#4168,#4169));
#4139 = ORIENTED_EDGE('',*,*,#4140,.T.);
#4140 = EDGE_CURVE('',#4141,#3686,#4143,.T.);
#4141 = VERTEX_POINT('',#4142);
#4142 = CARTESIAN_POINT('',(-42.,20.,-8.));
#4143 = SURFACE_CURVE('',#4144,(#4149,#4156),.PCURVE_S1.);
#4144 = CIRCLE('',#4145,2.);
#4145 = AXIS2_PLACEMENT_3D('',#4146,#4147,#4148);
#4146 = CARTESIAN_POINT('',(-40.,20.,-8.));
#4147 = DIRECTION('',(-0.,-0.,-1.));
#4148 = DIRECTION('',(0.,-1.,0.));
#4149 = PCURVE('',#1473,#4150);
#4150 = DEFINITIONAL_REPRESENTATION('',(#4151),#4155);
#4151 = LINE('',#4152,#4153);
#4152 = CARTESIAN_POINT('',(1.570796326795,-0.));
#4153 = VECTOR('',#4154,1.);
#4154 = DIRECTION('',(-1.,0.));
#4155 = ( GEOMETRIC_REPRESENTATION_CONTEXT(2) 
PARAMETRIC_REPRESENTATION_CONTEXT() REPRESENTATION_CONTEXT('2D SPACE',''
  ) );
#4156 = PCURVE('',#3703,#4157);
#4157 = DEFINITIONAL_REPRESENTATION('',(#4158),#4166);
#4158 = ( BOUNDED_CURVE() B_SPLINE_CURVE(2,(#4159,#4160,#4161,#4162,
#4163,#4164,#4165),.UNSPECIFIED.,.T.,.F.) B_SPLINE_CURVE_WITH_KNOTS((1,2
    ,2,2,2,1),(-2.094395102393,0.,2.094395102393,4.188790204786,
6.28318530718,8.377580409573),.UNSPECIFIED.) CURVE() 
GEOMETRIC_REPRESENTATION_ITEM() RATIONAL_B_SPLINE_CURVE((1.,0.5,1.,0.5,
1.,0.5,1.)) REPRESENTATION_ITEM('') );
#4159 = CARTESIAN_POINT('',(2.,40.));
#4160 = CARTESIAN_POINT('',(-1.464101615138,40.));
#4161 = CARTESIAN_POINT('',(0.267949192431,43.));
#4162 = CARTESIAN_POINT('',(2.,46.));
#4163 = CARTESIAN_POINT('',(3.732050807569,43.));
#4164 = CARTESIAN_POINT('',(5.464101615138,40.));
#4165 = CARTESIAN_POINT('',(2.,40.));
#4166 = ( GEOMETRIC_REPRESENTATION_CONTEXT(2) 
PARAMETRIC_REPRESENTATION_CONTEXT() REPRESENTATION_CONTEXT('2D SPACE',''
  ) );
#4167 = ORIENTED_EDGE('',*,*,#3715,.T.);
#4168 = ORIENTED_EDGE('',*,*,#1452,.F.);
#4169 = ORIENTED_EDGE('',*,*,#4170,.F.);
#4170 = EDGE_CURVE('',#4141,#1425,#4171,.T.);
#4171 = SURFACE_CURVE('',#4172,(#4176,#4183),.PCURVE_S1.);
#4172 = LINE('',#4173,#4174);
#4173 = CARTESIAN_POINT('',(-42.,20.,-8.));
#4174 = VECTOR('',#4175,1.);
#4175 = DIRECTION('',(0.,0.,1.));
#4176 = PCURVE('',#1473,#4177);
#4177 = DEFINITIONAL_REPRESENTATION('',(#4178),#4182);
#4178 = LINE('',#4179,#4180);
#4179 = CARTESIAN_POINT('',(-0.,0.));
#4180 = VECTOR('',#4181,1.);
#4181 = DIRECTION('',(-0.,1.));
#4182 = ( GEOMETRIC_REPRESENTATION_CONTEXT(2) 
PARAMETRIC_REPRESENTATION_CONTEXT() REPRESENTATION_CONTEXT('2D SPACE',''
  ) );
#4183 = PCURVE('',#1440,#4184);
#4184 = DEFINITIONAL_REPRESENTATION('',(#4185),#4189);
#4185 = LINE('',#4186,#4187);
#4186 = CARTESIAN_POINT('',(0.,-42.));
#4187 = VECTOR('',#4188,1.);
#4188 = DIRECTION('',(1.,0.));
#4189 = ( GEOMETRIC_REPRESENTATION_CONTEXT(2) 
PARAMETRIC_REPRESENTATION_CONTEXT() REPRESENTATION_CONTEXT('2D SPACE',''
  ) );
#4190 = ADVANCED_FACE('',(#4191),#1440,.T.);
#4191 = FACE_BOUND('',#4192,.T.);
#4192 = EDGE_LOOP('',(#4193,#4194,#4217,#4238));
#4193 = ORIENTED_EDGE('',*,*,#1424,.F.);
#4194 = ORIENTED_EDGE('',*,*,#4195,.F.);
#4195 = EDGE_CURVE('',#4196,#1396,#4198,.T.);
#4196 = VERTEX_POINT('',#4197);
#4197 = CARTESIAN_POINT('',(-42.,-20.,-8.));
#4198 = SURFACE_CURVE('',#4199,(#4203,#4210),.PCURVE_S1.);
#4199 = LINE('',#4200,#4201);
#4200 = CARTESIAN_POINT('',(-42.,-20.,-8.));
#4201 = VECTOR('',#4202,1.);
#4202 = DIRECTION('',(0.,0.,1.));
#4203 = PCURVE('',#1440,#4204);
#4204 = DEFINITIONAL_REPRESENTATION('',(#4205),#4209);
#4205 = LINE('',#4206,#4207);
#4206 = CARTESIAN_POINT('',(0.,-2.));
#4207 = VECTOR('',#4208,1.);
#4208 = DIRECTION('',(1.,0.));
#4209 = ( GEOMETRIC_REPRESENTATION_CONTEXT(2) 
PARAMETRIC_REPRESENTATION_CONTEXT() REPRESENTATION_CONTEXT('2D SPACE',''
  ) );
#4210 = PCURVE('',#1412,#4211);
#4211 = DEFINITIONAL_REPRESENTATION('',(#4212),#4216);
#4212 = LINE('',#4213,#4214);
#4213 = CARTESIAN_POINT('',(0.,0.));
#4214 = VECTOR('',#4215,1.);
#4215 = DIRECTION('',(0.,1.));
#4216 = ( GEOMETRIC_REPRESENTATION_CONTEXT(2) 
PARAMETRIC_REPRESENTATION_CONTEXT() REPRESENTATION_CONTEXT('2D SPACE',''
  ) );
#4217 = ORIENTED_EDGE('',*,*,#4218,.T.);
#4218 = EDGE_CURVE('',#4196,#4141,#4219,.T.);
#4219 = SURFACE_CURVE('',#4220,(#4224,#4231),.PCURVE_S1.);
#4220 = LINE('',#4221,#4222);
#4221 = CARTESIAN_POINT('',(-42.,-22.,-8.));
#4222 = VECTOR('',#4223,1.);
#4223 = DIRECTION('',(0.,1.,0.));
#4224 = PCURVE('',#1440,#4225);
#4225 = DEFINITIONAL_REPRESENTATION('',(#4226),#4230);
#4226 = LINE('',#4227,#4228);
#4227 = CARTESIAN_POINT('',(0.,0.));
#4228 = VECTOR('',#4229,1.);
#4229 = DIRECTION('',(0.,-1.));
#4230 = ( GEOMETRIC_REPRESENTATION_CONTEXT(2) 
PARAMETRIC_REPRESENTATION_CONTEXT() REPRESENTATION_CONTEXT('2D SPACE',''
  ) );
#4231 = PCURVE('',#3703,#4232);
#4232 = DEFINITIONAL_REPRESENTATION('',(#4233),#4237);
#4233 = LINE('',#4234,#4235);
#4234 = CARTESIAN_POINT('',(0.,0.));
#4235 = VECTOR('',#4236,1.);
#4236 = DIRECTION('',(0.,1.));
#4237 = ( GEOMETRIC_REPRESENTATION_CONTEXT(2) 
PARAMETRIC_REPRESENTATION_CONTEXT() REPRESENTATION_CONTEXT('2D SPACE',''
  ) );
#4238 = ORIENTED_EDGE('',*,*,#4170,.T.);
#4239 = ADVANCED_FACE('',(#4240),#1412,.F.);
#4240 = FACE_BOUND('',#4241,.F.);
#4241 = EDGE_LOOP('',(#4242,#4266,#4287,#4288));
#4242 = ORIENTED_EDGE('',*,*,#4243,.T.);
#4243 = EDGE_CURVE('',#4196,#4244,#4246,.T.);
#4244 = VERTEX_POINT('',#4245);
#4245 = CARTESIAN_POINT('',(-40.,-22.,-8.));
#4246 = SURFACE_CURVE('',#4247,(#4252,#4259),.PCURVE_S1.);
#4247 = CIRCLE('',#4248,2.);
#4248 = AXIS2_PLACEMENT_3D('',#4249,#4250,#4251);
#4249 = CARTESIAN_POINT('',(-40.,-20.,-8.));
#4250 = DIRECTION('',(0.,0.,1.));
#4251 = DIRECTION('',(0.,-1.,0.));
#4252 = PCURVE('',#1412,#4253);
#4253 = DEFINITIONAL_REPRESENTATION('',(#4254),#4258);
#4254 = LINE('',#4255,#4256);
#4255 = CARTESIAN_POINT('',(-4.712388980385,0.));
#4256 = VECTOR('',#4257,1.);
#4257 = DIRECTION('',(1.,0.));
#4258 = ( GEOMETRIC_REPRESENTATION_CONTEXT(2) 
PARAMETRIC_REPRESENTATION_CONTEXT() REPRESENTATION_CONTEXT('2D SPACE',''
  ) );
#4259 = PCURVE('',#3703,#4260);
#4260 = DEFINITIONAL_REPRESENTATION('',(#4261),#4265);
#4261 = CIRCLE('',#4262,2.);
#4262 = AXIS2_PLACEMENT_2D('',#4263,#4264);
#4263 = CARTESIAN_POINT('',(2.,2.));
#4264 = DIRECTION('',(0.,-1.));
#4265 = ( GEOMETRIC_REPRESENTATION_CONTEXT(2) 
PARAMETRIC_REPRESENTATION_CONTEXT() REPRESENTATION_CONTEXT('2D SPACE',''
  ) );
#4266 = ORIENTED_EDGE('',*,*,#4267,.T.);
#4267 = EDGE_CURVE('',#4244,#1368,#4268,.T.);
#4268 = SURFACE_CURVE('',#4269,(#4273,#4280),.PCURVE_S1.);
#4269 = LINE('',#4270,#4271);
#4270 = CARTESIAN_POINT('',(-40.,-22.,-8.));
#4271 = VECTOR('',#4272,1.);
#4272 = DIRECTION('',(0.,0.,1.));
#4273 = PCURVE('',#1412,#4274);
#4274 = DEFINITIONAL_REPRESENTATION('',(#4275),#4279);
#4275 = LINE('',#4276,#4277);
#4276 = CARTESIAN_POINT('',(1.570796326795,0.));
#4277 = VECTOR('',#4278,1.);
#4278 = DIRECTION('',(0.,1.));
#4279 = ( GEOMETRIC_REPRESENTATION_CONTEXT(2) 
PARAMETRIC_REPRESENTATION_CONTEXT() REPRESENTATION_CONTEXT('2D SPACE',''
  ) );
#4280 = PCURVE('',#1383,#4281);
#4281 = DEFINITIONAL_REPRESENTATION('',(#4282),#4286);
#4282 = LINE('',#4283,#4284);
#4283 = CARTESIAN_POINT('',(0.,2.));
#4284 = VECTOR('',#4285,1.);
#4285 = DIRECTION('',(1.,0.));
#4286 = ( GEOMETRIC_REPRESENTATION_CONTEXT(2) 
PARAMETRIC_REPRESENTATION_CONTEXT() REPRESENTATION_CONTEXT('2D SPACE',''
  ) );
#4287 = ORIENTED_EDGE('',*,*,#1395,.F.);
#4288 = ORIENTED_EDGE('',*,*,#4195,.F.);
#4289 = ADVANCED_FACE('',(#4290),#1383,.T.);
#4290 = FACE_BOUND('',#4291,.T.);
#4291 = EDGE_LOOP('',(#4292,#4315,#4316,#4317,#4338,#4364,#4390,#4418,
    #4444,#4470,#4496,#4519,#4547,#4570,#4596,#4622,#4643,#4666,#4692,
    #4718));
#4292 = ORIENTED_EDGE('',*,*,#4293,.F.);
#4293 = EDGE_CURVE('',#4244,#4294,#4296,.T.);
#4294 = VERTEX_POINT('',#4295);
#4295 = CARTESIAN_POINT('',(-37.74596669241,-22.,-8.));
#4296 = SURFACE_CURVE('',#4297,(#4301,#4308),.PCURVE_S1.);
#4297 = LINE('',#4298,#4299);
#4298 = CARTESIAN_POINT('',(-42.,-22.,-8.));
#4299 = VECTOR('',#4300,1.);
#4300 = DIRECTION('',(1.,0.,0.));
#4301 = PCURVE('',#1383,#4302);
#4302 = DEFINITIONAL_REPRESENTATION('',(#4303),#4307);
#4303 = LINE('',#4304,#4305);
#4304 = CARTESIAN_POINT('',(0.,0.));
#4305 = VECTOR('',#4306,1.);
#4306 = DIRECTION('',(0.,1.));
#4307 = ( GEOMETRIC_REPRESENTATION_CONTEXT(2) 
PARAMETRIC_REPRESENTATION_CONTEXT() REPRESENTATION_CONTEXT('2D SPACE',''
  ) );
#4308 = PCURVE('',#3703,#4309);
#4309 = DEFINITIONAL_REPRESENTATION('',(#4310),#4314);
#4310 = LINE('',#4311,#4312);
#4311 = CARTESIAN_POINT('',(0.,0.));
#4312 = VECTOR('',#4313,1.);
#4313 = DIRECTION('',(1.,0.));
#4314 = ( GEOMETRIC_REPRESENTATION_CONTEXT(2) 
PARAMETRIC_REPRESENTATION_CONTEXT() REPRESENTATION_CONTEXT('2D SPACE',''
  ) );
#4315 = ORIENTED_EDGE('',*,*,#4267,.T.);
#4316 = ORIENTED_EDGE('',*,*,#1367,.T.);
#4317 = ORIENTED_EDGE('',*,*,#4318,.T.);
#4318 = EDGE_CURVE('',#1342,#4319,#4321,.T.);
#4319 = VERTEX_POINT('',#4320);
#4320 = CARTESIAN_POINT('',(-34.,-22.,2.));
#4321 = SURFACE_CURVE('',#4322,(#4326,#4332),.PCURVE_S1.);
#4322 = LINE('',#4323,#4324);
#4323 = CARTESIAN_POINT('',(-34.,-22.,-3.));
#4324 = VECTOR('',#4325,1.);
#4325 = DIRECTION('',(0.,0.,-1.));
#4326 = PCURVE('',#1383,#4327);
#4327 = DEFINITIONAL_REPRESENTATION('',(#4328),#4331);
#4328 = B_SPLINE_CURVE_WITH_KNOTS('',1,(#4329,#4330),.UNSPECIFIED.,.F.,
  .F.,(2,2),(-14.,-5.),.PIECEWISE_BEZIER_KNOTS.);
#4329 = CARTESIAN_POINT('',(19.,8.));
#4330 = CARTESIAN_POINT('',(10.,8.));
#4331 = ( GEOMETRIC_REPRESENTATION_CONTEXT(2) 
PARAMETRIC_REPRESENTATION_CONTEXT() REPRESENTATION_CONTEXT('2D SPACE',''
  ) );
#4332 = PCURVE('',#1356,#4333);
#4333 = DEFINITIONAL_REPRESENTATION('',(#4334),#4337);
#4334 = B_SPLINE_CURVE_WITH_KNOTS('',1,(#4335,#4336),.UNSPECIFIED.,.F.,
  .F.,(2,2),(-14.,-5.),.PIECEWISE_BEZIER_KNOTS.);
#4335 = CARTESIAN_POINT('',(9.,-2.5));
#4336 = CARTESIAN_POINT('',(0.,-2.5));
#4337 = ( GEOMETRIC_REPRESENTATION_CONTEXT(2) 
PARAMETRIC_REPRESENTATION_CONTEXT() REPRESENTATION_CONTEXT('2D SPACE',''
  ) );
#4338 = ORIENTED_EDGE('',*,*,#4339,.T.);
#4339 = EDGE_CURVE('',#4319,#4340,#4342,.T.);
#4340 = VERTEX_POINT('',#4341);
#4341 = CARTESIAN_POINT('',(-26.,-22.,2.));
#4342 = SURFACE_CURVE('',#4343,(#4347,#4353),.PCURVE_S1.);
#4343 = LINE('',#4344,#4345);
#4344 = CARTESIAN_POINT('',(-38.,-22.,2.));
#4345 = VECTOR('',#4346,1.);
#4346 = DIRECTION('',(1.,0.,0.));
#4347 = PCURVE('',#1383,#4348);
#4348 = DEFINITIONAL_REPRESENTATION('',(#4349),#4352);
#4349 = B_SPLINE_CURVE_WITH_KNOTS('',1,(#4350,#4351),.UNSPECIFIED.,.F.,
  .F.,(2,2),(4.,12.),.PIECEWISE_BEZIER_KNOTS.);
#4350 = CARTESIAN_POINT('',(10.,8.));
#4351 = CARTESIAN_POINT('',(10.,16.));
#4352 = ( GEOMETRIC_REPRESENTATION_CONTEXT(2) 
PARAMETRIC_REPRESENTATION_CONTEXT() REPRESENTATION_CONTEXT('2D SPACE',''
  ) );
#4353 = PCURVE('',#4354,#4359);
#4354 = PLANE('',#4355);
#4355 = AXIS2_PLACEMENT_3D('',#4356,#4357,#4358);
#4356 = CARTESIAN_POINT('',(-34.,-24.5,2.));
#4357 = DIRECTION('',(0.,0.,1.));
#4358 = DIRECTION('',(1.,0.,0.));
#4359 = DEFINITIONAL_REPRESENTATION('',(#4360),#4363);
#4360 = B_SPLINE_CURVE_WITH_KNOTS('',1,(#4361,#4362),.UNSPECIFIED.,.F.,
  .F.,(2,2),(4.,12.),.PIECEWISE_BEZIER_KNOTS.);
#4361 = CARTESIAN_POINT('',(0.,2.5));
#4362 = CARTESIAN_POINT('',(8.,2.5));
#4363 = ( GEOMETRIC_REPRESENTATION_CONTEXT(2) 
PARAMETRIC_REPRESENTATION_CONTEXT() REPRESENTATION_CONTEXT('2D SPACE',''
  ) );
#4364 = ORIENTED_EDGE('',*,*,#4365,.F.);
#4365 = EDGE_CURVE('',#4366,#4340,#4368,.T.);
#4366 = VERTEX_POINT('',#4367);
#4367 = CARTESIAN_POINT('',(-26.,-22.,11.));
#4368 = SURFACE_CURVE('',#4369,(#4373,#4379),.PCURVE_S1.);
#4369 = LINE('',#4370,#4371);
#4370 = CARTESIAN_POINT('',(-26.,-22.,-3.));
#4371 = VECTOR('',#4372,1.);
#4372 = DIRECTION('',(0.,0.,-1.));
#4373 = PCURVE('',#1383,#4374);
#4374 = DEFINITIONAL_REPRESENTATION('',(#4375),#4378);
#4375 = B_SPLINE_CURVE_WITH_KNOTS('',1,(#4376,#4377),.UNSPECIFIED.,.F.,
  .F.,(2,2),(-14.,-5.),.PIECEWISE_BEZIER_KNOTS.);
#4376 = CARTESIAN_POINT('',(19.,16.));
#4377 = CARTESIAN_POINT('',(10.,16.));
#4378 = ( GEOMETRIC_REPRESENTATION_CONTEXT(2) 
PARAMETRIC_REPRESENTATION_CONTEXT() REPRESENTATION_CONTEXT('2D SPACE',''
  ) );
#4379 = PCURVE('',#4380,#4385);
#4380 = PLANE('',#4381);
#4381 = AXIS2_PLACEMENT_3D('',#4382,#4383,#4384);
#4382 = CARTESIAN_POINT('',(-26.,-24.5,2.));
#4383 = DIRECTION('',(1.,0.,0.));
#4384 = DIRECTION('',(0.,0.,1.));
#4385 = DEFINITIONAL_REPRESENTATION('',(#4386),#4389);
#4386 = B_SPLINE_CURVE_WITH_KNOTS('',1,(#4387,#4388),.UNSPECIFIED.,.F.,
  .F.,(2,2),(-14.,-5.),.PIECEWISE_BEZIER_KNOTS.);
#4387 = CARTESIAN_POINT('',(9.,-2.5));
#4388 = CARTESIAN_POINT('',(0.,-2.5));
#4389 = ( GEOMETRIC_REPRESENTATION_CONTEXT(2) 
PARAMETRIC_REPRESENTATION_CONTEXT() REPRESENTATION_CONTEXT('2D SPACE',''
  ) );
#4390 = ORIENTED_EDGE('',*,*,#4391,.T.);
#4391 = EDGE_CURVE('',#4366,#4392,#4394,.T.);
#4392 = VERTEX_POINT('',#4393);
#4393 = CARTESIAN_POINT('',(26.,-22.,11.));
#4394 = SURFACE_CURVE('',#4395,(#4399,#4406),.PCURVE_S1.);
#4395 = LINE('',#4396,#4397);
#4396 = CARTESIAN_POINT('',(-42.,-22.,11.));
#4397 = VECTOR('',#4398,1.);
#4398 = DIRECTION('',(1.,0.,0.));
#4399 = PCURVE('',#1383,#4400);
#4400 = DEFINITIONAL_REPRESENTATION('',(#4401),#4405);
#4401 = LINE('',#4402,#4403);
#4402 = CARTESIAN_POINT('',(19.,0.));
#4403 = VECTOR('',#4404,1.);
#4404 = DIRECTION('',(0.,1.));
#4405 = ( GEOMETRIC_REPRESENTATION_CONTEXT(2) 
PARAMETRIC_REPRESENTATION_CONTEXT() REPRESENTATION_CONTEXT('2D SPACE',''
  ) );
#4406 = PCURVE('',#4407,#4412);
#4407 = PLANE('',#4408);
#4408 = AXIS2_PLACEMENT_3D('',#4409,#4410,#4411);
#4409 = CARTESIAN_POINT('',(-45.,-25.,11.));
#4410 = DIRECTION('',(0.,0.,1.));
#4411 = DIRECTION('',(1.,0.,0.));
#4412 = DEFINITIONAL_REPRESENTATION('',(#4413),#4417);
#4413 = LINE('',#4414,#4415);
#4414 = CARTESIAN_POINT('',(3.,3.));
#4415 = VECTOR('',#4416,1.);
#4416 = DIRECTION('',(1.,0.));
#4417 = ( GEOMETRIC_REPRESENTATION_CONTEXT(2) 
PARAMETRIC_REPRESENTATION_CONTEXT() REPRESENTATION_CONTEXT('2D SPACE',''
  ) );
#4418 = ORIENTED_EDGE('',*,*,#4419,.T.);
#4419 = EDGE_CURVE('',#4392,#4420,#4422,.T.);
#4420 = VERTEX_POINT('',#4421);
#4421 = CARTESIAN_POINT('',(26.,-22.,2.));
#4422 = SURFACE_CURVE('',#4423,(#4427,#4433),.PCURVE_S1.);
#4423 = LINE('',#4424,#4425);
#4424 = CARTESIAN_POINT('',(26.,-22.,-3.));
#4425 = VECTOR('',#4426,1.);
#4426 = DIRECTION('',(0.,0.,-1.));
#4427 = PCURVE('',#1383,#4428);
#4428 = DEFINITIONAL_REPRESENTATION('',(#4429),#4432);
#4429 = B_SPLINE_CURVE_WITH_KNOTS('',1,(#4430,#4431),.UNSPECIFIED.,.F.,
  .F.,(2,2),(-14.,-5.),.PIECEWISE_BEZIER_KNOTS.);
#4430 = CARTESIAN_POINT('',(19.,68.));
#4431 = CARTESIAN_POINT('',(10.,68.));
#4432 = ( GEOMETRIC_REPRESENTATION_CONTEXT(2) 
PARAMETRIC_REPRESENTATION_CONTEXT() REPRESENTATION_CONTEXT('2D SPACE',''
  ) );
#4433 = PCURVE('',#4434,#4439);
#4434 = PLANE('',#4435);
#4435 = AXIS2_PLACEMENT_3D('',#4436,#4437,#4438);
#4436 = CARTESIAN_POINT('',(26.,-24.5,2.));
#4437 = DIRECTION('',(1.,0.,0.));
#4438 = DIRECTION('',(0.,0.,1.));
#4439 = DEFINITIONAL_REPRESENTATION('',(#4440),#4443);
#4440 = B_SPLINE_CURVE_WITH_KNOTS('',1,(#4441,#4442),.UNSPECIFIED.,.F.,
  .F.,(2,2),(-14.,-5.),.PIECEWISE_BEZIER_KNOTS.);
#4441 = CARTESIAN_POINT('',(9.,-2.5));
#4442 = CARTESIAN_POINT('',(0.,-2.5));
#4443 = ( GEOMETRIC_REPRESENTATION_CONTEXT(2) 
PARAMETRIC_REPRESENTATION_CONTEXT() REPRESENTATION_CONTEXT('2D SPACE',''
  ) );
#4444 = ORIENTED_EDGE('',*,*,#4445,.T.);
#4445 = EDGE_CURVE('',#4420,#4446,#4448,.T.);
#4446 = VERTEX_POINT('',#4447);
#4447 = CARTESIAN_POINT('',(34.,-22.,2.));
#4448 = SURFACE_CURVE('',#4449,(#4453,#4459),.PCURVE_S1.);
#4449 = LINE('',#4450,#4451);
#4450 = CARTESIAN_POINT('',(-8.,-22.,2.));
#4451 = VECTOR('',#4452,1.);
#4452 = DIRECTION('',(1.,0.,0.));
#4453 = PCURVE('',#1383,#4454);
#4454 = DEFINITIONAL_REPRESENTATION('',(#4455),#4458);
#4455 = B_SPLINE_CURVE_WITH_KNOTS('',1,(#4456,#4457),.UNSPECIFIED.,.F.,
  .F.,(2,2),(34.,42.),.PIECEWISE_BEZIER_KNOTS.);
#4456 = CARTESIAN_POINT('',(10.,68.));
#4457 = CARTESIAN_POINT('',(10.,76.));
#4458 = ( GEOMETRIC_REPRESENTATION_CONTEXT(2) 
PARAMETRIC_REPRESENTATION_CONTEXT() REPRESENTATION_CONTEXT('2D SPACE',''
  ) );
#4459 = PCURVE('',#4460,#4465);
#4460 = PLANE('',#4461);
#4461 = AXIS2_PLACEMENT_3D('',#4462,#4463,#4464);
#4462 = CARTESIAN_POINT('',(26.,-24.5,2.));
#4463 = DIRECTION('',(0.,0.,1.));
#4464 = DIRECTION('',(1.,0.,0.));
#4465 = DEFINITIONAL_REPRESENTATION('',(#4466),#4469);
#4466 = B_SPLINE_CURVE_WITH_KNOTS('',1,(#4467,#4468),.UNSPECIFIED.,.F.,
  .F.,(2,2),(34.,42.),.PIECEWISE_BEZIER_KNOTS.);
#4467 = CARTESIAN_POINT('',(0.,2.5));
#4468 = CARTESIAN_POINT('',(8.,2.5));
#4469 = ( GEOMETRIC_REPRESENTATION_CONTEXT(2) 
PARAMETRIC_REPRESENTATION_CONTEXT() REPRESENTATION_CONTEXT('2D SPACE',''
  ) );
#4470 = ORIENTED_EDGE('',*,*,#4471,.F.);
#4471 = EDGE_CURVE('',#4472,#4446,#4474,.T.);
#4472 = VERTEX_POINT('',#4473);
#4473 = CARTESIAN_POINT('',(34.,-22.,11.));
#4474 = SURFACE_CURVE('',#4475,(#4479,#4485),.PCURVE_S1.);
#4475 = LINE('',#4476,#4477);
#4476 = CARTESIAN_POINT('',(34.,-22.,-3.));
#4477 = VECTOR('',#4478,1.);
#4478 = DIRECTION('',(0.,0.,-1.));
#4479 = PCURVE('',#1383,#4480);
#4480 = DEFINITIONAL_REPRESENTATION('',(#4481),#4484);
#4481 = B_SPLINE_CURVE_WITH_KNOTS('',1,(#4482,#4483),.UNSPECIFIED.,.F.,
  .F.,(2,2),(-14.,-5.),.PIECEWISE_BEZIER_KNOTS.);
#4482 = CARTESIAN_POINT('',(19.,76.));
#4483 = CARTESIAN_POINT('',(10.,76.));
#4484 = ( GEOMETRIC_REPRESENTATION_CONTEXT(2) 
PARAMETRIC_REPRESENTATION_CONTEXT() REPRESENTATION_CONTEXT('2D SPACE',''
  ) );
#4485 = PCURVE('',#4486,#4491);
#4486 = PLANE('',#4487);
#4487 = AXIS2_PLACEMENT_3D('',#4488,#4489,#4490);
#4488 = CARTESIAN_POINT('',(34.,-24.5,2.));
#4489 = DIRECTION('',(1.,0.,0.));
#4490 = DIRECTION('',(0.,0.,1.));
#4491 = DEFINITIONAL_REPRESENTATION('',(#4492),#4495);
#4492 = B_SPLINE_CURVE_WITH_KNOTS('',1,(#4493,#4494),.UNSPECIFIED.,.F.,
  .F.,(2,2),(-14.,-5.),.PIECEWISE_BEZIER_KNOTS.);
#4493 = CARTESIAN_POINT('',(9.,-2.5));
#4494 = CARTESIAN_POINT('',(0.,-2.5));
#4495 = ( GEOMETRIC_REPRESENTATION_CONTEXT(2) 
PARAMETRIC_REPRESENTATION_CONTEXT() REPRESENTATION_CONTEXT('2D SPACE',''
  ) );
#4496 = ORIENTED_EDGE('',*,*,#4497,.T.);
#4497 = EDGE_CURVE('',#4472,#4498,#4500,.T.);
#4498 = VERTEX_POINT('',#4499);
#4499 = CARTESIAN_POINT('',(40.,-22.,11.));
#4500 = SURFACE_CURVE('',#4501,(#4505,#4512),.PCURVE_S1.);
#4501 = LINE('',#4502,#4503);
#4502 = CARTESIAN_POINT('',(-42.,-22.,11.));
#4503 = VECTOR('',#4504,1.);
#4504 = DIRECTION('',(1.,0.,0.));
#4505 = PCURVE('',#1383,#4506);
#4506 = DEFINITIONAL_REPRESENTATION('',(#4507),#4511);
#4507 = LINE('',#4508,#4509);
#4508 = CARTESIAN_POINT('',(19.,0.));
#4509 = VECTOR('',#4510,1.);
#4510 = DIRECTION('',(0.,1.));
#4511 = ( GEOMETRIC_REPRESENTATION_CONTEXT(2) 
PARAMETRIC_REPRESENTATION_CONTEXT() REPRESENTATION_CONTEXT('2D SPACE',''
  ) );
#4512 = PCURVE('',#3907,#4513);
#4513 = DEFINITIONAL_REPRESENTATION('',(#4514),#4518);
#4514 = LINE('',#4515,#4516);
#4515 = CARTESIAN_POINT('',(3.,3.));
#4516 = VECTOR('',#4517,1.);
#4517 = DIRECTION('',(1.,0.));
#4518 = ( GEOMETRIC_REPRESENTATION_CONTEXT(2) 
PARAMETRIC_REPRESENTATION_CONTEXT() REPRESENTATION_CONTEXT('2D SPACE',''
  ) );
#4519 = ORIENTED_EDGE('',*,*,#4520,.F.);
#4520 = EDGE_CURVE('',#4521,#4498,#4523,.T.);
#4521 = VERTEX_POINT('',#4522);
#4522 = CARTESIAN_POINT('',(40.,-22.,-8.));
#4523 = SURFACE_CURVE('',#4524,(#4528,#4535),.PCURVE_S1.);
#4524 = LINE('',#4525,#4526);
#4525 = CARTESIAN_POINT('',(40.,-22.,-8.));
#4526 = VECTOR('',#4527,1.);
#4527 = DIRECTION('',(0.,0.,1.));
#4528 = PCURVE('',#1383,#4529);
#4529 = DEFINITIONAL_REPRESENTATION('',(#4530),#4534);
#4530 = LINE('',#4531,#4532);
#4531 = CARTESIAN_POINT('',(0.,82.));
#4532 = VECTOR('',#4533,1.);
#4533 = DIRECTION('',(1.,0.));
#4534 = ( GEOMETRIC_REPRESENTATION_CONTEXT(2) 
PARAMETRIC_REPRESENTATION_CONTEXT() REPRESENTATION_CONTEXT('2D SPACE',''
  ) );
#4535 = PCURVE('',#4536,#4541);
#4536 = CYLINDRICAL_SURFACE('',#4537,2.);
#4537 = AXIS2_PLACEMENT_3D('',#4538,#4539,#4540);
#4538 = CARTESIAN_POINT('',(40.,-20.,-8.));
#4539 = DIRECTION('',(0.,0.,1.));
#4540 = DIRECTION('',(1.,0.,-0.));
#4541 = DEFINITIONAL_REPRESENTATION('',(#4542),#4546);
#4542 = LINE('',#4543,#4544);
#4543 = CARTESIAN_POINT('',(-1.570796326795,0.));
#4544 = VECTOR('',#4545,1.);
#4545 = DIRECTION('',(-0.,1.));
#4546 = ( GEOMETRIC_REPRESENTATION_CONTEXT(2) 
PARAMETRIC_REPRESENTATION_CONTEXT() REPRESENTATION_CONTEXT('2D SPACE',''
  ) );
#4547 = ORIENTED_EDGE('',*,*,#4548,.F.);
#4548 = EDGE_CURVE('',#4549,#4521,#4551,.T.);
#4549 = VERTEX_POINT('',#4550);
#4550 = CARTESIAN_POINT('',(37.745966692415,-22.,-8.));
#4551 = SURFACE_CURVE('',#4552,(#4556,#4563),.PCURVE_S1.);
#4552 = LINE('',#4553,#4554);
#4553 = CARTESIAN_POINT('',(-42.,-22.,-8.));
#4554 = VECTOR('',#4555,1.);
#4555 = DIRECTION('',(1.,0.,0.));
#4556 = PCURVE('',#1383,#4557);
#4557 = DEFINITIONAL_REPRESENTATION('',(#4558),#4562);
#4558 = LINE('',#4559,#4560);
#4559 = CARTESIAN_POINT('',(0.,0.));
#4560 = VECTOR('',#4561,1.);
#4561 = DIRECTION('',(0.,1.));
#4562 = ( GEOMETRIC_REPRESENTATION_CONTEXT(2) 
PARAMETRIC_REPRESENTATION_CONTEXT() REPRESENTATION_CONTEXT('2D SPACE',''
  ) );
#4563 = PCURVE('',#3703,#4564);
#4564 = DEFINITIONAL_REPRESENTATION('',(#4565),#4569);
#4565 = LINE('',#4566,#4567);
#4566 = CARTESIAN_POINT('',(0.,0.));
#4567 = VECTOR('',#4568,1.);
#4568 = DIRECTION('',(1.,0.));
#4569 = ( GEOMETRIC_REPRESENTATION_CONTEXT(2) 
PARAMETRIC_REPRESENTATION_CONTEXT() REPRESENTATION_CONTEXT('2D SPACE',''
  ) );
#4570 = ORIENTED_EDGE('',*,*,#4571,.F.);
#4571 = EDGE_CURVE('',#4572,#4549,#4574,.T.);
#4572 = VERTEX_POINT('',#4573);
#4573 = CARTESIAN_POINT('',(37.745966692415,-22.,-6.5));
#4574 = SURFACE_CURVE('',#4575,(#4579,#4585),.PCURVE_S1.);
#4575 = LINE('',#4576,#4577);
#4576 = CARTESIAN_POINT('',(37.745966692415,-22.,-14.5));
#4577 = VECTOR('',#4578,1.);
#4578 = DIRECTION('',(-0.,-0.,-1.));
#4579 = PCURVE('',#1383,#4580);
#4580 = DEFINITIONAL_REPRESENTATION('',(#4581),#4584);
#4581 = B_SPLINE_CURVE_WITH_KNOTS('',1,(#4582,#4583),.UNSPECIFIED.,.F.,
  .F.,(2,2),(-8.0000006,-4.6),.PIECEWISE_BEZIER_KNOTS.);
#4582 = CARTESIAN_POINT('',(1.5000006,79.745966692415));
#4583 = CARTESIAN_POINT('',(-1.9,79.745966692415));
#4584 = ( GEOMETRIC_REPRESENTATION_CONTEXT(2) 
PARAMETRIC_REPRESENTATION_CONTEXT() REPRESENTATION_CONTEXT('2D SPACE',''
  ) );
#4585 = PCURVE('',#4586,#4591);
#4586 = CYLINDRICAL_SURFACE('',#4587,8.5);
#4587 = AXIS2_PLACEMENT_3D('',#4588,#4589,#4590);
#4588 = CARTESIAN_POINT('',(30.,-25.5,-14.5));
#4589 = DIRECTION('',(-0.,-0.,-1.));
#4590 = DIRECTION('',(1.,0.,0.));
#4591 = DEFINITIONAL_REPRESENTATION('',(#4592),#4595);
#4592 = B_SPLINE_CURVE_WITH_KNOTS('',1,(#4593,#4594),.UNSPECIFIED.,.F.,
  .F.,(2,2),(-8.0000006,-4.6),.PIECEWISE_BEZIER_KNOTS.);
#4593 = CARTESIAN_POINT('',(-0.424389708593,-8.0000006));
#4594 = CARTESIAN_POINT('',(-0.424389708593,-4.6));
#4595 = ( GEOMETRIC_REPRESENTATION_CONTEXT(2) 
PARAMETRIC_REPRESENTATION_CONTEXT() REPRESENTATION_CONTEXT('2D SPACE',''
  ) );
#4596 = ORIENTED_EDGE('',*,*,#4597,.F.);
#4597 = EDGE_CURVE('',#4598,#4572,#4600,.T.);
#4598 = VERTEX_POINT('',#4599);
#4599 = CARTESIAN_POINT('',(22.254033307585,-22.,-6.5));
#4600 = SURFACE_CURVE('',#4601,(#4605,#4611),.PCURVE_S1.);
#4601 = LINE('',#4602,#4603);
#4602 = CARTESIAN_POINT('',(-6.,-22.,-6.5));
#4603 = VECTOR('',#4604,1.);
#4604 = DIRECTION('',(1.,0.,0.));
#4605 = PCURVE('',#1383,#4606);
#4606 = DEFINITIONAL_REPRESENTATION('',(#4607),#4610);
#4607 = B_SPLINE_CURVE_WITH_KNOTS('',1,(#4608,#4609),.UNSPECIFIED.,.F.,
  .F.,(2,2),(27.5,44.5),.PIECEWISE_BEZIER_KNOTS.);
#4608 = CARTESIAN_POINT('',(1.5,63.5));
#4609 = CARTESIAN_POINT('',(1.5,80.5));
#4610 = ( GEOMETRIC_REPRESENTATION_CONTEXT(2) 
PARAMETRIC_REPRESENTATION_CONTEXT() REPRESENTATION_CONTEXT('2D SPACE',''
  ) );
#4611 = PCURVE('',#4612,#4617);
#4612 = PLANE('',#4613);
#4613 = AXIS2_PLACEMENT_3D('',#4614,#4615,#4616);
#4614 = CARTESIAN_POINT('',(30.,-25.5,-6.5));
#4615 = DIRECTION('',(0.,0.,1.));
#4616 = DIRECTION('',(1.,0.,-0.));
#4617 = DEFINITIONAL_REPRESENTATION('',(#4618),#4621);
#4618 = B_SPLINE_CURVE_WITH_KNOTS('',1,(#4619,#4620),.UNSPECIFIED.,.F.,
  .F.,(2,2),(27.5,44.5),.PIECEWISE_BEZIER_KNOTS.);
#4619 = CARTESIAN_POINT('',(-8.5,3.5));
#4620 = CARTESIAN_POINT('',(8.5,3.5));
#4621 = ( GEOMETRIC_REPRESENTATION_CONTEXT(2) 
PARAMETRIC_REPRESENTATION_CONTEXT() REPRESENTATION_CONTEXT('2D SPACE',''
  ) );
#4622 = ORIENTED_EDGE('',*,*,#4623,.T.);
#4623 = EDGE_CURVE('',#4598,#4624,#4626,.T.);
#4624 = VERTEX_POINT('',#4625);
#4625 = CARTESIAN_POINT('',(22.254033307585,-22.,-8.));
#4626 = SURFACE_CURVE('',#4627,(#4631,#4637),.PCURVE_S1.);
#4627 = LINE('',#4628,#4629);
#4628 = CARTESIAN_POINT('',(22.254033307585,-22.,-14.5));
#4629 = VECTOR('',#4630,1.);
#4630 = DIRECTION('',(-0.,-0.,-1.));
#4631 = PCURVE('',#1383,#4632);
#4632 = DEFINITIONAL_REPRESENTATION('',(#4633),#4636);
#4633 = B_SPLINE_CURVE_WITH_KNOTS('',1,(#4634,#4635),.UNSPECIFIED.,.F.,
  .F.,(2,2),(-8.0000006,-4.6),.PIECEWISE_BEZIER_KNOTS.);
#4634 = CARTESIAN_POINT('',(1.5000006,64.254033307585));
#4635 = CARTESIAN_POINT('',(-1.9,64.254033307585));
#4636 = ( GEOMETRIC_REPRESENTATION_CONTEXT(2) 
PARAMETRIC_REPRESENTATION_CONTEXT() REPRESENTATION_CONTEXT('2D SPACE',''
  ) );
#4637 = PCURVE('',#4586,#4638);
#4638 = DEFINITIONAL_REPRESENTATION('',(#4639),#4642);
#4639 = B_SPLINE_CURVE_WITH_KNOTS('',1,(#4640,#4641),.UNSPECIFIED.,.F.,
  .F.,(2,2),(-8.0000006,-4.6),.PIECEWISE_BEZIER_KNOTS.);
#4640 = CARTESIAN_POINT('',(-2.717202944997,-8.0000006));
#4641 = CARTESIAN_POINT('',(-2.717202944997,-4.6));
#4642 = ( GEOMETRIC_REPRESENTATION_CONTEXT(2) 
PARAMETRIC_REPRESENTATION_CONTEXT() REPRESENTATION_CONTEXT('2D SPACE',''
  ) );
#4643 = ORIENTED_EDGE('',*,*,#4644,.F.);
#4644 = EDGE_CURVE('',#4645,#4624,#4647,.T.);
#4645 = VERTEX_POINT('',#4646);
#4646 = CARTESIAN_POINT('',(-22.25403330758,-22.,-8.));
#4647 = SURFACE_CURVE('',#4648,(#4652,#4659),.PCURVE_S1.);
#4648 = LINE('',#4649,#4650);
#4649 = CARTESIAN_POINT('',(-42.,-22.,-8.));
#4650 = VECTOR('',#4651,1.);
#4651 = DIRECTION('',(1.,0.,0.));
#4652 = PCURVE('',#1383,#4653);
#4653 = DEFINITIONAL_REPRESENTATION('',(#4654),#4658);
#4654 = LINE('',#4655,#4656);
#4655 = CARTESIAN_POINT('',(0.,0.));
#4656 = VECTOR('',#4657,1.);
#4657 = DIRECTION('',(0.,1.));
#4658 = ( GEOMETRIC_REPRESENTATION_CONTEXT(2) 
PARAMETRIC_REPRESENTATION_CONTEXT() REPRESENTATION_CONTEXT('2D SPACE',''
  ) );
#4659 = PCURVE('',#3703,#4660);
#4660 = DEFINITIONAL_REPRESENTATION('',(#4661),#4665);
#4661 = LINE('',#4662,#4663);
#4662 = CARTESIAN_POINT('',(0.,0.));
#4663 = VECTOR('',#4664,1.);
#4664 = DIRECTION('',(1.,0.));
#4665 = ( GEOMETRIC_REPRESENTATION_CONTEXT(2) 
PARAMETRIC_REPRESENTATION_CONTEXT() REPRESENTATION_CONTEXT('2D SPACE',''
  ) );
#4666 = ORIENTED_EDGE('',*,*,#4667,.F.);
#4667 = EDGE_CURVE('',#4668,#4645,#4670,.T.);
#4668 = VERTEX_POINT('',#4669);
#4669 = CARTESIAN_POINT('',(-22.25403330758,-22.,-6.5));
#4670 = SURFACE_CURVE('',#4671,(#4675,#4681),.PCURVE_S1.);
#4671 = LINE('',#4672,#4673);
#4672 = CARTESIAN_POINT('',(-22.25403330758,-22.,-14.5));
#4673 = VECTOR('',#4674,1.);
#4674 = DIRECTION('',(-0.,-0.,-1.));
#4675 = PCURVE('',#1383,#4676);
#4676 = DEFINITIONAL_REPRESENTATION('',(#4677),#4680);
#4677 = B_SPLINE_CURVE_WITH_KNOTS('',1,(#4678,#4679),.UNSPECIFIED.,.F.,
  .F.,(2,2),(-8.0000006,-4.6),.PIECEWISE_BEZIER_KNOTS.);
#4678 = CARTESIAN_POINT('',(1.5000006,19.745966692415));
#4679 = CARTESIAN_POINT('',(-1.9,19.745966692415));
#4680 = ( GEOMETRIC_REPRESENTATION_CONTEXT(2) 
PARAMETRIC_REPRESENTATION_CONTEXT() REPRESENTATION_CONTEXT('2D SPACE',''
  ) );
#4681 = PCURVE('',#4682,#4687);
#4682 = CYLINDRICAL_SURFACE('',#4683,8.5);
#4683 = AXIS2_PLACEMENT_3D('',#4684,#4685,#4686);
#4684 = CARTESIAN_POINT('',(-30.,-25.5,-14.5));
#4685 = DIRECTION('',(-0.,-0.,-1.));
#4686 = DIRECTION('',(1.,0.,0.));
#4687 = DEFINITIONAL_REPRESENTATION('',(#4688),#4691);
#4688 = B_SPLINE_CURVE_WITH_KNOTS('',1,(#4689,#4690),.UNSPECIFIED.,.F.,
  .F.,(2,2),(-8.0000006,-4.6),.PIECEWISE_BEZIER_KNOTS.);
#4689 = CARTESIAN_POINT('',(-0.424389708593,-8.0000006));
#4690 = CARTESIAN_POINT('',(-0.424389708593,-4.6));
#4691 = ( GEOMETRIC_REPRESENTATION_CONTEXT(2) 
PARAMETRIC_REPRESENTATION_CONTEXT() REPRESENTATION_CONTEXT('2D SPACE',''
  ) );
#4692 = ORIENTED_EDGE('',*,*,#4693,.F.);
#4693 = EDGE_CURVE('',#4694,#4668,#4696,.T.);
#4694 = VERTEX_POINT('',#4695);
#4695 = CARTESIAN_POINT('',(-37.74596669241,-22.,-6.5));
#4696 = SURFACE_CURVE('',#4697,(#4701,#4707),.PCURVE_S1.);
#4697 = LINE('',#4698,#4699);
#4698 = CARTESIAN_POINT('',(-36.,-22.,-6.5));
#4699 = VECTOR('',#4700,1.);
#4700 = DIRECTION('',(1.,0.,0.));
#4701 = PCURVE('',#1383,#4702);
#4702 = DEFINITIONAL_REPRESENTATION('',(#4703),#4706);
#4703 = B_SPLINE_CURVE_WITH_KNOTS('',1,(#4704,#4705),.UNSPECIFIED.,.F.,
  .F.,(2,2),(-2.5,14.5),.PIECEWISE_BEZIER_KNOTS.);
#4704 = CARTESIAN_POINT('',(1.5,3.5));
#4705 = CARTESIAN_POINT('',(1.5,20.5));
#4706 = ( GEOMETRIC_REPRESENTATION_CONTEXT(2) 
PARAMETRIC_REPRESENTATION_CONTEXT() REPRESENTATION_CONTEXT('2D SPACE',''
  ) );
#4707 = PCURVE('',#4708,#4713);
#4708 = PLANE('',#4709);
#4709 = AXIS2_PLACEMENT_3D('',#4710,#4711,#4712);
#4710 = CARTESIAN_POINT('',(-30.,-25.5,-6.5));
#4711 = DIRECTION('',(0.,0.,1.));
#4712 = DIRECTION('',(1.,0.,-0.));
#4713 = DEFINITIONAL_REPRESENTATION('',(#4714),#4717);
#4714 = B_SPLINE_CURVE_WITH_KNOTS('',1,(#4715,#4716),.UNSPECIFIED.,.F.,
  .F.,(2,2),(-2.5,14.5),.PIECEWISE_BEZIER_KNOTS.);
#4715 = CARTESIAN_POINT('',(-8.5,3.5));
#4716 = CARTESIAN_POINT('',(8.5,3.5));
#4717 = ( GEOMETRIC_REPRESENTATION_CONTEXT(2) 
PARAMETRIC_REPRESENTATION_CONTEXT() REPRESENTATION_CONTEXT('2D SPACE',''
  ) );
#4718 = ORIENTED_EDGE('',*,*,#4719,.T.);
#4719 = EDGE_CURVE('',#4694,#4294,#4720,.T.);
#4720 = SURFACE_CURVE('',#4721,(#4725,#4731),.PCURVE_S1.);
#4721 = LINE('',#4722,#4723);
#4722 = CARTESIAN_POINT('',(-37.74596669241,-22.,-14.5));
#4723 = VECTOR('',#4724,1.);
#4724 = DIRECTION('',(-0.,-0.,-1.));
#4725 = PCURVE('',#1383,#4726);
#4726 = DEFINITIONAL_REPRESENTATION('',(#4727),#4730);
#4727 = B_SPLINE_CURVE_WITH_KNOTS('',1,(#4728,#4729),.UNSPECIFIED.,.F.,
  .F.,(2,2),(-8.0000006,-4.6),.PIECEWISE_BEZIER_KNOTS.);
#4728 = CARTESIAN_POINT('',(1.5000006,4.254033307585));
#4729 = CARTESIAN_POINT('',(-1.9,4.254033307585));
#4730 = ( GEOMETRIC_REPRESENTATION_CONTEXT(2) 
PARAMETRIC_REPRESENTATION_CONTEXT() REPRESENTATION_CONTEXT('2D SPACE',''
  ) );
#4731 = PCURVE('',#4682,#4732);
#4732 = DEFINITIONAL_REPRESENTATION('',(#4733),#4736);
#4733 = B_SPLINE_CURVE_WITH_KNOTS('',1,(#4734,#4735),.UNSPECIFIED.,.F.,
  .F.,(2,2),(-8.0000006,-4.6),.PIECEWISE_BEZIER_KNOTS.);
#4734 = CARTESIAN_POINT('',(-2.717202944997,-8.0000006));
#4735 = CARTESIAN_POINT('',(-2.717202944997,-4.6));
#4736 = ( GEOMETRIC_REPRESENTATION_CONTEXT(2) 
PARAMETRIC_REPRESENTATION_CONTEXT() REPRESENTATION_CONTEXT('2D SPACE',''
  ) );
#4737 = ADVANCED_FACE('',(#4738),#1356,.F.);
#4738 = FACE_BOUND('',#4739,.F.);
#4739 = EDGE_LOOP('',(#4740,#4763,#4764,#4765,#4766,#4789,#4817));
#4740 = ORIENTED_EDGE('',*,*,#4741,.F.);
#4741 = EDGE_CURVE('',#1794,#4742,#4744,.T.);
#4742 = VERTEX_POINT('',#4743);
#4743 = CARTESIAN_POINT('',(-34.,-24.5,14.));
#4744 = SURFACE_CURVE('',#4745,(#4749,#4756),.PCURVE_S1.);
#4745 = LINE('',#4746,#4747);
#4746 = CARTESIAN_POINT('',(-34.,-24.5,2.));
#4747 = VECTOR('',#4748,1.);
#4748 = DIRECTION('',(0.,0.,1.));
#4749 = PCURVE('',#1356,#4750);
#4750 = DEFINITIONAL_REPRESENTATION('',(#4751),#4755);
#4751 = LINE('',#4752,#4753);
#4752 = CARTESIAN_POINT('',(0.,0.));
#4753 = VECTOR('',#4754,1.);
#4754 = DIRECTION('',(1.,0.));
#4755 = ( GEOMETRIC_REPRESENTATION_CONTEXT(2) 
PARAMETRIC_REPRESENTATION_CONTEXT() REPRESENTATION_CONTEXT('2D SPACE',''
  ) );
#4756 = PCURVE('',#1808,#4757);
#4757 = DEFINITIONAL_REPRESENTATION('',(#4758),#4762);
#4758 = LINE('',#4759,#4760);
#4759 = CARTESIAN_POINT('',(0.,0.));
#4760 = VECTOR('',#4761,1.);
#4761 = DIRECTION('',(1.,0.));
#4762 = ( GEOMETRIC_REPRESENTATION_CONTEXT(2) 
PARAMETRIC_REPRESENTATION_CONTEXT() REPRESENTATION_CONTEXT('2D SPACE',''
  ) );
#4763 = ORIENTED_EDGE('',*,*,#1819,.F.);
#4764 = ORIENTED_EDGE('',*,*,#1341,.T.);
#4765 = ORIENTED_EDGE('',*,*,#4318,.T.);
#4766 = ORIENTED_EDGE('',*,*,#4767,.T.);
#4767 = EDGE_CURVE('',#4319,#4768,#4770,.T.);
#4768 = VERTEX_POINT('',#4769);
#4769 = CARTESIAN_POINT('',(-34.,-19.5,2.));
#4770 = SURFACE_CURVE('',#4771,(#4775,#4782),.PCURVE_S1.);
#4771 = LINE('',#4772,#4773);
#4772 = CARTESIAN_POINT('',(-34.,-24.5,2.));
#4773 = VECTOR('',#4774,1.);
#4774 = DIRECTION('',(0.,1.,0.));
#4775 = PCURVE('',#1356,#4776);
#4776 = DEFINITIONAL_REPRESENTATION('',(#4777),#4781);
#4777 = LINE('',#4778,#4779);
#4778 = CARTESIAN_POINT('',(0.,0.));
#4779 = VECTOR('',#4780,1.);
#4780 = DIRECTION('',(0.,-1.));
#4781 = ( GEOMETRIC_REPRESENTATION_CONTEXT(2) 
PARAMETRIC_REPRESENTATION_CONTEXT() REPRESENTATION_CONTEXT('2D SPACE',''
  ) );
#4782 = PCURVE('',#4354,#4783);
#4783 = DEFINITIONAL_REPRESENTATION('',(#4784),#4788);
#4784 = LINE('',#4785,#4786);
#4785 = CARTESIAN_POINT('',(0.,0.));
#4786 = VECTOR('',#4787,1.);
#4787 = DIRECTION('',(0.,1.));
#4788 = ( GEOMETRIC_REPRESENTATION_CONTEXT(2) 
PARAMETRIC_REPRESENTATION_CONTEXT() REPRESENTATION_CONTEXT('2D SPACE',''
  ) );
#4789 = ORIENTED_EDGE('',*,*,#4790,.T.);
#4790 = EDGE_CURVE('',#4768,#4791,#4793,.T.);
#4791 = VERTEX_POINT('',#4792);
#4792 = CARTESIAN_POINT('',(-34.,-19.5,14.));
#4793 = SURFACE_CURVE('',#4794,(#4798,#4805),.PCURVE_S1.);
#4794 = LINE('',#4795,#4796);
#4795 = CARTESIAN_POINT('',(-34.,-19.5,2.));
#4796 = VECTOR('',#4797,1.);
#4797 = DIRECTION('',(0.,0.,1.));
#4798 = PCURVE('',#1356,#4799);
#4799 = DEFINITIONAL_REPRESENTATION('',(#4800),#4804);
#4800 = LINE('',#4801,#4802);
#4801 = CARTESIAN_POINT('',(0.,-5.));
#4802 = VECTOR('',#4803,1.);
#4803 = DIRECTION('',(1.,0.));
#4804 = ( GEOMETRIC_REPRESENTATION_CONTEXT(2) 
PARAMETRIC_REPRESENTATION_CONTEXT() REPRESENTATION_CONTEXT('2D SPACE',''
  ) );
#4805 = PCURVE('',#4806,#4811);
#4806 = PLANE('',#4807);
#4807 = AXIS2_PLACEMENT_3D('',#4808,#4809,#4810);
#4808 = CARTESIAN_POINT('',(-34.,-19.5,2.));
#4809 = DIRECTION('',(0.,1.,0.));
#4810 = DIRECTION('',(0.,0.,1.));
#4811 = DEFINITIONAL_REPRESENTATION('',(#4812),#4816);
#4812 = LINE('',#4813,#4814);
#4813 = CARTESIAN_POINT('',(0.,0.));
#4814 = VECTOR('',#4815,1.);
#4815 = DIRECTION('',(1.,0.));
#4816 = ( GEOMETRIC_REPRESENTATION_CONTEXT(2) 
PARAMETRIC_REPRESENTATION_CONTEXT() REPRESENTATION_CONTEXT('2D SPACE',''
  ) );
#4817 = ORIENTED_EDGE('',*,*,#4818,.F.);
#4818 = EDGE_CURVE('',#4742,#4791,#4819,.T.);
#4819 = SURFACE_CURVE('',#4820,(#4824,#4831),.PCURVE_S1.);
#4820 = LINE('',#4821,#4822);
#4821 = CARTESIAN_POINT('',(-34.,-24.5,14.));
#4822 = VECTOR('',#4823,1.);
#4823 = DIRECTION('',(0.,1.,0.));
#4824 = PCURVE('',#1356,#4825);
#4825 = DEFINITIONAL_REPRESENTATION('',(#4826),#4830);
#4826 = LINE('',#4827,#4828);
#4827 = CARTESIAN_POINT('',(12.,0.));
#4828 = VECTOR('',#4829,1.);
#4829 = DIRECTION('',(0.,-1.));
#4830 = ( GEOMETRIC_REPRESENTATION_CONTEXT(2) 
PARAMETRIC_REPRESENTATION_CONTEXT() REPRESENTATION_CONTEXT('2D SPACE',''
  ) );
#4831 = PCURVE('',#4832,#4837);
#4832 = PLANE('',#4833);
#4833 = AXIS2_PLACEMENT_3D('',#4834,#4835,#4836);
#4834 = CARTESIAN_POINT('',(-34.,-24.5,14.));
#4835 = DIRECTION('',(0.,0.,1.));
#4836 = DIRECTION('',(1.,0.,0.));
#4837 = DEFINITIONAL_REPRESENTATION('',(#4838),#4842);
#4838 = LINE('',#4839,#4840);
#4839 = CARTESIAN_POINT('',(0.,0.));
#4840 = VECTOR('',#4841,1.);
#4841 = DIRECTION('',(0.,1.));
#4842 = ( GEOMETRIC_REPRESENTATION_CONTEXT(2) 
PARAMETRIC_REPRESENTATION_CONTEXT() REPRESENTATION_CONTEXT('2D SPACE',''
  ) );
#4843 = ADVANCED_FACE('',(#4844),#1602,.T.);
#4844 = FACE_BOUND('',#4845,.T.);
#4845 = EDGE_LOOP('',(#4846,#4867,#4868,#4869,#4870,#4898));
#4846 = ORIENTED_EDGE('',*,*,#4847,.T.);
#4847 = EDGE_CURVE('',#4848,#3370,#4850,.T.);
#4848 = VERTEX_POINT('',#4849);
#4849 = CARTESIAN_POINT('',(-26.88993569198,25.,-6.5));
#4850 = SURFACE_CURVE('',#4851,(#4855,#4861),.PCURVE_S1.);
#4851 = LINE('',#4852,#4853);
#4852 = CARTESIAN_POINT('',(-37.5,25.,-6.5));
#4853 = VECTOR('',#4854,1.);
#4854 = DIRECTION('',(1.,0.,0.));
#4855 = PCURVE('',#1602,#4856);
#4856 = DEFINITIONAL_REPRESENTATION('',(#4857),#4860);
#4857 = B_SPLINE_CURVE_WITH_KNOTS('',1,(#4858,#4859),.UNSPECIFIED.,.F.,
  .F.,(2,2),(-1.,16.),.PIECEWISE_BEZIER_KNOTS.);
#4858 = CARTESIAN_POINT('',(-8.5,-0.5));
#4859 = CARTESIAN_POINT('',(8.5,-0.5));
#4860 = ( GEOMETRIC_REPRESENTATION_CONTEXT(2) 
PARAMETRIC_REPRESENTATION_CONTEXT() REPRESENTATION_CONTEXT('2D SPACE',''
  ) );
#4861 = PCURVE('',#3095,#4862);
#4862 = DEFINITIONAL_REPRESENTATION('',(#4863),#4866);
#4863 = B_SPLINE_CURVE_WITH_KNOTS('',1,(#4864,#4865),.UNSPECIFIED.,.F.,
  .F.,(2,2),(-1.,16.),.PIECEWISE_BEZIER_KNOTS.);
#4864 = CARTESIAN_POINT('',(4.5,6.5));
#4865 = CARTESIAN_POINT('',(4.5,23.5));
#4866 = ( GEOMETRIC_REPRESENTATION_CONTEXT(2) 
PARAMETRIC_REPRESENTATION_CONTEXT() REPRESENTATION_CONTEXT('2D SPACE',''
  ) );
#4867 = ORIENTED_EDGE('',*,*,#3390,.T.);
#4868 = ORIENTED_EDGE('',*,*,#3343,.T.);
#4869 = ORIENTED_EDGE('',*,*,#1587,.T.);
#4870 = ORIENTED_EDGE('',*,*,#4871,.T.);
#4871 = EDGE_CURVE('',#1562,#4872,#4874,.T.);
#4872 = VERTEX_POINT('',#4873);
#4873 = CARTESIAN_POINT('',(-26.85,25.5,-6.5));
#4874 = SURFACE_CURVE('',#4875,(#4880,#4891),.PCURVE_S1.);
#4875 = CIRCLE('',#4876,3.15);
#4876 = AXIS2_PLACEMENT_3D('',#4877,#4878,#4879);
#4877 = CARTESIAN_POINT('',(-30.,25.5,-6.5));
#4878 = DIRECTION('',(0.,0.,-1.));
#4879 = DIRECTION('',(1.,0.,0.));
#4880 = PCURVE('',#1602,#4881);
#4881 = DEFINITIONAL_REPRESENTATION('',(#4882),#4890);
#4882 = ( BOUNDED_CURVE() B_SPLINE_CURVE(2,(#4883,#4884,#4885,#4886,
#4887,#4888,#4889),.UNSPECIFIED.,.T.,.F.) B_SPLINE_CURVE_WITH_KNOTS((1,2
    ,2,2,2,1),(-2.094395102393,0.,2.094395102393,4.188790204786,
6.28318530718,8.377580409573),.UNSPECIFIED.) CURVE() 
GEOMETRIC_REPRESENTATION_ITEM() RATIONAL_B_SPLINE_CURVE((1.,0.5,1.,0.5,
1.,0.5,1.)) REPRESENTATION_ITEM('') );
#4883 = CARTESIAN_POINT('',(3.15,-3.552713678801E-15));
#4884 = CARTESIAN_POINT('',(3.15,-5.455960043842));
#4885 = CARTESIAN_POINT('',(-1.575,-2.727980021921));
#4886 = CARTESIAN_POINT('',(-6.3,-4.324241162263E-15));
#4887 = CARTESIAN_POINT('',(-1.575,2.727980021921));
#4888 = CARTESIAN_POINT('',(3.15,5.455960043842));
#4889 = CARTESIAN_POINT('',(3.15,-3.552713678801E-15));
#4890 = ( GEOMETRIC_REPRESENTATION_CONTEXT(2) 
PARAMETRIC_REPRESENTATION_CONTEXT() REPRESENTATION_CONTEXT('2D SPACE',''
  ) );
#4891 = PCURVE('',#1576,#4892);
#4892 = DEFINITIONAL_REPRESENTATION('',(#4893),#4897);
#4893 = LINE('',#4894,#4895);
#4894 = CARTESIAN_POINT('',(-6.28318530718,-9.5));
#4895 = VECTOR('',#4896,1.);
#4896 = DIRECTION('',(1.,-0.));
#4897 = ( GEOMETRIC_REPRESENTATION_CONTEXT(2) 
PARAMETRIC_REPRESENTATION_CONTEXT() REPRESENTATION_CONTEXT('2D SPACE',''
  ) );
#4898 = ORIENTED_EDGE('',*,*,#4899,.T.);
#4899 = EDGE_CURVE('',#4872,#4848,#4900,.T.);
#4900 = SURFACE_CURVE('',#4901,(#4906,#4917),.PCURVE_S1.);
#4901 = CIRCLE('',#4902,3.15);
#4902 = AXIS2_PLACEMENT_3D('',#4903,#4904,#4905);
#4903 = CARTESIAN_POINT('',(-30.,25.5,-6.5));
#4904 = DIRECTION('',(0.,0.,-1.));
#4905 = DIRECTION('',(1.,0.,0.));
#4906 = PCURVE('',#1602,#4907);
#4907 = DEFINITIONAL_REPRESENTATION('',(#4908),#4916);
#4908 = ( BOUNDED_CURVE() B_SPLINE_CURVE(2,(#4909,#4910,#4911,#4912,
#4913,#4914,#4915),.UNSPECIFIED.,.T.,.F.) B_SPLINE_CURVE_WITH_KNOTS((1,2
    ,2,2,2,1),(-2.094395102393,0.,2.094395102393,4.188790204786,
6.28318530718,8.377580409573),.UNSPECIFIED.) CURVE() 
GEOMETRIC_REPRESENTATION_ITEM() RATIONAL_B_SPLINE_CURVE((1.,0.5,1.,0.5,
1.,0.5,1.)) REPRESENTATION_ITEM('') );
#4909 = CARTESIAN_POINT('',(3.15,-3.552713678801E-15));
#4910 = CARTESIAN_POINT('',(3.15,-5.455960043842));
#4911 = CARTESIAN_POINT('',(-1.575,-2.727980021921));
#4912 = CARTESIAN_POINT('',(-6.3,-4.324241162263E-15));
#4913 = CARTESIAN_POINT('',(-1.575,2.727980021921));
#4914 = CARTESIAN_POINT('',(3.15,5.455960043842));
#4915 = CARTESIAN_POINT('',(3.15,-3.552713678801E-15));
#4916 = ( GEOMETRIC_REPRESENTATION_CONTEXT(2) 
PARAMETRIC_REPRESENTATION_CONTEXT() REPRESENTATION_CONTEXT('2D SPACE',''
  ) );
#4917 = PCURVE('',#1576,#4918);
#4918 = DEFINITIONAL_REPRESENTATION('',(#4919),#4923);
#4919 = LINE('',#4920,#4921);
#4920 = CARTESIAN_POINT('',(-6.28318530718,-9.5));
#4921 = VECTOR('',#4922,1.);
#4922 = DIRECTION('',(1.,-0.));
#4923 = ( GEOMETRIC_REPRESENTATION_CONTEXT(2) 
PARAMETRIC_REPRESENTATION_CONTEXT() REPRESENTATION_CONTEXT('2D SPACE',''
  ) );
#4924 = ADVANCED_FACE('',(#4925),#1576,.F.);
#4925 = FACE_BOUND('',#4926,.T.);
#4926 = EDGE_LOOP('',(#4927,#4950,#4981,#4982,#4983,#4984,#4985,#5006,
    #5039,#5060,#5160,#5179));
#4927 = ORIENTED_EDGE('',*,*,#4928,.F.);
#4928 = EDGE_CURVE('',#4929,#4872,#4931,.T.);
#4929 = VERTEX_POINT('',#4930);
#4930 = CARTESIAN_POINT('',(-26.85,25.5,-10.9));
#4931 = SEAM_CURVE('',#4932,(#4936,#4943),.PCURVE_S1.);
#4932 = LINE('',#4933,#4934);
#4933 = CARTESIAN_POINT('',(-26.85,25.5,-16.));
#4934 = VECTOR('',#4935,1.);
#4935 = DIRECTION('',(0.,0.,1.));
#4936 = PCURVE('',#1576,#4937);
#4937 = DEFINITIONAL_REPRESENTATION('',(#4938),#4942);
#4938 = LINE('',#4939,#4940);
#4939 = CARTESIAN_POINT('',(-6.28318530718,0.));
#4940 = VECTOR('',#4941,1.);
#4941 = DIRECTION('',(-0.,-1.));
#4942 = ( GEOMETRIC_REPRESENTATION_CONTEXT(2) 
PARAMETRIC_REPRESENTATION_CONTEXT() REPRESENTATION_CONTEXT('2D SPACE',''
  ) );
#4943 = PCURVE('',#1576,#4944);
#4944 = DEFINITIONAL_REPRESENTATION('',(#4945),#4949);
#4945 = LINE('',#4946,#4947);
#4946 = CARTESIAN_POINT('',(-0.,0.));
#4947 = VECTOR('',#4948,1.);
#4948 = DIRECTION('',(-0.,-1.));
#4949 = ( GEOMETRIC_REPRESENTATION_CONTEXT(2) 
PARAMETRIC_REPRESENTATION_CONTEXT() REPRESENTATION_CONTEXT('2D SPACE',''
  ) );
#4950 = ORIENTED_EDGE('',*,*,#4951,.T.);
#4951 = EDGE_CURVE('',#4929,#4929,#4952,.T.);
#4952 = SURFACE_CURVE('',#4953,(#4958,#4965),.PCURVE_S1.);
#4953 = CIRCLE('',#4954,3.15);
#4954 = AXIS2_PLACEMENT_3D('',#4955,#4956,#4957);
#4955 = CARTESIAN_POINT('',(-30.,25.5,-10.9));
#4956 = DIRECTION('',(0.,0.,-1.));
#4957 = DIRECTION('',(1.,0.,0.));
#4958 = PCURVE('',#1576,#4959);
#4959 = DEFINITIONAL_REPRESENTATION('',(#4960),#4964);
#4960 = LINE('',#4961,#4962);
#4961 = CARTESIAN_POINT('',(-6.28318530718,-5.1));
#4962 = VECTOR('',#4963,1.);
#4963 = DIRECTION('',(1.,-0.));
#4964 = ( GEOMETRIC_REPRESENTATION_CONTEXT(2) 
PARAMETRIC_REPRESENTATION_CONTEXT() REPRESENTATION_CONTEXT('2D SPACE',''
  ) );
#4965 = PCURVE('',#4966,#4971);
#4966 = PLANE('',#4967);
#4967 = AXIS2_PLACEMENT_3D('',#4968,#4969,#4970);
#4968 = CARTESIAN_POINT('',(-30.,25.5,-10.9));
#4969 = DIRECTION('',(0.,0.,1.));
#4970 = DIRECTION('',(1.,0.,-0.));
#4971 = DEFINITIONAL_REPRESENTATION('',(#4972),#4980);
#4972 = ( BOUNDED_CURVE() B_SPLINE_CURVE(2,(#4973,#4974,#4975,#4976,
#4977,#4978,#4979),.UNSPECIFIED.,.T.,.F.) B_SPLINE_CURVE_WITH_KNOTS((1,2
    ,2,2,2,1),(-2.094395102393,0.,2.094395102393,4.188790204786,
6.28318530718,8.377580409573),.UNSPECIFIED.) CURVE() 
GEOMETRIC_REPRESENTATION_ITEM() RATIONAL_B_SPLINE_CURVE((1.,0.5,1.,0.5,
1.,0.5,1.)) REPRESENTATION_ITEM('') );
#4973 = CARTESIAN_POINT('',(3.15,-3.552713678801E-15));
#4974 = CARTESIAN_POINT('',(3.15,-5.455960043842));
#4975 = CARTESIAN_POINT('',(-1.575,-2.727980021921));
#4976 = CARTESIAN_POINT('',(-6.3,-4.324241162263E-15));
#4977 = CARTESIAN_POINT('',(-1.575,2.727980021921));
#4978 = CARTESIAN_POINT('',(3.15,5.455960043842));
#4979 = CARTESIAN_POINT('',(3.15,-3.552713678801E-15));
#4980 = ( GEOMETRIC_REPRESENTATION_CONTEXT(2) 
PARAMETRIC_REPRESENTATION_CONTEXT() REPRESENTATION_CONTEXT('2D SPACE',''
  ) );
#4981 = ORIENTED_EDGE('',*,*,#4928,.T.);
#4982 = ORIENTED_EDGE('',*,*,#4871,.F.);
#4983 = ORIENTED_EDGE('',*,*,#1561,.F.);
#4984 = ORIENTED_EDGE('',*,*,#3471,.T.);
#4985 = ORIENTED_EDGE('',*,*,#4986,.T.);
#4986 = EDGE_CURVE('',#3446,#4987,#4989,.T.);
#4987 = VERTEX_POINT('',#4988);
#4988 = CARTESIAN_POINT('',(-32.98705540624,24.5,2.));
#4989 = SURFACE_CURVE('',#4990,(#4994,#5000),.PCURVE_S1.);
#4990 = LINE('',#4991,#4992);
#4991 = CARTESIAN_POINT('',(-32.98705540624,24.5,-16.));
#4992 = VECTOR('',#4993,1.);
#4993 = DIRECTION('',(-0.,-0.,-1.));
#4994 = PCURVE('',#1576,#4995);
#4995 = DEFINITIONAL_REPRESENTATION('',(#4996),#4999);
#4996 = B_SPLINE_CURVE_WITH_KNOTS('',1,(#4997,#4998),.UNSPECIFIED.,.F.,
  .F.,(2,2),(-27.0000006,-16.8),.PIECEWISE_BEZIER_KNOTS.);
#4997 = CARTESIAN_POINT('',(-3.464642713103,-27.0000006));
#4998 = CARTESIAN_POINT('',(-3.464642713103,-16.8));
#4999 = ( GEOMETRIC_REPRESENTATION_CONTEXT(2) 
PARAMETRIC_REPRESENTATION_CONTEXT() REPRESENTATION_CONTEXT('2D SPACE',''
  ) );
#5000 = PCURVE('',#3460,#5001);
#5001 = DEFINITIONAL_REPRESENTATION('',(#5002),#5005);
#5002 = B_SPLINE_CURVE_WITH_KNOTS('',1,(#5003,#5004),.UNSPECIFIED.,.F.,
  .F.,(2,2),(-27.0000006,-16.8),.PIECEWISE_BEZIER_KNOTS.);
#5003 = CARTESIAN_POINT('',(9.0000006,1.012944593751));
#5004 = CARTESIAN_POINT('',(-1.2,1.012944593751));
#5005 = ( GEOMETRIC_REPRESENTATION_CONTEXT(2) 
PARAMETRIC_REPRESENTATION_CONTEXT() REPRESENTATION_CONTEXT('2D SPACE',''
  ) );
#5006 = ORIENTED_EDGE('',*,*,#5007,.F.);
#5007 = EDGE_CURVE('',#5008,#4987,#5010,.T.);
#5008 = VERTEX_POINT('',#5009);
#5009 = CARTESIAN_POINT('',(-27.01294459375,24.5,2.));
#5010 = SURFACE_CURVE('',#5011,(#5016,#5023),.PCURVE_S1.);
#5011 = CIRCLE('',#5012,3.15);
#5012 = AXIS2_PLACEMENT_3D('',#5013,#5014,#5015);
#5013 = CARTESIAN_POINT('',(-30.,25.5,2.));
#5014 = DIRECTION('',(0.,0.,-1.));
#5015 = DIRECTION('',(1.,0.,0.));
#5016 = PCURVE('',#1576,#5017);
#5017 = DEFINITIONAL_REPRESENTATION('',(#5018),#5022);
#5018 = LINE('',#5019,#5020);
#5019 = CARTESIAN_POINT('',(-6.28318530718,-18.));
#5020 = VECTOR('',#5021,1.);
#5021 = DIRECTION('',(1.,-0.));
#5022 = ( GEOMETRIC_REPRESENTATION_CONTEXT(2) 
PARAMETRIC_REPRESENTATION_CONTEXT() REPRESENTATION_CONTEXT('2D SPACE',''
  ) );
#5023 = PCURVE('',#5024,#5029);
#5024 = PLANE('',#5025);
#5025 = AXIS2_PLACEMENT_3D('',#5026,#5027,#5028);
#5026 = CARTESIAN_POINT('',(-34.,19.5,2.));
#5027 = DIRECTION('',(0.,0.,1.));
#5028 = DIRECTION('',(1.,0.,0.));
#5029 = DEFINITIONAL_REPRESENTATION('',(#5030),#5038);
#5030 = ( BOUNDED_CURVE() B_SPLINE_CURVE(2,(#5031,#5032,#5033,#5034,
#5035,#5036,#5037),.UNSPECIFIED.,.T.,.F.) B_SPLINE_CURVE_WITH_KNOTS((1,2
    ,2,2,2,1),(-2.094395102393,0.,2.094395102393,4.188790204786,
6.28318530718,8.377580409573),.UNSPECIFIED.) CURVE() 
GEOMETRIC_REPRESENTATION_ITEM() RATIONAL_B_SPLINE_CURVE((1.,0.5,1.,0.5,
1.,0.5,1.)) REPRESENTATION_ITEM('') );
#5031 = CARTESIAN_POINT('',(7.15,6.));
#5032 = CARTESIAN_POINT('',(7.15,0.544039956158));
#5033 = CARTESIAN_POINT('',(2.425,3.272019978079));
#5034 = CARTESIAN_POINT('',(-2.3,6.));
#5035 = CARTESIAN_POINT('',(2.425,8.727980021921));
#5036 = CARTESIAN_POINT('',(7.15,11.455960043842));
#5037 = CARTESIAN_POINT('',(7.15,6.));
#5038 = ( GEOMETRIC_REPRESENTATION_CONTEXT(2) 
PARAMETRIC_REPRESENTATION_CONTEXT() REPRESENTATION_CONTEXT('2D SPACE',''
  ) );
#5039 = ORIENTED_EDGE('',*,*,#5040,.F.);
#5040 = EDGE_CURVE('',#5041,#5008,#5043,.T.);
#5041 = VERTEX_POINT('',#5042);
#5042 = CARTESIAN_POINT('',(-27.01294460465,24.5,10.618033996734));
#5043 = SURFACE_CURVE('',#5044,(#5048,#5054),.PCURVE_S1.);
#5044 = LINE('',#5045,#5046);
#5045 = CARTESIAN_POINT('',(-27.01294459375,24.5,-16.));
#5046 = VECTOR('',#5047,1.);
#5047 = DIRECTION('',(-0.,-0.,-1.));
#5048 = PCURVE('',#1576,#5049);
#5049 = DEFINITIONAL_REPRESENTATION('',(#5050),#5053);
#5050 = B_SPLINE_CURVE_WITH_KNOTS('',1,(#5051,#5052),.UNSPECIFIED.,.F.,
  .F.,(2,2),(-27.0000006,-16.8),.PIECEWISE_BEZIER_KNOTS.);
#5051 = CARTESIAN_POINT('',(-5.960135247667,-27.0000006));
#5052 = CARTESIAN_POINT('',(-5.960135247667,-16.8));
#5053 = ( GEOMETRIC_REPRESENTATION_CONTEXT(2) 
PARAMETRIC_REPRESENTATION_CONTEXT() REPRESENTATION_CONTEXT('2D SPACE',''
  ) );
#5054 = PCURVE('',#3460,#5055);
#5055 = DEFINITIONAL_REPRESENTATION('',(#5056),#5059);
#5056 = B_SPLINE_CURVE_WITH_KNOTS('',1,(#5057,#5058),.UNSPECIFIED.,.F.,
  .F.,(2,2),(-27.0000006,-16.8),.PIECEWISE_BEZIER_KNOTS.);
#5057 = CARTESIAN_POINT('',(9.0000006,6.987055406249));
#5058 = CARTESIAN_POINT('',(-1.2,6.987055406249));
#5059 = ( GEOMETRIC_REPRESENTATION_CONTEXT(2) 
PARAMETRIC_REPRESENTATION_CONTEXT() REPRESENTATION_CONTEXT('2D SPACE',''
  ) );
#5060 = ORIENTED_EDGE('',*,*,#5061,.T.);
#5061 = EDGE_CURVE('',#5041,#5062,#5064,.T.);
#5062 = VERTEX_POINT('',#5063);
#5063 = CARTESIAN_POINT('',(-26.88993569198,25.,9.5));
#5064 = SURFACE_CURVE('',#5065,(#5093,#5124),.PCURVE_S1.);
#5065 = B_SPLINE_CURVE_WITH_KNOTS('',6,(#5066,#5067,#5068,#5069,#5070,
    #5071,#5072,#5073,#5074,#5075,#5076,#5077,#5078,#5079,#5080,#5081,
    #5082,#5083,#5084,#5085,#5086,#5087,#5088,#5089,#5090,#5091,#5092),
  .UNSPECIFIED.,.F.,.F.,(7,5,5,5,5,7),(0.,0.101373170242,0.281115722404,
    0.45585592441,0.559527751713,1.),.UNSPECIFIED.);
#5066 = CARTESIAN_POINT('',(-27.56638129527,23.5,11.));
#5067 = CARTESIAN_POINT('',(-27.5376548461,23.534954612008,11.));
#5068 = CARTESIAN_POINT('',(-27.50944546486,23.57050830537,
    10.999022557809));
#5069 = CARTESIAN_POINT('',(-27.48180454976,23.606612129282,
    10.997004793872));
#5070 = CARTESIAN_POINT('',(-27.45477797643,23.643213634007,
    10.993886493013));
#5071 = CARTESIAN_POINT('',(-27.42840609798,23.68025687087,
    10.989610104443));
#5072 = CARTESIAN_POINT('',(-27.35718692614,23.784040766127,
    10.974387672762));
#5073 = CARTESIAN_POINT('',(-27.313768424,23.851672684118,
    10.960830936446));
#5074 = CARTESIAN_POINT('',(-27.27283451213,23.920016213265,
    10.943163028639));
#5075 = CARTESIAN_POINT('',(-27.2346215375,23.988476238391,
    10.921207882226));
#5076 = CARTESIAN_POINT('',(-27.19925088322,24.056449874438,
    10.894909939556));
#5077 = CARTESIAN_POINT('',(-27.13514166878,24.188391957598,
    10.834627201362));
#5078 = CARTESIAN_POINT('',(-27.106315207,24.252276690528,
    10.800941732907));
#5079 = CARTESIAN_POINT('',(-27.08026011443,24.314485086916,
    10.763383501688));
#5080 = CARTESIAN_POINT('',(-27.05689160112,24.374507891713,
    10.722166014277));
#5081 = CARTESIAN_POINT('',(-27.0360656367,24.431877837731,
    10.677625287714));
#5082 = CARTESIAN_POINT('',(-27.00664460862,24.518428699151,
    10.60210367897));
#5083 = CARTESIAN_POINT('',(-26.99651361178,24.549604195607,
    10.572958559831));
#5084 = CARTESIAN_POINT('',(-26.98715855965,24.579676593687,
    10.542853819279));
#5085 = CARTESIAN_POINT('',(-26.97853170813,24.608601578591,
    10.51185860495));
#5086 = CARTESIAN_POINT('',(-26.97058608701,24.636340314305,
    10.480047571045));
#5087 = CARTESIAN_POINT('',(-26.93221488522,24.775531717306,
    10.309219193838));
#5088 = CARTESIAN_POINT('',(-26.91274696727,24.865729656229,
    10.158224068812));
#5089 = CARTESIAN_POINT('',(-26.90069135116,24.933089914847,
    9.998639970973));
#5090 = CARTESIAN_POINT('',(-26.89351102971,24.977763736728,
    9.83383850467));
#5091 = CARTESIAN_POINT('',(-26.88993569198,25.,9.666720763995));
#5092 = CARTESIAN_POINT('',(-26.88993569198,25.,9.5));
#5093 = PCURVE('',#1576,#5094);
#5094 = DEFINITIONAL_REPRESENTATION('',(#5095),#5123);
#5095 = B_SPLINE_CURVE_WITH_KNOTS('',6,(#5096,#5097,#5098,#5099,#5100,
    #5101,#5102,#5103,#5104,#5105,#5106,#5107,#5108,#5109,#5110,#5111,
    #5112,#5113,#5114,#5115,#5116,#5117,#5118,#5119,#5120,#5121,#5122),
  .UNSPECIFIED.,.F.,.F.,(7,5,5,5,5,7),(0.,0.101373170242,0.281115722404,
    0.45585592441,0.559527751713,1.),.UNSPECIFIED.);
#5096 = CARTESIAN_POINT('',(-5.59527951916,-27.));
#5097 = CARTESIAN_POINT('',(-5.609642743744,-27.));
#5098 = CARTESIAN_POINT('',(-5.624048637016,-26.9990225578));
#5099 = CARTESIAN_POINT('',(-5.638480294287,-26.99700479387));
#5100 = CARTESIAN_POINT('',(-5.652921011418,-26.99388649301));
#5101 = CARTESIAN_POINT('',(-5.667354284823,-26.98961010444));
#5102 = CARTESIAN_POINT('',(-5.707313028163,-26.97438767276));
#5103 = CARTESIAN_POINT('',(-5.732815028375,-26.96083093644));
#5104 = CARTESIAN_POINT('',(-5.758087303365,-26.94316302863));
#5105 = CARTESIAN_POINT('',(-5.782960434872,-26.92120788222));
#5106 = CARTESIAN_POINT('',(-5.807276927988,-26.89490993955));
#5107 = CARTESIAN_POINT('',(-5.853845991978,-26.83462720136));
#5108 = CARTESIAN_POINT('',(-5.876086846496,-26.8009417329));
#5109 = CARTESIAN_POINT('',(-5.897486626156,-26.76338350168));
#5110 = CARTESIAN_POINT('',(-5.917925926131,-26.72216601427));
#5111 = CARTESIAN_POINT('',(-5.937297473793,-26.67762528771));
#5112 = CARTESIAN_POINT('',(-5.966318015437,-26.60210367897));
#5113 = CARTESIAN_POINT('',(-5.976723548629,-26.57295855983));
#5114 = CARTESIAN_POINT('',(-5.986720454726,-26.54285381927));
#5115 = CARTESIAN_POINT('',(-5.996301780299,-26.51185860495));
#5116 = CARTESIAN_POINT('',(-6.005461447636,-26.48004757104));
#5117 = CARTESIAN_POINT('',(-6.051297480177,-26.30921919383));
#5118 = CARTESIAN_POINT('',(-6.080544737985,-26.15822406881));
#5119 = CARTESIAN_POINT('',(-6.102267756169,-25.99863997097));
#5120 = CARTESIAN_POINT('',(-6.116630908407,-25.83383850467));
#5121 = CARTESIAN_POINT('',(-6.123780934618,-25.66672076399));
#5122 = CARTESIAN_POINT('',(-6.123780934618,-25.5));
#5123 = ( GEOMETRIC_REPRESENTATION_CONTEXT(2) 
PARAMETRIC_REPRESENTATION_CONTEXT() REPRESENTATION_CONTEXT('2D SPACE',''
  ) );
#5124 = PCURVE('',#5125,#5130);
#5125 = CYLINDRICAL_SURFACE('',#5126,1.5);
#5126 = AXIS2_PLACEMENT_3D('',#5127,#5128,#5129);
#5127 = CARTESIAN_POINT('',(42.,23.5,9.5));
#5128 = DIRECTION('',(-1.,-0.,-0.));
#5129 = DIRECTION('',(-0.,0.,1.));
#5130 = DEFINITIONAL_REPRESENTATION('',(#5131),#5159);
#5131 = B_SPLINE_CURVE_WITH_KNOTS('',6,(#5132,#5133,#5134,#5135,#5136,
    #5137,#5138,#5139,#5140,#5141,#5142,#5143,#5144,#5145,#5146,#5147,
    #5148,#5149,#5150,#5151,#5152,#5153,#5154,#5155,#5156,#5157,#5158),
  .UNSPECIFIED.,.F.,.F.,(7,5,5,5,5,7),(0.,0.101373170242,0.281115722404,
    0.45585592441,0.559527751713,1.),.UNSPECIFIED.);
#5132 = CARTESIAN_POINT('',(0.,69.566381295272));
#5133 = CARTESIAN_POINT('',(2.3303074672E-02,69.537654846104));
#5134 = CARTESIAN_POINT('',(4.700554422161E-02,69.509445464865));
#5135 = CARTESIAN_POINT('',(7.10975318851E-02,69.48180454976));
#5136 = CARTESIAN_POINT('',(9.557076298626E-02,69.454777976436));
#5137 = CARTESIAN_POINT('',(0.120418564936,69.428406097983));
#5138 = CARTESIAN_POINT('',(0.190348114695,69.357186926146));
#5139 = CARTESIAN_POINT('',(0.236270493324,69.313768424));
#5140 = CARTESIAN_POINT('',(0.283220281015,69.272834512133));
#5141 = CARTESIAN_POINT('',(0.331028016051,69.234621537507));
#5142 = CARTESIAN_POINT('',(0.37953105014,69.199250883228));
#5143 = CARTESIAN_POINT('',(0.476238448071,69.13514166878));
#5144 = CARTESIAN_POINT('',(0.524309131598,69.106315207009));
#5145 = CARTESIAN_POINT('',(0.57263054407,69.080260114434));
#5146 = CARTESIAN_POINT('',(0.621047807838,69.056891601124));
#5147 = CARTESIAN_POINT('',(0.669388529981,69.036065636707));
#5148 = CARTESIAN_POINT('',(0.745966928444,69.006644608625));
#5149 = CARTESIAN_POINT('',(0.774401554703,68.996513611781));
#5150 = CARTESIAN_POINT('',(0.802744730777,68.987158559659));
#5151 = CARTESIAN_POINT('',(0.830984142317,68.978531708136));
#5152 = CARTESIAN_POINT('',(0.859105865371,68.970586087012));
#5153 = CARTESIAN_POINT('',(1.006009584601,68.932214885227));
#5154 = CARTESIAN_POINT('',(1.122031690704,68.912746967276));
#5155 = CARTESIAN_POINT('',(1.235899590736,68.900691351165));
#5156 = CARTESIAN_POINT('',(1.348236945616,68.893511029717));
#5157 = CARTESIAN_POINT('',(1.459649150799,68.889935691983));
#5158 = CARTESIAN_POINT('',(1.570796326795,68.889935691983));
#5159 = ( GEOMETRIC_REPRESENTATION_CONTEXT(2) 
PARAMETRIC_REPRESENTATION_CONTEXT() REPRESENTATION_CONTEXT('2D SPACE',''
  ) );
#5160 = ORIENTED_EDGE('',*,*,#5161,.T.);
#5161 = EDGE_CURVE('',#5062,#4848,#5162,.T.);
#5162 = SURFACE_CURVE('',#5163,(#5167,#5173),.PCURVE_S1.);
#5163 = LINE('',#5164,#5165);
#5164 = CARTESIAN_POINT('',(-26.88993569198,25.,-16.));
#5165 = VECTOR('',#5166,1.);
#5166 = DIRECTION('',(-0.,-0.,-1.));
#5167 = PCURVE('',#1576,#5168);
#5168 = DEFINITIONAL_REPRESENTATION('',(#5169),#5172);
#5169 = B_SPLINE_CURVE_WITH_KNOTS('',1,(#5170,#5171),.UNSPECIFIED.,.F.,
  .F.,(2,2),(-27.4,-4.6),.PIECEWISE_BEZIER_KNOTS.);
#5170 = CARTESIAN_POINT('',(-6.123780934618,-27.4));
#5171 = CARTESIAN_POINT('',(-6.123780934618,-4.6));
#5172 = ( GEOMETRIC_REPRESENTATION_CONTEXT(2) 
PARAMETRIC_REPRESENTATION_CONTEXT() REPRESENTATION_CONTEXT('2D SPACE',''
  ) );
#5173 = PCURVE('',#3095,#5174);
#5174 = DEFINITIONAL_REPRESENTATION('',(#5175),#5178);
#5175 = B_SPLINE_CURVE_WITH_KNOTS('',1,(#5176,#5177),.UNSPECIFIED.,.F.,
  .F.,(2,2),(-27.4,-4.6),.PIECEWISE_BEZIER_KNOTS.);
#5176 = CARTESIAN_POINT('',(22.4,18.110064308017));
#5177 = CARTESIAN_POINT('',(-0.4,18.110064308017));
#5178 = ( GEOMETRIC_REPRESENTATION_CONTEXT(2) 
PARAMETRIC_REPRESENTATION_CONTEXT() REPRESENTATION_CONTEXT('2D SPACE',''
  ) );
#5179 = ORIENTED_EDGE('',*,*,#4899,.F.);
#5180 = ADVANCED_FACE('',(#5181),#1808,.F.);
#5181 = FACE_BOUND('',#5182,.F.);
#5182 = EDGE_LOOP('',(#5183,#5204,#5205,#5206,#5207,#5230,#5253,#5272));
#5183 = ORIENTED_EDGE('',*,*,#5184,.F.);
#5184 = EDGE_CURVE('',#2294,#2273,#5185,.T.);
#5185 = SURFACE_CURVE('',#5186,(#5190,#5197),.PCURVE_S1.);
#5186 = LINE('',#5187,#5188);
#5187 = CARTESIAN_POINT('',(-34.,-24.5,2.));
#5188 = VECTOR('',#5189,1.);
#5189 = DIRECTION('',(1.,0.,0.));
#5190 = PCURVE('',#1808,#5191);
#5191 = DEFINITIONAL_REPRESENTATION('',(#5192),#5196);
#5192 = LINE('',#5193,#5194);
#5193 = CARTESIAN_POINT('',(0.,0.));
#5194 = VECTOR('',#5195,1.);
#5195 = DIRECTION('',(0.,1.));
#5196 = ( GEOMETRIC_REPRESENTATION_CONTEXT(2) 
PARAMETRIC_REPRESENTATION_CONTEXT() REPRESENTATION_CONTEXT('2D SPACE',''
  ) );
#5197 = PCURVE('',#2310,#5198);
#5198 = DEFINITIONAL_REPRESENTATION('',(#5199),#5203);
#5199 = LINE('',#5200,#5201);
#5200 = CARTESIAN_POINT('',(0.,0.));
#5201 = VECTOR('',#5202,1.);
#5202 = DIRECTION('',(1.,0.));
#5203 = ( GEOMETRIC_REPRESENTATION_CONTEXT(2) 
PARAMETRIC_REPRESENTATION_CONTEXT() REPRESENTATION_CONTEXT('2D SPACE',''
  ) );
#5204 = ORIENTED_EDGE('',*,*,#2326,.F.);
#5205 = ORIENTED_EDGE('',*,*,#1793,.F.);
#5206 = ORIENTED_EDGE('',*,*,#4741,.T.);
#5207 = ORIENTED_EDGE('',*,*,#5208,.F.);
#5208 = EDGE_CURVE('',#5209,#4742,#5211,.T.);
#5209 = VERTEX_POINT('',#5210);
#5210 = CARTESIAN_POINT('',(-26.,-24.5,14.));
#5211 = SURFACE_CURVE('',#5212,(#5216,#5223),.PCURVE_S1.);
#5212 = LINE('',#5213,#5214);
#5213 = CARTESIAN_POINT('',(-26.,-24.5,14.));
#5214 = VECTOR('',#5215,1.);
#5215 = DIRECTION('',(-1.,0.,0.));
#5216 = PCURVE('',#1808,#5217);
#5217 = DEFINITIONAL_REPRESENTATION('',(#5218),#5222);
#5218 = LINE('',#5219,#5220);
#5219 = CARTESIAN_POINT('',(12.,8.));
#5220 = VECTOR('',#5221,1.);
#5221 = DIRECTION('',(0.,-1.));
#5222 = ( GEOMETRIC_REPRESENTATION_CONTEXT(2) 
PARAMETRIC_REPRESENTATION_CONTEXT() REPRESENTATION_CONTEXT('2D SPACE',''
  ) );
#5223 = PCURVE('',#4832,#5224);
#5224 = DEFINITIONAL_REPRESENTATION('',(#5225),#5229);
#5225 = LINE('',#5226,#5227);
#5226 = CARTESIAN_POINT('',(8.,0.));
#5227 = VECTOR('',#5228,1.);
#5228 = DIRECTION('',(-1.,0.));
#5229 = ( GEOMETRIC_REPRESENTATION_CONTEXT(2) 
PARAMETRIC_REPRESENTATION_CONTEXT() REPRESENTATION_CONTEXT('2D SPACE',''
  ) );
#5230 = ORIENTED_EDGE('',*,*,#5231,.F.);
#5231 = EDGE_CURVE('',#5232,#5209,#5234,.T.);
#5232 = VERTEX_POINT('',#5233);
#5233 = CARTESIAN_POINT('',(-26.,-24.5,10.61803398875));
#5234 = SURFACE_CURVE('',#5235,(#5239,#5246),.PCURVE_S1.);
#5235 = LINE('',#5236,#5237);
#5236 = CARTESIAN_POINT('',(-26.,-24.5,2.));
#5237 = VECTOR('',#5238,1.);
#5238 = DIRECTION('',(0.,0.,1.));
#5239 = PCURVE('',#1808,#5240);
#5240 = DEFINITIONAL_REPRESENTATION('',(#5241),#5245);
#5241 = LINE('',#5242,#5243);
#5242 = CARTESIAN_POINT('',(0.,8.));
#5243 = VECTOR('',#5244,1.);
#5244 = DIRECTION('',(1.,0.));
#5245 = ( GEOMETRIC_REPRESENTATION_CONTEXT(2) 
PARAMETRIC_REPRESENTATION_CONTEXT() REPRESENTATION_CONTEXT('2D SPACE',''
  ) );
#5246 = PCURVE('',#4380,#5247);
#5247 = DEFINITIONAL_REPRESENTATION('',(#5248),#5252);
#5248 = LINE('',#5249,#5250);
#5249 = CARTESIAN_POINT('',(0.,0.));
#5250 = VECTOR('',#5251,1.);
#5251 = DIRECTION('',(1.,0.));
#5252 = ( GEOMETRIC_REPRESENTATION_CONTEXT(2) 
PARAMETRIC_REPRESENTATION_CONTEXT() REPRESENTATION_CONTEXT('2D SPACE',''
  ) );
#5253 = ORIENTED_EDGE('',*,*,#5254,.F.);
#5254 = EDGE_CURVE('',#2188,#5232,#5255,.T.);
#5255 = SURFACE_CURVE('',#5256,(#5260,#5266),.PCURVE_S1.);
#5256 = LINE('',#5257,#5258);
#5257 = CARTESIAN_POINT('',(-42.,-24.5,10.61803398875));
#5258 = VECTOR('',#5259,1.);
#5259 = DIRECTION('',(1.,0.,0.));
#5260 = PCURVE('',#1808,#5261);
#5261 = DEFINITIONAL_REPRESENTATION('',(#5262),#5265);
#5262 = B_SPLINE_CURVE_WITH_KNOTS('',1,(#5263,#5264),.UNSPECIFIED.,.F.,
  .F.,(2,2),(14.433618104728,16.8),.PIECEWISE_BEZIER_KNOTS.);
#5263 = CARTESIAN_POINT('',(8.61803398875,6.433618104728));
#5264 = CARTESIAN_POINT('',(8.61803398875,8.8));
#5265 = ( GEOMETRIC_REPRESENTATION_CONTEXT(2) 
PARAMETRIC_REPRESENTATION_CONTEXT() REPRESENTATION_CONTEXT('2D SPACE',''
  ) );
#5266 = PCURVE('',#2241,#5267);
#5267 = DEFINITIONAL_REPRESENTATION('',(#5268),#5271);
#5268 = B_SPLINE_CURVE_WITH_KNOTS('',1,(#5269,#5270),.UNSPECIFIED.,.F.,
  .F.,(2,2),(14.433618104728,16.8),.PIECEWISE_BEZIER_KNOTS.);
#5269 = CARTESIAN_POINT('',(0.729727656227,14.433618104728));
#5270 = CARTESIAN_POINT('',(0.729727656227,16.8));
#5271 = ( GEOMETRIC_REPRESENTATION_CONTEXT(2) 
PARAMETRIC_REPRESENTATION_CONTEXT() REPRESENTATION_CONTEXT('2D SPACE',''
  ) );
#5272 = ORIENTED_EDGE('',*,*,#2272,.T.);
#5273 = ADVANCED_FACE('',(#5274,#5277),#1861,.F.);
#5274 = FACE_BOUND('',#5275,.F.);
#5275 = EDGE_LOOP('',(#5276));
#5276 = ORIENTED_EDGE('',*,*,#1844,.T.);
#5277 = FACE_BOUND('',#5278,.F.);
#5278 = EDGE_LOOP('',(#5279));
#5279 = ORIENTED_EDGE('',*,*,#5280,.T.);
#5280 = EDGE_CURVE('',#5281,#5281,#5283,.T.);
#5281 = VERTEX_POINT('',#5282);
#5282 = CARTESIAN_POINT('',(-25.,-25.5,-14.5));
#5283 = SURFACE_CURVE('',#5284,(#5289,#5300),.PCURVE_S1.);
#5284 = CIRCLE('',#5285,5.);
#5285 = AXIS2_PLACEMENT_3D('',#5286,#5287,#5288);
#5286 = CARTESIAN_POINT('',(-30.,-25.5,-14.5));
#5287 = DIRECTION('',(0.,0.,-1.));
#5288 = DIRECTION('',(1.,0.,0.));
#5289 = PCURVE('',#1861,#5290);
#5290 = DEFINITIONAL_REPRESENTATION('',(#5291),#5299);
#5291 = ( BOUNDED_CURVE() B_SPLINE_CURVE(2,(#5292,#5293,#5294,#5295,
#5296,#5297,#5298),.UNSPECIFIED.,.T.,.F.) B_SPLINE_CURVE_WITH_KNOTS((1,2
    ,2,2,2,1),(-2.094395102393,0.,2.094395102393,4.188790204786,
6.28318530718,8.377580409573),.UNSPECIFIED.) CURVE() 
GEOMETRIC_REPRESENTATION_ITEM() RATIONAL_B_SPLINE_CURVE((1.,0.5,1.,0.5,
1.,0.5,1.)) REPRESENTATION_ITEM('') );
#5292 = CARTESIAN_POINT('',(5.,0.));
#5293 = CARTESIAN_POINT('',(5.,-8.660254037844));
#5294 = CARTESIAN_POINT('',(-2.5,-4.330127018922));
#5295 = CARTESIAN_POINT('',(-10.,-1.224646799147E-15));
#5296 = CARTESIAN_POINT('',(-2.5,4.330127018922));
#5297 = CARTESIAN_POINT('',(5.,8.660254037844));
#5298 = CARTESIAN_POINT('',(5.,0.));
#5299 = ( GEOMETRIC_REPRESENTATION_CONTEXT(2) 
PARAMETRIC_REPRESENTATION_CONTEXT() REPRESENTATION_CONTEXT('2D SPACE',''
  ) );
#5300 = PCURVE('',#5301,#5306);
#5301 = CYLINDRICAL_SURFACE('',#5302,5.);
#5302 = AXIS2_PLACEMENT_3D('',#5303,#5304,#5305);
#5303 = CARTESIAN_POINT('',(-30.,-25.5,-15.1));
#5304 = DIRECTION('',(-0.,-0.,-1.));
#5305 = DIRECTION('',(1.,0.,0.));
#5306 = DEFINITIONAL_REPRESENTATION('',(#5307),#5311);
#5307 = LINE('',#5308,#5309);
#5308 = CARTESIAN_POINT('',(-6.28318530718,-0.6));
#5309 = VECTOR('',#5310,1.);
#5310 = DIRECTION('',(1.,-0.));
#5311 = ( GEOMETRIC_REPRESENTATION_CONTEXT(2) 
PARAMETRIC_REPRESENTATION_CONTEXT() REPRESENTATION_CONTEXT('2D SPACE',''
  ) );
#5312 = ADVANCED_FACE('',(#5313),#1935,.F.);
#5313 = FACE_BOUND('',#5314,.F.);
#5314 = EDGE_LOOP('',(#5315,#5316,#5317,#5340,#5366,#5385,#5386,#5387));
#5315 = ORIENTED_EDGE('',*,*,#2032,.F.);
#5316 = ORIENTED_EDGE('',*,*,#2166,.F.);
#5317 = ORIENTED_EDGE('',*,*,#5318,.T.);
#5318 = EDGE_CURVE('',#2167,#5319,#5321,.T.);
#5319 = VERTEX_POINT('',#5320);
#5320 = CARTESIAN_POINT('',(26.889935691983,-25.,9.5));
#5321 = SURFACE_CURVE('',#5322,(#5326,#5333),.PCURVE_S1.);
#5322 = LINE('',#5323,#5324);
#5323 = CARTESIAN_POINT('',(-42.,-25.,9.5));
#5324 = VECTOR('',#5325,1.);
#5325 = DIRECTION('',(1.,0.,0.));
#5326 = PCURVE('',#1935,#5327);
#5327 = DEFINITIONAL_REPRESENTATION('',(#5328),#5332);
#5328 = LINE('',#5329,#5330);
#5329 = CARTESIAN_POINT('',(20.5,3.));
#5330 = VECTOR('',#5331,1.);
#5331 = DIRECTION('',(0.,1.));
#5332 = ( GEOMETRIC_REPRESENTATION_CONTEXT(2) 
PARAMETRIC_REPRESENTATION_CONTEXT() REPRESENTATION_CONTEXT('2D SPACE',''
  ) );
#5333 = PCURVE('',#2241,#5334);
#5334 = DEFINITIONAL_REPRESENTATION('',(#5335),#5339);
#5335 = LINE('',#5336,#5337);
#5336 = CARTESIAN_POINT('',(1.570796326795,0.));
#5337 = VECTOR('',#5338,1.);
#5338 = DIRECTION('',(0.,1.));
#5339 = ( GEOMETRIC_REPRESENTATION_CONTEXT(2) 
PARAMETRIC_REPRESENTATION_CONTEXT() REPRESENTATION_CONTEXT('2D SPACE',''
  ) );
#5340 = ORIENTED_EDGE('',*,*,#5341,.T.);
#5341 = EDGE_CURVE('',#5319,#5342,#5344,.T.);
#5342 = VERTEX_POINT('',#5343);
#5343 = CARTESIAN_POINT('',(26.889935691983,-25.,-6.5));
#5344 = SURFACE_CURVE('',#5345,(#5349,#5355),.PCURVE_S1.);
#5345 = LINE('',#5346,#5347);
#5346 = CARTESIAN_POINT('',(26.889935691983,-25.,-16.));
#5347 = VECTOR('',#5348,1.);
#5348 = DIRECTION('',(-0.,-0.,-1.));
#5349 = PCURVE('',#1935,#5350);
#5350 = DEFINITIONAL_REPRESENTATION('',(#5351),#5354);
#5351 = B_SPLINE_CURVE_WITH_KNOTS('',1,(#5352,#5353),.UNSPECIFIED.,.F.,
  .F.,(2,2),(-27.4,-4.6),.PIECEWISE_BEZIER_KNOTS.);
#5352 = CARTESIAN_POINT('',(22.4,71.889935691983));
#5353 = CARTESIAN_POINT('',(-0.4,71.889935691983));
#5354 = ( GEOMETRIC_REPRESENTATION_CONTEXT(2) 
PARAMETRIC_REPRESENTATION_CONTEXT() REPRESENTATION_CONTEXT('2D SPACE',''
  ) );
#5355 = PCURVE('',#5356,#5361);
#5356 = CYLINDRICAL_SURFACE('',#5357,3.15);
#5357 = AXIS2_PLACEMENT_3D('',#5358,#5359,#5360);
#5358 = CARTESIAN_POINT('',(30.,-25.5,-16.));
#5359 = DIRECTION('',(-0.,-0.,-1.));
#5360 = DIRECTION('',(1.,0.,0.));
#5361 = DEFINITIONAL_REPRESENTATION('',(#5362),#5365);
#5362 = B_SPLINE_CURVE_WITH_KNOTS('',1,(#5363,#5364),.UNSPECIFIED.,.F.,
  .F.,(2,2),(-27.4,-4.6),.PIECEWISE_BEZIER_KNOTS.);
#5363 = CARTESIAN_POINT('',(-2.982188281028,-27.4));
#5364 = CARTESIAN_POINT('',(-2.982188281028,-4.6));
#5365 = ( GEOMETRIC_REPRESENTATION_CONTEXT(2) 
PARAMETRIC_REPRESENTATION_CONTEXT() REPRESENTATION_CONTEXT('2D SPACE',''
  ) );
#5366 = ORIENTED_EDGE('',*,*,#5367,.F.);
#5367 = EDGE_CURVE('',#2657,#5342,#5368,.T.);
#5368 = SURFACE_CURVE('',#5369,(#5373,#5379),.PCURVE_S1.);
#5369 = LINE('',#5370,#5371);
#5370 = CARTESIAN_POINT('',(-7.5,-25.,-6.5));
#5371 = VECTOR('',#5372,1.);
#5372 = DIRECTION('',(1.,0.,0.));
#5373 = PCURVE('',#1935,#5374);
#5374 = DEFINITIONAL_REPRESENTATION('',(#5375),#5378);
#5375 = B_SPLINE_CURVE_WITH_KNOTS('',1,(#5376,#5377),.UNSPECIFIED.,.F.,
  .F.,(2,2),(29.,46.),.PIECEWISE_BEZIER_KNOTS.);
#5376 = CARTESIAN_POINT('',(4.5,66.5));
#5377 = CARTESIAN_POINT('',(4.5,83.5));
#5378 = ( GEOMETRIC_REPRESENTATION_CONTEXT(2) 
PARAMETRIC_REPRESENTATION_CONTEXT() REPRESENTATION_CONTEXT('2D SPACE',''
  ) );
#5379 = PCURVE('',#2562,#5380);
#5380 = DEFINITIONAL_REPRESENTATION('',(#5381),#5384);
#5381 = B_SPLINE_CURVE_WITH_KNOTS('',1,(#5382,#5383),.UNSPECIFIED.,.F.,
  .F.,(2,2),(29.,46.),.PIECEWISE_BEZIER_KNOTS.);
#5382 = CARTESIAN_POINT('',(-8.5,0.5));
#5383 = CARTESIAN_POINT('',(8.5,0.5));
#5384 = ( GEOMETRIC_REPRESENTATION_CONTEXT(2) 
PARAMETRIC_REPRESENTATION_CONTEXT() REPRESENTATION_CONTEXT('2D SPACE',''
  ) );
#5385 = ORIENTED_EDGE('',*,*,#2656,.T.);
#5386 = ORIENTED_EDGE('',*,*,#2468,.T.);
#5387 = ORIENTED_EDGE('',*,*,#1920,.F.);
#5388 = ADVANCED_FACE('',(#5389),#2310,.F.);
#5389 = FACE_BOUND('',#5390,.F.);
#5390 = EDGE_LOOP('',(#5391,#5392));
#5391 = ORIENTED_EDGE('',*,*,#2293,.F.);
#5392 = ORIENTED_EDGE('',*,*,#5184,.T.);
#5393 = ADVANCED_FACE('',(#5394),#2241,.T.);
#5394 = FACE_BOUND('',#5395,.T.);
#5395 = EDGE_LOOP('',(#5396,#5421,#5443,#5444,#5445,#5446,#5541,#5567));
#5396 = ORIENTED_EDGE('',*,*,#5397,.F.);
#5397 = EDGE_CURVE('',#5398,#5400,#5402,.T.);
#5398 = VERTEX_POINT('',#5399);
#5399 = CARTESIAN_POINT('',(-26.,-23.5,11.));
#5400 = VERTEX_POINT('',#5401);
#5401 = CARTESIAN_POINT('',(26.,-23.5,11.));
#5402 = SURFACE_CURVE('',#5403,(#5407,#5414),.PCURVE_S1.);
#5403 = LINE('',#5404,#5405);
#5404 = CARTESIAN_POINT('',(-42.,-23.5,11.));
#5405 = VECTOR('',#5406,1.);
#5406 = DIRECTION('',(1.,0.,0.));
#5407 = PCURVE('',#2241,#5408);
#5408 = DEFINITIONAL_REPRESENTATION('',(#5409),#5413);
#5409 = LINE('',#5410,#5411);
#5410 = CARTESIAN_POINT('',(0.,0.));
#5411 = VECTOR('',#5412,1.);
#5412 = DIRECTION('',(0.,1.));
#5413 = ( GEOMETRIC_REPRESENTATION_CONTEXT(2) 
PARAMETRIC_REPRESENTATION_CONTEXT() REPRESENTATION_CONTEXT('2D SPACE',''
  ) );
#5414 = PCURVE('',#4407,#5415);
#5415 = DEFINITIONAL_REPRESENTATION('',(#5416),#5420);
#5416 = LINE('',#5417,#5418);
#5417 = CARTESIAN_POINT('',(3.,1.5));
#5418 = VECTOR('',#5419,1.);
#5419 = DIRECTION('',(1.,0.));
#5420 = ( GEOMETRIC_REPRESENTATION_CONTEXT(2) 
PARAMETRIC_REPRESENTATION_CONTEXT() REPRESENTATION_CONTEXT('2D SPACE',''
  ) );
#5421 = ORIENTED_EDGE('',*,*,#5422,.T.);
#5422 = EDGE_CURVE('',#5398,#5232,#5423,.T.);
#5423 = SURFACE_CURVE('',#5424,(#5429,#5436),.PCURVE_S1.);
#5424 = CIRCLE('',#5425,1.5);
#5425 = AXIS2_PLACEMENT_3D('',#5426,#5427,#5428);
#5426 = CARTESIAN_POINT('',(-26.,-23.5,9.5));
#5427 = DIRECTION('',(1.,0.,-0.));
#5428 = DIRECTION('',(0.,0.,1.));
#5429 = PCURVE('',#2241,#5430);
#5430 = DEFINITIONAL_REPRESENTATION('',(#5431),#5435);
#5431 = LINE('',#5432,#5433);
#5432 = CARTESIAN_POINT('',(0.,16.));
#5433 = VECTOR('',#5434,1.);
#5434 = DIRECTION('',(1.,0.));
#5435 = ( GEOMETRIC_REPRESENTATION_CONTEXT(2) 
PARAMETRIC_REPRESENTATION_CONTEXT() REPRESENTATION_CONTEXT('2D SPACE',''
  ) );
#5436 = PCURVE('',#4380,#5437);
#5437 = DEFINITIONAL_REPRESENTATION('',(#5438),#5442);
#5438 = CIRCLE('',#5439,1.5);
#5439 = AXIS2_PLACEMENT_2D('',#5440,#5441);
#5440 = CARTESIAN_POINT('',(7.5,-1.));
#5441 = DIRECTION('',(1.,0.));
#5442 = ( GEOMETRIC_REPRESENTATION_CONTEXT(2) 
PARAMETRIC_REPRESENTATION_CONTEXT() REPRESENTATION_CONTEXT('2D SPACE',''
  ) );
#5443 = ORIENTED_EDGE('',*,*,#5254,.F.);
#5444 = ORIENTED_EDGE('',*,*,#2187,.F.);
#5445 = ORIENTED_EDGE('',*,*,#5318,.T.);
#5446 = ORIENTED_EDGE('',*,*,#5447,.F.);
#5447 = EDGE_CURVE('',#5448,#5319,#5450,.T.);
#5448 = VERTEX_POINT('',#5449);
#5449 = CARTESIAN_POINT('',(27.012944604651,-24.5,10.618033996734));
#5450 = SURFACE_CURVE('',#5451,(#5479,#5510),.PCURVE_S1.);
#5451 = B_SPLINE_CURVE_WITH_KNOTS('',6,(#5452,#5453,#5454,#5455,#5456,
    #5457,#5458,#5459,#5460,#5461,#5462,#5463,#5464,#5465,#5466,#5467,
    #5468,#5469,#5470,#5471,#5472,#5473,#5474,#5475,#5476,#5477,#5478),
  .UNSPECIFIED.,.F.,.F.,(7,5,5,5,5,7),(0.,0.10137314777,0.281115704427,
    0.455855910803,0.559527740699,1.),.UNSPECIFIED.);
#5452 = CARTESIAN_POINT('',(27.566381295272,-23.5,11.));
#5453 = CARTESIAN_POINT('',(27.53765483932,-23.53495462026,11.));
#5454 = CARTESIAN_POINT('',(27.509445466448,-23.57050830264,
    10.999022558519));
#5455 = CARTESIAN_POINT('',(27.481804556339,-23.60661212053,
    10.997004794529));
#5456 = CARTESIAN_POINT('',(27.454777978378,-23.64321363206,
    10.993886492639));
#5457 = CARTESIAN_POINT('',(27.428406091647,-23.6802568801,
    10.989610103089));
#5458 = CARTESIAN_POINT('',(27.357186926146,-23.78404076612,
    10.974387672762));
#5459 = CARTESIAN_POINT('',(27.313768424,-23.85167268411,10.960830936446
    ));
#5460 = CARTESIAN_POINT('',(27.272834512133,-23.92001621326,
    10.943163028639));
#5461 = CARTESIAN_POINT('',(27.234621537507,-23.98847623839,
    10.921207882226));
#5462 = CARTESIAN_POINT('',(27.199250883228,-24.05644987443,
    10.894909939556));
#5463 = CARTESIAN_POINT('',(27.13514166878,-24.18839195759,
    10.834627201362));
#5464 = CARTESIAN_POINT('',(27.106315207009,-24.25227669052,
    10.800941732907));
#5465 = CARTESIAN_POINT('',(27.080260114434,-24.31448508691,
    10.763383501688));
#5466 = CARTESIAN_POINT('',(27.056891601124,-24.37450789171,
    10.722166014277));
#5467 = CARTESIAN_POINT('',(27.036065636707,-24.43187783773,
    10.677625287714));
#5468 = CARTESIAN_POINT('',(27.006644608625,-24.51842869915,
    10.60210367897));
#5469 = CARTESIAN_POINT('',(26.996513611781,-24.5496041956,
    10.572958559831));
#5470 = CARTESIAN_POINT('',(26.987158559659,-24.57967659368,
    10.542853819279));
#5471 = CARTESIAN_POINT('',(26.978531708136,-24.60860157859,
    10.51185860495));
#5472 = CARTESIAN_POINT('',(26.970586087012,-24.6363403143,
    10.480047571045));
#5473 = CARTESIAN_POINT('',(26.932214885227,-24.7755317173,
    10.309219193838));
#5474 = CARTESIAN_POINT('',(26.912746967276,-24.86572965622,
    10.158224068812));
#5475 = CARTESIAN_POINT('',(26.900691351165,-24.93308991484,
    9.998639970973));
#5476 = CARTESIAN_POINT('',(26.893511029717,-24.97776373672,
    9.83383850467));
#5477 = CARTESIAN_POINT('',(26.889935691983,-25.,9.666720763994));
#5478 = CARTESIAN_POINT('',(26.889935691983,-25.,9.5));
#5479 = PCURVE('',#2241,#5480);
#5480 = DEFINITIONAL_REPRESENTATION('',(#5481),#5509);
#5481 = B_SPLINE_CURVE_WITH_KNOTS('',6,(#5482,#5483,#5484,#5485,#5486,
    #5487,#5488,#5489,#5490,#5491,#5492,#5493,#5494,#5495,#5496,#5497,
    #5498,#5499,#5500,#5501,#5502,#5503,#5504,#5505,#5506,#5507,#5508),
  .UNSPECIFIED.,.F.,.F.,(7,5,5,5,5,7),(0.,0.10137314777,0.281115704427,
    0.455855910803,0.559527740699,1.),.UNSPECIFIED.);
#5482 = CARTESIAN_POINT('',(0.,69.566381295272));
#5483 = CARTESIAN_POINT('',(2.330308017538E-02,69.53765483932));
#5484 = CARTESIAN_POINT('',(4.70055423703E-02,69.509445466448));
#5485 = CARTESIAN_POINT('',(7.109752602125E-02,69.481804556339));
#5486 = CARTESIAN_POINT('',(9.557076170869E-02,69.454777978378));
#5487 = CARTESIAN_POINT('',(0.120418571157,69.428406091647));
#5488 = CARTESIAN_POINT('',(0.190348114695,69.357186926146));
#5489 = CARTESIAN_POINT('',(0.236270493324,69.313768424));
#5490 = CARTESIAN_POINT('',(0.283220281015,69.272834512133));
#5491 = CARTESIAN_POINT('',(0.331028016051,69.234621537507));
#5492 = CARTESIAN_POINT('',(0.37953105014,69.199250883228));
#5493 = CARTESIAN_POINT('',(0.476238448071,69.13514166878));
#5494 = CARTESIAN_POINT('',(0.524309131598,69.106315207009));
#5495 = CARTESIAN_POINT('',(0.57263054407,69.080260114434));
#5496 = CARTESIAN_POINT('',(0.621047807838,69.056891601124));
#5497 = CARTESIAN_POINT('',(0.669388529981,69.036065636707));
#5498 = CARTESIAN_POINT('',(0.745966928444,69.006644608625));
#5499 = CARTESIAN_POINT('',(0.774401554703,68.996513611781));
#5500 = CARTESIAN_POINT('',(0.802744730777,68.987158559659));
#5501 = CARTESIAN_POINT('',(0.830984142317,68.978531708136));
#5502 = CARTESIAN_POINT('',(0.859105865371,68.970586087012));
#5503 = CARTESIAN_POINT('',(1.006009584601,68.932214885227));
#5504 = CARTESIAN_POINT('',(1.122031690704,68.912746967276));
#5505 = CARTESIAN_POINT('',(1.235899590736,68.900691351165));
#5506 = CARTESIAN_POINT('',(1.348236945616,68.893511029717));
#5507 = CARTESIAN_POINT('',(1.459649150799,68.889935691983));
#5508 = CARTESIAN_POINT('',(1.570796326795,68.889935691983));
#5509 = ( GEOMETRIC_REPRESENTATION_CONTEXT(2) 
PARAMETRIC_REPRESENTATION_CONTEXT() REPRESENTATION_CONTEXT('2D SPACE',''
  ) );
#5510 = PCURVE('',#5356,#5511);
#5511 = DEFINITIONAL_REPRESENTATION('',(#5512),#5540);
#5512 = B_SPLINE_CURVE_WITH_KNOTS('',6,(#5513,#5514,#5515,#5516,#5517,
    #5518,#5519,#5520,#5521,#5522,#5523,#5524,#5525,#5526,#5527,#5528,
    #5529,#5530,#5531,#5532,#5533,#5534,#5535,#5536,#5537,#5538,#5539),
  .UNSPECIFIED.,.F.,.F.,(7,5,5,5,5,7),(0.,0.10137314777,0.281115704427,
    0.455855910803,0.559527740699,1.),.UNSPECIFIED.);
#5513 = CARTESIAN_POINT('',(-2.45368686557,-27.));
#5514 = CARTESIAN_POINT('',(-2.468050093546,-27.));
#5515 = CARTESIAN_POINT('',(-2.482455982431,-26.99902255851));
#5516 = CARTESIAN_POINT('',(-2.496887637218,-26.99700479452));
#5517 = CARTESIAN_POINT('',(-2.511328356964,-26.99388649263));
#5518 = CARTESIAN_POINT('',(-2.525761634788,-26.98961010308));
#5519 = CARTESIAN_POINT('',(-2.565720374573,-26.97438767276));
#5520 = CARTESIAN_POINT('',(-2.591222374785,-26.96083093644));
#5521 = CARTESIAN_POINT('',(-2.616494649775,-26.94316302863));
#5522 = CARTESIAN_POINT('',(-2.641367781282,-26.92120788222));
#5523 = CARTESIAN_POINT('',(-2.665684274399,-26.89490993955));
#5524 = CARTESIAN_POINT('',(-2.712253338389,-26.83462720136));
#5525 = CARTESIAN_POINT('',(-2.734494192906,-26.8009417329));
#5526 = CARTESIAN_POINT('',(-2.755893972566,-26.76338350168));
#5527 = CARTESIAN_POINT('',(-2.776333272542,-26.72216601427));
#5528 = CARTESIAN_POINT('',(-2.795704820203,-26.67762528771));
#5529 = CARTESIAN_POINT('',(-2.824725361847,-26.60210367897));
#5530 = CARTESIAN_POINT('',(-2.835130895039,-26.57295855983));
#5531 = CARTESIAN_POINT('',(-2.845127801136,-26.54285381927));
#5532 = CARTESIAN_POINT('',(-2.854709126709,-26.51185860495));
#5533 = CARTESIAN_POINT('',(-2.863868794046,-26.48004757104));
#5534 = CARTESIAN_POINT('',(-2.909704826587,-26.30921919383));
#5535 = CARTESIAN_POINT('',(-2.938952084395,-26.15822406881));
#5536 = CARTESIAN_POINT('',(-2.960675102579,-25.99863997097));
#5537 = CARTESIAN_POINT('',(-2.975038254817,-25.83383850467));
#5538 = CARTESIAN_POINT('',(-2.982188281028,-25.66672076399));
#5539 = CARTESIAN_POINT('',(-2.982188281028,-25.5));
#5540 = ( GEOMETRIC_REPRESENTATION_CONTEXT(2) 
PARAMETRIC_REPRESENTATION_CONTEXT() REPRESENTATION_CONTEXT('2D SPACE',''
  ) );
#5541 = ORIENTED_EDGE('',*,*,#5542,.F.);
#5542 = EDGE_CURVE('',#5543,#5448,#5545,.T.);
#5543 = VERTEX_POINT('',#5544);
#5544 = CARTESIAN_POINT('',(26.,-24.5,10.61803398875));
#5545 = SURFACE_CURVE('',#5546,(#5550,#5556),.PCURVE_S1.);
#5546 = LINE('',#5547,#5548);
#5547 = CARTESIAN_POINT('',(-42.,-24.5,10.61803398875));
#5548 = VECTOR('',#5549,1.);
#5549 = DIRECTION('',(1.,0.,0.));
#5550 = PCURVE('',#2241,#5551);
#5551 = DEFINITIONAL_REPRESENTATION('',(#5552),#5555);
#5552 = B_SPLINE_CURVE_WITH_KNOTS('',1,(#5553,#5554),.UNSPECIFIED.,.F.,
  .F.,(2,2),(67.2,69.566381895272),.PIECEWISE_BEZIER_KNOTS.);
#5553 = CARTESIAN_POINT('',(0.729727656227,67.2));
#5554 = CARTESIAN_POINT('',(0.729727656227,69.566381895272));
#5555 = ( GEOMETRIC_REPRESENTATION_CONTEXT(2) 
PARAMETRIC_REPRESENTATION_CONTEXT() REPRESENTATION_CONTEXT('2D SPACE',''
  ) );
#5556 = PCURVE('',#5557,#5562);
#5557 = PLANE('',#5558);
#5558 = AXIS2_PLACEMENT_3D('',#5559,#5560,#5561);
#5559 = CARTESIAN_POINT('',(26.,-24.5,2.));
#5560 = DIRECTION('',(0.,1.,0.));
#5561 = DIRECTION('',(0.,0.,1.));
#5562 = DEFINITIONAL_REPRESENTATION('',(#5563),#5566);
#5563 = B_SPLINE_CURVE_WITH_KNOTS('',1,(#5564,#5565),.UNSPECIFIED.,.F.,
  .F.,(2,2),(67.2,69.566381895272),.PIECEWISE_BEZIER_KNOTS.);
#5564 = CARTESIAN_POINT('',(8.61803398875,-0.8));
#5565 = CARTESIAN_POINT('',(8.61803398875,1.566381895272));
#5566 = ( GEOMETRIC_REPRESENTATION_CONTEXT(2) 
PARAMETRIC_REPRESENTATION_CONTEXT() REPRESENTATION_CONTEXT('2D SPACE',''
  ) );
#5567 = ORIENTED_EDGE('',*,*,#5568,.F.);
#5568 = EDGE_CURVE('',#5400,#5543,#5569,.T.);
#5569 = SURFACE_CURVE('',#5570,(#5575,#5582),.PCURVE_S1.);
#5570 = CIRCLE('',#5571,1.5);
#5571 = AXIS2_PLACEMENT_3D('',#5572,#5573,#5574);
#5572 = CARTESIAN_POINT('',(26.,-23.5,9.5));
#5573 = DIRECTION('',(1.,0.,-0.));
#5574 = DIRECTION('',(0.,0.,1.));
#5575 = PCURVE('',#2241,#5576);
#5576 = DEFINITIONAL_REPRESENTATION('',(#5577),#5581);
#5577 = LINE('',#5578,#5579);
#5578 = CARTESIAN_POINT('',(0.,68.));
#5579 = VECTOR('',#5580,1.);
#5580 = DIRECTION('',(1.,0.));
#5581 = ( GEOMETRIC_REPRESENTATION_CONTEXT(2) 
PARAMETRIC_REPRESENTATION_CONTEXT() REPRESENTATION_CONTEXT('2D SPACE',''
  ) );
#5582 = PCURVE('',#4434,#5583);
#5583 = DEFINITIONAL_REPRESENTATION('',(#5584),#5588);
#5584 = CIRCLE('',#5585,1.5);
#5585 = AXIS2_PLACEMENT_2D('',#5586,#5587);
#5586 = CARTESIAN_POINT('',(7.5,-1.));
#5587 = DIRECTION('',(1.,0.));
#5588 = ( GEOMETRIC_REPRESENTATION_CONTEXT(2) 
PARAMETRIC_REPRESENTATION_CONTEXT() REPRESENTATION_CONTEXT('2D SPACE',''
  ) );
#5589 = ADVANCED_FACE('',(#5590,#5616),#2148,.F.);
#5590 = FACE_BOUND('',#5591,.F.);
#5591 = EDGE_LOOP('',(#5592));
#5592 = ORIENTED_EDGE('',*,*,#5593,.T.);
#5593 = EDGE_CURVE('',#5594,#5594,#5596,.T.);
#5594 = VERTEX_POINT('',#5595);
#5595 = CARTESIAN_POINT('',(-25.,-25.5,-10.9));
#5596 = SURFACE_CURVE('',#5597,(#5602,#5609),.PCURVE_S1.);
#5597 = CIRCLE('',#5598,5.);
#5598 = AXIS2_PLACEMENT_3D('',#5599,#5600,#5601);
#5599 = CARTESIAN_POINT('',(-30.,-25.5,-10.9));
#5600 = DIRECTION('',(0.,0.,1.));
#5601 = DIRECTION('',(1.,0.,0.));
#5602 = PCURVE('',#2148,#5603);
#5603 = DEFINITIONAL_REPRESENTATION('',(#5604),#5608);
#5604 = CIRCLE('',#5605,5.);
#5605 = AXIS2_PLACEMENT_2D('',#5606,#5607);
#5606 = CARTESIAN_POINT('',(0.,-3.552713678801E-15));
#5607 = DIRECTION('',(1.,0.));
#5608 = ( GEOMETRIC_REPRESENTATION_CONTEXT(2) 
PARAMETRIC_REPRESENTATION_CONTEXT() REPRESENTATION_CONTEXT('2D SPACE',''
  ) );
#5609 = PCURVE('',#5301,#5610);
#5610 = DEFINITIONAL_REPRESENTATION('',(#5611),#5615);
#5611 = LINE('',#5612,#5613);
#5612 = CARTESIAN_POINT('',(-0.,-4.2));
#5613 = VECTOR('',#5614,1.);
#5614 = DIRECTION('',(-1.,0.));
#5615 = ( GEOMETRIC_REPRESENTATION_CONTEXT(2) 
PARAMETRIC_REPRESENTATION_CONTEXT() REPRESENTATION_CONTEXT('2D SPACE',''
  ) );
#5616 = FACE_BOUND('',#5617,.F.);
#5617 = EDGE_LOOP('',(#5618));
#5618 = ORIENTED_EDGE('',*,*,#2133,.T.);
#5619 = ADVANCED_FACE('',(#5620,#5623),#2510,.F.);
#5620 = FACE_BOUND('',#5621,.F.);
#5621 = EDGE_LOOP('',(#5622));
#5622 = ORIENTED_EDGE('',*,*,#2493,.T.);
#5623 = FACE_BOUND('',#5624,.F.);
#5624 = EDGE_LOOP('',(#5625));
#5625 = ORIENTED_EDGE('',*,*,#5626,.T.);
#5626 = EDGE_CURVE('',#5627,#5627,#5629,.T.);
#5627 = VERTEX_POINT('',#5628);
#5628 = CARTESIAN_POINT('',(35.,-25.5,-14.5));
#5629 = SURFACE_CURVE('',#5630,(#5635,#5646),.PCURVE_S1.);
#5630 = CIRCLE('',#5631,5.);
#5631 = AXIS2_PLACEMENT_3D('',#5632,#5633,#5634);
#5632 = CARTESIAN_POINT('',(30.,-25.5,-14.5));
#5633 = DIRECTION('',(0.,0.,-1.));
#5634 = DIRECTION('',(1.,0.,0.));
#5635 = PCURVE('',#2510,#5636);
#5636 = DEFINITIONAL_REPRESENTATION('',(#5637),#5645);
#5637 = ( BOUNDED_CURVE() B_SPLINE_CURVE(2,(#5638,#5639,#5640,#5641,
#5642,#5643,#5644),.UNSPECIFIED.,.T.,.F.) B_SPLINE_CURVE_WITH_KNOTS((1,2
    ,2,2,2,1),(-2.094395102393,0.,2.094395102393,4.188790204786,
6.28318530718,8.377580409573),.UNSPECIFIED.) CURVE() 
GEOMETRIC_REPRESENTATION_ITEM() RATIONAL_B_SPLINE_CURVE((1.,0.5,1.,0.5,
1.,0.5,1.)) REPRESENTATION_ITEM('') );
#5638 = CARTESIAN_POINT('',(5.,-7.105427357601E-15));
#5639 = CARTESIAN_POINT('',(5.,-8.660254037844));
#5640 = CARTESIAN_POINT('',(-2.5,-4.330127018922));
#5641 = CARTESIAN_POINT('',(-10.,-8.330074156748E-15));
#5642 = CARTESIAN_POINT('',(-2.5,4.330127018922));
#5643 = CARTESIAN_POINT('',(5.,8.660254037844));
#5644 = CARTESIAN_POINT('',(5.,-7.105427357601E-15));
#5645 = ( GEOMETRIC_REPRESENTATION_CONTEXT(2) 
PARAMETRIC_REPRESENTATION_CONTEXT() REPRESENTATION_CONTEXT('2D SPACE',''
  ) );
#5646 = PCURVE('',#5647,#5652);
#5647 = CYLINDRICAL_SURFACE('',#5648,5.);
#5648 = AXIS2_PLACEMENT_3D('',#5649,#5650,#5651);
#5649 = CARTESIAN_POINT('',(30.,-25.5,-15.1));
#5650 = DIRECTION('',(-0.,-0.,-1.));
#5651 = DIRECTION('',(1.,0.,0.));
#5652 = DEFINITIONAL_REPRESENTATION('',(#5653),#5657);
#5653 = LINE('',#5654,#5655);
#5654 = CARTESIAN_POINT('',(-6.28318530718,-0.6));
#5655 = VECTOR('',#5656,1.);
#5656 = DIRECTION('',(1.,-0.));
#5657 = ( GEOMETRIC_REPRESENTATION_CONTEXT(2) 
PARAMETRIC_REPRESENTATION_CONTEXT() REPRESENTATION_CONTEXT('2D SPACE',''
  ) );
#5658 = ADVANCED_FACE('',(#5659),#2562,.T.);
#5659 = FACE_BOUND('',#5660,.T.);
#5660 = EDGE_LOOP('',(#5661,#5662,#5663,#5664,#5685,#5713));
#5661 = ORIENTED_EDGE('',*,*,#5367,.F.);
#5662 = ORIENTED_EDGE('',*,*,#2677,.T.);
#5663 = ORIENTED_EDGE('',*,*,#2545,.T.);
#5664 = ORIENTED_EDGE('',*,*,#5665,.F.);
#5665 = EDGE_CURVE('',#5666,#2546,#5668,.T.);
#5666 = VERTEX_POINT('',#5667);
#5667 = CARTESIAN_POINT('',(33.110064308017,-25.,-6.5));
#5668 = SURFACE_CURVE('',#5669,(#5673,#5679),.PCURVE_S1.);
#5669 = LINE('',#5670,#5671);
#5670 = CARTESIAN_POINT('',(-7.5,-25.,-6.5));
#5671 = VECTOR('',#5672,1.);
#5672 = DIRECTION('',(1.,0.,0.));
#5673 = PCURVE('',#2562,#5674);
#5674 = DEFINITIONAL_REPRESENTATION('',(#5675),#5678);
#5675 = B_SPLINE_CURVE_WITH_KNOTS('',1,(#5676,#5677),.UNSPECIFIED.,.F.,
  .F.,(2,2),(29.,46.),.PIECEWISE_BEZIER_KNOTS.);
#5676 = CARTESIAN_POINT('',(-8.5,0.5));
#5677 = CARTESIAN_POINT('',(8.5,0.5));
#5678 = ( GEOMETRIC_REPRESENTATION_CONTEXT(2) 
PARAMETRIC_REPRESENTATION_CONTEXT() REPRESENTATION_CONTEXT('2D SPACE',''
  ) );
#5679 = PCURVE('',#2589,#5680);
#5680 = DEFINITIONAL_REPRESENTATION('',(#5681),#5684);
#5681 = B_SPLINE_CURVE_WITH_KNOTS('',1,(#5682,#5683),.UNSPECIFIED.,.F.,
  .F.,(2,2),(29.,46.),.PIECEWISE_BEZIER_KNOTS.);
#5682 = CARTESIAN_POINT('',(4.5,66.5));
#5683 = CARTESIAN_POINT('',(4.5,83.5));
#5684 = ( GEOMETRIC_REPRESENTATION_CONTEXT(2) 
PARAMETRIC_REPRESENTATION_CONTEXT() REPRESENTATION_CONTEXT('2D SPACE',''
  ) );
#5685 = ORIENTED_EDGE('',*,*,#5686,.T.);
#5686 = EDGE_CURVE('',#5666,#5687,#5689,.T.);
#5687 = VERTEX_POINT('',#5688);
#5688 = CARTESIAN_POINT('',(33.15,-25.5,-6.5));
#5689 = SURFACE_CURVE('',#5690,(#5695,#5706),.PCURVE_S1.);
#5690 = CIRCLE('',#5691,3.15);
#5691 = AXIS2_PLACEMENT_3D('',#5692,#5693,#5694);
#5692 = CARTESIAN_POINT('',(30.,-25.5,-6.5));
#5693 = DIRECTION('',(0.,0.,-1.));
#5694 = DIRECTION('',(1.,0.,0.));
#5695 = PCURVE('',#2562,#5696);
#5696 = DEFINITIONAL_REPRESENTATION('',(#5697),#5705);
#5697 = ( BOUNDED_CURVE() B_SPLINE_CURVE(2,(#5698,#5699,#5700,#5701,
#5702,#5703,#5704),.UNSPECIFIED.,.T.,.F.) B_SPLINE_CURVE_WITH_KNOTS((1,2
    ,2,2,2,1),(-2.094395102393,0.,2.094395102393,4.188790204786,
6.28318530718,8.377580409573),.UNSPECIFIED.) CURVE() 
GEOMETRIC_REPRESENTATION_ITEM() RATIONAL_B_SPLINE_CURVE((1.,0.5,1.,0.5,
1.,0.5,1.)) REPRESENTATION_ITEM('') );
#5698 = CARTESIAN_POINT('',(3.15,-7.105427357601E-15));
#5699 = CARTESIAN_POINT('',(3.15,-5.455960043842));
#5700 = CARTESIAN_POINT('',(-1.575,-2.727980021921));
#5701 = CARTESIAN_POINT('',(-6.3,-7.876954841064E-15));
#5702 = CARTESIAN_POINT('',(-1.575,2.727980021921));
#5703 = CARTESIAN_POINT('',(3.15,5.455960043842));
#5704 = CARTESIAN_POINT('',(3.15,-7.105427357601E-15));
#5705 = ( GEOMETRIC_REPRESENTATION_CONTEXT(2) 
PARAMETRIC_REPRESENTATION_CONTEXT() REPRESENTATION_CONTEXT('2D SPACE',''
  ) );
#5706 = PCURVE('',#5356,#5707);
#5707 = DEFINITIONAL_REPRESENTATION('',(#5708),#5712);
#5708 = LINE('',#5709,#5710);
#5709 = CARTESIAN_POINT('',(-6.28318530718,-9.5));
#5710 = VECTOR('',#5711,1.);
#5711 = DIRECTION('',(1.,-0.));
#5712 = ( GEOMETRIC_REPRESENTATION_CONTEXT(2) 
PARAMETRIC_REPRESENTATION_CONTEXT() REPRESENTATION_CONTEXT('2D SPACE',''
  ) );
#5713 = ORIENTED_EDGE('',*,*,#5714,.T.);
#5714 = EDGE_CURVE('',#5687,#5342,#5715,.T.);
#5715 = SURFACE_CURVE('',#5716,(#5721,#5732),.PCURVE_S1.);
#5716 = CIRCLE('',#5717,3.15);
#5717 = AXIS2_PLACEMENT_3D('',#5718,#5719,#5720);
#5718 = CARTESIAN_POINT('',(30.,-25.5,-6.5));
#5719 = DIRECTION('',(0.,0.,-1.));
#5720 = DIRECTION('',(1.,0.,0.));
#5721 = PCURVE('',#2562,#5722);
#5722 = DEFINITIONAL_REPRESENTATION('',(#5723),#5731);
#5723 = ( BOUNDED_CURVE() B_SPLINE_CURVE(2,(#5724,#5725,#5726,#5727,
#5728,#5729,#5730),.UNSPECIFIED.,.T.,.F.) B_SPLINE_CURVE_WITH_KNOTS((1,2
    ,2,2,2,1),(-2.094395102393,0.,2.094395102393,4.188790204786,
6.28318530718,8.377580409573),.UNSPECIFIED.) CURVE() 
GEOMETRIC_REPRESENTATION_ITEM() RATIONAL_B_SPLINE_CURVE((1.,0.5,1.,0.5,
1.,0.5,1.)) REPRESENTATION_ITEM('') );
#5724 = CARTESIAN_POINT('',(3.15,-7.105427357601E-15));
#5725 = CARTESIAN_POINT('',(3.15,-5.455960043842));
#5726 = CARTESIAN_POINT('',(-1.575,-2.727980021921));
#5727 = CARTESIAN_POINT('',(-6.3,-7.876954841064E-15));
#5728 = CARTESIAN_POINT('',(-1.575,2.727980021921));
#5729 = CARTESIAN_POINT('',(3.15,5.455960043842));
#5730 = CARTESIAN_POINT('',(3.15,-7.105427357601E-15));
#5731 = ( GEOMETRIC_REPRESENTATION_CONTEXT(2) 
PARAMETRIC_REPRESENTATION_CONTEXT() REPRESENTATION_CONTEXT('2D SPACE',''
  ) );
#5732 = PCURVE('',#5356,#5733);
#5733 = DEFINITIONAL_REPRESENTATION('',(#5734),#5738);
#5734 = LINE('',#5735,#5736);
#5735 = CARTESIAN_POINT('',(-6.28318530718,-9.5));
#5736 = VECTOR('',#5737,1.);
#5737 = DIRECTION('',(1.,-0.));
#5738 = ( GEOMETRIC_REPRESENTATION_CONTEXT(2) 
PARAMETRIC_REPRESENTATION_CONTEXT() REPRESENTATION_CONTEXT('2D SPACE',''
  ) );
#5739 = ADVANCED_FACE('',(#5740),#2589,.F.);
#5740 = FACE_BOUND('',#5741,.F.);
#5741 = EDGE_LOOP('',(#5742,#5763,#5791,#5812,#5813,#5814));
#5742 = ORIENTED_EDGE('',*,*,#5743,.F.);
#5743 = EDGE_CURVE('',#5744,#5666,#5746,.T.);
#5744 = VERTEX_POINT('',#5745);
#5745 = CARTESIAN_POINT('',(33.110064308017,-25.,9.5));
#5746 = SURFACE_CURVE('',#5747,(#5751,#5757),.PCURVE_S1.);
#5747 = LINE('',#5748,#5749);
#5748 = CARTESIAN_POINT('',(33.110064308017,-25.,-16.));
#5749 = VECTOR('',#5750,1.);
#5750 = DIRECTION('',(-0.,-0.,-1.));
#5751 = PCURVE('',#2589,#5752);
#5752 = DEFINITIONAL_REPRESENTATION('',(#5753),#5756);
#5753 = B_SPLINE_CURVE_WITH_KNOTS('',1,(#5754,#5755),.UNSPECIFIED.,.F.,
  .F.,(2,2),(-27.4,-4.6),.PIECEWISE_BEZIER_KNOTS.);
#5754 = CARTESIAN_POINT('',(22.4,78.110064308017));
#5755 = CARTESIAN_POINT('',(-0.4,78.110064308017));
#5756 = ( GEOMETRIC_REPRESENTATION_CONTEXT(2) 
PARAMETRIC_REPRESENTATION_CONTEXT() REPRESENTATION_CONTEXT('2D SPACE',''
  ) );
#5757 = PCURVE('',#5356,#5758);
#5758 = DEFINITIONAL_REPRESENTATION('',(#5759),#5762);
#5759 = B_SPLINE_CURVE_WITH_KNOTS('',1,(#5760,#5761),.UNSPECIFIED.,.F.,
  .F.,(2,2),(-27.4,-4.6),.PIECEWISE_BEZIER_KNOTS.);
#5760 = CARTESIAN_POINT('',(-0.159404372561,-27.4));
#5761 = CARTESIAN_POINT('',(-0.159404372561,-4.6));
#5762 = ( GEOMETRIC_REPRESENTATION_CONTEXT(2) 
PARAMETRIC_REPRESENTATION_CONTEXT() REPRESENTATION_CONTEXT('2D SPACE',''
  ) );
#5763 = ORIENTED_EDGE('',*,*,#5764,.T.);
#5764 = EDGE_CURVE('',#5744,#5765,#5767,.T.);
#5765 = VERTEX_POINT('',#5766);
#5766 = CARTESIAN_POINT('',(42.,-25.,9.5));
#5767 = SURFACE_CURVE('',#5768,(#5772,#5779),.PCURVE_S1.);
#5768 = LINE('',#5769,#5770);
#5769 = CARTESIAN_POINT('',(-42.,-25.,9.5));
#5770 = VECTOR('',#5771,1.);
#5771 = DIRECTION('',(1.,0.,0.));
#5772 = PCURVE('',#2589,#5773);
#5773 = DEFINITIONAL_REPRESENTATION('',(#5774),#5778);
#5774 = LINE('',#5775,#5776);
#5775 = CARTESIAN_POINT('',(20.5,3.));
#5776 = VECTOR('',#5777,1.);
#5777 = DIRECTION('',(0.,1.));
#5778 = ( GEOMETRIC_REPRESENTATION_CONTEXT(2) 
PARAMETRIC_REPRESENTATION_CONTEXT() REPRESENTATION_CONTEXT('2D SPACE',''
  ) );
#5779 = PCURVE('',#5780,#5785);
#5780 = CYLINDRICAL_SURFACE('',#5781,1.5);
#5781 = AXIS2_PLACEMENT_3D('',#5782,#5783,#5784);
#5782 = CARTESIAN_POINT('',(-42.,-23.5,9.5));
#5783 = DIRECTION('',(1.,0.,0.));
#5784 = DIRECTION('',(0.,0.,1.));
#5785 = DEFINITIONAL_REPRESENTATION('',(#5786),#5790);
#5786 = LINE('',#5787,#5788);
#5787 = CARTESIAN_POINT('',(1.570796326795,0.));
#5788 = VECTOR('',#5789,1.);
#5789 = DIRECTION('',(0.,1.));
#5790 = ( GEOMETRIC_REPRESENTATION_CONTEXT(2) 
PARAMETRIC_REPRESENTATION_CONTEXT() REPRESENTATION_CONTEXT('2D SPACE',''
  ) );
#5791 = ORIENTED_EDGE('',*,*,#5792,.F.);
#5792 = EDGE_CURVE('',#2705,#5765,#5793,.T.);
#5793 = SURFACE_CURVE('',#5794,(#5798,#5805),.PCURVE_S1.);
#5794 = LINE('',#5795,#5796);
#5795 = CARTESIAN_POINT('',(42.,-25.,-11.));
#5796 = VECTOR('',#5797,1.);
#5797 = DIRECTION('',(0.,0.,1.));
#5798 = PCURVE('',#2589,#5799);
#5799 = DEFINITIONAL_REPRESENTATION('',(#5800),#5804);
#5800 = LINE('',#5801,#5802);
#5801 = CARTESIAN_POINT('',(0.,87.));
#5802 = VECTOR('',#5803,1.);
#5803 = DIRECTION('',(1.,0.));
#5804 = ( GEOMETRIC_REPRESENTATION_CONTEXT(2) 
PARAMETRIC_REPRESENTATION_CONTEXT() REPRESENTATION_CONTEXT('2D SPACE',''
  ) );
#5805 = PCURVE('',#2790,#5806);
#5806 = DEFINITIONAL_REPRESENTATION('',(#5807),#5811);
#5807 = LINE('',#5808,#5809);
#5808 = CARTESIAN_POINT('',(-1.570796326795,0.));
#5809 = VECTOR('',#5810,1.);
#5810 = DIRECTION('',(-0.,1.));
#5811 = ( GEOMETRIC_REPRESENTATION_CONTEXT(2) 
PARAMETRIC_REPRESENTATION_CONTEXT() REPRESENTATION_CONTEXT('2D SPACE',''
  ) );
#5812 = ORIENTED_EDGE('',*,*,#2726,.T.);
#5813 = ORIENTED_EDGE('',*,*,#2574,.F.);
#5814 = ORIENTED_EDGE('',*,*,#5665,.F.);
#5815 = ADVANCED_FACE('',(#5816),#2790,.T.);
#5816 = FACE_BOUND('',#5817,.F.);
#5817 = EDGE_LOOP('',(#5818,#5841,#5842,#5843));
#5818 = ORIENTED_EDGE('',*,*,#5819,.F.);
#5819 = EDGE_CURVE('',#2752,#5820,#5822,.T.);
#5820 = VERTEX_POINT('',#5821);
#5821 = CARTESIAN_POINT('',(45.,-22.,9.5));
#5822 = SURFACE_CURVE('',#5823,(#5827,#5834),.PCURVE_S1.);
#5823 = LINE('',#5824,#5825);
#5824 = CARTESIAN_POINT('',(45.,-22.,-11.));
#5825 = VECTOR('',#5826,1.);
#5826 = DIRECTION('',(0.,0.,1.));
#5827 = PCURVE('',#2790,#5828);
#5828 = DEFINITIONAL_REPRESENTATION('',(#5829),#5833);
#5829 = LINE('',#5830,#5831);
#5830 = CARTESIAN_POINT('',(-0.,0.));
#5831 = VECTOR('',#5832,1.);
#5832 = DIRECTION('',(-0.,1.));
#5833 = ( GEOMETRIC_REPRESENTATION_CONTEXT(2) 
PARAMETRIC_REPRESENTATION_CONTEXT() REPRESENTATION_CONTEXT('2D SPACE',''
  ) );
#5834 = PCURVE('',#2841,#5835);
#5835 = DEFINITIONAL_REPRESENTATION('',(#5836),#5840);
#5836 = LINE('',#5837,#5838);
#5837 = CARTESIAN_POINT('',(0.,-3.));
#5838 = VECTOR('',#5839,1.);
#5839 = DIRECTION('',(1.,0.));
#5840 = ( GEOMETRIC_REPRESENTATION_CONTEXT(2) 
PARAMETRIC_REPRESENTATION_CONTEXT() REPRESENTATION_CONTEXT('2D SPACE',''
  ) );
#5841 = ORIENTED_EDGE('',*,*,#2775,.T.);
#5842 = ORIENTED_EDGE('',*,*,#5792,.T.);
#5843 = ORIENTED_EDGE('',*,*,#5844,.T.);
#5844 = EDGE_CURVE('',#5765,#5820,#5845,.T.);
#5845 = SURFACE_CURVE('',#5846,(#5851,#5858),.PCURVE_S1.);
#5846 = CIRCLE('',#5847,3.);
#5847 = AXIS2_PLACEMENT_3D('',#5848,#5849,#5850);
#5848 = CARTESIAN_POINT('',(42.,-22.,9.5));
#5849 = DIRECTION('',(0.,0.,1.));
#5850 = DIRECTION('',(0.,-1.,0.));
#5851 = PCURVE('',#2790,#5852);
#5852 = DEFINITIONAL_REPRESENTATION('',(#5853),#5857);
#5853 = LINE('',#5854,#5855);
#5854 = CARTESIAN_POINT('',(-1.570796326795,20.5));
#5855 = VECTOR('',#5856,1.);
#5856 = DIRECTION('',(1.,-0.));
#5857 = ( GEOMETRIC_REPRESENTATION_CONTEXT(2) 
PARAMETRIC_REPRESENTATION_CONTEXT() REPRESENTATION_CONTEXT('2D SPACE',''
  ) );
#5858 = PCURVE('',#5859,#5864);
#5859 = TOROIDAL_SURFACE('',#5860,1.5,1.5);
#5860 = AXIS2_PLACEMENT_3D('',#5861,#5862,#5863);
#5861 = CARTESIAN_POINT('',(42.,-22.,9.5));
#5862 = DIRECTION('',(-0.,-0.,-1.));
#5863 = DIRECTION('',(0.,-1.,0.));
#5864 = DEFINITIONAL_REPRESENTATION('',(#5865),#5869);
#5865 = LINE('',#5866,#5867);
#5866 = CARTESIAN_POINT('',(-0.,6.28318530718));
#5867 = VECTOR('',#5868,1.);
#5868 = DIRECTION('',(-1.,0.));
#5869 = ( GEOMETRIC_REPRESENTATION_CONTEXT(2) 
PARAMETRIC_REPRESENTATION_CONTEXT() REPRESENTATION_CONTEXT('2D SPACE',''
  ) );
#5870 = ADVANCED_FACE('',(#5871),#2841,.T.);
#5871 = FACE_BOUND('',#5872,.T.);
#5872 = EDGE_LOOP('',(#5873,#5874,#5875,#5898));
#5873 = ORIENTED_EDGE('',*,*,#5819,.F.);
#5874 = ORIENTED_EDGE('',*,*,#2827,.F.);
#5875 = ORIENTED_EDGE('',*,*,#5876,.T.);
#5876 = EDGE_CURVE('',#2806,#5877,#5879,.T.);
#5877 = VERTEX_POINT('',#5878);
#5878 = CARTESIAN_POINT('',(45.,22.,9.5));
#5879 = SURFACE_CURVE('',#5880,(#5884,#5891),.PCURVE_S1.);
#5880 = LINE('',#5881,#5882);
#5881 = CARTESIAN_POINT('',(45.,22.,-11.));
#5882 = VECTOR('',#5883,1.);
#5883 = DIRECTION('',(0.,0.,1.));
#5884 = PCURVE('',#2841,#5885);
#5885 = DEFINITIONAL_REPRESENTATION('',(#5886),#5890);
#5886 = LINE('',#5887,#5888);
#5887 = CARTESIAN_POINT('',(0.,-47.));
#5888 = VECTOR('',#5889,1.);
#5889 = DIRECTION('',(1.,0.));
#5890 = ( GEOMETRIC_REPRESENTATION_CONTEXT(2) 
PARAMETRIC_REPRESENTATION_CONTEXT() REPRESENTATION_CONTEXT('2D SPACE',''
  ) );
#5891 = PCURVE('',#2897,#5892);
#5892 = DEFINITIONAL_REPRESENTATION('',(#5893),#5897);
#5893 = LINE('',#5894,#5895);
#5894 = CARTESIAN_POINT('',(0.,0.));
#5895 = VECTOR('',#5896,1.);
#5896 = DIRECTION('',(0.,1.));
#5897 = ( GEOMETRIC_REPRESENTATION_CONTEXT(2) 
PARAMETRIC_REPRESENTATION_CONTEXT() REPRESENTATION_CONTEXT('2D SPACE',''
  ) );
#5898 = ORIENTED_EDGE('',*,*,#5899,.F.);
#5899 = EDGE_CURVE('',#5820,#5877,#5900,.T.);
#5900 = SURFACE_CURVE('',#5901,(#5905,#5912),.PCURVE_S1.);
#5901 = LINE('',#5902,#5903);
#5902 = CARTESIAN_POINT('',(45.,-22.,9.5));
#5903 = VECTOR('',#5904,1.);
#5904 = DIRECTION('',(0.,1.,0.));
#5905 = PCURVE('',#2841,#5906);
#5906 = DEFINITIONAL_REPRESENTATION('',(#5907),#5911);
#5907 = LINE('',#5908,#5909);
#5908 = CARTESIAN_POINT('',(20.5,-3.));
#5909 = VECTOR('',#5910,1.);
#5910 = DIRECTION('',(0.,-1.));
#5911 = ( GEOMETRIC_REPRESENTATION_CONTEXT(2) 
PARAMETRIC_REPRESENTATION_CONTEXT() REPRESENTATION_CONTEXT('2D SPACE',''
  ) );
#5912 = PCURVE('',#5913,#5918);
#5913 = CYLINDRICAL_SURFACE('',#5914,1.5);
#5914 = AXIS2_PLACEMENT_3D('',#5915,#5916,#5917);
#5915 = CARTESIAN_POINT('',(43.5,-22.,9.5));
#5916 = DIRECTION('',(0.,1.,0.));
#5917 = DIRECTION('',(0.,-0.,1.));
#5918 = DEFINITIONAL_REPRESENTATION('',(#5919),#5923);
#5919 = LINE('',#5920,#5921);
#5920 = CARTESIAN_POINT('',(1.570796326795,0.));
#5921 = VECTOR('',#5922,1.);
#5922 = DIRECTION('',(0.,1.));
#5923 = ( GEOMETRIC_REPRESENTATION_CONTEXT(2) 
PARAMETRIC_REPRESENTATION_CONTEXT() REPRESENTATION_CONTEXT('2D SPACE',''
  ) );
#5924 = ADVANCED_FACE('',(#5925),#2897,.T.);
#5925 = FACE_BOUND('',#5926,.T.);
#5926 = EDGE_LOOP('',(#5927,#5928,#5929,#5952));
#5927 = ORIENTED_EDGE('',*,*,#5876,.F.);
#5928 = ORIENTED_EDGE('',*,*,#2882,.F.);
#5929 = ORIENTED_EDGE('',*,*,#5930,.T.);
#5930 = EDGE_CURVE('',#2859,#5931,#5933,.T.);
#5931 = VERTEX_POINT('',#5932);
#5932 = CARTESIAN_POINT('',(42.,25.,9.5));
#5933 = SURFACE_CURVE('',#5934,(#5938,#5945),.PCURVE_S1.);
#5934 = LINE('',#5935,#5936);
#5935 = CARTESIAN_POINT('',(42.,25.,-11.));
#5936 = VECTOR('',#5937,1.);
#5937 = DIRECTION('',(0.,0.,1.));
#5938 = PCURVE('',#2897,#5939);
#5939 = DEFINITIONAL_REPRESENTATION('',(#5940),#5944);
#5940 = LINE('',#5941,#5942);
#5941 = CARTESIAN_POINT('',(1.570796326795,0.));
#5942 = VECTOR('',#5943,1.);
#5943 = DIRECTION('',(0.,1.));
#5944 = ( GEOMETRIC_REPRESENTATION_CONTEXT(2) 
PARAMETRIC_REPRESENTATION_CONTEXT() REPRESENTATION_CONTEXT('2D SPACE',''
  ) );
#5945 = PCURVE('',#2983,#5946);
#5946 = DEFINITIONAL_REPRESENTATION('',(#5947),#5951);
#5947 = LINE('',#5948,#5949);
#5948 = CARTESIAN_POINT('',(0.,87.));
#5949 = VECTOR('',#5950,1.);
#5950 = DIRECTION('',(1.,0.));
#5951 = ( GEOMETRIC_REPRESENTATION_CONTEXT(2) 
PARAMETRIC_REPRESENTATION_CONTEXT() REPRESENTATION_CONTEXT('2D SPACE',''
  ) );
#5952 = ORIENTED_EDGE('',*,*,#5953,.F.);
#5953 = EDGE_CURVE('',#5877,#5931,#5954,.T.);
#5954 = SURFACE_CURVE('',#5955,(#5960,#5967),.PCURVE_S1.);
#5955 = CIRCLE('',#5956,3.);
#5956 = AXIS2_PLACEMENT_3D('',#5957,#5958,#5959);
#5957 = CARTESIAN_POINT('',(42.,22.,9.5));
#5958 = DIRECTION('',(0.,0.,1.));
#5959 = DIRECTION('',(1.,0.,-0.));
#5960 = PCURVE('',#2897,#5961);
#5961 = DEFINITIONAL_REPRESENTATION('',(#5962),#5966);
#5962 = LINE('',#5963,#5964);
#5963 = CARTESIAN_POINT('',(0.,20.5));
#5964 = VECTOR('',#5965,1.);
#5965 = DIRECTION('',(1.,0.));
#5966 = ( GEOMETRIC_REPRESENTATION_CONTEXT(2) 
PARAMETRIC_REPRESENTATION_CONTEXT() REPRESENTATION_CONTEXT('2D SPACE',''
  ) );
#5967 = PCURVE('',#5968,#5973);
#5968 = TOROIDAL_SURFACE('',#5969,1.5,1.5);
#5969 = AXIS2_PLACEMENT_3D('',#5970,#5971,#5972);
#5970 = CARTESIAN_POINT('',(42.,22.,9.5));
#5971 = DIRECTION('',(-0.,-0.,-1.));
#5972 = DIRECTION('',(1.,0.,0.));
#5973 = DEFINITIONAL_REPRESENTATION('',(#5974),#5978);
#5974 = LINE('',#5975,#5976);
#5975 = CARTESIAN_POINT('',(-0.,6.28318530718));
#5976 = VECTOR('',#5977,1.);
#5977 = DIRECTION('',(-1.,0.));
#5978 = ( GEOMETRIC_REPRESENTATION_CONTEXT(2) 
PARAMETRIC_REPRESENTATION_CONTEXT() REPRESENTATION_CONTEXT('2D SPACE',''
  ) );
#5979 = ADVANCED_FACE('',(#5980),#2983,.T.);
#5980 = FACE_BOUND('',#5981,.T.);
#5981 = EDGE_LOOP('',(#5982,#6010,#6036,#6037,#6038,#6039));
#5982 = ORIENTED_EDGE('',*,*,#5983,.F.);
#5983 = EDGE_CURVE('',#5984,#5986,#5988,.T.);
#5984 = VERTEX_POINT('',#5985);
#5985 = CARTESIAN_POINT('',(33.110064308017,25.,9.5));
#5986 = VERTEX_POINT('',#5987);
#5987 = CARTESIAN_POINT('',(33.110064308017,25.,-6.5));
#5988 = SURFACE_CURVE('',#5989,(#5993,#5999),.PCURVE_S1.);
#5989 = LINE('',#5990,#5991);
#5990 = CARTESIAN_POINT('',(33.110064308017,25.,-16.));
#5991 = VECTOR('',#5992,1.);
#5992 = DIRECTION('',(-0.,-0.,-1.));
#5993 = PCURVE('',#2983,#5994);
#5994 = DEFINITIONAL_REPRESENTATION('',(#5995),#5998);
#5995 = B_SPLINE_CURVE_WITH_KNOTS('',1,(#5996,#5997),.UNSPECIFIED.,.F.,
  .F.,(2,2),(-27.4,-4.6),.PIECEWISE_BEZIER_KNOTS.);
#5996 = CARTESIAN_POINT('',(22.4,78.110064308017));
#5997 = CARTESIAN_POINT('',(-0.4,78.110064308017));
#5998 = ( GEOMETRIC_REPRESENTATION_CONTEXT(2) 
PARAMETRIC_REPRESENTATION_CONTEXT() REPRESENTATION_CONTEXT('2D SPACE',''
  ) );
#5999 = PCURVE('',#6000,#6005);
#6000 = CYLINDRICAL_SURFACE('',#6001,3.15);
#6001 = AXIS2_PLACEMENT_3D('',#6002,#6003,#6004);
#6002 = CARTESIAN_POINT('',(30.,25.5,-16.));
#6003 = DIRECTION('',(-0.,-0.,-1.));
#6004 = DIRECTION('',(1.,0.,0.));
#6005 = DEFINITIONAL_REPRESENTATION('',(#6006),#6009);
#6006 = B_SPLINE_CURVE_WITH_KNOTS('',1,(#6007,#6008),.UNSPECIFIED.,.F.,
  .F.,(2,2),(-27.4,-4.6),.PIECEWISE_BEZIER_KNOTS.);
#6007 = CARTESIAN_POINT('',(-6.123780934618,-27.4));
#6008 = CARTESIAN_POINT('',(-6.123780934618,-4.6));
#6009 = ( GEOMETRIC_REPRESENTATION_CONTEXT(2) 
PARAMETRIC_REPRESENTATION_CONTEXT() REPRESENTATION_CONTEXT('2D SPACE',''
  ) );
#6010 = ORIENTED_EDGE('',*,*,#6011,.F.);
#6011 = EDGE_CURVE('',#5931,#5984,#6012,.T.);
#6012 = SURFACE_CURVE('',#6013,(#6017,#6024),.PCURVE_S1.);
#6013 = LINE('',#6014,#6015);
#6014 = CARTESIAN_POINT('',(42.,25.,9.5));
#6015 = VECTOR('',#6016,1.);
#6016 = DIRECTION('',(-1.,-0.,-0.));
#6017 = PCURVE('',#2983,#6018);
#6018 = DEFINITIONAL_REPRESENTATION('',(#6019),#6023);
#6019 = LINE('',#6020,#6021);
#6020 = CARTESIAN_POINT('',(20.5,87.));
#6021 = VECTOR('',#6022,1.);
#6022 = DIRECTION('',(-0.,-1.));
#6023 = ( GEOMETRIC_REPRESENTATION_CONTEXT(2) 
PARAMETRIC_REPRESENTATION_CONTEXT() REPRESENTATION_CONTEXT('2D SPACE',''
  ) );
#6024 = PCURVE('',#6025,#6030);
#6025 = CYLINDRICAL_SURFACE('',#6026,1.5);
#6026 = AXIS2_PLACEMENT_3D('',#6027,#6028,#6029);
#6027 = CARTESIAN_POINT('',(42.,23.5,9.5));
#6028 = DIRECTION('',(-1.,-0.,-0.));
#6029 = DIRECTION('',(-0.,0.,1.));
#6030 = DEFINITIONAL_REPRESENTATION('',(#6031),#6035);
#6031 = LINE('',#6032,#6033);
#6032 = CARTESIAN_POINT('',(1.570796326795,0.));
#6033 = VECTOR('',#6034,1.);
#6034 = DIRECTION('',(0.,1.));
#6035 = ( GEOMETRIC_REPRESENTATION_CONTEXT(2) 
PARAMETRIC_REPRESENTATION_CONTEXT() REPRESENTATION_CONTEXT('2D SPACE',''
  ) );
#6036 = ORIENTED_EDGE('',*,*,#5930,.F.);
#6037 = ORIENTED_EDGE('',*,*,#2969,.F.);
#6038 = ORIENTED_EDGE('',*,*,#3162,.F.);
#6039 = ORIENTED_EDGE('',*,*,#6040,.F.);
#6040 = EDGE_CURVE('',#5986,#3163,#6041,.T.);
#6041 = SURFACE_CURVE('',#6042,(#6046,#6052),.PCURVE_S1.);
#6042 = LINE('',#6043,#6044);
#6043 = CARTESIAN_POINT('',(-7.5,25.,-6.5));
#6044 = VECTOR('',#6045,1.);
#6045 = DIRECTION('',(1.,0.,0.));
#6046 = PCURVE('',#2983,#6047);
#6047 = DEFINITIONAL_REPRESENTATION('',(#6048),#6051);
#6048 = B_SPLINE_CURVE_WITH_KNOTS('',1,(#6049,#6050),.UNSPECIFIED.,.F.,
  .F.,(2,2),(29.,46.),.PIECEWISE_BEZIER_KNOTS.);
#6049 = CARTESIAN_POINT('',(4.5,66.5));
#6050 = CARTESIAN_POINT('',(4.5,83.5));
#6051 = ( GEOMETRIC_REPRESENTATION_CONTEXT(2) 
PARAMETRIC_REPRESENTATION_CONTEXT() REPRESENTATION_CONTEXT('2D SPACE',''
  ) );
#6052 = PCURVE('',#3068,#6053);
#6053 = DEFINITIONAL_REPRESENTATION('',(#6054),#6057);
#6054 = B_SPLINE_CURVE_WITH_KNOTS('',1,(#6055,#6056),.UNSPECIFIED.,.F.,
  .F.,(2,2),(29.,46.),.PIECEWISE_BEZIER_KNOTS.);
#6055 = CARTESIAN_POINT('',(-8.5,-0.5));
#6056 = CARTESIAN_POINT('',(8.5,-0.5));
#6057 = ( GEOMETRIC_REPRESENTATION_CONTEXT(2) 
PARAMETRIC_REPRESENTATION_CONTEXT() REPRESENTATION_CONTEXT('2D SPACE',''
  ) );
#6058 = ADVANCED_FACE('',(#6059,#6062),#3016,.F.);
#6059 = FACE_BOUND('',#6060,.F.);
#6060 = EDGE_LOOP('',(#6061));
#6061 = ORIENTED_EDGE('',*,*,#2999,.T.);
#6062 = FACE_BOUND('',#6063,.F.);
#6063 = EDGE_LOOP('',(#6064));
#6064 = ORIENTED_EDGE('',*,*,#6065,.T.);
#6065 = EDGE_CURVE('',#6066,#6066,#6068,.T.);
#6066 = VERTEX_POINT('',#6067);
#6067 = CARTESIAN_POINT('',(35.,25.5,-14.5));
#6068 = SURFACE_CURVE('',#6069,(#6074,#6085),.PCURVE_S1.);
#6069 = CIRCLE('',#6070,5.);
#6070 = AXIS2_PLACEMENT_3D('',#6071,#6072,#6073);
#6071 = CARTESIAN_POINT('',(30.,25.5,-14.5));
#6072 = DIRECTION('',(0.,0.,-1.));
#6073 = DIRECTION('',(1.,0.,0.));
#6074 = PCURVE('',#3016,#6075);
#6075 = DEFINITIONAL_REPRESENTATION('',(#6076),#6084);
#6076 = ( BOUNDED_CURVE() B_SPLINE_CURVE(2,(#6077,#6078,#6079,#6080,
#6081,#6082,#6083),.UNSPECIFIED.,.T.,.F.) B_SPLINE_CURVE_WITH_KNOTS((1,2
    ,2,2,2,1),(-2.094395102393,0.,2.094395102393,4.188790204786,
6.28318530718,8.377580409573),.UNSPECIFIED.) CURVE() 
GEOMETRIC_REPRESENTATION_ITEM() RATIONAL_B_SPLINE_CURVE((1.,0.5,1.,0.5,
1.,0.5,1.)) REPRESENTATION_ITEM('') );
#6077 = CARTESIAN_POINT('',(5.,0.));
#6078 = CARTESIAN_POINT('',(5.,-8.660254037844));
#6079 = CARTESIAN_POINT('',(-2.5,-4.330127018922));
#6080 = CARTESIAN_POINT('',(-10.,-1.224646799147E-15));
#6081 = CARTESIAN_POINT('',(-2.5,4.330127018922));
#6082 = CARTESIAN_POINT('',(5.,8.660254037844));
#6083 = CARTESIAN_POINT('',(5.,0.));
#6084 = ( GEOMETRIC_REPRESENTATION_CONTEXT(2) 
PARAMETRIC_REPRESENTATION_CONTEXT() REPRESENTATION_CONTEXT('2D SPACE',''
  ) );
#6085 = PCURVE('',#6086,#6091);
#6086 = CYLINDRICAL_SURFACE('',#6087,5.);
#6087 = AXIS2_PLACEMENT_3D('',#6088,#6089,#6090);
#6088 = CARTESIAN_POINT('',(30.,25.5,-15.1));
#6089 = DIRECTION('',(-0.,-0.,-1.));
#6090 = DIRECTION('',(1.,0.,0.));
#6091 = DEFINITIONAL_REPRESENTATION('',(#6092),#6096);
#6092 = LINE('',#6093,#6094);
#6093 = CARTESIAN_POINT('',(-6.28318530718,-0.6));
#6094 = VECTOR('',#6095,1.);
#6095 = DIRECTION('',(1.,-0.));
#6096 = ( GEOMETRIC_REPRESENTATION_CONTEXT(2) 
PARAMETRIC_REPRESENTATION_CONTEXT() REPRESENTATION_CONTEXT('2D SPACE',''
  ) );
#6097 = ADVANCED_FACE('',(#6098),#3068,.T.);
#6098 = FACE_BOUND('',#6099,.T.);
#6099 = EDGE_LOOP('',(#6100,#6101,#6102,#6103,#6124,#6152));
#6100 = ORIENTED_EDGE('',*,*,#6040,.T.);
#6101 = ORIENTED_EDGE('',*,*,#3183,.T.);
#6102 = ORIENTED_EDGE('',*,*,#3051,.T.);
#6103 = ORIENTED_EDGE('',*,*,#6104,.T.);
#6104 = EDGE_CURVE('',#3052,#6105,#6107,.T.);
#6105 = VERTEX_POINT('',#6106);
#6106 = CARTESIAN_POINT('',(26.889935691983,25.,-6.5));
#6107 = SURFACE_CURVE('',#6108,(#6112,#6118),.PCURVE_S1.);
#6108 = LINE('',#6109,#6110);
#6109 = CARTESIAN_POINT('',(-7.5,25.,-6.5));
#6110 = VECTOR('',#6111,1.);
#6111 = DIRECTION('',(1.,0.,0.));
#6112 = PCURVE('',#3068,#6113);
#6113 = DEFINITIONAL_REPRESENTATION('',(#6114),#6117);
#6114 = B_SPLINE_CURVE_WITH_KNOTS('',1,(#6115,#6116),.UNSPECIFIED.,.F.,
  .F.,(2,2),(29.,46.),.PIECEWISE_BEZIER_KNOTS.);
#6115 = CARTESIAN_POINT('',(-8.5,-0.5));
#6116 = CARTESIAN_POINT('',(8.5,-0.5));
#6117 = ( GEOMETRIC_REPRESENTATION_CONTEXT(2) 
PARAMETRIC_REPRESENTATION_CONTEXT() REPRESENTATION_CONTEXT('2D SPACE',''
  ) );
#6118 = PCURVE('',#3095,#6119);
#6119 = DEFINITIONAL_REPRESENTATION('',(#6120),#6123);
#6120 = B_SPLINE_CURVE_WITH_KNOTS('',1,(#6121,#6122),.UNSPECIFIED.,.F.,
  .F.,(2,2),(29.,46.),.PIECEWISE_BEZIER_KNOTS.);
#6121 = CARTESIAN_POINT('',(4.5,66.5));
#6122 = CARTESIAN_POINT('',(4.5,83.5));
#6123 = ( GEOMETRIC_REPRESENTATION_CONTEXT(2) 
PARAMETRIC_REPRESENTATION_CONTEXT() REPRESENTATION_CONTEXT('2D SPACE',''
  ) );
#6124 = ORIENTED_EDGE('',*,*,#6125,.T.);
#6125 = EDGE_CURVE('',#6105,#6126,#6128,.T.);
#6126 = VERTEX_POINT('',#6127);
#6127 = CARTESIAN_POINT('',(33.15,25.5,-6.5));
#6128 = SURFACE_CURVE('',#6129,(#6134,#6145),.PCURVE_S1.);
#6129 = CIRCLE('',#6130,3.15);
#6130 = AXIS2_PLACEMENT_3D('',#6131,#6132,#6133);
#6131 = CARTESIAN_POINT('',(30.,25.5,-6.5));
#6132 = DIRECTION('',(0.,0.,-1.));
#6133 = DIRECTION('',(1.,0.,0.));
#6134 = PCURVE('',#3068,#6135);
#6135 = DEFINITIONAL_REPRESENTATION('',(#6136),#6144);
#6136 = ( BOUNDED_CURVE() B_SPLINE_CURVE(2,(#6137,#6138,#6139,#6140,
#6141,#6142,#6143),.UNSPECIFIED.,.T.,.F.) B_SPLINE_CURVE_WITH_KNOTS((1,2
    ,2,2,2,1),(-2.094395102393,0.,2.094395102393,4.188790204786,
6.28318530718,8.377580409573),.UNSPECIFIED.) CURVE() 
GEOMETRIC_REPRESENTATION_ITEM() RATIONAL_B_SPLINE_CURVE((1.,0.5,1.,0.5,
1.,0.5,1.)) REPRESENTATION_ITEM('') );
#6137 = CARTESIAN_POINT('',(3.15,0.));
#6138 = CARTESIAN_POINT('',(3.15,-5.455960043842));
#6139 = CARTESIAN_POINT('',(-1.575,-2.727980021921));
#6140 = CARTESIAN_POINT('',(-6.3,-7.715274834628E-16));
#6141 = CARTESIAN_POINT('',(-1.575,2.727980021921));
#6142 = CARTESIAN_POINT('',(3.15,5.455960043842));
#6143 = CARTESIAN_POINT('',(3.15,0.));
#6144 = ( GEOMETRIC_REPRESENTATION_CONTEXT(2) 
PARAMETRIC_REPRESENTATION_CONTEXT() REPRESENTATION_CONTEXT('2D SPACE',''
  ) );
#6145 = PCURVE('',#6000,#6146);
#6146 = DEFINITIONAL_REPRESENTATION('',(#6147),#6151);
#6147 = LINE('',#6148,#6149);
#6148 = CARTESIAN_POINT('',(-6.28318530718,-9.5));
#6149 = VECTOR('',#6150,1.);
#6150 = DIRECTION('',(1.,-0.));
#6151 = ( GEOMETRIC_REPRESENTATION_CONTEXT(2) 
PARAMETRIC_REPRESENTATION_CONTEXT() REPRESENTATION_CONTEXT('2D SPACE',''
  ) );
#6152 = ORIENTED_EDGE('',*,*,#6153,.T.);
#6153 = EDGE_CURVE('',#6126,#5986,#6154,.T.);
#6154 = SURFACE_CURVE('',#6155,(#6160,#6171),.PCURVE_S1.);
#6155 = CIRCLE('',#6156,3.15);
#6156 = AXIS2_PLACEMENT_3D('',#6157,#6158,#6159);
#6157 = CARTESIAN_POINT('',(30.,25.5,-6.5));
#6158 = DIRECTION('',(0.,0.,-1.));
#6159 = DIRECTION('',(1.,0.,0.));
#6160 = PCURVE('',#3068,#6161);
#6161 = DEFINITIONAL_REPRESENTATION('',(#6162),#6170);
#6162 = ( BOUNDED_CURVE() B_SPLINE_CURVE(2,(#6163,#6164,#6165,#6166,
#6167,#6168,#6169),.UNSPECIFIED.,.T.,.F.) B_SPLINE_CURVE_WITH_KNOTS((1,2
    ,2,2,2,1),(-2.094395102393,0.,2.094395102393,4.188790204786,
6.28318530718,8.377580409573),.UNSPECIFIED.) CURVE() 
GEOMETRIC_REPRESENTATION_ITEM() RATIONAL_B_SPLINE_CURVE((1.,0.5,1.,0.5,
1.,0.5,1.)) REPRESENTATION_ITEM('') );
#6163 = CARTESIAN_POINT('',(3.15,0.));
#6164 = CARTESIAN_POINT('',(3.15,-5.455960043842));
#6165 = CARTESIAN_POINT('',(-1.575,-2.727980021921));
#6166 = CARTESIAN_POINT('',(-6.3,-7.715274834628E-16));
#6167 = CARTESIAN_POINT('',(-1.575,2.727980021921));
#6168 = CARTESIAN_POINT('',(3.15,5.455960043842));
#6169 = CARTESIAN_POINT('',(3.15,0.));
#6170 = ( GEOMETRIC_REPRESENTATION_CONTEXT(2) 
PARAMETRIC_REPRESENTATION_CONTEXT() REPRESENTATION_CONTEXT('2D SPACE',''
  ) );
#6171 = PCURVE('',#6000,#6172);
#6172 = DEFINITIONAL_REPRESENTATION('',(#6173),#6177);
#6173 = LINE('',#6174,#6175);
#6174 = CARTESIAN_POINT('',(-6.28318530718,-9.5));
#6175 = VECTOR('',#6176,1.);
#6176 = DIRECTION('',(1.,-0.));
#6177 = ( GEOMETRIC_REPRESENTATION_CONTEXT(2) 
PARAMETRIC_REPRESENTATION_CONTEXT() REPRESENTATION_CONTEXT('2D SPACE',''
  ) );
#6178 = ADVANCED_FACE('',(#6179),#3095,.T.);
#6179 = FACE_BOUND('',#6180,.T.);
#6180 = EDGE_LOOP('',(#6181,#6182,#6205,#6224,#6225,#6226,#6227,#6228));
#6181 = ORIENTED_EDGE('',*,*,#5161,.F.);
#6182 = ORIENTED_EDGE('',*,*,#6183,.F.);
#6183 = EDGE_CURVE('',#6184,#5062,#6186,.T.);
#6184 = VERTEX_POINT('',#6185);
#6185 = CARTESIAN_POINT('',(26.889935691983,25.,9.5));
#6186 = SURFACE_CURVE('',#6187,(#6191,#6198),.PCURVE_S1.);
#6187 = LINE('',#6188,#6189);
#6188 = CARTESIAN_POINT('',(42.,25.,9.5));
#6189 = VECTOR('',#6190,1.);
#6190 = DIRECTION('',(-1.,-0.,-0.));
#6191 = PCURVE('',#3095,#6192);
#6192 = DEFINITIONAL_REPRESENTATION('',(#6193),#6197);
#6193 = LINE('',#6194,#6195);
#6194 = CARTESIAN_POINT('',(20.5,87.));
#6195 = VECTOR('',#6196,1.);
#6196 = DIRECTION('',(-0.,-1.));
#6197 = ( GEOMETRIC_REPRESENTATION_CONTEXT(2) 
PARAMETRIC_REPRESENTATION_CONTEXT() REPRESENTATION_CONTEXT('2D SPACE',''
  ) );
#6198 = PCURVE('',#5125,#6199);
#6199 = DEFINITIONAL_REPRESENTATION('',(#6200),#6204);
#6200 = LINE('',#6201,#6202);
#6201 = CARTESIAN_POINT('',(1.570796326795,0.));
#6202 = VECTOR('',#6203,1.);
#6203 = DIRECTION('',(0.,1.));
#6204 = ( GEOMETRIC_REPRESENTATION_CONTEXT(2) 
PARAMETRIC_REPRESENTATION_CONTEXT() REPRESENTATION_CONTEXT('2D SPACE',''
  ) );
#6205 = ORIENTED_EDGE('',*,*,#6206,.T.);
#6206 = EDGE_CURVE('',#6184,#6105,#6207,.T.);
#6207 = SURFACE_CURVE('',#6208,(#6212,#6218),.PCURVE_S1.);
#6208 = LINE('',#6209,#6210);
#6209 = CARTESIAN_POINT('',(26.889935691983,25.,-16.));
#6210 = VECTOR('',#6211,1.);
#6211 = DIRECTION('',(-0.,-0.,-1.));
#6212 = PCURVE('',#3095,#6213);
#6213 = DEFINITIONAL_REPRESENTATION('',(#6214),#6217);
#6214 = B_SPLINE_CURVE_WITH_KNOTS('',1,(#6215,#6216),.UNSPECIFIED.,.F.,
  .F.,(2,2),(-27.4,-4.6),.PIECEWISE_BEZIER_KNOTS.);
#6215 = CARTESIAN_POINT('',(22.4,71.889935691983));
#6216 = CARTESIAN_POINT('',(-0.4,71.889935691983));
#6217 = ( GEOMETRIC_REPRESENTATION_CONTEXT(2) 
PARAMETRIC_REPRESENTATION_CONTEXT() REPRESENTATION_CONTEXT('2D SPACE',''
  ) );
#6218 = PCURVE('',#6000,#6219);
#6219 = DEFINITIONAL_REPRESENTATION('',(#6220),#6223);
#6220 = B_SPLINE_CURVE_WITH_KNOTS('',1,(#6221,#6222),.UNSPECIFIED.,.F.,
  .F.,(2,2),(-27.4,-4.6),.PIECEWISE_BEZIER_KNOTS.);
#6221 = CARTESIAN_POINT('',(-3.300997026151,-27.4));
#6222 = CARTESIAN_POINT('',(-3.300997026151,-4.6));
#6223 = ( GEOMETRIC_REPRESENTATION_CONTEXT(2) 
PARAMETRIC_REPRESENTATION_CONTEXT() REPRESENTATION_CONTEXT('2D SPACE',''
  ) );
#6224 = ORIENTED_EDGE('',*,*,#6104,.F.);
#6225 = ORIENTED_EDGE('',*,*,#3080,.T.);
#6226 = ORIENTED_EDGE('',*,*,#3266,.F.);
#6227 = ORIENTED_EDGE('',*,*,#3369,.F.);
#6228 = ORIENTED_EDGE('',*,*,#4847,.F.);
#6229 = ADVANCED_FACE('',(#6230,#6233),#3308,.F.);
#6230 = FACE_BOUND('',#6231,.F.);
#6231 = EDGE_LOOP('',(#6232));
#6232 = ORIENTED_EDGE('',*,*,#3291,.T.);
#6233 = FACE_BOUND('',#6234,.F.);
#6234 = EDGE_LOOP('',(#6235));
#6235 = ORIENTED_EDGE('',*,*,#6236,.T.);
#6236 = EDGE_CURVE('',#6237,#6237,#6239,.T.);
#6237 = VERTEX_POINT('',#6238);
#6238 = CARTESIAN_POINT('',(-25.,25.5,-14.5));
#6239 = SURFACE_CURVE('',#6240,(#6245,#6256),.PCURVE_S1.);
#6240 = CIRCLE('',#6241,5.);
#6241 = AXIS2_PLACEMENT_3D('',#6242,#6243,#6244);
#6242 = CARTESIAN_POINT('',(-30.,25.5,-14.5));
#6243 = DIRECTION('',(0.,0.,-1.));
#6244 = DIRECTION('',(1.,0.,0.));
#6245 = PCURVE('',#3308,#6246);
#6246 = DEFINITIONAL_REPRESENTATION('',(#6247),#6255);
#6247 = ( BOUNDED_CURVE() B_SPLINE_CURVE(2,(#6248,#6249,#6250,#6251,
#6252,#6253,#6254),.UNSPECIFIED.,.T.,.F.) B_SPLINE_CURVE_WITH_KNOTS((1,2
    ,2,2,2,1),(-2.094395102393,0.,2.094395102393,4.188790204786,
6.28318530718,8.377580409573),.UNSPECIFIED.) CURVE() 
GEOMETRIC_REPRESENTATION_ITEM() RATIONAL_B_SPLINE_CURVE((1.,0.5,1.,0.5,
1.,0.5,1.)) REPRESENTATION_ITEM('') );
#6248 = CARTESIAN_POINT('',(5.,-3.552713678801E-15));
#6249 = CARTESIAN_POINT('',(5.,-8.660254037844));
#6250 = CARTESIAN_POINT('',(-2.5,-4.330127018922));
#6251 = CARTESIAN_POINT('',(-10.,-4.777360477948E-15));
#6252 = CARTESIAN_POINT('',(-2.5,4.330127018922));
#6253 = CARTESIAN_POINT('',(5.,8.660254037844));
#6254 = CARTESIAN_POINT('',(5.,-3.552713678801E-15));
#6255 = ( GEOMETRIC_REPRESENTATION_CONTEXT(2) 
PARAMETRIC_REPRESENTATION_CONTEXT() REPRESENTATION_CONTEXT('2D SPACE',''
  ) );
#6256 = PCURVE('',#6257,#6262);
#6257 = CYLINDRICAL_SURFACE('',#6258,5.);
#6258 = AXIS2_PLACEMENT_3D('',#6259,#6260,#6261);
#6259 = CARTESIAN_POINT('',(-30.,25.5,-15.1));
#6260 = DIRECTION('',(-0.,-0.,-1.));
#6261 = DIRECTION('',(1.,0.,0.));
#6262 = DEFINITIONAL_REPRESENTATION('',(#6263),#6267);
#6263 = LINE('',#6264,#6265);
#6264 = CARTESIAN_POINT('',(-6.28318530718,-0.6));
#6265 = VECTOR('',#6266,1.);
#6266 = DIRECTION('',(1.,-0.));
#6267 = ( GEOMETRIC_REPRESENTATION_CONTEXT(2) 
PARAMETRIC_REPRESENTATION_CONTEXT() REPRESENTATION_CONTEXT('2D SPACE',''
  ) );
#6268 = ADVANCED_FACE('',(#6269),#3460,.T.);
#6269 = FACE_BOUND('',#6270,.T.);
#6270 = EDGE_LOOP('',(#6271,#6292,#6293,#6294,#6295,#6318,#6341,#6360));
#6271 = ORIENTED_EDGE('',*,*,#6272,.F.);
#6272 = EDGE_CURVE('',#4987,#5008,#6273,.T.);
#6273 = SURFACE_CURVE('',#6274,(#6278,#6285),.PCURVE_S1.);
#6274 = LINE('',#6275,#6276);
#6275 = CARTESIAN_POINT('',(-34.,24.5,2.));
#6276 = VECTOR('',#6277,1.);
#6277 = DIRECTION('',(1.,0.,0.));
#6278 = PCURVE('',#3460,#6279);
#6279 = DEFINITIONAL_REPRESENTATION('',(#6280),#6284);
#6280 = LINE('',#6281,#6282);
#6281 = CARTESIAN_POINT('',(0.,0.));
#6282 = VECTOR('',#6283,1.);
#6283 = DIRECTION('',(0.,1.));
#6284 = ( GEOMETRIC_REPRESENTATION_CONTEXT(2) 
PARAMETRIC_REPRESENTATION_CONTEXT() REPRESENTATION_CONTEXT('2D SPACE',''
  ) );
#6285 = PCURVE('',#5024,#6286);
#6286 = DEFINITIONAL_REPRESENTATION('',(#6287),#6291);
#6287 = LINE('',#6288,#6289);
#6288 = CARTESIAN_POINT('',(0.,5.));
#6289 = VECTOR('',#6290,1.);
#6290 = DIRECTION('',(1.,0.));
#6291 = ( GEOMETRIC_REPRESENTATION_CONTEXT(2) 
PARAMETRIC_REPRESENTATION_CONTEXT() REPRESENTATION_CONTEXT('2D SPACE',''
  ) );
#6292 = ORIENTED_EDGE('',*,*,#4986,.F.);
#6293 = ORIENTED_EDGE('',*,*,#3445,.T.);
#6294 = ORIENTED_EDGE('',*,*,#3661,.T.);
#6295 = ORIENTED_EDGE('',*,*,#6296,.T.);
#6296 = EDGE_CURVE('',#3557,#6297,#6299,.T.);
#6297 = VERTEX_POINT('',#6298);
#6298 = CARTESIAN_POINT('',(-26.,24.5,14.));
#6299 = SURFACE_CURVE('',#6300,(#6304,#6311),.PCURVE_S1.);
#6300 = LINE('',#6301,#6302);
#6301 = CARTESIAN_POINT('',(-34.,24.5,14.));
#6302 = VECTOR('',#6303,1.);
#6303 = DIRECTION('',(1.,0.,0.));
#6304 = PCURVE('',#3460,#6305);
#6305 = DEFINITIONAL_REPRESENTATION('',(#6306),#6310);
#6306 = LINE('',#6307,#6308);
#6307 = CARTESIAN_POINT('',(12.,0.));
#6308 = VECTOR('',#6309,1.);
#6309 = DIRECTION('',(0.,1.));
#6310 = ( GEOMETRIC_REPRESENTATION_CONTEXT(2) 
PARAMETRIC_REPRESENTATION_CONTEXT() REPRESENTATION_CONTEXT('2D SPACE',''
  ) );
#6311 = PCURVE('',#3572,#6312);
#6312 = DEFINITIONAL_REPRESENTATION('',(#6313),#6317);
#6313 = LINE('',#6314,#6315);
#6314 = CARTESIAN_POINT('',(0.,5.));
#6315 = VECTOR('',#6316,1.);
#6316 = DIRECTION('',(1.,0.));
#6317 = ( GEOMETRIC_REPRESENTATION_CONTEXT(2) 
PARAMETRIC_REPRESENTATION_CONTEXT() REPRESENTATION_CONTEXT('2D SPACE',''
  ) );
#6318 = ORIENTED_EDGE('',*,*,#6319,.F.);
#6319 = EDGE_CURVE('',#6320,#6297,#6322,.T.);
#6320 = VERTEX_POINT('',#6321);
#6321 = CARTESIAN_POINT('',(-26.,24.5,10.61803398875));
#6322 = SURFACE_CURVE('',#6323,(#6327,#6334),.PCURVE_S1.);
#6323 = LINE('',#6324,#6325);
#6324 = CARTESIAN_POINT('',(-26.,24.5,2.));
#6325 = VECTOR('',#6326,1.);
#6326 = DIRECTION('',(0.,0.,1.));
#6327 = PCURVE('',#3460,#6328);
#6328 = DEFINITIONAL_REPRESENTATION('',(#6329),#6333);
#6329 = LINE('',#6330,#6331);
#6330 = CARTESIAN_POINT('',(0.,8.));
#6331 = VECTOR('',#6332,1.);
#6332 = DIRECTION('',(1.,0.));
#6333 = ( GEOMETRIC_REPRESENTATION_CONTEXT(2) 
PARAMETRIC_REPRESENTATION_CONTEXT() REPRESENTATION_CONTEXT('2D SPACE',''
  ) );
#6334 = PCURVE('',#3774,#6335);
#6335 = DEFINITIONAL_REPRESENTATION('',(#6336),#6340);
#6336 = LINE('',#6337,#6338);
#6337 = CARTESIAN_POINT('',(0.,-5.));
#6338 = VECTOR('',#6339,1.);
#6339 = DIRECTION('',(1.,0.));
#6340 = ( GEOMETRIC_REPRESENTATION_CONTEXT(2) 
PARAMETRIC_REPRESENTATION_CONTEXT() REPRESENTATION_CONTEXT('2D SPACE',''
  ) );
#6341 = ORIENTED_EDGE('',*,*,#6342,.T.);
#6342 = EDGE_CURVE('',#6320,#5041,#6343,.T.);
#6343 = SURFACE_CURVE('',#6344,(#6348,#6354),.PCURVE_S1.);
#6344 = LINE('',#6345,#6346);
#6345 = CARTESIAN_POINT('',(42.,24.5,10.61803398875));
#6346 = VECTOR('',#6347,1.);
#6347 = DIRECTION('',(-1.,-0.,-0.));
#6348 = PCURVE('',#3460,#6349);
#6349 = DEFINITIONAL_REPRESENTATION('',(#6350),#6353);
#6350 = B_SPLINE_CURVE_WITH_KNOTS('',1,(#6351,#6352),.UNSPECIFIED.,.F.,
  .F.,(2,2),(67.2,69.566381895272),.PIECEWISE_BEZIER_KNOTS.);
#6351 = CARTESIAN_POINT('',(8.61803398875,8.8));
#6352 = CARTESIAN_POINT('',(8.61803398875,6.433618104728));
#6353 = ( GEOMETRIC_REPRESENTATION_CONTEXT(2) 
PARAMETRIC_REPRESENTATION_CONTEXT() REPRESENTATION_CONTEXT('2D SPACE',''
  ) );
#6354 = PCURVE('',#5125,#6355);
#6355 = DEFINITIONAL_REPRESENTATION('',(#6356),#6359);
#6356 = B_SPLINE_CURVE_WITH_KNOTS('',1,(#6357,#6358),.UNSPECIFIED.,.F.,
  .F.,(2,2),(67.2,69.566381895272),.PIECEWISE_BEZIER_KNOTS.);
#6357 = CARTESIAN_POINT('',(0.729727656227,67.2));
#6358 = CARTESIAN_POINT('',(0.729727656227,69.566381895272));
#6359 = ( GEOMETRIC_REPRESENTATION_CONTEXT(2) 
PARAMETRIC_REPRESENTATION_CONTEXT() REPRESENTATION_CONTEXT('2D SPACE',''
  ) );
#6360 = ORIENTED_EDGE('',*,*,#5040,.T.);
#6361 = ADVANCED_FACE('',(#6362),#3572,.T.);
#6362 = FACE_BOUND('',#6363,.T.);
#6363 = EDGE_LOOP('',(#6364,#6365,#6366,#6389));
#6364 = ORIENTED_EDGE('',*,*,#6296,.F.);
#6365 = ORIENTED_EDGE('',*,*,#3554,.F.);
#6366 = ORIENTED_EDGE('',*,*,#6367,.T.);
#6367 = EDGE_CURVE('',#3555,#6368,#6370,.T.);
#6368 = VERTEX_POINT('',#6369);
#6369 = CARTESIAN_POINT('',(-26.,19.5,14.));
#6370 = SURFACE_CURVE('',#6371,(#6375,#6382),.PCURVE_S1.);
#6371 = LINE('',#6372,#6373);
#6372 = CARTESIAN_POINT('',(-34.,19.5,14.));
#6373 = VECTOR('',#6374,1.);
#6374 = DIRECTION('',(1.,0.,0.));
#6375 = PCURVE('',#3572,#6376);
#6376 = DEFINITIONAL_REPRESENTATION('',(#6377),#6381);
#6377 = LINE('',#6378,#6379);
#6378 = CARTESIAN_POINT('',(0.,0.));
#6379 = VECTOR('',#6380,1.);
#6380 = DIRECTION('',(1.,0.));
#6381 = ( GEOMETRIC_REPRESENTATION_CONTEXT(2) 
PARAMETRIC_REPRESENTATION_CONTEXT() REPRESENTATION_CONTEXT('2D SPACE',''
  ) );
#6382 = PCURVE('',#3600,#6383);
#6383 = DEFINITIONAL_REPRESENTATION('',(#6384),#6388);
#6384 = LINE('',#6385,#6386);
#6385 = CARTESIAN_POINT('',(12.,0.));
#6386 = VECTOR('',#6387,1.);
#6387 = DIRECTION('',(0.,1.));
#6388 = ( GEOMETRIC_REPRESENTATION_CONTEXT(2) 
PARAMETRIC_REPRESENTATION_CONTEXT() REPRESENTATION_CONTEXT('2D SPACE',''
  ) );
#6389 = ORIENTED_EDGE('',*,*,#6390,.T.);
#6390 = EDGE_CURVE('',#6368,#6297,#6391,.T.);
#6391 = SURFACE_CURVE('',#6392,(#6396,#6403),.PCURVE_S1.);
#6392 = LINE('',#6393,#6394);
#6393 = CARTESIAN_POINT('',(-26.,19.5,14.));
#6394 = VECTOR('',#6395,1.);
#6395 = DIRECTION('',(0.,1.,0.));
#6396 = PCURVE('',#3572,#6397);
#6397 = DEFINITIONAL_REPRESENTATION('',(#6398),#6402);
#6398 = LINE('',#6399,#6400);
#6399 = CARTESIAN_POINT('',(8.,0.));
#6400 = VECTOR('',#6401,1.);
#6401 = DIRECTION('',(0.,1.));
#6402 = ( GEOMETRIC_REPRESENTATION_CONTEXT(2) 
PARAMETRIC_REPRESENTATION_CONTEXT() REPRESENTATION_CONTEXT('2D SPACE',''
  ) );
#6403 = PCURVE('',#3774,#6404);
#6404 = DEFINITIONAL_REPRESENTATION('',(#6405),#6409);
#6405 = LINE('',#6406,#6407);
#6406 = CARTESIAN_POINT('',(12.,0.));
#6407 = VECTOR('',#6408,1.);
#6408 = DIRECTION('',(0.,-1.));
#6409 = ( GEOMETRIC_REPRESENTATION_CONTEXT(2) 
PARAMETRIC_REPRESENTATION_CONTEXT() REPRESENTATION_CONTEXT('2D SPACE',''
  ) );
#6410 = ADVANCED_FACE('',(#6411),#3628,.F.);
#6411 = FACE_BOUND('',#6412,.F.);
#6412 = EDGE_LOOP('',(#6413,#6414,#6437,#6458));
#6413 = ORIENTED_EDGE('',*,*,#3612,.F.);
#6414 = ORIENTED_EDGE('',*,*,#6415,.T.);
#6415 = EDGE_CURVE('',#3585,#6416,#6418,.T.);
#6416 = VERTEX_POINT('',#6417);
#6417 = CARTESIAN_POINT('',(-26.,19.5,2.));
#6418 = SURFACE_CURVE('',#6419,(#6423,#6430),.PCURVE_S1.);
#6419 = LINE('',#6420,#6421);
#6420 = CARTESIAN_POINT('',(-34.,19.5,2.));
#6421 = VECTOR('',#6422,1.);
#6422 = DIRECTION('',(1.,0.,0.));
#6423 = PCURVE('',#3628,#6424);
#6424 = DEFINITIONAL_REPRESENTATION('',(#6425),#6429);
#6425 = LINE('',#6426,#6427);
#6426 = CARTESIAN_POINT('',(0.,0.));
#6427 = VECTOR('',#6428,1.);
#6428 = DIRECTION('',(1.,0.));
#6429 = ( GEOMETRIC_REPRESENTATION_CONTEXT(2) 
PARAMETRIC_REPRESENTATION_CONTEXT() REPRESENTATION_CONTEXT('2D SPACE',''
  ) );
#6430 = PCURVE('',#3600,#6431);
#6431 = DEFINITIONAL_REPRESENTATION('',(#6432),#6436);
#6432 = LINE('',#6433,#6434);
#6433 = CARTESIAN_POINT('',(0.,0.));
#6434 = VECTOR('',#6435,1.);
#6435 = DIRECTION('',(0.,1.));
#6436 = ( GEOMETRIC_REPRESENTATION_CONTEXT(2) 
PARAMETRIC_REPRESENTATION_CONTEXT() REPRESENTATION_CONTEXT('2D SPACE',''
  ) );
#6437 = ORIENTED_EDGE('',*,*,#6438,.T.);
#6438 = EDGE_CURVE('',#6416,#3739,#6439,.T.);
#6439 = SURFACE_CURVE('',#6440,(#6444,#6451),.PCURVE_S1.);
#6440 = LINE('',#6441,#6442);
#6441 = CARTESIAN_POINT('',(-26.,19.5,2.));
#6442 = VECTOR('',#6443,1.);
#6443 = DIRECTION('',(0.,1.,0.));
#6444 = PCURVE('',#3628,#6445);
#6445 = DEFINITIONAL_REPRESENTATION('',(#6446),#6450);
#6446 = LINE('',#6447,#6448);
#6447 = CARTESIAN_POINT('',(8.,0.));
#6448 = VECTOR('',#6449,1.);
#6449 = DIRECTION('',(0.,1.));
#6450 = ( GEOMETRIC_REPRESENTATION_CONTEXT(2) 
PARAMETRIC_REPRESENTATION_CONTEXT() REPRESENTATION_CONTEXT('2D SPACE',''
  ) );
#6451 = PCURVE('',#3774,#6452);
#6452 = DEFINITIONAL_REPRESENTATION('',(#6453),#6457);
#6453 = LINE('',#6454,#6455);
#6454 = CARTESIAN_POINT('',(0.,0.));
#6455 = VECTOR('',#6456,1.);
#6456 = DIRECTION('',(0.,-1.));
#6457 = ( GEOMETRIC_REPRESENTATION_CONTEXT(2) 
PARAMETRIC_REPRESENTATION_CONTEXT() REPRESENTATION_CONTEXT('2D SPACE',''
  ) );
#6458 = ORIENTED_EDGE('',*,*,#3738,.F.);
#6459 = ADVANCED_FACE('',(#6460),#3600,.F.);
#6460 = FACE_BOUND('',#6461,.F.);
#6461 = EDGE_LOOP('',(#6462,#6463,#6464,#6465));
#6462 = ORIENTED_EDGE('',*,*,#6415,.F.);
#6463 = ORIENTED_EDGE('',*,*,#3584,.T.);
#6464 = ORIENTED_EDGE('',*,*,#6367,.T.);
#6465 = ORIENTED_EDGE('',*,*,#6466,.F.);
#6466 = EDGE_CURVE('',#6416,#6368,#6467,.T.);
#6467 = SURFACE_CURVE('',#6468,(#6472,#6479),.PCURVE_S1.);
#6468 = LINE('',#6469,#6470);
#6469 = CARTESIAN_POINT('',(-26.,19.5,2.));
#6470 = VECTOR('',#6471,1.);
#6471 = DIRECTION('',(0.,0.,1.));
#6472 = PCURVE('',#3600,#6473);
#6473 = DEFINITIONAL_REPRESENTATION('',(#6474),#6478);
#6474 = LINE('',#6475,#6476);
#6475 = CARTESIAN_POINT('',(0.,8.));
#6476 = VECTOR('',#6477,1.);
#6477 = DIRECTION('',(1.,0.));
#6478 = ( GEOMETRIC_REPRESENTATION_CONTEXT(2) 
PARAMETRIC_REPRESENTATION_CONTEXT() REPRESENTATION_CONTEXT('2D SPACE',''
  ) );
#6479 = PCURVE('',#3774,#6480);
#6480 = DEFINITIONAL_REPRESENTATION('',(#6481),#6485);
#6481 = LINE('',#6482,#6483);
#6482 = CARTESIAN_POINT('',(0.,0.));
#6483 = VECTOR('',#6484,1.);
#6484 = DIRECTION('',(1.,0.));
#6485 = ( GEOMETRIC_REPRESENTATION_CONTEXT(2) 
PARAMETRIC_REPRESENTATION_CONTEXT() REPRESENTATION_CONTEXT('2D SPACE',''
  ) );
#6486 = ADVANCED_FACE('',(#6487,#6680,#6786,#6892,#6998),#3703,.T.);
#6487 = FACE_BOUND('',#6488,.T.);
#6488 = EDGE_LOOP('',(#6489,#6490,#6491,#6492,#6518,#6519,#6545,#6546,
    #6574,#6602,#6624,#6625,#6651,#6652,#6678,#6679));
#6489 = ORIENTED_EDGE('',*,*,#4218,.F.);
#6490 = ORIENTED_EDGE('',*,*,#4243,.T.);
#6491 = ORIENTED_EDGE('',*,*,#4293,.T.);
#6492 = ORIENTED_EDGE('',*,*,#6493,.T.);
#6493 = EDGE_CURVE('',#4294,#4645,#6494,.T.);
#6494 = SURFACE_CURVE('',#6495,(#6500,#6511),.PCURVE_S1.);
#6495 = CIRCLE('',#6496,8.5);
#6496 = AXIS2_PLACEMENT_3D('',#6497,#6498,#6499);
#6497 = CARTESIAN_POINT('',(-30.,-25.5,-8.));
#6498 = DIRECTION('',(0.,0.,-1.));
#6499 = DIRECTION('',(1.,0.,0.));
#6500 = PCURVE('',#3703,#6501);
#6501 = DEFINITIONAL_REPRESENTATION('',(#6502),#6510);
#6502 = ( BOUNDED_CURVE() B_SPLINE_CURVE(2,(#6503,#6504,#6505,#6506,
#6507,#6508,#6509),.UNSPECIFIED.,.T.,.F.) B_SPLINE_CURVE_WITH_KNOTS((1,2
    ,2,2,2,1),(-2.094395102393,0.,2.094395102393,4.188790204786,
6.28318530718,8.377580409573),.UNSPECIFIED.) CURVE() 
GEOMETRIC_REPRESENTATION_ITEM() RATIONAL_B_SPLINE_CURVE((1.,0.5,1.,0.5,
1.,0.5,1.)) REPRESENTATION_ITEM('') );
#6503 = CARTESIAN_POINT('',(20.5,-3.5));
#6504 = CARTESIAN_POINT('',(20.5,-18.22243186433));
#6505 = CARTESIAN_POINT('',(7.75,-10.86121593216));
#6506 = CARTESIAN_POINT('',(-5.,-3.5));
#6507 = CARTESIAN_POINT('',(7.75,3.861215932168));
#6508 = CARTESIAN_POINT('',(20.5,11.222431864335));
#6509 = CARTESIAN_POINT('',(20.5,-3.5));
#6510 = ( GEOMETRIC_REPRESENTATION_CONTEXT(2) 
PARAMETRIC_REPRESENTATION_CONTEXT() REPRESENTATION_CONTEXT('2D SPACE',''
  ) );
#6511 = PCURVE('',#4682,#6512);
#6512 = DEFINITIONAL_REPRESENTATION('',(#6513),#6517);
#6513 = LINE('',#6514,#6515);
#6514 = CARTESIAN_POINT('',(-6.28318530718,-6.5));
#6515 = VECTOR('',#6516,1.);
#6516 = DIRECTION('',(1.,-0.));
#6517 = ( GEOMETRIC_REPRESENTATION_CONTEXT(2) 
PARAMETRIC_REPRESENTATION_CONTEXT() REPRESENTATION_CONTEXT('2D SPACE',''
  ) );
#6518 = ORIENTED_EDGE('',*,*,#4644,.T.);
#6519 = ORIENTED_EDGE('',*,*,#6520,.T.);
#6520 = EDGE_CURVE('',#4624,#4549,#6521,.T.);
#6521 = SURFACE_CURVE('',#6522,(#6527,#6538),.PCURVE_S1.);
#6522 = CIRCLE('',#6523,8.5);
#6523 = AXIS2_PLACEMENT_3D('',#6524,#6525,#6526);
#6524 = CARTESIAN_POINT('',(30.,-25.5,-8.));
#6525 = DIRECTION('',(0.,0.,-1.));
#6526 = DIRECTION('',(1.,0.,0.));
#6527 = PCURVE('',#3703,#6528);
#6528 = DEFINITIONAL_REPRESENTATION('',(#6529),#6537);
#6529 = ( BOUNDED_CURVE() B_SPLINE_CURVE(2,(#6530,#6531,#6532,#6533,
#6534,#6535,#6536),.UNSPECIFIED.,.T.,.F.) B_SPLINE_CURVE_WITH_KNOTS((1,2
    ,2,2,2,1),(-2.094395102393,0.,2.094395102393,4.188790204786,
6.28318530718,8.377580409573),.UNSPECIFIED.) CURVE() 
GEOMETRIC_REPRESENTATION_ITEM() RATIONAL_B_SPLINE_CURVE((1.,0.5,1.,0.5,
1.,0.5,1.)) REPRESENTATION_ITEM('') );
#6530 = CARTESIAN_POINT('',(80.5,-3.5));
#6531 = CARTESIAN_POINT('',(80.5,-18.22243186433));
#6532 = CARTESIAN_POINT('',(67.75,-10.86121593216));
#6533 = CARTESIAN_POINT('',(55.,-3.5));
#6534 = CARTESIAN_POINT('',(67.75,3.861215932168));
#6535 = CARTESIAN_POINT('',(80.5,11.222431864335));
#6536 = CARTESIAN_POINT('',(80.5,-3.5));
#6537 = ( GEOMETRIC_REPRESENTATION_CONTEXT(2) 
PARAMETRIC_REPRESENTATION_CONTEXT() REPRESENTATION_CONTEXT('2D SPACE',''
  ) );
#6538 = PCURVE('',#4586,#6539);
#6539 = DEFINITIONAL_REPRESENTATION('',(#6540),#6544);
#6540 = LINE('',#6541,#6542);
#6541 = CARTESIAN_POINT('',(-6.28318530718,-6.5));
#6542 = VECTOR('',#6543,1.);
#6543 = DIRECTION('',(1.,-0.));
#6544 = ( GEOMETRIC_REPRESENTATION_CONTEXT(2) 
PARAMETRIC_REPRESENTATION_CONTEXT() REPRESENTATION_CONTEXT('2D SPACE',''
  ) );
#6545 = ORIENTED_EDGE('',*,*,#4548,.T.);
#6546 = ORIENTED_EDGE('',*,*,#6547,.F.);
#6547 = EDGE_CURVE('',#6548,#4521,#6550,.T.);
#6548 = VERTEX_POINT('',#6549);
#6549 = CARTESIAN_POINT('',(42.,-20.,-8.));
#6550 = SURFACE_CURVE('',#6551,(#6556,#6567),.PCURVE_S1.);
#6551 = CIRCLE('',#6552,2.);
#6552 = AXIS2_PLACEMENT_3D('',#6553,#6554,#6555);
#6553 = CARTESIAN_POINT('',(40.,-20.,-8.));
#6554 = DIRECTION('',(-0.,-0.,-1.));
#6555 = DIRECTION('',(0.,-1.,0.));
#6556 = PCURVE('',#3703,#6557);
#6557 = DEFINITIONAL_REPRESENTATION('',(#6558),#6566);
#6558 = ( BOUNDED_CURVE() B_SPLINE_CURVE(2,(#6559,#6560,#6561,#6562,
#6563,#6564,#6565),.UNSPECIFIED.,.T.,.F.) B_SPLINE_CURVE_WITH_KNOTS((1,2
    ,2,2,2,1),(-2.094395102393,0.,2.094395102393,4.188790204786,
6.28318530718,8.377580409573),.UNSPECIFIED.) CURVE() 
GEOMETRIC_REPRESENTATION_ITEM() RATIONAL_B_SPLINE_CURVE((1.,0.5,1.,0.5,
1.,0.5,1.)) REPRESENTATION_ITEM('') );
#6559 = CARTESIAN_POINT('',(82.,0.));
#6560 = CARTESIAN_POINT('',(78.535898384862,0.));
#6561 = CARTESIAN_POINT('',(80.267949192431,3.));
#6562 = CARTESIAN_POINT('',(82.,6.));
#6563 = CARTESIAN_POINT('',(83.732050807569,3.));
#6564 = CARTESIAN_POINT('',(85.464101615138,3.10862446895E-15));
#6565 = CARTESIAN_POINT('',(82.,0.));
#6566 = ( GEOMETRIC_REPRESENTATION_CONTEXT(2) 
PARAMETRIC_REPRESENTATION_CONTEXT() REPRESENTATION_CONTEXT('2D SPACE',''
  ) );
#6567 = PCURVE('',#4536,#6568);
#6568 = DEFINITIONAL_REPRESENTATION('',(#6569),#6573);
#6569 = LINE('',#6570,#6571);
#6570 = CARTESIAN_POINT('',(4.712388980385,-0.));
#6571 = VECTOR('',#6572,1.);
#6572 = DIRECTION('',(-1.,0.));
#6573 = ( GEOMETRIC_REPRESENTATION_CONTEXT(2) 
PARAMETRIC_REPRESENTATION_CONTEXT() REPRESENTATION_CONTEXT('2D SPACE',''
  ) );
#6574 = ORIENTED_EDGE('',*,*,#6575,.T.);
#6575 = EDGE_CURVE('',#6548,#6576,#6578,.T.);
#6576 = VERTEX_POINT('',#6577);
#6577 = CARTESIAN_POINT('',(42.,20.,-8.));
#6578 = SURFACE_CURVE('',#6579,(#6583,#6590),.PCURVE_S1.);
#6579 = LINE('',#6580,#6581);
#6580 = CARTESIAN_POINT('',(42.,-22.,-8.));
#6581 = VECTOR('',#6582,1.);
#6582 = DIRECTION('',(0.,1.,0.));
#6583 = PCURVE('',#3703,#6584);
#6584 = DEFINITIONAL_REPRESENTATION('',(#6585),#6589);
#6585 = LINE('',#6586,#6587);
#6586 = CARTESIAN_POINT('',(84.,0.));
#6587 = VECTOR('',#6588,1.);
#6588 = DIRECTION('',(0.,1.));
#6589 = ( GEOMETRIC_REPRESENTATION_CONTEXT(2) 
PARAMETRIC_REPRESENTATION_CONTEXT() REPRESENTATION_CONTEXT('2D SPACE',''
  ) );
#6590 = PCURVE('',#6591,#6596);
#6591 = PLANE('',#6592);
#6592 = AXIS2_PLACEMENT_3D('',#6593,#6594,#6595);
#6593 = CARTESIAN_POINT('',(42.,-22.,-8.));
#6594 = DIRECTION('',(1.,0.,0.));
#6595 = DIRECTION('',(0.,0.,1.));
#6596 = DEFINITIONAL_REPRESENTATION('',(#6597),#6601);
#6597 = LINE('',#6598,#6599);
#6598 = CARTESIAN_POINT('',(0.,0.));
#6599 = VECTOR('',#6600,1.);
#6600 = DIRECTION('',(0.,-1.));
#6601 = ( GEOMETRIC_REPRESENTATION_CONTEXT(2) 
PARAMETRIC_REPRESENTATION_CONTEXT() REPRESENTATION_CONTEXT('2D SPACE',''
  ) );
#6602 = ORIENTED_EDGE('',*,*,#6603,.T.);
#6603 = EDGE_CURVE('',#6576,#3920,#6604,.T.);
#6604 = SURFACE_CURVE('',#6605,(#6610,#6617),.PCURVE_S1.);
#6605 = CIRCLE('',#6606,2.);
#6606 = AXIS2_PLACEMENT_3D('',#6607,#6608,#6609);
#6607 = CARTESIAN_POINT('',(40.,20.,-8.));
#6608 = DIRECTION('',(0.,0.,1.));
#6609 = DIRECTION('',(0.,-1.,0.));
#6610 = PCURVE('',#3703,#6611);
#6611 = DEFINITIONAL_REPRESENTATION('',(#6612),#6616);
#6612 = CIRCLE('',#6613,2.);
#6613 = AXIS2_PLACEMENT_2D('',#6614,#6615);
#6614 = CARTESIAN_POINT('',(82.,42.));
#6615 = DIRECTION('',(0.,-1.));
#6616 = ( GEOMETRIC_REPRESENTATION_CONTEXT(2) 
PARAMETRIC_REPRESENTATION_CONTEXT() REPRESENTATION_CONTEXT('2D SPACE',''
  ) );
#6617 = PCURVE('',#3935,#6618);
#6618 = DEFINITIONAL_REPRESENTATION('',(#6619),#6623);
#6619 = LINE('',#6620,#6621);
#6620 = CARTESIAN_POINT('',(-1.570796326795,0.));
#6621 = VECTOR('',#6622,1.);
#6622 = DIRECTION('',(1.,0.));
#6623 = ( GEOMETRIC_REPRESENTATION_CONTEXT(2) 
PARAMETRIC_REPRESENTATION_CONTEXT() REPRESENTATION_CONTEXT('2D SPACE',''
  ) );
#6624 = ORIENTED_EDGE('',*,*,#3947,.F.);
#6625 = ORIENTED_EDGE('',*,*,#6626,.T.);
#6626 = EDGE_CURVE('',#3948,#4023,#6627,.T.);
#6627 = SURFACE_CURVE('',#6628,(#6633,#6644),.PCURVE_S1.);
#6628 = CIRCLE('',#6629,8.5);
#6629 = AXIS2_PLACEMENT_3D('',#6630,#6631,#6632);
#6630 = CARTESIAN_POINT('',(30.,25.5,-8.));
#6631 = DIRECTION('',(0.,0.,-1.));
#6632 = DIRECTION('',(1.,0.,0.));
#6633 = PCURVE('',#3703,#6634);
#6634 = DEFINITIONAL_REPRESENTATION('',(#6635),#6643);
#6635 = ( BOUNDED_CURVE() B_SPLINE_CURVE(2,(#6636,#6637,#6638,#6639,
#6640,#6641,#6642),.UNSPECIFIED.,.T.,.F.) B_SPLINE_CURVE_WITH_KNOTS((1,2
    ,2,2,2,1),(-2.094395102393,0.,2.094395102393,4.188790204786,
6.28318530718,8.377580409573),.UNSPECIFIED.) CURVE() 
GEOMETRIC_REPRESENTATION_ITEM() RATIONAL_B_SPLINE_CURVE((1.,0.5,1.,0.5,
1.,0.5,1.)) REPRESENTATION_ITEM('') );
#6636 = CARTESIAN_POINT('',(80.5,47.5));
#6637 = CARTESIAN_POINT('',(80.5,32.777568135665));
#6638 = CARTESIAN_POINT('',(67.75,40.138784067832));
#6639 = CARTESIAN_POINT('',(55.,47.5));
#6640 = CARTESIAN_POINT('',(67.75,54.861215932168));
#6641 = CARTESIAN_POINT('',(80.5,62.222431864335));
#6642 = CARTESIAN_POINT('',(80.5,47.5));
#6643 = ( GEOMETRIC_REPRESENTATION_CONTEXT(2) 
PARAMETRIC_REPRESENTATION_CONTEXT() REPRESENTATION_CONTEXT('2D SPACE',''
  ) );
#6644 = PCURVE('',#3985,#6645);
#6645 = DEFINITIONAL_REPRESENTATION('',(#6646),#6650);
#6646 = LINE('',#6647,#6648);
#6647 = CARTESIAN_POINT('',(-6.28318530718,-6.5));
#6648 = VECTOR('',#6649,1.);
#6649 = DIRECTION('',(1.,-0.));
#6650 = ( GEOMETRIC_REPRESENTATION_CONTEXT(2) 
PARAMETRIC_REPRESENTATION_CONTEXT() REPRESENTATION_CONTEXT('2D SPACE',''
  ) );
#6651 = ORIENTED_EDGE('',*,*,#4043,.F.);
#6652 = ORIENTED_EDGE('',*,*,#6653,.T.);
#6653 = EDGE_CURVE('',#4044,#3688,#6654,.T.);
#6654 = SURFACE_CURVE('',#6655,(#6660,#6671),.PCURVE_S1.);
#6655 = CIRCLE('',#6656,8.5);
#6656 = AXIS2_PLACEMENT_3D('',#6657,#6658,#6659);
#6657 = CARTESIAN_POINT('',(-30.,25.5,-8.));
#6658 = DIRECTION('',(0.,0.,-1.));
#6659 = DIRECTION('',(1.,0.,0.));
#6660 = PCURVE('',#3703,#6661);
#6661 = DEFINITIONAL_REPRESENTATION('',(#6662),#6670);
#6662 = ( BOUNDED_CURVE() B_SPLINE_CURVE(2,(#6663,#6664,#6665,#6666,
#6667,#6668,#6669),.UNSPECIFIED.,.T.,.F.) B_SPLINE_CURVE_WITH_KNOTS((1,2
    ,2,2,2,1),(-2.094395102393,0.,2.094395102393,4.188790204786,
6.28318530718,8.377580409573),.UNSPECIFIED.) CURVE() 
GEOMETRIC_REPRESENTATION_ITEM() RATIONAL_B_SPLINE_CURVE((1.,0.5,1.,0.5,
1.,0.5,1.)) REPRESENTATION_ITEM('') );
#6663 = CARTESIAN_POINT('',(20.5,47.5));
#6664 = CARTESIAN_POINT('',(20.5,32.777568135665));
#6665 = CARTESIAN_POINT('',(7.75,40.138784067832));
#6666 = CARTESIAN_POINT('',(-5.,47.5));
#6667 = CARTESIAN_POINT('',(7.75,54.861215932168));
#6668 = CARTESIAN_POINT('',(20.5,62.222431864335));
#6669 = CARTESIAN_POINT('',(20.5,47.5));
#6670 = ( GEOMETRIC_REPRESENTATION_CONTEXT(2) 
PARAMETRIC_REPRESENTATION_CONTEXT() REPRESENTATION_CONTEXT('2D SPACE',''
  ) );
#6671 = PCURVE('',#4081,#6672);
#6672 = DEFINITIONAL_REPRESENTATION('',(#6673),#6677);
#6673 = LINE('',#6674,#6675);
#6674 = CARTESIAN_POINT('',(-6.28318530718,-6.5));
#6675 = VECTOR('',#6676,1.);
#6676 = DIRECTION('',(1.,-0.));
#6677 = ( GEOMETRIC_REPRESENTATION_CONTEXT(2) 
PARAMETRIC_REPRESENTATION_CONTEXT() REPRESENTATION_CONTEXT('2D SPACE',''
  ) );
#6678 = ORIENTED_EDGE('',*,*,#3685,.F.);
#6679 = ORIENTED_EDGE('',*,*,#4140,.F.);
#6680 = FACE_BOUND('',#6681,.T.);
#6681 = EDGE_LOOP('',(#6682,#6710,#6736,#6762));
#6682 = ORIENTED_EDGE('',*,*,#6683,.T.);
#6683 = EDGE_CURVE('',#6684,#6686,#6688,.T.);
#6684 = VERTEX_POINT('',#6685);
#6685 = CARTESIAN_POINT('',(-28.5,-14.5,-8.));
#6686 = VERTEX_POINT('',#6687);
#6687 = CARTESIAN_POINT('',(-31.5,-14.5,-8.));
#6688 = SURFACE_CURVE('',#6689,(#6693,#6699),.PCURVE_S1.);
#6689 = LINE('',#6690,#6691);
#6690 = CARTESIAN_POINT('',(-36.75,-14.5,-8.));
#6691 = VECTOR('',#6692,1.);
#6692 = DIRECTION('',(-1.,0.,0.));
#6693 = PCURVE('',#3703,#6694);
#6694 = DEFINITIONAL_REPRESENTATION('',(#6695),#6698);
#6695 = B_SPLINE_CURVE_WITH_KNOTS('',1,(#6696,#6697),.UNSPECIFIED.,.F.,
  .F.,(2,2),(-8.25,-5.25),.PIECEWISE_BEZIER_KNOTS.);
#6696 = CARTESIAN_POINT('',(13.5,7.5));
#6697 = CARTESIAN_POINT('',(10.5,7.5));
#6698 = ( GEOMETRIC_REPRESENTATION_CONTEXT(2) 
PARAMETRIC_REPRESENTATION_CONTEXT() REPRESENTATION_CONTEXT('2D SPACE',''
  ) );
#6699 = PCURVE('',#6700,#6705);
#6700 = PLANE('',#6701);
#6701 = AXIS2_PLACEMENT_3D('',#6702,#6703,#6704);
#6702 = CARTESIAN_POINT('',(-31.5,-14.5,-11.));
#6703 = DIRECTION('',(0.,1.,0.));
#6704 = DIRECTION('',(0.,0.,1.));
#6705 = DEFINITIONAL_REPRESENTATION('',(#6706),#6709);
#6706 = B_SPLINE_CURVE_WITH_KNOTS('',1,(#6707,#6708),.UNSPECIFIED.,.F.,
  .F.,(2,2),(-8.25,-5.25),.PIECEWISE_BEZIER_KNOTS.);
#6707 = CARTESIAN_POINT('',(3.,3.));
#6708 = CARTESIAN_POINT('',(3.,0.));
#6709 = ( GEOMETRIC_REPRESENTATION_CONTEXT(2) 
PARAMETRIC_REPRESENTATION_CONTEXT() REPRESENTATION_CONTEXT('2D SPACE',''
  ) );
#6710 = ORIENTED_EDGE('',*,*,#6711,.T.);
#6711 = EDGE_CURVE('',#6686,#6712,#6714,.T.);
#6712 = VERTEX_POINT('',#6713);
#6713 = CARTESIAN_POINT('',(-31.5,-10.5,-8.));
#6714 = SURFACE_CURVE('',#6715,(#6719,#6725),.PCURVE_S1.);
#6715 = LINE('',#6716,#6717);
#6716 = CARTESIAN_POINT('',(-31.5,-18.25,-8.));
#6717 = VECTOR('',#6718,1.);
#6718 = DIRECTION('',(0.,1.,0.));
#6719 = PCURVE('',#3703,#6720);
#6720 = DEFINITIONAL_REPRESENTATION('',(#6721),#6724);
#6721 = B_SPLINE_CURVE_WITH_KNOTS('',1,(#6722,#6723),.UNSPECIFIED.,.F.,
  .F.,(2,2),(3.75,7.75),.PIECEWISE_BEZIER_KNOTS.);
#6722 = CARTESIAN_POINT('',(10.5,7.5));
#6723 = CARTESIAN_POINT('',(10.5,11.5));
#6724 = ( GEOMETRIC_REPRESENTATION_CONTEXT(2) 
PARAMETRIC_REPRESENTATION_CONTEXT() REPRESENTATION_CONTEXT('2D SPACE',''
  ) );
#6725 = PCURVE('',#6726,#6731);
#6726 = PLANE('',#6727);
#6727 = AXIS2_PLACEMENT_3D('',#6728,#6729,#6730);
#6728 = CARTESIAN_POINT('',(-31.5,-14.5,-11.));
#6729 = DIRECTION('',(1.,0.,0.));
#6730 = DIRECTION('',(0.,0.,1.));
#6731 = DEFINITIONAL_REPRESENTATION('',(#6732),#6735);
#6732 = B_SPLINE_CURVE_WITH_KNOTS('',1,(#6733,#6734),.UNSPECIFIED.,.F.,
  .F.,(2,2),(3.75,7.75),.PIECEWISE_BEZIER_KNOTS.);
#6733 = CARTESIAN_POINT('',(3.,0.));
#6734 = CARTESIAN_POINT('',(3.,-4.));
#6735 = ( GEOMETRIC_REPRESENTATION_CONTEXT(2) 
PARAMETRIC_REPRESENTATION_CONTEXT() REPRESENTATION_CONTEXT('2D SPACE',''
  ) );
#6736 = ORIENTED_EDGE('',*,*,#6737,.F.);
#6737 = EDGE_CURVE('',#6738,#6712,#6740,.T.);
#6738 = VERTEX_POINT('',#6739);
#6739 = CARTESIAN_POINT('',(-28.5,-10.5,-8.));
#6740 = SURFACE_CURVE('',#6741,(#6745,#6751),.PCURVE_S1.);
#6741 = LINE('',#6742,#6743);
#6742 = CARTESIAN_POINT('',(-36.75,-10.5,-8.));
#6743 = VECTOR('',#6744,1.);
#6744 = DIRECTION('',(-1.,0.,0.));
#6745 = PCURVE('',#3703,#6746);
#6746 = DEFINITIONAL_REPRESENTATION('',(#6747),#6750);
#6747 = B_SPLINE_CURVE_WITH_KNOTS('',1,(#6748,#6749),.UNSPECIFIED.,.F.,
  .F.,(2,2),(-8.25,-5.25),.PIECEWISE_BEZIER_KNOTS.);
#6748 = CARTESIAN_POINT('',(13.5,11.5));
#6749 = CARTESIAN_POINT('',(10.5,11.5));
#6750 = ( GEOMETRIC_REPRESENTATION_CONTEXT(2) 
PARAMETRIC_REPRESENTATION_CONTEXT() REPRESENTATION_CONTEXT('2D SPACE',''
  ) );
#6751 = PCURVE('',#6752,#6757);
#6752 = PLANE('',#6753);
#6753 = AXIS2_PLACEMENT_3D('',#6754,#6755,#6756);
#6754 = CARTESIAN_POINT('',(-31.5,-10.5,-11.));
#6755 = DIRECTION('',(0.,1.,0.));
#6756 = DIRECTION('',(0.,0.,1.));
#6757 = DEFINITIONAL_REPRESENTATION('',(#6758),#6761);
#6758 = B_SPLINE_CURVE_WITH_KNOTS('',1,(#6759,#6760),.UNSPECIFIED.,.F.,
  .F.,(2,2),(-8.25,-5.25),.PIECEWISE_BEZIER_KNOTS.);
#6759 = CARTESIAN_POINT('',(3.,3.));
#6760 = CARTESIAN_POINT('',(3.,0.));
#6761 = ( GEOMETRIC_REPRESENTATION_CONTEXT(2) 
PARAMETRIC_REPRESENTATION_CONTEXT() REPRESENTATION_CONTEXT('2D SPACE',''
  ) );
#6762 = ORIENTED_EDGE('',*,*,#6763,.F.);
#6763 = EDGE_CURVE('',#6684,#6738,#6764,.T.);
#6764 = SURFACE_CURVE('',#6765,(#6769,#6775),.PCURVE_S1.);
#6765 = LINE('',#6766,#6767);
#6766 = CARTESIAN_POINT('',(-28.5,-18.25,-8.));
#6767 = VECTOR('',#6768,1.);
#6768 = DIRECTION('',(0.,1.,0.));
#6769 = PCURVE('',#3703,#6770);
#6770 = DEFINITIONAL_REPRESENTATION('',(#6771),#6774);
#6771 = B_SPLINE_CURVE_WITH_KNOTS('',1,(#6772,#6773),.UNSPECIFIED.,.F.,
  .F.,(2,2),(3.75,7.75),.PIECEWISE_BEZIER_KNOTS.);
#6772 = CARTESIAN_POINT('',(13.5,7.5));
#6773 = CARTESIAN_POINT('',(13.5,11.5));
#6774 = ( GEOMETRIC_REPRESENTATION_CONTEXT(2) 
PARAMETRIC_REPRESENTATION_CONTEXT() REPRESENTATION_CONTEXT('2D SPACE',''
  ) );
#6775 = PCURVE('',#6776,#6781);
#6776 = PLANE('',#6777);
#6777 = AXIS2_PLACEMENT_3D('',#6778,#6779,#6780);
#6778 = CARTESIAN_POINT('',(-28.5,-14.5,-11.));
#6779 = DIRECTION('',(1.,0.,0.));
#6780 = DIRECTION('',(0.,0.,1.));
#6781 = DEFINITIONAL_REPRESENTATION('',(#6782),#6785);
#6782 = B_SPLINE_CURVE_WITH_KNOTS('',1,(#6783,#6784),.UNSPECIFIED.,.F.,
  .F.,(2,2),(3.75,7.75),.PIECEWISE_BEZIER_KNOTS.);
#6783 = CARTESIAN_POINT('',(3.,0.));
#6784 = CARTESIAN_POINT('',(3.,-4.));
#6785 = ( GEOMETRIC_REPRESENTATION_CONTEXT(2) 
PARAMETRIC_REPRESENTATION_CONTEXT() REPRESENTATION_CONTEXT('2D SPACE',''
  ) );
#6786 = FACE_BOUND('',#6787,.T.);
#6787 = EDGE_LOOP('',(#6788,#6816,#6842,#6868));
#6788 = ORIENTED_EDGE('',*,*,#6789,.T.);
#6789 = EDGE_CURVE('',#6790,#6792,#6794,.T.);
#6790 = VERTEX_POINT('',#6791);
#6791 = CARTESIAN_POINT('',(31.5,-14.5,-8.));
#6792 = VERTEX_POINT('',#6793);
#6793 = CARTESIAN_POINT('',(28.5,-14.5,-8.));
#6794 = SURFACE_CURVE('',#6795,(#6799,#6805),.PCURVE_S1.);
#6795 = LINE('',#6796,#6797);
#6796 = CARTESIAN_POINT('',(-6.75,-14.5,-8.));
#6797 = VECTOR('',#6798,1.);
#6798 = DIRECTION('',(-1.,0.,0.));
#6799 = PCURVE('',#3703,#6800);
#6800 = DEFINITIONAL_REPRESENTATION('',(#6801),#6804);
#6801 = B_SPLINE_CURVE_WITH_KNOTS('',1,(#6802,#6803),.UNSPECIFIED.,.F.,
  .F.,(2,2),(-38.25,-35.25),.PIECEWISE_BEZIER_KNOTS.);
#6802 = CARTESIAN_POINT('',(73.5,7.5));
#6803 = CARTESIAN_POINT('',(70.5,7.5));
#6804 = ( GEOMETRIC_REPRESENTATION_CONTEXT(2) 
PARAMETRIC_REPRESENTATION_CONTEXT() REPRESENTATION_CONTEXT('2D SPACE',''
  ) );
#6805 = PCURVE('',#6806,#6811);
#6806 = PLANE('',#6807);
#6807 = AXIS2_PLACEMENT_3D('',#6808,#6809,#6810);
#6808 = CARTESIAN_POINT('',(28.5,-14.5,-11.));
#6809 = DIRECTION('',(0.,1.,0.));
#6810 = DIRECTION('',(0.,0.,1.));
#6811 = DEFINITIONAL_REPRESENTATION('',(#6812),#6815);
#6812 = B_SPLINE_CURVE_WITH_KNOTS('',1,(#6813,#6814),.UNSPECIFIED.,.F.,
  .F.,(2,2),(-38.25,-35.25),.PIECEWISE_BEZIER_KNOTS.);
#6813 = CARTESIAN_POINT('',(3.,3.));
#6814 = CARTESIAN_POINT('',(3.,0.));
#6815 = ( GEOMETRIC_REPRESENTATION_CONTEXT(2) 
PARAMETRIC_REPRESENTATION_CONTEXT() REPRESENTATION_CONTEXT('2D SPACE',''
  ) );
#6816 = ORIENTED_EDGE('',*,*,#6817,.T.);
#6817 = EDGE_CURVE('',#6792,#6818,#6820,.T.);
#6818 = VERTEX_POINT('',#6819);
#6819 = CARTESIAN_POINT('',(28.5,-10.5,-8.));
#6820 = SURFACE_CURVE('',#6821,(#6825,#6831),.PCURVE_S1.);
#6821 = LINE('',#6822,#6823);
#6822 = CARTESIAN_POINT('',(28.5,-18.25,-8.));
#6823 = VECTOR('',#6824,1.);
#6824 = DIRECTION('',(0.,1.,0.));
#6825 = PCURVE('',#3703,#6826);
#6826 = DEFINITIONAL_REPRESENTATION('',(#6827),#6830);
#6827 = B_SPLINE_CURVE_WITH_KNOTS('',1,(#6828,#6829),.UNSPECIFIED.,.F.,
  .F.,(2,2),(3.75,7.75),.PIECEWISE_BEZIER_KNOTS.);
#6828 = CARTESIAN_POINT('',(70.5,7.5));
#6829 = CARTESIAN_POINT('',(70.5,11.5));
#6830 = ( GEOMETRIC_REPRESENTATION_CONTEXT(2) 
PARAMETRIC_REPRESENTATION_CONTEXT() REPRESENTATION_CONTEXT('2D SPACE',''
  ) );
#6831 = PCURVE('',#6832,#6837);
#6832 = PLANE('',#6833);
#6833 = AXIS2_PLACEMENT_3D('',#6834,#6835,#6836);
#6834 = CARTESIAN_POINT('',(28.5,-14.5,-11.));
#6835 = DIRECTION('',(1.,0.,0.));
#6836 = DIRECTION('',(0.,0.,1.));
#6837 = DEFINITIONAL_REPRESENTATION('',(#6838),#6841);
#6838 = B_SPLINE_CURVE_WITH_KNOTS('',1,(#6839,#6840),.UNSPECIFIED.,.F.,
  .F.,(2,2),(3.75,7.75),.PIECEWISE_BEZIER_KNOTS.);
#6839 = CARTESIAN_POINT('',(3.,0.));
#6840 = CARTESIAN_POINT('',(3.,-4.));
#6841 = ( GEOMETRIC_REPRESENTATION_CONTEXT(2) 
PARAMETRIC_REPRESENTATION_CONTEXT() REPRESENTATION_CONTEXT('2D SPACE',''
  ) );
#6842 = ORIENTED_EDGE('',*,*,#6843,.F.);
#6843 = EDGE_CURVE('',#6844,#6818,#6846,.T.);
#6844 = VERTEX_POINT('',#6845);
#6845 = CARTESIAN_POINT('',(31.5,-10.5,-8.));
#6846 = SURFACE_CURVE('',#6847,(#6851,#6857),.PCURVE_S1.);
#6847 = LINE('',#6848,#6849);
#6848 = CARTESIAN_POINT('',(-6.75,-10.5,-8.));
#6849 = VECTOR('',#6850,1.);
#6850 = DIRECTION('',(-1.,0.,0.));
#6851 = PCURVE('',#3703,#6852);
#6852 = DEFINITIONAL_REPRESENTATION('',(#6853),#6856);
#6853 = B_SPLINE_CURVE_WITH_KNOTS('',1,(#6854,#6855),.UNSPECIFIED.,.F.,
  .F.,(2,2),(-38.25,-35.25),.PIECEWISE_BEZIER_KNOTS.);
#6854 = CARTESIAN_POINT('',(73.5,11.5));
#6855 = CARTESIAN_POINT('',(70.5,11.5));
#6856 = ( GEOMETRIC_REPRESENTATION_CONTEXT(2) 
PARAMETRIC_REPRESENTATION_CONTEXT() REPRESENTATION_CONTEXT('2D SPACE',''
  ) );
#6857 = PCURVE('',#6858,#6863);
#6858 = PLANE('',#6859);
#6859 = AXIS2_PLACEMENT_3D('',#6860,#6861,#6862);
#6860 = CARTESIAN_POINT('',(28.5,-10.5,-11.));
#6861 = DIRECTION('',(0.,1.,0.));
#6862 = DIRECTION('',(0.,0.,1.));
#6863 = DEFINITIONAL_REPRESENTATION('',(#6864),#6867);
#6864 = B_SPLINE_CURVE_WITH_KNOTS('',1,(#6865,#6866),.UNSPECIFIED.,.F.,
  .F.,(2,2),(-38.25,-35.25),.PIECEWISE_BEZIER_KNOTS.);
#6865 = CARTESIAN_POINT('',(3.,3.));
#6866 = CARTESIAN_POINT('',(3.,0.));
#6867 = ( GEOMETRIC_REPRESENTATION_CONTEXT(2) 
PARAMETRIC_REPRESENTATION_CONTEXT() REPRESENTATION_CONTEXT('2D SPACE',''
  ) );
#6868 = ORIENTED_EDGE('',*,*,#6869,.F.);
#6869 = EDGE_CURVE('',#6790,#6844,#6870,.T.);
#6870 = SURFACE_CURVE('',#6871,(#6875,#6881),.PCURVE_S1.);
#6871 = LINE('',#6872,#6873);
#6872 = CARTESIAN_POINT('',(31.5,-18.25,-8.));
#6873 = VECTOR('',#6874,1.);
#6874 = DIRECTION('',(0.,1.,0.));
#6875 = PCURVE('',#3703,#6876);
#6876 = DEFINITIONAL_REPRESENTATION('',(#6877),#6880);
#6877 = B_SPLINE_CURVE_WITH_KNOTS('',1,(#6878,#6879),.UNSPECIFIED.,.F.,
  .F.,(2,2),(3.75,7.75),.PIECEWISE_BEZIER_KNOTS.);
#6878 = CARTESIAN_POINT('',(73.5,7.5));
#6879 = CARTESIAN_POINT('',(73.5,11.5));
#6880 = ( GEOMETRIC_REPRESENTATION_CONTEXT(2) 
PARAMETRIC_REPRESENTATION_CONTEXT() REPRESENTATION_CONTEXT('2D SPACE',''
  ) );
#6881 = PCURVE('',#6882,#6887);
#6882 = PLANE('',#6883);
#6883 = AXIS2_PLACEMENT_3D('',#6884,#6885,#6886);
#6884 = CARTESIAN_POINT('',(31.5,-14.5,-11.));
#6885 = DIRECTION('',(1.,0.,0.));
#6886 = DIRECTION('',(0.,0.,1.));
#6887 = DEFINITIONAL_REPRESENTATION('',(#6888),#6891);
#6888 = B_SPLINE_CURVE_WITH_KNOTS('',1,(#6889,#6890),.UNSPECIFIED.,.F.,
  .F.,(2,2),(3.75,7.75),.PIECEWISE_BEZIER_KNOTS.);
#6889 = CARTESIAN_POINT('',(3.,0.));
#6890 = CARTESIAN_POINT('',(3.,-4.));
#6891 = ( GEOMETRIC_REPRESENTATION_CONTEXT(2) 
PARAMETRIC_REPRESENTATION_CONTEXT() REPRESENTATION_CONTEXT('2D SPACE',''
  ) );
#6892 = FACE_BOUND('',#6893,.T.);
#6893 = EDGE_LOOP('',(#6894,#6922,#6948,#6974));
#6894 = ORIENTED_EDGE('',*,*,#6895,.T.);
#6895 = EDGE_CURVE('',#6896,#6898,#6900,.T.);
#6896 = VERTEX_POINT('',#6897);
#6897 = CARTESIAN_POINT('',(-28.5,10.5,-8.));
#6898 = VERTEX_POINT('',#6899);
#6899 = CARTESIAN_POINT('',(-31.5,10.5,-8.));
#6900 = SURFACE_CURVE('',#6901,(#6905,#6911),.PCURVE_S1.);
#6901 = LINE('',#6902,#6903);
#6902 = CARTESIAN_POINT('',(-36.75,10.5,-8.));
#6903 = VECTOR('',#6904,1.);
#6904 = DIRECTION('',(-1.,0.,0.));
#6905 = PCURVE('',#3703,#6906);
#6906 = DEFINITIONAL_REPRESENTATION('',(#6907),#6910);
#6907 = B_SPLINE_CURVE_WITH_KNOTS('',1,(#6908,#6909),.UNSPECIFIED.,.F.,
  .F.,(2,2),(-8.25,-5.25),.PIECEWISE_BEZIER_KNOTS.);
#6908 = CARTESIAN_POINT('',(13.5,32.5));
#6909 = CARTESIAN_POINT('',(10.5,32.5));
#6910 = ( GEOMETRIC_REPRESENTATION_CONTEXT(2) 
PARAMETRIC_REPRESENTATION_CONTEXT() REPRESENTATION_CONTEXT('2D SPACE',''
  ) );
#6911 = PCURVE('',#6912,#6917);
#6912 = PLANE('',#6913);
#6913 = AXIS2_PLACEMENT_3D('',#6914,#6915,#6916);
#6914 = CARTESIAN_POINT('',(-31.5,10.5,-11.));
#6915 = DIRECTION('',(0.,1.,0.));
#6916 = DIRECTION('',(0.,0.,1.));
#6917 = DEFINITIONAL_REPRESENTATION('',(#6918),#6921);
#6918 = B_SPLINE_CURVE_WITH_KNOTS('',1,(#6919,#6920),.UNSPECIFIED.,.F.,
  .F.,(2,2),(-8.25,-5.25),.PIECEWISE_BEZIER_KNOTS.);
#6919 = CARTESIAN_POINT('',(3.,3.));
#6920 = CARTESIAN_POINT('',(3.,0.));
#6921 = ( GEOMETRIC_REPRESENTATION_CONTEXT(2) 
PARAMETRIC_REPRESENTATION_CONTEXT() REPRESENTATION_CONTEXT('2D SPACE',''
  ) );
#6922 = ORIENTED_EDGE('',*,*,#6923,.T.);
#6923 = EDGE_CURVE('',#6898,#6924,#6926,.T.);
#6924 = VERTEX_POINT('',#6925);
#6925 = CARTESIAN_POINT('',(-31.5,14.5,-8.));
#6926 = SURFACE_CURVE('',#6927,(#6931,#6937),.PCURVE_S1.);
#6927 = LINE('',#6928,#6929);
#6928 = CARTESIAN_POINT('',(-31.5,-5.75,-8.));
#6929 = VECTOR('',#6930,1.);
#6930 = DIRECTION('',(0.,1.,0.));
#6931 = PCURVE('',#3703,#6932);
#6932 = DEFINITIONAL_REPRESENTATION('',(#6933),#6936);
#6933 = B_SPLINE_CURVE_WITH_KNOTS('',1,(#6934,#6935),.UNSPECIFIED.,.F.,
  .F.,(2,2),(16.25,20.25),.PIECEWISE_BEZIER_KNOTS.);
#6934 = CARTESIAN_POINT('',(10.5,32.5));
#6935 = CARTESIAN_POINT('',(10.5,36.5));
#6936 = ( GEOMETRIC_REPRESENTATION_CONTEXT(2) 
PARAMETRIC_REPRESENTATION_CONTEXT() REPRESENTATION_CONTEXT('2D SPACE',''
  ) );
#6937 = PCURVE('',#6938,#6943);
#6938 = PLANE('',#6939);
#6939 = AXIS2_PLACEMENT_3D('',#6940,#6941,#6942);
#6940 = CARTESIAN_POINT('',(-31.5,10.5,-11.));
#6941 = DIRECTION('',(1.,0.,0.));
#6942 = DIRECTION('',(0.,0.,1.));
#6943 = DEFINITIONAL_REPRESENTATION('',(#6944),#6947);
#6944 = B_SPLINE_CURVE_WITH_KNOTS('',1,(#6945,#6946),.UNSPECIFIED.,.F.,
  .F.,(2,2),(16.25,20.25),.PIECEWISE_BEZIER_KNOTS.);
#6945 = CARTESIAN_POINT('',(3.,0.));
#6946 = CARTESIAN_POINT('',(3.,-4.));
#6947 = ( GEOMETRIC_REPRESENTATION_CONTEXT(2) 
PARAMETRIC_REPRESENTATION_CONTEXT() REPRESENTATION_CONTEXT('2D SPACE',''
  ) );
#6948 = ORIENTED_EDGE('',*,*,#6949,.F.);
#6949 = EDGE_CURVE('',#6950,#6924,#6952,.T.);
#6950 = VERTEX_POINT('',#6951);
#6951 = CARTESIAN_POINT('',(-28.5,14.5,-8.));
#6952 = SURFACE_CURVE('',#6953,(#6957,#6963),.PCURVE_S1.);
#6953 = LINE('',#6954,#6955);
#6954 = CARTESIAN_POINT('',(-36.75,14.5,-8.));
#6955 = VECTOR('',#6956,1.);
#6956 = DIRECTION('',(-1.,0.,0.));
#6957 = PCURVE('',#3703,#6958);
#6958 = DEFINITIONAL_REPRESENTATION('',(#6959),#6962);
#6959 = B_SPLINE_CURVE_WITH_KNOTS('',1,(#6960,#6961),.UNSPECIFIED.,.F.,
  .F.,(2,2),(-8.25,-5.25),.PIECEWISE_BEZIER_KNOTS.);
#6960 = CARTESIAN_POINT('',(13.5,36.5));
#6961 = CARTESIAN_POINT('',(10.5,36.5));
#6962 = ( GEOMETRIC_REPRESENTATION_CONTEXT(2) 
PARAMETRIC_REPRESENTATION_CONTEXT() REPRESENTATION_CONTEXT('2D SPACE',''
  ) );
#6963 = PCURVE('',#6964,#6969);
#6964 = PLANE('',#6965);
#6965 = AXIS2_PLACEMENT_3D('',#6966,#6967,#6968);
#6966 = CARTESIAN_POINT('',(-31.5,14.5,-11.));
#6967 = DIRECTION('',(0.,1.,0.));
#6968 = DIRECTION('',(0.,0.,1.));
#6969 = DEFINITIONAL_REPRESENTATION('',(#6970),#6973);
#6970 = B_SPLINE_CURVE_WITH_KNOTS('',1,(#6971,#6972),.UNSPECIFIED.,.F.,
  .F.,(2,2),(-8.25,-5.25),.PIECEWISE_BEZIER_KNOTS.);
#6971 = CARTESIAN_POINT('',(3.,3.));
#6972 = CARTESIAN_POINT('',(3.,0.));
#6973 = ( GEOMETRIC_REPRESENTATION_CONTEXT(2) 
PARAMETRIC_REPRESENTATION_CONTEXT() REPRESENTATION_CONTEXT('2D SPACE',''
  ) );
#6974 = ORIENTED_EDGE('',*,*,#6975,.F.);
#6975 = EDGE_CURVE('',#6896,#6950,#6976,.T.);
#6976 = SURFACE_CURVE('',#6977,(#6981,#6987),.PCURVE_S1.);
#6977 = LINE('',#6978,#6979);
#6978 = CARTESIAN_POINT('',(-28.5,-5.75,-8.));
#6979 = VECTOR('',#6980,1.);
#6980 = DIRECTION('',(0.,1.,0.));
#6981 = PCURVE('',#3703,#6982);
#6982 = DEFINITIONAL_REPRESENTATION('',(#6983),#6986);
#6983 = B_SPLINE_CURVE_WITH_KNOTS('',1,(#6984,#6985),.UNSPECIFIED.,.F.,
  .F.,(2,2),(16.25,20.25),.PIECEWISE_BEZIER_KNOTS.);
#6984 = CARTESIAN_POINT('',(13.5,32.5));
#6985 = CARTESIAN_POINT('',(13.5,36.5));
#6986 = ( GEOMETRIC_REPRESENTATION_CONTEXT(2) 
PARAMETRIC_REPRESENTATION_CONTEXT() REPRESENTATION_CONTEXT('2D SPACE',''
  ) );
#6987 = PCURVE('',#6988,#6993);
#6988 = PLANE('',#6989);
#6989 = AXIS2_PLACEMENT_3D('',#6990,#6991,#6992);
#6990 = CARTESIAN_POINT('',(-28.5,10.5,-11.));
#6991 = DIRECTION('',(1.,0.,0.));
#6992 = DIRECTION('',(0.,0.,1.));
#6993 = DEFINITIONAL_REPRESENTATION('',(#6994),#6997);
#6994 = B_SPLINE_CURVE_WITH_KNOTS('',1,(#6995,#6996),.UNSPECIFIED.,.F.,
  .F.,(2,2),(16.25,20.25),.PIECEWISE_BEZIER_KNOTS.);
#6995 = CARTESIAN_POINT('',(3.,0.));
#6996 = CARTESIAN_POINT('',(3.,-4.));
#6997 = ( GEOMETRIC_REPRESENTATION_CONTEXT(2) 
PARAMETRIC_REPRESENTATION_CONTEXT() REPRESENTATION_CONTEXT('2D SPACE',''
  ) );
#6998 = FACE_BOUND('',#6999,.T.);
#6999 = EDGE_LOOP('',(#7000,#7028,#7054,#7080));
#7000 = ORIENTED_EDGE('',*,*,#7001,.T.);
#7001 = EDGE_CURVE('',#7002,#7004,#7006,.T.);
#7002 = VERTEX_POINT('',#7003);
#7003 = CARTESIAN_POINT('',(31.5,10.5,-8.));
#7004 = VERTEX_POINT('',#7005);
#7005 = CARTESIAN_POINT('',(28.5,10.5,-8.));
#7006 = SURFACE_CURVE('',#7007,(#7011,#7017),.PCURVE_S1.);
#7007 = LINE('',#7008,#7009);
#7008 = CARTESIAN_POINT('',(-6.75,10.5,-8.));
#7009 = VECTOR('',#7010,1.);
#7010 = DIRECTION('',(-1.,0.,0.));
#7011 = PCURVE('',#3703,#7012);
#7012 = DEFINITIONAL_REPRESENTATION('',(#7013),#7016);
#7013 = B_SPLINE_CURVE_WITH_KNOTS('',1,(#7014,#7015),.UNSPECIFIED.,.F.,
  .F.,(2,2),(-38.25,-35.25),.PIECEWISE_BEZIER_KNOTS.);
#7014 = CARTESIAN_POINT('',(73.5,32.5));
#7015 = CARTESIAN_POINT('',(70.5,32.5));
#7016 = ( GEOMETRIC_REPRESENTATION_CONTEXT(2) 
PARAMETRIC_REPRESENTATION_CONTEXT() REPRESENTATION_CONTEXT('2D SPACE',''
  ) );
#7017 = PCURVE('',#7018,#7023);
#7018 = PLANE('',#7019);
#7019 = AXIS2_PLACEMENT_3D('',#7020,#7021,#7022);
#7020 = CARTESIAN_POINT('',(28.5,10.5,-11.));
#7021 = DIRECTION('',(0.,1.,0.));
#7022 = DIRECTION('',(0.,0.,1.));
#7023 = DEFINITIONAL_REPRESENTATION('',(#7024),#7027);
#7024 = B_SPLINE_CURVE_WITH_KNOTS('',1,(#7025,#7026),.UNSPECIFIED.,.F.,
  .F.,(2,2),(-38.25,-35.25),.PIECEWISE_BEZIER_KNOTS.);
#7025 = CARTESIAN_POINT('',(3.,3.));
#7026 = CARTESIAN_POINT('',(3.,0.));
#7027 = ( GEOMETRIC_REPRESENTATION_CONTEXT(2) 
PARAMETRIC_REPRESENTATION_CONTEXT() REPRESENTATION_CONTEXT('2D SPACE',''
  ) );
#7028 = ORIENTED_EDGE('',*,*,#7029,.T.);
#7029 = EDGE_CURVE('',#7004,#7030,#7032,.T.);
#7030 = VERTEX_POINT('',#7031);
#7031 = CARTESIAN_POINT('',(28.5,14.5,-8.));
#7032 = SURFACE_CURVE('',#7033,(#7037,#7043),.PCURVE_S1.);
#7033 = LINE('',#7034,#7035);
#7034 = CARTESIAN_POINT('',(28.5,-5.75,-8.));
#7035 = VECTOR('',#7036,1.);
#7036 = DIRECTION('',(0.,1.,0.));
#7037 = PCURVE('',#3703,#7038);
#7038 = DEFINITIONAL_REPRESENTATION('',(#7039),#7042);
#7039 = B_SPLINE_CURVE_WITH_KNOTS('',1,(#7040,#7041),.UNSPECIFIED.,.F.,
  .F.,(2,2),(16.25,20.25),.PIECEWISE_BEZIER_KNOTS.);
#7040 = CARTESIAN_POINT('',(70.5,32.5));
#7041 = CARTESIAN_POINT('',(70.5,36.5));
#7042 = ( GEOMETRIC_REPRESENTATION_CONTEXT(2) 
PARAMETRIC_REPRESENTATION_CONTEXT() REPRESENTATION_CONTEXT('2D SPACE',''
  ) );
#7043 = PCURVE('',#7044,#7049);
#7044 = PLANE('',#7045);
#7045 = AXIS2_PLACEMENT_3D('',#7046,#7047,#7048);
#7046 = CARTESIAN_POINT('',(28.5,10.5,-11.));
#7047 = DIRECTION('',(1.,0.,0.));
#7048 = DIRECTION('',(0.,0.,1.));
#7049 = DEFINITIONAL_REPRESENTATION('',(#7050),#7053);
#7050 = B_SPLINE_CURVE_WITH_KNOTS('',1,(#7051,#7052),.UNSPECIFIED.,.F.,
  .F.,(2,2),(16.25,20.25),.PIECEWISE_BEZIER_KNOTS.);
#7051 = CARTESIAN_POINT('',(3.,0.));
#7052 = CARTESIAN_POINT('',(3.,-4.));
#7053 = ( GEOMETRIC_REPRESENTATION_CONTEXT(2) 
PARAMETRIC_REPRESENTATION_CONTEXT() REPRESENTATION_CONTEXT('2D SPACE',''
  ) );
#7054 = ORIENTED_EDGE('',*,*,#7055,.F.);
#7055 = EDGE_CURVE('',#7056,#7030,#7058,.T.);
#7056 = VERTEX_POINT('',#7057);
#7057 = CARTESIAN_POINT('',(31.5,14.5,-8.));
#7058 = SURFACE_CURVE('',#7059,(#7063,#7069),.PCURVE_S1.);
#7059 = LINE('',#7060,#7061);
#7060 = CARTESIAN_POINT('',(-6.75,14.5,-8.));
#7061 = VECTOR('',#7062,1.);
#7062 = DIRECTION('',(-1.,0.,0.));
#7063 = PCURVE('',#3703,#7064);
#7064 = DEFINITIONAL_REPRESENTATION('',(#7065),#7068);
#7065 = B_SPLINE_CURVE_WITH_KNOTS('',1,(#7066,#7067),.UNSPECIFIED.,.F.,
  .F.,(2,2),(-38.25,-35.25),.PIECEWISE_BEZIER_KNOTS.);
#7066 = CARTESIAN_POINT('',(73.5,36.5));
#7067 = CARTESIAN_POINT('',(70.5,36.5));
#7068 = ( GEOMETRIC_REPRESENTATION_CONTEXT(2) 
PARAMETRIC_REPRESENTATION_CONTEXT() REPRESENTATION_CONTEXT('2D SPACE',''
  ) );
#7069 = PCURVE('',#7070,#7075);
#7070 = PLANE('',#7071);
#7071 = AXIS2_PLACEMENT_3D('',#7072,#7073,#7074);
#7072 = CARTESIAN_POINT('',(28.5,14.5,-11.));
#7073 = DIRECTION('',(0.,1.,0.));
#7074 = DIRECTION('',(0.,0.,1.));
#7075 = DEFINITIONAL_REPRESENTATION('',(#7076),#7079);
#7076 = B_SPLINE_CURVE_WITH_KNOTS('',1,(#7077,#7078),.UNSPECIFIED.,.F.,
  .F.,(2,2),(-38.25,-35.25),.PIECEWISE_BEZIER_KNOTS.);
#7077 = CARTESIAN_POINT('',(3.,3.));
#7078 = CARTESIAN_POINT('',(3.,0.));
#7079 = ( GEOMETRIC_REPRESENTATION_CONTEXT(2) 
PARAMETRIC_REPRESENTATION_CONTEXT() REPRESENTATION_CONTEXT('2D SPACE',''
  ) );
#7080 = ORIENTED_EDGE('',*,*,#7081,.F.);
#7081 = EDGE_CURVE('',#7002,#7056,#7082,.T.);
#7082 = SURFACE_CURVE('',#7083,(#7087,#7093),.PCURVE_S1.);
#7083 = LINE('',#7084,#7085);
#7084 = CARTESIAN_POINT('',(31.5,-5.75,-8.));
#7085 = VECTOR('',#7086,1.);
#7086 = DIRECTION('',(0.,1.,0.));
#7087 = PCURVE('',#3703,#7088);
#7088 = DEFINITIONAL_REPRESENTATION('',(#7089),#7092);
#7089 = B_SPLINE_CURVE_WITH_KNOTS('',1,(#7090,#7091),.UNSPECIFIED.,.F.,
  .F.,(2,2),(16.25,20.25),.PIECEWISE_BEZIER_KNOTS.);
#7090 = CARTESIAN_POINT('',(73.5,32.5));
#7091 = CARTESIAN_POINT('',(73.5,36.5));
#7092 = ( GEOMETRIC_REPRESENTATION_CONTEXT(2) 
PARAMETRIC_REPRESENTATION_CONTEXT() REPRESENTATION_CONTEXT('2D SPACE',''
  ) );
#7093 = PCURVE('',#7094,#7099);
#7094 = PLANE('',#7095);
#7095 = AXIS2_PLACEMENT_3D('',#7096,#7097,#7098);
#7096 = CARTESIAN_POINT('',(31.5,10.5,-11.));
#7097 = DIRECTION('',(1.,0.,0.));
#7098 = DIRECTION('',(0.,0.,1.));
#7099 = DEFINITIONAL_REPRESENTATION('',(#7100),#7103);
#7100 = B_SPLINE_CURVE_WITH_KNOTS('',1,(#7101,#7102),.UNSPECIFIED.,.F.,
  .F.,(2,2),(16.25,20.25),.PIECEWISE_BEZIER_KNOTS.);
#7101 = CARTESIAN_POINT('',(3.,0.));
#7102 = CARTESIAN_POINT('',(3.,-4.));
#7103 = ( GEOMETRIC_REPRESENTATION_CONTEXT(2) 
PARAMETRIC_REPRESENTATION_CONTEXT() REPRESENTATION_CONTEXT('2D SPACE',''
  ) );
#7104 = ADVANCED_FACE('',(#7105),#4081,.T.);
#7105 = FACE_BOUND('',#7106,.F.);
#7106 = EDGE_LOOP('',(#7107,#7108,#7130,#7131));
#7107 = ORIENTED_EDGE('',*,*,#4118,.F.);
#7108 = ORIENTED_EDGE('',*,*,#7109,.T.);
#7109 = EDGE_CURVE('',#4093,#4067,#7110,.T.);
#7110 = SURFACE_CURVE('',#7111,(#7116,#7123),.PCURVE_S1.);
#7111 = CIRCLE('',#7112,8.5);
#7112 = AXIS2_PLACEMENT_3D('',#7113,#7114,#7115);
#7113 = CARTESIAN_POINT('',(-30.,25.5,-6.5));
#7114 = DIRECTION('',(0.,0.,1.));
#7115 = DIRECTION('',(1.,0.,0.));
#7116 = PCURVE('',#4081,#7117);
#7117 = DEFINITIONAL_REPRESENTATION('',(#7118),#7122);
#7118 = LINE('',#7119,#7120);
#7119 = CARTESIAN_POINT('',(-0.,-8.));
#7120 = VECTOR('',#7121,1.);
#7121 = DIRECTION('',(-1.,0.));
#7122 = ( GEOMETRIC_REPRESENTATION_CONTEXT(2) 
PARAMETRIC_REPRESENTATION_CONTEXT() REPRESENTATION_CONTEXT('2D SPACE',''
  ) );
#7123 = PCURVE('',#4107,#7124);
#7124 = DEFINITIONAL_REPRESENTATION('',(#7125),#7129);
#7125 = CIRCLE('',#7126,8.5);
#7126 = AXIS2_PLACEMENT_2D('',#7127,#7128);
#7127 = CARTESIAN_POINT('',(-3.552713678801E-15,-3.552713678801E-15));
#7128 = DIRECTION('',(1.,0.));
#7129 = ( GEOMETRIC_REPRESENTATION_CONTEXT(2) 
PARAMETRIC_REPRESENTATION_CONTEXT() REPRESENTATION_CONTEXT('2D SPACE',''
  ) );
#7130 = ORIENTED_EDGE('',*,*,#4066,.T.);
#7131 = ORIENTED_EDGE('',*,*,#6653,.T.);
#7132 = ADVANCED_FACE('',(#7133),#4107,.T.);
#7133 = FACE_BOUND('',#7134,.T.);
#7134 = EDGE_LOOP('',(#7135,#7136));
#7135 = ORIENTED_EDGE('',*,*,#4092,.F.);
#7136 = ORIENTED_EDGE('',*,*,#7109,.T.);
#7137 = ADVANCED_FACE('',(#7138),#3985,.T.);
#7138 = FACE_BOUND('',#7139,.F.);
#7139 = EDGE_LOOP('',(#7140,#7141,#7163,#7164));
#7140 = ORIENTED_EDGE('',*,*,#4022,.F.);
#7141 = ORIENTED_EDGE('',*,*,#7142,.T.);
#7142 = EDGE_CURVE('',#3997,#3971,#7143,.T.);
#7143 = SURFACE_CURVE('',#7144,(#7149,#7156),.PCURVE_S1.);
#7144 = CIRCLE('',#7145,8.5);
#7145 = AXIS2_PLACEMENT_3D('',#7146,#7147,#7148);
#7146 = CARTESIAN_POINT('',(30.,25.5,-6.5));
#7147 = DIRECTION('',(0.,0.,1.));
#7148 = DIRECTION('',(1.,0.,0.));
#7149 = PCURVE('',#3985,#7150);
#7150 = DEFINITIONAL_REPRESENTATION('',(#7151),#7155);
#7151 = LINE('',#7152,#7153);
#7152 = CARTESIAN_POINT('',(-0.,-8.));
#7153 = VECTOR('',#7154,1.);
#7154 = DIRECTION('',(-1.,0.));
#7155 = ( GEOMETRIC_REPRESENTATION_CONTEXT(2) 
PARAMETRIC_REPRESENTATION_CONTEXT() REPRESENTATION_CONTEXT('2D SPACE',''
  ) );
#7156 = PCURVE('',#4011,#7157);
#7157 = DEFINITIONAL_REPRESENTATION('',(#7158),#7162);
#7158 = CIRCLE('',#7159,8.5);
#7159 = AXIS2_PLACEMENT_2D('',#7160,#7161);
#7160 = CARTESIAN_POINT('',(7.105427357601E-15,0.));
#7161 = DIRECTION('',(1.,0.));
#7162 = ( GEOMETRIC_REPRESENTATION_CONTEXT(2) 
PARAMETRIC_REPRESENTATION_CONTEXT() REPRESENTATION_CONTEXT('2D SPACE',''
  ) );
#7163 = ORIENTED_EDGE('',*,*,#3970,.T.);
#7164 = ORIENTED_EDGE('',*,*,#6626,.T.);
#7165 = ADVANCED_FACE('',(#7166),#4011,.T.);
#7166 = FACE_BOUND('',#7167,.T.);
#7167 = EDGE_LOOP('',(#7168,#7169));
#7168 = ORIENTED_EDGE('',*,*,#3996,.F.);
#7169 = ORIENTED_EDGE('',*,*,#7142,.T.);
#7170 = ADVANCED_FACE('',(#7171),#3935,.F.);
#7171 = FACE_BOUND('',#7172,.F.);
#7172 = EDGE_LOOP('',(#7173,#7174,#7175,#7199));
#7173 = ORIENTED_EDGE('',*,*,#6603,.T.);
#7174 = ORIENTED_EDGE('',*,*,#3919,.T.);
#7175 = ORIENTED_EDGE('',*,*,#7176,.F.);
#7176 = EDGE_CURVE('',#7177,#3892,#7179,.T.);
#7177 = VERTEX_POINT('',#7178);
#7178 = CARTESIAN_POINT('',(42.,20.,11.));
#7179 = SURFACE_CURVE('',#7180,(#7185,#7192),.PCURVE_S1.);
#7180 = CIRCLE('',#7181,2.);
#7181 = AXIS2_PLACEMENT_3D('',#7182,#7183,#7184);
#7182 = CARTESIAN_POINT('',(40.,20.,11.));
#7183 = DIRECTION('',(0.,0.,1.));
#7184 = DIRECTION('',(0.,-1.,0.));
#7185 = PCURVE('',#3935,#7186);
#7186 = DEFINITIONAL_REPRESENTATION('',(#7187),#7191);
#7187 = LINE('',#7188,#7189);
#7188 = CARTESIAN_POINT('',(-1.570796326795,19.));
#7189 = VECTOR('',#7190,1.);
#7190 = DIRECTION('',(1.,0.));
#7191 = ( GEOMETRIC_REPRESENTATION_CONTEXT(2) 
PARAMETRIC_REPRESENTATION_CONTEXT() REPRESENTATION_CONTEXT('2D SPACE',''
  ) );
#7192 = PCURVE('',#3907,#7193);
#7193 = DEFINITIONAL_REPRESENTATION('',(#7194),#7198);
#7194 = CIRCLE('',#7195,2.);
#7195 = AXIS2_PLACEMENT_2D('',#7196,#7197);
#7196 = CARTESIAN_POINT('',(85.,45.));
#7197 = DIRECTION('',(0.,-1.));
#7198 = ( GEOMETRIC_REPRESENTATION_CONTEXT(2) 
PARAMETRIC_REPRESENTATION_CONTEXT() REPRESENTATION_CONTEXT('2D SPACE',''
  ) );
#7199 = ORIENTED_EDGE('',*,*,#7200,.F.);
#7200 = EDGE_CURVE('',#6576,#7177,#7201,.T.);
#7201 = SURFACE_CURVE('',#7202,(#7206,#7213),.PCURVE_S1.);
#7202 = LINE('',#7203,#7204);
#7203 = CARTESIAN_POINT('',(42.,20.,-8.));
#7204 = VECTOR('',#7205,1.);
#7205 = DIRECTION('',(0.,0.,1.));
#7206 = PCURVE('',#3935,#7207);
#7207 = DEFINITIONAL_REPRESENTATION('',(#7208),#7212);
#7208 = LINE('',#7209,#7210);
#7209 = CARTESIAN_POINT('',(0.,0.));
#7210 = VECTOR('',#7211,1.);
#7211 = DIRECTION('',(0.,1.));
#7212 = ( GEOMETRIC_REPRESENTATION_CONTEXT(2) 
PARAMETRIC_REPRESENTATION_CONTEXT() REPRESENTATION_CONTEXT('2D SPACE',''
  ) );
#7213 = PCURVE('',#6591,#7214);
#7214 = DEFINITIONAL_REPRESENTATION('',(#7215),#7219);
#7215 = LINE('',#7216,#7217);
#7216 = CARTESIAN_POINT('',(0.,-42.));
#7217 = VECTOR('',#7218,1.);
#7218 = DIRECTION('',(1.,0.));
#7219 = ( GEOMETRIC_REPRESENTATION_CONTEXT(2) 
PARAMETRIC_REPRESENTATION_CONTEXT() REPRESENTATION_CONTEXT('2D SPACE',''
  ) );
#7220 = ADVANCED_FACE('',(#7221),#3907,.T.);
#7221 = FACE_BOUND('',#7222,.T.);
#7222 = EDGE_LOOP('',(#7223,#7248,#7267,#7268,#7269,#7292,#7318,#7319,
    #7340,#7363,#7387,#7410));
#7223 = ORIENTED_EDGE('',*,*,#7224,.T.);
#7224 = EDGE_CURVE('',#7225,#7227,#7229,.T.);
#7225 = VERTEX_POINT('',#7226);
#7226 = CARTESIAN_POINT('',(42.,23.5,11.));
#7227 = VERTEX_POINT('',#7228);
#7228 = CARTESIAN_POINT('',(34.,23.5,11.));
#7229 = SURFACE_CURVE('',#7230,(#7234,#7241),.PCURVE_S1.);
#7230 = LINE('',#7231,#7232);
#7231 = CARTESIAN_POINT('',(42.,23.5,11.));
#7232 = VECTOR('',#7233,1.);
#7233 = DIRECTION('',(-1.,-0.,-0.));
#7234 = PCURVE('',#3907,#7235);
#7235 = DEFINITIONAL_REPRESENTATION('',(#7236),#7240);
#7236 = LINE('',#7237,#7238);
#7237 = CARTESIAN_POINT('',(87.,48.5));
#7238 = VECTOR('',#7239,1.);
#7239 = DIRECTION('',(-1.,-0.));
#7240 = ( GEOMETRIC_REPRESENTATION_CONTEXT(2) 
PARAMETRIC_REPRESENTATION_CONTEXT() REPRESENTATION_CONTEXT('2D SPACE',''
  ) );
#7241 = PCURVE('',#6025,#7242);
#7242 = DEFINITIONAL_REPRESENTATION('',(#7243),#7247);
#7243 = LINE('',#7244,#7245);
#7244 = CARTESIAN_POINT('',(0.,0.));
#7245 = VECTOR('',#7246,1.);
#7246 = DIRECTION('',(0.,1.));
#7247 = ( GEOMETRIC_REPRESENTATION_CONTEXT(2) 
PARAMETRIC_REPRESENTATION_CONTEXT() REPRESENTATION_CONTEXT('2D SPACE',''
  ) );
#7248 = ORIENTED_EDGE('',*,*,#7249,.F.);
#7249 = EDGE_CURVE('',#3866,#7227,#7250,.T.);
#7250 = SURFACE_CURVE('',#7251,(#7255,#7261),.PCURVE_S1.);
#7251 = LINE('',#7252,#7253);
#7252 = CARTESIAN_POINT('',(34.,-2.75,11.));
#7253 = VECTOR('',#7254,1.);
#7254 = DIRECTION('',(0.,1.,0.));
#7255 = PCURVE('',#3907,#7256);
#7256 = DEFINITIONAL_REPRESENTATION('',(#7257),#7260);
#7257 = B_SPLINE_CURVE_WITH_KNOTS('',1,(#7258,#7259),.UNSPECIFIED.,.F.,
  .F.,(2,2),(22.25,26.25),.PIECEWISE_BEZIER_KNOTS.);
#7258 = CARTESIAN_POINT('',(79.,44.5));
#7259 = CARTESIAN_POINT('',(79.,48.5));
#7260 = ( GEOMETRIC_REPRESENTATION_CONTEXT(2) 
PARAMETRIC_REPRESENTATION_CONTEXT() REPRESENTATION_CONTEXT('2D SPACE',''
  ) );
#7261 = PCURVE('',#3880,#7262);
#7262 = DEFINITIONAL_REPRESENTATION('',(#7263),#7266);
#7263 = B_SPLINE_CURVE_WITH_KNOTS('',1,(#7264,#7265),.UNSPECIFIED.,.F.,
  .F.,(2,2),(22.25,26.25),.PIECEWISE_BEZIER_KNOTS.);
#7264 = CARTESIAN_POINT('',(9.,0.));
#7265 = CARTESIAN_POINT('',(9.,-4.));
#7266 = ( GEOMETRIC_REPRESENTATION_CONTEXT(2) 
PARAMETRIC_REPRESENTATION_CONTEXT() REPRESENTATION_CONTEXT('2D SPACE',''
  ) );
#7267 = ORIENTED_EDGE('',*,*,#3891,.T.);
#7268 = ORIENTED_EDGE('',*,*,#7176,.F.);
#7269 = ORIENTED_EDGE('',*,*,#7270,.F.);
#7270 = EDGE_CURVE('',#7271,#7177,#7273,.T.);
#7271 = VERTEX_POINT('',#7272);
#7272 = CARTESIAN_POINT('',(42.,-20.,11.));
#7273 = SURFACE_CURVE('',#7274,(#7278,#7285),.PCURVE_S1.);
#7274 = LINE('',#7275,#7276);
#7275 = CARTESIAN_POINT('',(42.,-22.,11.));
#7276 = VECTOR('',#7277,1.);
#7277 = DIRECTION('',(0.,1.,0.));
#7278 = PCURVE('',#3907,#7279);
#7279 = DEFINITIONAL_REPRESENTATION('',(#7280),#7284);
#7280 = LINE('',#7281,#7282);
#7281 = CARTESIAN_POINT('',(87.,3.));
#7282 = VECTOR('',#7283,1.);
#7283 = DIRECTION('',(0.,1.));
#7284 = ( GEOMETRIC_REPRESENTATION_CONTEXT(2) 
PARAMETRIC_REPRESENTATION_CONTEXT() REPRESENTATION_CONTEXT('2D SPACE',''
  ) );
#7285 = PCURVE('',#6591,#7286);
#7286 = DEFINITIONAL_REPRESENTATION('',(#7287),#7291);
#7287 = LINE('',#7288,#7289);
#7288 = CARTESIAN_POINT('',(19.,0.));
#7289 = VECTOR('',#7290,1.);
#7290 = DIRECTION('',(0.,-1.));
#7291 = ( GEOMETRIC_REPRESENTATION_CONTEXT(2) 
PARAMETRIC_REPRESENTATION_CONTEXT() REPRESENTATION_CONTEXT('2D SPACE',''
  ) );
#7292 = ORIENTED_EDGE('',*,*,#7293,.T.);
#7293 = EDGE_CURVE('',#7271,#4498,#7294,.T.);
#7294 = SURFACE_CURVE('',#7295,(#7300,#7311),.PCURVE_S1.);
#7295 = CIRCLE('',#7296,2.);
#7296 = AXIS2_PLACEMENT_3D('',#7297,#7298,#7299);
#7297 = CARTESIAN_POINT('',(40.,-20.,11.));
#7298 = DIRECTION('',(-0.,-0.,-1.));
#7299 = DIRECTION('',(0.,-1.,0.));
#7300 = PCURVE('',#3907,#7301);
#7301 = DEFINITIONAL_REPRESENTATION('',(#7302),#7310);
#7302 = ( BOUNDED_CURVE() B_SPLINE_CURVE(2,(#7303,#7304,#7305,#7306,
#7307,#7308,#7309),.UNSPECIFIED.,.T.,.F.) B_SPLINE_CURVE_WITH_KNOTS((1,2
    ,2,2,2,1),(-2.094395102393,0.,2.094395102393,4.188790204786,
6.28318530718,8.377580409573),.UNSPECIFIED.) CURVE() 
GEOMETRIC_REPRESENTATION_ITEM() RATIONAL_B_SPLINE_CURVE((1.,0.5,1.,0.5,
1.,0.5,1.)) REPRESENTATION_ITEM('') );
#7303 = CARTESIAN_POINT('',(85.,3.));
#7304 = CARTESIAN_POINT('',(81.535898384862,3.));
#7305 = CARTESIAN_POINT('',(83.267949192431,6.));
#7306 = CARTESIAN_POINT('',(85.,9.));
#7307 = CARTESIAN_POINT('',(86.732050807569,6.));
#7308 = CARTESIAN_POINT('',(88.464101615138,3.));
#7309 = CARTESIAN_POINT('',(85.,3.));
#7310 = ( GEOMETRIC_REPRESENTATION_CONTEXT(2) 
PARAMETRIC_REPRESENTATION_CONTEXT() REPRESENTATION_CONTEXT('2D SPACE',''
  ) );
#7311 = PCURVE('',#4536,#7312);
#7312 = DEFINITIONAL_REPRESENTATION('',(#7313),#7317);
#7313 = LINE('',#7314,#7315);
#7314 = CARTESIAN_POINT('',(4.712388980385,19.));
#7315 = VECTOR('',#7316,1.);
#7316 = DIRECTION('',(-1.,0.));
#7317 = ( GEOMETRIC_REPRESENTATION_CONTEXT(2) 
PARAMETRIC_REPRESENTATION_CONTEXT() REPRESENTATION_CONTEXT('2D SPACE',''
  ) );
#7318 = ORIENTED_EDGE('',*,*,#4497,.F.);
#7319 = ORIENTED_EDGE('',*,*,#7320,.F.);
#7320 = EDGE_CURVE('',#7321,#4472,#7323,.T.);
#7321 = VERTEX_POINT('',#7322);
#7322 = CARTESIAN_POINT('',(34.,-23.5,11.));
#7323 = SURFACE_CURVE('',#7324,(#7328,#7334),.PCURVE_S1.);
#7324 = LINE('',#7325,#7326);
#7325 = CARTESIAN_POINT('',(34.,-24.75,11.));
#7326 = VECTOR('',#7327,1.);
#7327 = DIRECTION('',(0.,1.,0.));
#7328 = PCURVE('',#3907,#7329);
#7329 = DEFINITIONAL_REPRESENTATION('',(#7330),#7333);
#7330 = B_SPLINE_CURVE_WITH_KNOTS('',1,(#7331,#7332),.UNSPECIFIED.,.F.,
  .F.,(2,2),(1.25,5.25),.PIECEWISE_BEZIER_KNOTS.);
#7331 = CARTESIAN_POINT('',(79.,1.5));
#7332 = CARTESIAN_POINT('',(79.,5.5));
#7333 = ( GEOMETRIC_REPRESENTATION_CONTEXT(2) 
PARAMETRIC_REPRESENTATION_CONTEXT() REPRESENTATION_CONTEXT('2D SPACE',''
  ) );
#7334 = PCURVE('',#4486,#7335);
#7335 = DEFINITIONAL_REPRESENTATION('',(#7336),#7339);
#7336 = B_SPLINE_CURVE_WITH_KNOTS('',1,(#7337,#7338),.UNSPECIFIED.,.F.,
  .F.,(2,2),(1.25,5.25),.PIECEWISE_BEZIER_KNOTS.);
#7337 = CARTESIAN_POINT('',(9.,-1.));
#7338 = CARTESIAN_POINT('',(9.,-5.));
#7339 = ( GEOMETRIC_REPRESENTATION_CONTEXT(2) 
PARAMETRIC_REPRESENTATION_CONTEXT() REPRESENTATION_CONTEXT('2D SPACE',''
  ) );
#7340 = ORIENTED_EDGE('',*,*,#7341,.T.);
#7341 = EDGE_CURVE('',#7321,#7342,#7344,.T.);
#7342 = VERTEX_POINT('',#7343);
#7343 = CARTESIAN_POINT('',(42.,-23.5,11.));
#7344 = SURFACE_CURVE('',#7345,(#7349,#7356),.PCURVE_S1.);
#7345 = LINE('',#7346,#7347);
#7346 = CARTESIAN_POINT('',(-42.,-23.5,11.));
#7347 = VECTOR('',#7348,1.);
#7348 = DIRECTION('',(1.,0.,0.));
#7349 = PCURVE('',#3907,#7350);
#7350 = DEFINITIONAL_REPRESENTATION('',(#7351),#7355);
#7351 = LINE('',#7352,#7353);
#7352 = CARTESIAN_POINT('',(3.,1.5));
#7353 = VECTOR('',#7354,1.);
#7354 = DIRECTION('',(1.,0.));
#7355 = ( GEOMETRIC_REPRESENTATION_CONTEXT(2) 
PARAMETRIC_REPRESENTATION_CONTEXT() REPRESENTATION_CONTEXT('2D SPACE',''
  ) );
#7356 = PCURVE('',#5780,#7357);
#7357 = DEFINITIONAL_REPRESENTATION('',(#7358),#7362);
#7358 = LINE('',#7359,#7360);
#7359 = CARTESIAN_POINT('',(0.,0.));
#7360 = VECTOR('',#7361,1.);
#7361 = DIRECTION('',(0.,1.));
#7362 = ( GEOMETRIC_REPRESENTATION_CONTEXT(2) 
PARAMETRIC_REPRESENTATION_CONTEXT() REPRESENTATION_CONTEXT('2D SPACE',''
  ) );
#7363 = ORIENTED_EDGE('',*,*,#7364,.T.);
#7364 = EDGE_CURVE('',#7342,#7365,#7367,.T.);
#7365 = VERTEX_POINT('',#7366);
#7366 = CARTESIAN_POINT('',(43.5,-22.,11.));
#7367 = SURFACE_CURVE('',#7368,(#7373,#7380),.PCURVE_S1.);
#7368 = CIRCLE('',#7369,1.5);
#7369 = AXIS2_PLACEMENT_3D('',#7370,#7371,#7372);
#7370 = CARTESIAN_POINT('',(42.,-22.,11.));
#7371 = DIRECTION('',(0.,0.,1.));
#7372 = DIRECTION('',(0.,-1.,0.));
#7373 = PCURVE('',#3907,#7374);
#7374 = DEFINITIONAL_REPRESENTATION('',(#7375),#7379);
#7375 = CIRCLE('',#7376,1.5);
#7376 = AXIS2_PLACEMENT_2D('',#7377,#7378);
#7377 = CARTESIAN_POINT('',(87.,3.));
#7378 = DIRECTION('',(0.,-1.));
#7379 = ( GEOMETRIC_REPRESENTATION_CONTEXT(2) 
PARAMETRIC_REPRESENTATION_CONTEXT() REPRESENTATION_CONTEXT('2D SPACE',''
  ) );
#7380 = PCURVE('',#5859,#7381);
#7381 = DEFINITIONAL_REPRESENTATION('',(#7382),#7386);
#7382 = LINE('',#7383,#7384);
#7383 = CARTESIAN_POINT('',(-0.,4.712388980385));
#7384 = VECTOR('',#7385,1.);
#7385 = DIRECTION('',(-1.,0.));
#7386 = ( GEOMETRIC_REPRESENTATION_CONTEXT(2) 
PARAMETRIC_REPRESENTATION_CONTEXT() REPRESENTATION_CONTEXT('2D SPACE',''
  ) );
#7387 = ORIENTED_EDGE('',*,*,#7388,.T.);
#7388 = EDGE_CURVE('',#7365,#7389,#7391,.T.);
#7389 = VERTEX_POINT('',#7390);
#7390 = CARTESIAN_POINT('',(43.5,22.,11.));
#7391 = SURFACE_CURVE('',#7392,(#7396,#7403),.PCURVE_S1.);
#7392 = LINE('',#7393,#7394);
#7393 = CARTESIAN_POINT('',(43.5,-22.,11.));
#7394 = VECTOR('',#7395,1.);
#7395 = DIRECTION('',(0.,1.,0.));
#7396 = PCURVE('',#3907,#7397);
#7397 = DEFINITIONAL_REPRESENTATION('',(#7398),#7402);
#7398 = LINE('',#7399,#7400);
#7399 = CARTESIAN_POINT('',(88.5,3.));
#7400 = VECTOR('',#7401,1.);
#7401 = DIRECTION('',(0.,1.));
#7402 = ( GEOMETRIC_REPRESENTATION_CONTEXT(2) 
PARAMETRIC_REPRESENTATION_CONTEXT() REPRESENTATION_CONTEXT('2D SPACE',''
  ) );
#7403 = PCURVE('',#5913,#7404);
#7404 = DEFINITIONAL_REPRESENTATION('',(#7405),#7409);
#7405 = LINE('',#7406,#7407);
#7406 = CARTESIAN_POINT('',(0.,0.));
#7407 = VECTOR('',#7408,1.);
#7408 = DIRECTION('',(0.,1.));
#7409 = ( GEOMETRIC_REPRESENTATION_CONTEXT(2) 
PARAMETRIC_REPRESENTATION_CONTEXT() REPRESENTATION_CONTEXT('2D SPACE',''
  ) );
#7410 = ORIENTED_EDGE('',*,*,#7411,.T.);
#7411 = EDGE_CURVE('',#7389,#7225,#7412,.T.);
#7412 = SURFACE_CURVE('',#7413,(#7418,#7425),.PCURVE_S1.);
#7413 = CIRCLE('',#7414,1.5);
#7414 = AXIS2_PLACEMENT_3D('',#7415,#7416,#7417);
#7415 = CARTESIAN_POINT('',(42.,22.,11.));
#7416 = DIRECTION('',(0.,0.,1.));
#7417 = DIRECTION('',(1.,0.,-0.));
#7418 = PCURVE('',#3907,#7419);
#7419 = DEFINITIONAL_REPRESENTATION('',(#7420),#7424);
#7420 = CIRCLE('',#7421,1.5);
#7421 = AXIS2_PLACEMENT_2D('',#7422,#7423);
#7422 = CARTESIAN_POINT('',(87.,47.));
#7423 = DIRECTION('',(1.,0.));
#7424 = ( GEOMETRIC_REPRESENTATION_CONTEXT(2) 
PARAMETRIC_REPRESENTATION_CONTEXT() REPRESENTATION_CONTEXT('2D SPACE',''
  ) );
#7425 = PCURVE('',#5968,#7426);
#7426 = DEFINITIONAL_REPRESENTATION('',(#7427),#7431);
#7427 = LINE('',#7428,#7429);
#7428 = CARTESIAN_POINT('',(-0.,4.712388980385));
#7429 = VECTOR('',#7430,1.);
#7430 = DIRECTION('',(-1.,0.));
#7431 = ( GEOMETRIC_REPRESENTATION_CONTEXT(2) 
PARAMETRIC_REPRESENTATION_CONTEXT() REPRESENTATION_CONTEXT('2D SPACE',''
  ) );
#7432 = ADVANCED_FACE('',(#7433),#3880,.T.);
#7433 = FACE_BOUND('',#7434,.T.);
#7434 = EDGE_LOOP('',(#7435,#7465,#7493,#7514,#7515,#7516,#7544));
#7435 = ORIENTED_EDGE('',*,*,#7436,.F.);
#7436 = EDGE_CURVE('',#7437,#7439,#7441,.T.);
#7437 = VERTEX_POINT('',#7438);
#7438 = CARTESIAN_POINT('',(34.,19.5,14.));
#7439 = VERTEX_POINT('',#7440);
#7440 = CARTESIAN_POINT('',(34.,24.5,14.));
#7441 = SURFACE_CURVE('',#7442,(#7446,#7453),.PCURVE_S1.);
#7442 = LINE('',#7443,#7444);
#7443 = CARTESIAN_POINT('',(34.,19.5,14.));
#7444 = VECTOR('',#7445,1.);
#7445 = DIRECTION('',(0.,1.,0.));
#7446 = PCURVE('',#3880,#7447);
#7447 = DEFINITIONAL_REPRESENTATION('',(#7448),#7452);
#7448 = LINE('',#7449,#7450);
#7449 = CARTESIAN_POINT('',(12.,0.));
#7450 = VECTOR('',#7451,1.);
#7451 = DIRECTION('',(0.,-1.));
#7452 = ( GEOMETRIC_REPRESENTATION_CONTEXT(2) 
PARAMETRIC_REPRESENTATION_CONTEXT() REPRESENTATION_CONTEXT('2D SPACE',''
  ) );
#7453 = PCURVE('',#7454,#7459);
#7454 = PLANE('',#7455);
#7455 = AXIS2_PLACEMENT_3D('',#7456,#7457,#7458);
#7456 = CARTESIAN_POINT('',(26.,19.5,14.));
#7457 = DIRECTION('',(0.,0.,1.));
#7458 = DIRECTION('',(1.,0.,0.));
#7459 = DEFINITIONAL_REPRESENTATION('',(#7460),#7464);
#7460 = LINE('',#7461,#7462);
#7461 = CARTESIAN_POINT('',(8.,0.));
#7462 = VECTOR('',#7463,1.);
#7463 = DIRECTION('',(0.,1.));
#7464 = ( GEOMETRIC_REPRESENTATION_CONTEXT(2) 
PARAMETRIC_REPRESENTATION_CONTEXT() REPRESENTATION_CONTEXT('2D SPACE',''
  ) );
#7465 = ORIENTED_EDGE('',*,*,#7466,.F.);
#7466 = EDGE_CURVE('',#7467,#7437,#7469,.T.);
#7467 = VERTEX_POINT('',#7468);
#7468 = CARTESIAN_POINT('',(34.,19.5,2.));
#7469 = SURFACE_CURVE('',#7470,(#7474,#7481),.PCURVE_S1.);
#7470 = LINE('',#7471,#7472);
#7471 = CARTESIAN_POINT('',(34.,19.5,2.));
#7472 = VECTOR('',#7473,1.);
#7473 = DIRECTION('',(0.,0.,1.));
#7474 = PCURVE('',#3880,#7475);
#7475 = DEFINITIONAL_REPRESENTATION('',(#7476),#7480);
#7476 = LINE('',#7477,#7478);
#7477 = CARTESIAN_POINT('',(0.,0.));
#7478 = VECTOR('',#7479,1.);
#7479 = DIRECTION('',(1.,0.));
#7480 = ( GEOMETRIC_REPRESENTATION_CONTEXT(2) 
PARAMETRIC_REPRESENTATION_CONTEXT() REPRESENTATION_CONTEXT('2D SPACE',''
  ) );
#7481 = PCURVE('',#7482,#7487);
#7482 = PLANE('',#7483);
#7483 = AXIS2_PLACEMENT_3D('',#7484,#7485,#7486);
#7484 = CARTESIAN_POINT('',(26.,19.5,2.));
#7485 = DIRECTION('',(0.,1.,0.));
#7486 = DIRECTION('',(0.,0.,1.));
#7487 = DEFINITIONAL_REPRESENTATION('',(#7488),#7492);
#7488 = LINE('',#7489,#7490);
#7489 = CARTESIAN_POINT('',(0.,8.));
#7490 = VECTOR('',#7491,1.);
#7491 = DIRECTION('',(1.,0.));
#7492 = ( GEOMETRIC_REPRESENTATION_CONTEXT(2) 
PARAMETRIC_REPRESENTATION_CONTEXT() REPRESENTATION_CONTEXT('2D SPACE',''
  ) );
#7493 = ORIENTED_EDGE('',*,*,#7494,.T.);
#7494 = EDGE_CURVE('',#7467,#3840,#7495,.T.);
#7495 = SURFACE_CURVE('',#7496,(#7500,#7507),.PCURVE_S1.);
#7496 = LINE('',#7497,#7498);
#7497 = CARTESIAN_POINT('',(34.,19.5,2.));
#7498 = VECTOR('',#7499,1.);
#7499 = DIRECTION('',(0.,1.,0.));
#7500 = PCURVE('',#3880,#7501);
#7501 = DEFINITIONAL_REPRESENTATION('',(#7502),#7506);
#7502 = LINE('',#7503,#7504);
#7503 = CARTESIAN_POINT('',(0.,0.));
#7504 = VECTOR('',#7505,1.);
#7505 = DIRECTION('',(0.,-1.));
#7506 = ( GEOMETRIC_REPRESENTATION_CONTEXT(2) 
PARAMETRIC_REPRESENTATION_CONTEXT() REPRESENTATION_CONTEXT('2D SPACE',''
  ) );
#7507 = PCURVE('',#3854,#7508);
#7508 = DEFINITIONAL_REPRESENTATION('',(#7509),#7513);
#7509 = LINE('',#7510,#7511);
#7510 = CARTESIAN_POINT('',(8.,0.));
#7511 = VECTOR('',#7512,1.);
#7512 = DIRECTION('',(0.,1.));
#7513 = ( GEOMETRIC_REPRESENTATION_CONTEXT(2) 
PARAMETRIC_REPRESENTATION_CONTEXT() REPRESENTATION_CONTEXT('2D SPACE',''
  ) );
#7514 = ORIENTED_EDGE('',*,*,#3865,.F.);
#7515 = ORIENTED_EDGE('',*,*,#7249,.T.);
#7516 = ORIENTED_EDGE('',*,*,#7517,.T.);
#7517 = EDGE_CURVE('',#7227,#7518,#7520,.T.);
#7518 = VERTEX_POINT('',#7519);
#7519 = CARTESIAN_POINT('',(34.,24.5,10.61803398875));
#7520 = SURFACE_CURVE('',#7521,(#7526,#7537),.PCURVE_S1.);
#7521 = CIRCLE('',#7522,1.5);
#7522 = AXIS2_PLACEMENT_3D('',#7523,#7524,#7525);
#7523 = CARTESIAN_POINT('',(34.,23.5,9.5));
#7524 = DIRECTION('',(-1.,0.,-0.));
#7525 = DIRECTION('',(-0.,0.,1.));
#7526 = PCURVE('',#3880,#7527);
#7527 = DEFINITIONAL_REPRESENTATION('',(#7528),#7536);
#7528 = ( BOUNDED_CURVE() B_SPLINE_CURVE(2,(#7529,#7530,#7531,#7532,
#7533,#7534,#7535),.UNSPECIFIED.,.T.,.F.) B_SPLINE_CURVE_WITH_KNOTS((1,2
    ,2,2,2,1),(-2.094395102393,0.,2.094395102393,4.188790204786,
6.28318530718,8.377580409573),.UNSPECIFIED.) CURVE() 
GEOMETRIC_REPRESENTATION_ITEM() RATIONAL_B_SPLINE_CURVE((1.,0.5,1.,0.5,
1.,0.5,1.)) REPRESENTATION_ITEM('') );
#7529 = CARTESIAN_POINT('',(9.,-4.));
#7530 = CARTESIAN_POINT('',(9.,-6.598076211353));
#7531 = CARTESIAN_POINT('',(6.75,-5.299038105677));
#7532 = CARTESIAN_POINT('',(4.5,-4.));
#7533 = CARTESIAN_POINT('',(6.75,-2.700961894323));
#7534 = CARTESIAN_POINT('',(9.,-1.401923788647));
#7535 = CARTESIAN_POINT('',(9.,-4.));
#7536 = ( GEOMETRIC_REPRESENTATION_CONTEXT(2) 
PARAMETRIC_REPRESENTATION_CONTEXT() REPRESENTATION_CONTEXT('2D SPACE',''
  ) );
#7537 = PCURVE('',#6025,#7538);
#7538 = DEFINITIONAL_REPRESENTATION('',(#7539),#7543);
#7539 = LINE('',#7540,#7541);
#7540 = CARTESIAN_POINT('',(0.,8.));
#7541 = VECTOR('',#7542,1.);
#7542 = DIRECTION('',(1.,0.));
#7543 = ( GEOMETRIC_REPRESENTATION_CONTEXT(2) 
PARAMETRIC_REPRESENTATION_CONTEXT() REPRESENTATION_CONTEXT('2D SPACE',''
  ) );
#7544 = ORIENTED_EDGE('',*,*,#7545,.T.);
#7545 = EDGE_CURVE('',#7518,#7439,#7546,.T.);
#7546 = SURFACE_CURVE('',#7547,(#7551,#7558),.PCURVE_S1.);
#7547 = LINE('',#7548,#7549);
#7548 = CARTESIAN_POINT('',(34.,24.5,2.));
#7549 = VECTOR('',#7550,1.);
#7550 = DIRECTION('',(0.,0.,1.));
#7551 = PCURVE('',#3880,#7552);
#7552 = DEFINITIONAL_REPRESENTATION('',(#7553),#7557);
#7553 = LINE('',#7554,#7555);
#7554 = CARTESIAN_POINT('',(0.,-5.));
#7555 = VECTOR('',#7556,1.);
#7556 = DIRECTION('',(1.,0.));
#7557 = ( GEOMETRIC_REPRESENTATION_CONTEXT(2) 
PARAMETRIC_REPRESENTATION_CONTEXT() REPRESENTATION_CONTEXT('2D SPACE',''
  ) );
#7558 = PCURVE('',#7559,#7564);
#7559 = PLANE('',#7560);
#7560 = AXIS2_PLACEMENT_3D('',#7561,#7562,#7563);
#7561 = CARTESIAN_POINT('',(26.,24.5,2.));
#7562 = DIRECTION('',(0.,1.,0.));
#7563 = DIRECTION('',(0.,0.,1.));
#7564 = DEFINITIONAL_REPRESENTATION('',(#7565),#7569);
#7565 = LINE('',#7566,#7567);
#7566 = CARTESIAN_POINT('',(0.,8.));
#7567 = VECTOR('',#7568,1.);
#7568 = DIRECTION('',(1.,0.));
#7569 = ( GEOMETRIC_REPRESENTATION_CONTEXT(2) 
PARAMETRIC_REPRESENTATION_CONTEXT() REPRESENTATION_CONTEXT('2D SPACE',''
  ) );
#7570 = ADVANCED_FACE('',(#7571),#3854,.F.);
#7571 = FACE_BOUND('',#7572,.F.);
#7572 = EDGE_LOOP('',(#7573,#7596,#7617,#7618));
#7573 = ORIENTED_EDGE('',*,*,#7574,.F.);
#7574 = EDGE_CURVE('',#7575,#3814,#7577,.T.);
#7575 = VERTEX_POINT('',#7576);
#7576 = CARTESIAN_POINT('',(26.,19.5,2.));
#7577 = SURFACE_CURVE('',#7578,(#7582,#7589),.PCURVE_S1.);
#7578 = LINE('',#7579,#7580);
#7579 = CARTESIAN_POINT('',(26.,19.5,2.));
#7580 = VECTOR('',#7581,1.);
#7581 = DIRECTION('',(0.,1.,0.));
#7582 = PCURVE('',#3854,#7583);
#7583 = DEFINITIONAL_REPRESENTATION('',(#7584),#7588);
#7584 = LINE('',#7585,#7586);
#7585 = CARTESIAN_POINT('',(0.,0.));
#7586 = VECTOR('',#7587,1.);
#7587 = DIRECTION('',(0.,1.));
#7588 = ( GEOMETRIC_REPRESENTATION_CONTEXT(2) 
PARAMETRIC_REPRESENTATION_CONTEXT() REPRESENTATION_CONTEXT('2D SPACE',''
  ) );
#7589 = PCURVE('',#3828,#7590);
#7590 = DEFINITIONAL_REPRESENTATION('',(#7591),#7595);
#7591 = LINE('',#7592,#7593);
#7592 = CARTESIAN_POINT('',(0.,0.));
#7593 = VECTOR('',#7594,1.);
#7594 = DIRECTION('',(0.,-1.));
#7595 = ( GEOMETRIC_REPRESENTATION_CONTEXT(2) 
PARAMETRIC_REPRESENTATION_CONTEXT() REPRESENTATION_CONTEXT('2D SPACE',''
  ) );
#7596 = ORIENTED_EDGE('',*,*,#7597,.T.);
#7597 = EDGE_CURVE('',#7575,#7467,#7598,.T.);
#7598 = SURFACE_CURVE('',#7599,(#7603,#7610),.PCURVE_S1.);
#7599 = LINE('',#7600,#7601);
#7600 = CARTESIAN_POINT('',(26.,19.5,2.));
#7601 = VECTOR('',#7602,1.);
#7602 = DIRECTION('',(1.,0.,0.));
#7603 = PCURVE('',#3854,#7604);
#7604 = DEFINITIONAL_REPRESENTATION('',(#7605),#7609);
#7605 = LINE('',#7606,#7607);
#7606 = CARTESIAN_POINT('',(0.,0.));
#7607 = VECTOR('',#7608,1.);
#7608 = DIRECTION('',(1.,0.));
#7609 = ( GEOMETRIC_REPRESENTATION_CONTEXT(2) 
PARAMETRIC_REPRESENTATION_CONTEXT() REPRESENTATION_CONTEXT('2D SPACE',''
  ) );
#7610 = PCURVE('',#7482,#7611);
#7611 = DEFINITIONAL_REPRESENTATION('',(#7612),#7616);
#7612 = LINE('',#7613,#7614);
#7613 = CARTESIAN_POINT('',(0.,0.));
#7614 = VECTOR('',#7615,1.);
#7615 = DIRECTION('',(0.,1.));
#7616 = ( GEOMETRIC_REPRESENTATION_CONTEXT(2) 
PARAMETRIC_REPRESENTATION_CONTEXT() REPRESENTATION_CONTEXT('2D SPACE',''
  ) );
#7617 = ORIENTED_EDGE('',*,*,#7494,.T.);
#7618 = ORIENTED_EDGE('',*,*,#3839,.F.);
#7619 = ADVANCED_FACE('',(#7620),#3828,.F.);
#7620 = FACE_BOUND('',#7621,.F.);
#7621 = EDGE_LOOP('',(#7622,#7647,#7668,#7669,#7670,#7691,#7719));
#7622 = ORIENTED_EDGE('',*,*,#7623,.F.);
#7623 = EDGE_CURVE('',#7624,#7626,#7628,.T.);
#7624 = VERTEX_POINT('',#7625);
#7625 = CARTESIAN_POINT('',(26.,19.5,14.));
#7626 = VERTEX_POINT('',#7627);
#7627 = CARTESIAN_POINT('',(26.,24.5,14.));
#7628 = SURFACE_CURVE('',#7629,(#7633,#7640),.PCURVE_S1.);
#7629 = LINE('',#7630,#7631);
#7630 = CARTESIAN_POINT('',(26.,19.5,14.));
#7631 = VECTOR('',#7632,1.);
#7632 = DIRECTION('',(0.,1.,0.));
#7633 = PCURVE('',#3828,#7634);
#7634 = DEFINITIONAL_REPRESENTATION('',(#7635),#7639);
#7635 = LINE('',#7636,#7637);
#7636 = CARTESIAN_POINT('',(12.,0.));
#7637 = VECTOR('',#7638,1.);
#7638 = DIRECTION('',(0.,-1.));
#7639 = ( GEOMETRIC_REPRESENTATION_CONTEXT(2) 
PARAMETRIC_REPRESENTATION_CONTEXT() REPRESENTATION_CONTEXT('2D SPACE',''
  ) );
#7640 = PCURVE('',#7454,#7641);
#7641 = DEFINITIONAL_REPRESENTATION('',(#7642),#7646);
#7642 = LINE('',#7643,#7644);
#7643 = CARTESIAN_POINT('',(0.,0.));
#7644 = VECTOR('',#7645,1.);
#7645 = DIRECTION('',(0.,1.));
#7646 = ( GEOMETRIC_REPRESENTATION_CONTEXT(2) 
PARAMETRIC_REPRESENTATION_CONTEXT() REPRESENTATION_CONTEXT('2D SPACE',''
  ) );
#7647 = ORIENTED_EDGE('',*,*,#7648,.F.);
#7648 = EDGE_CURVE('',#7575,#7624,#7649,.T.);
#7649 = SURFACE_CURVE('',#7650,(#7654,#7661),.PCURVE_S1.);
#7650 = LINE('',#7651,#7652);
#7651 = CARTESIAN_POINT('',(26.,19.5,2.));
#7652 = VECTOR('',#7653,1.);
#7653 = DIRECTION('',(0.,0.,1.));
#7654 = PCURVE('',#3828,#7655);
#7655 = DEFINITIONAL_REPRESENTATION('',(#7656),#7660);
#7656 = LINE('',#7657,#7658);
#7657 = CARTESIAN_POINT('',(0.,0.));
#7658 = VECTOR('',#7659,1.);
#7659 = DIRECTION('',(1.,0.));
#7660 = ( GEOMETRIC_REPRESENTATION_CONTEXT(2) 
PARAMETRIC_REPRESENTATION_CONTEXT() REPRESENTATION_CONTEXT('2D SPACE',''
  ) );
#7661 = PCURVE('',#7482,#7662);
#7662 = DEFINITIONAL_REPRESENTATION('',(#7663),#7667);
#7663 = LINE('',#7664,#7665);
#7664 = CARTESIAN_POINT('',(0.,0.));
#7665 = VECTOR('',#7666,1.);
#7666 = DIRECTION('',(1.,0.));
#7667 = ( GEOMETRIC_REPRESENTATION_CONTEXT(2) 
PARAMETRIC_REPRESENTATION_CONTEXT() REPRESENTATION_CONTEXT('2D SPACE',''
  ) );
#7668 = ORIENTED_EDGE('',*,*,#7574,.T.);
#7669 = ORIENTED_EDGE('',*,*,#3813,.F.);
#7670 = ORIENTED_EDGE('',*,*,#7671,.T.);
#7671 = EDGE_CURVE('',#3786,#7672,#7674,.T.);
#7672 = VERTEX_POINT('',#7673);
#7673 = CARTESIAN_POINT('',(26.,23.5,11.));
#7674 = SURFACE_CURVE('',#7675,(#7679,#7685),.PCURVE_S1.);
#7675 = LINE('',#7676,#7677);
#7676 = CARTESIAN_POINT('',(26.,-2.75,11.));
#7677 = VECTOR('',#7678,1.);
#7678 = DIRECTION('',(0.,1.,0.));
#7679 = PCURVE('',#3828,#7680);
#7680 = DEFINITIONAL_REPRESENTATION('',(#7681),#7684);
#7681 = B_SPLINE_CURVE_WITH_KNOTS('',1,(#7682,#7683),.UNSPECIFIED.,.F.,
  .F.,(2,2),(22.25,26.25),.PIECEWISE_BEZIER_KNOTS.);
#7682 = CARTESIAN_POINT('',(9.,0.));
#7683 = CARTESIAN_POINT('',(9.,-4.));
#7684 = ( GEOMETRIC_REPRESENTATION_CONTEXT(2) 
PARAMETRIC_REPRESENTATION_CONTEXT() REPRESENTATION_CONTEXT('2D SPACE',''
  ) );
#7685 = PCURVE('',#3801,#7686);
#7686 = DEFINITIONAL_REPRESENTATION('',(#7687),#7690);
#7687 = B_SPLINE_CURVE_WITH_KNOTS('',1,(#7688,#7689),.UNSPECIFIED.,.F.,
  .F.,(2,2),(22.25,26.25),.PIECEWISE_BEZIER_KNOTS.);
#7688 = CARTESIAN_POINT('',(71.,44.5));
#7689 = CARTESIAN_POINT('',(71.,48.5));
#7690 = ( GEOMETRIC_REPRESENTATION_CONTEXT(2) 
PARAMETRIC_REPRESENTATION_CONTEXT() REPRESENTATION_CONTEXT('2D SPACE',''
  ) );
#7691 = ORIENTED_EDGE('',*,*,#7692,.T.);
#7692 = EDGE_CURVE('',#7672,#7693,#7695,.T.);
#7693 = VERTEX_POINT('',#7694);
#7694 = CARTESIAN_POINT('',(26.,24.5,10.61803398875));
#7695 = SURFACE_CURVE('',#7696,(#7701,#7712),.PCURVE_S1.);
#7696 = CIRCLE('',#7697,1.5);
#7697 = AXIS2_PLACEMENT_3D('',#7698,#7699,#7700);
#7698 = CARTESIAN_POINT('',(26.,23.5,9.5));
#7699 = DIRECTION('',(-1.,0.,-0.));
#7700 = DIRECTION('',(-0.,0.,1.));
#7701 = PCURVE('',#3828,#7702);
#7702 = DEFINITIONAL_REPRESENTATION('',(#7703),#7711);
#7703 = ( BOUNDED_CURVE() B_SPLINE_CURVE(2,(#7704,#7705,#7706,#7707,
#7708,#7709,#7710),.UNSPECIFIED.,.T.,.F.) B_SPLINE_CURVE_WITH_KNOTS((1,2
    ,2,2,2,1),(-2.094395102393,0.,2.094395102393,4.188790204786,
6.28318530718,8.377580409573),.UNSPECIFIED.) CURVE() 
GEOMETRIC_REPRESENTATION_ITEM() RATIONAL_B_SPLINE_CURVE((1.,0.5,1.,0.5,
1.,0.5,1.)) REPRESENTATION_ITEM('') );
#7704 = CARTESIAN_POINT('',(9.,-4.));
#7705 = CARTESIAN_POINT('',(9.,-6.598076211353));
#7706 = CARTESIAN_POINT('',(6.75,-5.299038105677));
#7707 = CARTESIAN_POINT('',(4.5,-4.));
#7708 = CARTESIAN_POINT('',(6.75,-2.700961894323));
#7709 = CARTESIAN_POINT('',(9.,-1.401923788647));
#7710 = CARTESIAN_POINT('',(9.,-4.));
#7711 = ( GEOMETRIC_REPRESENTATION_CONTEXT(2) 
PARAMETRIC_REPRESENTATION_CONTEXT() REPRESENTATION_CONTEXT('2D SPACE',''
  ) );
#7712 = PCURVE('',#5125,#7713);
#7713 = DEFINITIONAL_REPRESENTATION('',(#7714),#7718);
#7714 = LINE('',#7715,#7716);
#7715 = CARTESIAN_POINT('',(0.,16.));
#7716 = VECTOR('',#7717,1.);
#7717 = DIRECTION('',(1.,0.));
#7718 = ( GEOMETRIC_REPRESENTATION_CONTEXT(2) 
PARAMETRIC_REPRESENTATION_CONTEXT() REPRESENTATION_CONTEXT('2D SPACE',''
  ) );
#7719 = ORIENTED_EDGE('',*,*,#7720,.T.);
#7720 = EDGE_CURVE('',#7693,#7626,#7721,.T.);
#7721 = SURFACE_CURVE('',#7722,(#7726,#7733),.PCURVE_S1.);
#7722 = LINE('',#7723,#7724);
#7723 = CARTESIAN_POINT('',(26.,24.5,2.));
#7724 = VECTOR('',#7725,1.);
#7725 = DIRECTION('',(0.,0.,1.));
#7726 = PCURVE('',#3828,#7727);
#7727 = DEFINITIONAL_REPRESENTATION('',(#7728),#7732);
#7728 = LINE('',#7729,#7730);
#7729 = CARTESIAN_POINT('',(0.,-5.));
#7730 = VECTOR('',#7731,1.);
#7731 = DIRECTION('',(1.,0.));
#7732 = ( GEOMETRIC_REPRESENTATION_CONTEXT(2) 
PARAMETRIC_REPRESENTATION_CONTEXT() REPRESENTATION_CONTEXT('2D SPACE',''
  ) );
#7733 = PCURVE('',#7559,#7734);
#7734 = DEFINITIONAL_REPRESENTATION('',(#7735),#7739);
#7735 = LINE('',#7736,#7737);
#7736 = CARTESIAN_POINT('',(0.,0.));
#7737 = VECTOR('',#7738,1.);
#7738 = DIRECTION('',(1.,0.));
#7739 = ( GEOMETRIC_REPRESENTATION_CONTEXT(2) 
PARAMETRIC_REPRESENTATION_CONTEXT() REPRESENTATION_CONTEXT('2D SPACE',''
  ) );
#7740 = ADVANCED_FACE('',(#7741),#3801,.T.);
#7741 = FACE_BOUND('',#7742,.T.);
#7742 = EDGE_LOOP('',(#7743,#7744,#7767,#7786));
#7743 = ORIENTED_EDGE('',*,*,#7671,.T.);
#7744 = ORIENTED_EDGE('',*,*,#7745,.T.);
#7745 = EDGE_CURVE('',#7672,#7746,#7748,.T.);
#7746 = VERTEX_POINT('',#7747);
#7747 = CARTESIAN_POINT('',(-26.,23.5,11.));
#7748 = SURFACE_CURVE('',#7749,(#7753,#7760),.PCURVE_S1.);
#7749 = LINE('',#7750,#7751);
#7750 = CARTESIAN_POINT('',(42.,23.5,11.));
#7751 = VECTOR('',#7752,1.);
#7752 = DIRECTION('',(-1.,-0.,-0.));
#7753 = PCURVE('',#3801,#7754);
#7754 = DEFINITIONAL_REPRESENTATION('',(#7755),#7759);
#7755 = LINE('',#7756,#7757);
#7756 = CARTESIAN_POINT('',(87.,48.5));
#7757 = VECTOR('',#7758,1.);
#7758 = DIRECTION('',(-1.,-0.));
#7759 = ( GEOMETRIC_REPRESENTATION_CONTEXT(2) 
PARAMETRIC_REPRESENTATION_CONTEXT() REPRESENTATION_CONTEXT('2D SPACE',''
  ) );
#7760 = PCURVE('',#5125,#7761);
#7761 = DEFINITIONAL_REPRESENTATION('',(#7762),#7766);
#7762 = LINE('',#7763,#7764);
#7763 = CARTESIAN_POINT('',(0.,0.));
#7764 = VECTOR('',#7765,1.);
#7765 = DIRECTION('',(0.,1.));
#7766 = ( GEOMETRIC_REPRESENTATION_CONTEXT(2) 
PARAMETRIC_REPRESENTATION_CONTEXT() REPRESENTATION_CONTEXT('2D SPACE',''
  ) );
#7767 = ORIENTED_EDGE('',*,*,#7768,.F.);
#7768 = EDGE_CURVE('',#3760,#7746,#7769,.T.);
#7769 = SURFACE_CURVE('',#7770,(#7774,#7780),.PCURVE_S1.);
#7770 = LINE('',#7771,#7772);
#7771 = CARTESIAN_POINT('',(-26.,-2.75,11.));
#7772 = VECTOR('',#7773,1.);
#7773 = DIRECTION('',(0.,1.,0.));
#7774 = PCURVE('',#3801,#7775);
#7775 = DEFINITIONAL_REPRESENTATION('',(#7776),#7779);
#7776 = B_SPLINE_CURVE_WITH_KNOTS('',1,(#7777,#7778),.UNSPECIFIED.,.F.,
  .F.,(2,2),(22.25,26.25),.PIECEWISE_BEZIER_KNOTS.);
#7777 = CARTESIAN_POINT('',(19.,44.5));
#7778 = CARTESIAN_POINT('',(19.,48.5));
#7779 = ( GEOMETRIC_REPRESENTATION_CONTEXT(2) 
PARAMETRIC_REPRESENTATION_CONTEXT() REPRESENTATION_CONTEXT('2D SPACE',''
  ) );
#7780 = PCURVE('',#3774,#7781);
#7781 = DEFINITIONAL_REPRESENTATION('',(#7782),#7785);
#7782 = B_SPLINE_CURVE_WITH_KNOTS('',1,(#7783,#7784),.UNSPECIFIED.,.F.,
  .F.,(2,2),(22.25,26.25),.PIECEWISE_BEZIER_KNOTS.);
#7783 = CARTESIAN_POINT('',(9.,0.));
#7784 = CARTESIAN_POINT('',(9.,-4.));
#7785 = ( GEOMETRIC_REPRESENTATION_CONTEXT(2) 
PARAMETRIC_REPRESENTATION_CONTEXT() REPRESENTATION_CONTEXT('2D SPACE',''
  ) );
#7786 = ORIENTED_EDGE('',*,*,#3785,.T.);
#7787 = ADVANCED_FACE('',(#7788),#3774,.T.);
#7788 = FACE_BOUND('',#7789,.T.);
#7789 = EDGE_LOOP('',(#7790,#7791,#7792,#7793,#7794,#7795,#7821));
#7790 = ORIENTED_EDGE('',*,*,#6390,.F.);
#7791 = ORIENTED_EDGE('',*,*,#6466,.F.);
#7792 = ORIENTED_EDGE('',*,*,#6438,.T.);
#7793 = ORIENTED_EDGE('',*,*,#3759,.F.);
#7794 = ORIENTED_EDGE('',*,*,#7768,.T.);
#7795 = ORIENTED_EDGE('',*,*,#7796,.T.);
#7796 = EDGE_CURVE('',#7746,#6320,#7797,.T.);
#7797 = SURFACE_CURVE('',#7798,(#7803,#7814),.PCURVE_S1.);
#7798 = CIRCLE('',#7799,1.5);
#7799 = AXIS2_PLACEMENT_3D('',#7800,#7801,#7802);
#7800 = CARTESIAN_POINT('',(-26.,23.5,9.5));
#7801 = DIRECTION('',(-1.,0.,-0.));
#7802 = DIRECTION('',(-0.,0.,1.));
#7803 = PCURVE('',#3774,#7804);
#7804 = DEFINITIONAL_REPRESENTATION('',(#7805),#7813);
#7805 = ( BOUNDED_CURVE() B_SPLINE_CURVE(2,(#7806,#7807,#7808,#7809,
#7810,#7811,#7812),.UNSPECIFIED.,.T.,.F.) B_SPLINE_CURVE_WITH_KNOTS((1,2
    ,2,2,2,1),(-2.094395102393,0.,2.094395102393,4.188790204786,
6.28318530718,8.377580409573),.UNSPECIFIED.) CURVE() 
GEOMETRIC_REPRESENTATION_ITEM() RATIONAL_B_SPLINE_CURVE((1.,0.5,1.,0.5,
1.,0.5,1.)) REPRESENTATION_ITEM('') );
#7806 = CARTESIAN_POINT('',(9.,-4.));
#7807 = CARTESIAN_POINT('',(9.,-6.598076211353));
#7808 = CARTESIAN_POINT('',(6.75,-5.299038105677));
#7809 = CARTESIAN_POINT('',(4.5,-4.));
#7810 = CARTESIAN_POINT('',(6.75,-2.700961894323));
#7811 = CARTESIAN_POINT('',(9.,-1.401923788647));
#7812 = CARTESIAN_POINT('',(9.,-4.));
#7813 = ( GEOMETRIC_REPRESENTATION_CONTEXT(2) 
PARAMETRIC_REPRESENTATION_CONTEXT() REPRESENTATION_CONTEXT('2D SPACE',''
  ) );
#7814 = PCURVE('',#5125,#7815);
#7815 = DEFINITIONAL_REPRESENTATION('',(#7816),#7820);
#7816 = LINE('',#7817,#7818);
#7817 = CARTESIAN_POINT('',(0.,68.));
#7818 = VECTOR('',#7819,1.);
#7819 = DIRECTION('',(1.,0.));
#7820 = ( GEOMETRIC_REPRESENTATION_CONTEXT(2) 
PARAMETRIC_REPRESENTATION_CONTEXT() REPRESENTATION_CONTEXT('2D SPACE',''
  ) );
#7821 = ORIENTED_EDGE('',*,*,#6319,.T.);
#7822 = ADVANCED_FACE('',(#7823),#4682,.T.);
#7823 = FACE_BOUND('',#7824,.F.);
#7824 = EDGE_LOOP('',(#7825,#7826,#7848,#7849));
#7825 = ORIENTED_EDGE('',*,*,#4667,.F.);
#7826 = ORIENTED_EDGE('',*,*,#7827,.T.);
#7827 = EDGE_CURVE('',#4668,#4694,#7828,.T.);
#7828 = SURFACE_CURVE('',#7829,(#7834,#7841),.PCURVE_S1.);
#7829 = CIRCLE('',#7830,8.5);
#7830 = AXIS2_PLACEMENT_3D('',#7831,#7832,#7833);
#7831 = CARTESIAN_POINT('',(-30.,-25.5,-6.5));
#7832 = DIRECTION('',(0.,0.,1.));
#7833 = DIRECTION('',(1.,0.,0.));
#7834 = PCURVE('',#4682,#7835);
#7835 = DEFINITIONAL_REPRESENTATION('',(#7836),#7840);
#7836 = LINE('',#7837,#7838);
#7837 = CARTESIAN_POINT('',(-0.,-8.));
#7838 = VECTOR('',#7839,1.);
#7839 = DIRECTION('',(-1.,0.));
#7840 = ( GEOMETRIC_REPRESENTATION_CONTEXT(2) 
PARAMETRIC_REPRESENTATION_CONTEXT() REPRESENTATION_CONTEXT('2D SPACE',''
  ) );
#7841 = PCURVE('',#4708,#7842);
#7842 = DEFINITIONAL_REPRESENTATION('',(#7843),#7847);
#7843 = CIRCLE('',#7844,8.5);
#7844 = AXIS2_PLACEMENT_2D('',#7845,#7846);
#7845 = CARTESIAN_POINT('',(-3.552713678801E-15,0.));
#7846 = DIRECTION('',(1.,0.));
#7847 = ( GEOMETRIC_REPRESENTATION_CONTEXT(2) 
PARAMETRIC_REPRESENTATION_CONTEXT() REPRESENTATION_CONTEXT('2D SPACE',''
  ) );
#7848 = ORIENTED_EDGE('',*,*,#4719,.T.);
#7849 = ORIENTED_EDGE('',*,*,#6493,.T.);
#7850 = ADVANCED_FACE('',(#7851),#4708,.T.);
#7851 = FACE_BOUND('',#7852,.T.);
#7852 = EDGE_LOOP('',(#7853,#7854));
#7853 = ORIENTED_EDGE('',*,*,#4693,.T.);
#7854 = ORIENTED_EDGE('',*,*,#7827,.T.);
#7855 = ADVANCED_FACE('',(#7856),#4586,.T.);
#7856 = FACE_BOUND('',#7857,.F.);
#7857 = EDGE_LOOP('',(#7858,#7859,#7881,#7882));
#7858 = ORIENTED_EDGE('',*,*,#4571,.F.);
#7859 = ORIENTED_EDGE('',*,*,#7860,.T.);
#7860 = EDGE_CURVE('',#4572,#4598,#7861,.T.);
#7861 = SURFACE_CURVE('',#7862,(#7867,#7874),.PCURVE_S1.);
#7862 = CIRCLE('',#7863,8.5);
#7863 = AXIS2_PLACEMENT_3D('',#7864,#7865,#7866);
#7864 = CARTESIAN_POINT('',(30.,-25.5,-6.5));
#7865 = DIRECTION('',(0.,0.,1.));
#7866 = DIRECTION('',(1.,0.,0.));
#7867 = PCURVE('',#4586,#7868);
#7868 = DEFINITIONAL_REPRESENTATION('',(#7869),#7873);
#7869 = LINE('',#7870,#7871);
#7870 = CARTESIAN_POINT('',(-0.,-8.));
#7871 = VECTOR('',#7872,1.);
#7872 = DIRECTION('',(-1.,0.));
#7873 = ( GEOMETRIC_REPRESENTATION_CONTEXT(2) 
PARAMETRIC_REPRESENTATION_CONTEXT() REPRESENTATION_CONTEXT('2D SPACE',''
  ) );
#7874 = PCURVE('',#4612,#7875);
#7875 = DEFINITIONAL_REPRESENTATION('',(#7876),#7880);
#7876 = CIRCLE('',#7877,8.5);
#7877 = AXIS2_PLACEMENT_2D('',#7878,#7879);
#7878 = CARTESIAN_POINT('',(3.552713678801E-15,-7.105427357601E-15));
#7879 = DIRECTION('',(1.,0.));
#7880 = ( GEOMETRIC_REPRESENTATION_CONTEXT(2) 
PARAMETRIC_REPRESENTATION_CONTEXT() REPRESENTATION_CONTEXT('2D SPACE',''
  ) );
#7881 = ORIENTED_EDGE('',*,*,#4623,.T.);
#7882 = ORIENTED_EDGE('',*,*,#6520,.T.);
#7883 = ADVANCED_FACE('',(#7884),#4612,.T.);
#7884 = FACE_BOUND('',#7885,.T.);
#7885 = EDGE_LOOP('',(#7886,#7887));
#7886 = ORIENTED_EDGE('',*,*,#4597,.T.);
#7887 = ORIENTED_EDGE('',*,*,#7860,.T.);
#7888 = ADVANCED_FACE('',(#7889),#4536,.F.);
#7889 = FACE_BOUND('',#7890,.T.);
#7890 = EDGE_LOOP('',(#7891,#7892,#7893,#7894));
#7891 = ORIENTED_EDGE('',*,*,#6547,.T.);
#7892 = ORIENTED_EDGE('',*,*,#4520,.T.);
#7893 = ORIENTED_EDGE('',*,*,#7293,.F.);
#7894 = ORIENTED_EDGE('',*,*,#7895,.F.);
#7895 = EDGE_CURVE('',#6548,#7271,#7896,.T.);
#7896 = SURFACE_CURVE('',#7897,(#7901,#7908),.PCURVE_S1.);
#7897 = LINE('',#7898,#7899);
#7898 = CARTESIAN_POINT('',(42.,-20.,-8.));
#7899 = VECTOR('',#7900,1.);
#7900 = DIRECTION('',(0.,0.,1.));
#7901 = PCURVE('',#4536,#7902);
#7902 = DEFINITIONAL_REPRESENTATION('',(#7903),#7907);
#7903 = LINE('',#7904,#7905);
#7904 = CARTESIAN_POINT('',(-0.,0.));
#7905 = VECTOR('',#7906,1.);
#7906 = DIRECTION('',(-0.,1.));
#7907 = ( GEOMETRIC_REPRESENTATION_CONTEXT(2) 
PARAMETRIC_REPRESENTATION_CONTEXT() REPRESENTATION_CONTEXT('2D SPACE',''
  ) );
#7908 = PCURVE('',#6591,#7909);
#7909 = DEFINITIONAL_REPRESENTATION('',(#7910),#7914);
#7910 = LINE('',#7911,#7912);
#7911 = CARTESIAN_POINT('',(0.,-2.));
#7912 = VECTOR('',#7913,1.);
#7913 = DIRECTION('',(1.,0.));
#7914 = ( GEOMETRIC_REPRESENTATION_CONTEXT(2) 
PARAMETRIC_REPRESENTATION_CONTEXT() REPRESENTATION_CONTEXT('2D SPACE',''
  ) );
#7915 = ADVANCED_FACE('',(#7916),#4486,.T.);
#7916 = FACE_BOUND('',#7917,.T.);
#7917 = EDGE_LOOP('',(#7918,#7943,#7965,#7966,#7967,#7990,#8018));
#7918 = ORIENTED_EDGE('',*,*,#7919,.F.);
#7919 = EDGE_CURVE('',#7920,#7922,#7924,.T.);
#7920 = VERTEX_POINT('',#7921);
#7921 = CARTESIAN_POINT('',(34.,-24.5,10.61803398875));
#7922 = VERTEX_POINT('',#7923);
#7923 = CARTESIAN_POINT('',(34.,-24.5,14.));
#7924 = SURFACE_CURVE('',#7925,(#7929,#7936),.PCURVE_S1.);
#7925 = LINE('',#7926,#7927);
#7926 = CARTESIAN_POINT('',(34.,-24.5,2.));
#7927 = VECTOR('',#7928,1.);
#7928 = DIRECTION('',(0.,0.,1.));
#7929 = PCURVE('',#4486,#7930);
#7930 = DEFINITIONAL_REPRESENTATION('',(#7931),#7935);
#7931 = LINE('',#7932,#7933);
#7932 = CARTESIAN_POINT('',(0.,0.));
#7933 = VECTOR('',#7934,1.);
#7934 = DIRECTION('',(1.,0.));
#7935 = ( GEOMETRIC_REPRESENTATION_CONTEXT(2) 
PARAMETRIC_REPRESENTATION_CONTEXT() REPRESENTATION_CONTEXT('2D SPACE',''
  ) );
#7936 = PCURVE('',#5557,#7937);
#7937 = DEFINITIONAL_REPRESENTATION('',(#7938),#7942);
#7938 = LINE('',#7939,#7940);
#7939 = CARTESIAN_POINT('',(0.,8.));
#7940 = VECTOR('',#7941,1.);
#7941 = DIRECTION('',(1.,0.));
#7942 = ( GEOMETRIC_REPRESENTATION_CONTEXT(2) 
PARAMETRIC_REPRESENTATION_CONTEXT() REPRESENTATION_CONTEXT('2D SPACE',''
  ) );
#7943 = ORIENTED_EDGE('',*,*,#7944,.F.);
#7944 = EDGE_CURVE('',#7321,#7920,#7945,.T.);
#7945 = SURFACE_CURVE('',#7946,(#7951,#7958),.PCURVE_S1.);
#7946 = CIRCLE('',#7947,1.5);
#7947 = AXIS2_PLACEMENT_3D('',#7948,#7949,#7950);
#7948 = CARTESIAN_POINT('',(34.,-23.5,9.5));
#7949 = DIRECTION('',(1.,0.,-0.));
#7950 = DIRECTION('',(0.,0.,1.));
#7951 = PCURVE('',#4486,#7952);
#7952 = DEFINITIONAL_REPRESENTATION('',(#7953),#7957);
#7953 = CIRCLE('',#7954,1.5);
#7954 = AXIS2_PLACEMENT_2D('',#7955,#7956);
#7955 = CARTESIAN_POINT('',(7.5,-1.));
#7956 = DIRECTION('',(1.,0.));
#7957 = ( GEOMETRIC_REPRESENTATION_CONTEXT(2) 
PARAMETRIC_REPRESENTATION_CONTEXT() REPRESENTATION_CONTEXT('2D SPACE',''
  ) );
#7958 = PCURVE('',#5780,#7959);
#7959 = DEFINITIONAL_REPRESENTATION('',(#7960),#7964);
#7960 = LINE('',#7961,#7962);
#7961 = CARTESIAN_POINT('',(0.,76.));
#7962 = VECTOR('',#7963,1.);
#7963 = DIRECTION('',(1.,0.));
#7964 = ( GEOMETRIC_REPRESENTATION_CONTEXT(2) 
PARAMETRIC_REPRESENTATION_CONTEXT() REPRESENTATION_CONTEXT('2D SPACE',''
  ) );
#7965 = ORIENTED_EDGE('',*,*,#7320,.T.);
#7966 = ORIENTED_EDGE('',*,*,#4471,.T.);
#7967 = ORIENTED_EDGE('',*,*,#7968,.T.);
#7968 = EDGE_CURVE('',#4446,#7969,#7971,.T.);
#7969 = VERTEX_POINT('',#7970);
#7970 = CARTESIAN_POINT('',(34.,-19.5,2.));
#7971 = SURFACE_CURVE('',#7972,(#7976,#7983),.PCURVE_S1.);
#7972 = LINE('',#7973,#7974);
#7973 = CARTESIAN_POINT('',(34.,-24.5,2.));
#7974 = VECTOR('',#7975,1.);
#7975 = DIRECTION('',(0.,1.,0.));
#7976 = PCURVE('',#4486,#7977);
#7977 = DEFINITIONAL_REPRESENTATION('',(#7978),#7982);
#7978 = LINE('',#7979,#7980);
#7979 = CARTESIAN_POINT('',(0.,0.));
#7980 = VECTOR('',#7981,1.);
#7981 = DIRECTION('',(0.,-1.));
#7982 = ( GEOMETRIC_REPRESENTATION_CONTEXT(2) 
PARAMETRIC_REPRESENTATION_CONTEXT() REPRESENTATION_CONTEXT('2D SPACE',''
  ) );
#7983 = PCURVE('',#4460,#7984);
#7984 = DEFINITIONAL_REPRESENTATION('',(#7985),#7989);
#7985 = LINE('',#7986,#7987);
#7986 = CARTESIAN_POINT('',(8.,0.));
#7987 = VECTOR('',#7988,1.);
#7988 = DIRECTION('',(0.,1.));
#7989 = ( GEOMETRIC_REPRESENTATION_CONTEXT(2) 
PARAMETRIC_REPRESENTATION_CONTEXT() REPRESENTATION_CONTEXT('2D SPACE',''
  ) );
#7990 = ORIENTED_EDGE('',*,*,#7991,.T.);
#7991 = EDGE_CURVE('',#7969,#7992,#7994,.T.);
#7992 = VERTEX_POINT('',#7993);
#7993 = CARTESIAN_POINT('',(34.,-19.5,14.));
#7994 = SURFACE_CURVE('',#7995,(#7999,#8006),.PCURVE_S1.);
#7995 = LINE('',#7996,#7997);
#7996 = CARTESIAN_POINT('',(34.,-19.5,2.));
#7997 = VECTOR('',#7998,1.);
#7998 = DIRECTION('',(0.,0.,1.));
#7999 = PCURVE('',#4486,#8000);
#8000 = DEFINITIONAL_REPRESENTATION('',(#8001),#8005);
#8001 = LINE('',#8002,#8003);
#8002 = CARTESIAN_POINT('',(0.,-5.));
#8003 = VECTOR('',#8004,1.);
#8004 = DIRECTION('',(1.,0.));
#8005 = ( GEOMETRIC_REPRESENTATION_CONTEXT(2) 
PARAMETRIC_REPRESENTATION_CONTEXT() REPRESENTATION_CONTEXT('2D SPACE',''
  ) );
#8006 = PCURVE('',#8007,#8012);
#8007 = PLANE('',#8008);
#8008 = AXIS2_PLACEMENT_3D('',#8009,#8010,#8011);
#8009 = CARTESIAN_POINT('',(26.,-19.5,2.));
#8010 = DIRECTION('',(0.,1.,0.));
#8011 = DIRECTION('',(0.,0.,1.));
#8012 = DEFINITIONAL_REPRESENTATION('',(#8013),#8017);
#8013 = LINE('',#8014,#8015);
#8014 = CARTESIAN_POINT('',(0.,8.));
#8015 = VECTOR('',#8016,1.);
#8016 = DIRECTION('',(1.,0.));
#8017 = ( GEOMETRIC_REPRESENTATION_CONTEXT(2) 
PARAMETRIC_REPRESENTATION_CONTEXT() REPRESENTATION_CONTEXT('2D SPACE',''
  ) );
#8018 = ORIENTED_EDGE('',*,*,#8019,.F.);
#8019 = EDGE_CURVE('',#7922,#7992,#8020,.T.);
#8020 = SURFACE_CURVE('',#8021,(#8025,#8032),.PCURVE_S1.);
#8021 = LINE('',#8022,#8023);
#8022 = CARTESIAN_POINT('',(34.,-24.5,14.));
#8023 = VECTOR('',#8024,1.);
#8024 = DIRECTION('',(0.,1.,0.));
#8025 = PCURVE('',#4486,#8026);
#8026 = DEFINITIONAL_REPRESENTATION('',(#8027),#8031);
#8027 = LINE('',#8028,#8029);
#8028 = CARTESIAN_POINT('',(12.,0.));
#8029 = VECTOR('',#8030,1.);
#8030 = DIRECTION('',(0.,-1.));
#8031 = ( GEOMETRIC_REPRESENTATION_CONTEXT(2) 
PARAMETRIC_REPRESENTATION_CONTEXT() REPRESENTATION_CONTEXT('2D SPACE',''
  ) );
#8032 = PCURVE('',#8033,#8038);
#8033 = PLANE('',#8034);
#8034 = AXIS2_PLACEMENT_3D('',#8035,#8036,#8037);
#8035 = CARTESIAN_POINT('',(26.,-24.5,14.));
#8036 = DIRECTION('',(0.,0.,1.));
#8037 = DIRECTION('',(1.,0.,0.));
#8038 = DEFINITIONAL_REPRESENTATION('',(#8039),#8043);
#8039 = LINE('',#8040,#8041);
#8040 = CARTESIAN_POINT('',(8.,0.));
#8041 = VECTOR('',#8042,1.);
#8042 = DIRECTION('',(0.,1.));
#8043 = ( GEOMETRIC_REPRESENTATION_CONTEXT(2) 
PARAMETRIC_REPRESENTATION_CONTEXT() REPRESENTATION_CONTEXT('2D SPACE',''
  ) );
#8044 = ADVANCED_FACE('',(#8045),#4460,.F.);
#8045 = FACE_BOUND('',#8046,.F.);
#8046 = EDGE_LOOP('',(#8047,#8070,#8071,#8072));
#8047 = ORIENTED_EDGE('',*,*,#8048,.F.);
#8048 = EDGE_CURVE('',#4420,#8049,#8051,.T.);
#8049 = VERTEX_POINT('',#8050);
#8050 = CARTESIAN_POINT('',(26.,-19.5,2.));
#8051 = SURFACE_CURVE('',#8052,(#8056,#8063),.PCURVE_S1.);
#8052 = LINE('',#8053,#8054);
#8053 = CARTESIAN_POINT('',(26.,-24.5,2.));
#8054 = VECTOR('',#8055,1.);
#8055 = DIRECTION('',(0.,1.,0.));
#8056 = PCURVE('',#4460,#8057);
#8057 = DEFINITIONAL_REPRESENTATION('',(#8058),#8062);
#8058 = LINE('',#8059,#8060);
#8059 = CARTESIAN_POINT('',(0.,0.));
#8060 = VECTOR('',#8061,1.);
#8061 = DIRECTION('',(0.,1.));
#8062 = ( GEOMETRIC_REPRESENTATION_CONTEXT(2) 
PARAMETRIC_REPRESENTATION_CONTEXT() REPRESENTATION_CONTEXT('2D SPACE',''
  ) );
#8063 = PCURVE('',#4434,#8064);
#8064 = DEFINITIONAL_REPRESENTATION('',(#8065),#8069);
#8065 = LINE('',#8066,#8067);
#8066 = CARTESIAN_POINT('',(0.,0.));
#8067 = VECTOR('',#8068,1.);
#8068 = DIRECTION('',(0.,-1.));
#8069 = ( GEOMETRIC_REPRESENTATION_CONTEXT(2) 
PARAMETRIC_REPRESENTATION_CONTEXT() REPRESENTATION_CONTEXT('2D SPACE',''
  ) );
#8070 = ORIENTED_EDGE('',*,*,#4445,.T.);
#8071 = ORIENTED_EDGE('',*,*,#7968,.T.);
#8072 = ORIENTED_EDGE('',*,*,#8073,.F.);
#8073 = EDGE_CURVE('',#8049,#7969,#8074,.T.);
#8074 = SURFACE_CURVE('',#8075,(#8079,#8086),.PCURVE_S1.);
#8075 = LINE('',#8076,#8077);
#8076 = CARTESIAN_POINT('',(26.,-19.5,2.));
#8077 = VECTOR('',#8078,1.);
#8078 = DIRECTION('',(1.,0.,0.));
#8079 = PCURVE('',#4460,#8080);
#8080 = DEFINITIONAL_REPRESENTATION('',(#8081),#8085);
#8081 = LINE('',#8082,#8083);
#8082 = CARTESIAN_POINT('',(0.,5.));
#8083 = VECTOR('',#8084,1.);
#8084 = DIRECTION('',(1.,0.));
#8085 = ( GEOMETRIC_REPRESENTATION_CONTEXT(2) 
PARAMETRIC_REPRESENTATION_CONTEXT() REPRESENTATION_CONTEXT('2D SPACE',''
  ) );
#8086 = PCURVE('',#8007,#8087);
#8087 = DEFINITIONAL_REPRESENTATION('',(#8088),#8092);
#8088 = LINE('',#8089,#8090);
#8089 = CARTESIAN_POINT('',(0.,0.));
#8090 = VECTOR('',#8091,1.);
#8091 = DIRECTION('',(0.,1.));
#8092 = ( GEOMETRIC_REPRESENTATION_CONTEXT(2) 
PARAMETRIC_REPRESENTATION_CONTEXT() REPRESENTATION_CONTEXT('2D SPACE',''
  ) );
#8093 = ADVANCED_FACE('',(#8094),#4434,.F.);
#8094 = FACE_BOUND('',#8095,.F.);
#8095 = EDGE_LOOP('',(#8096,#8119,#8120,#8139,#8140,#8141,#8164));
#8096 = ORIENTED_EDGE('',*,*,#8097,.F.);
#8097 = EDGE_CURVE('',#5543,#8098,#8100,.T.);
#8098 = VERTEX_POINT('',#8099);
#8099 = CARTESIAN_POINT('',(26.,-24.5,14.));
#8100 = SURFACE_CURVE('',#8101,(#8105,#8112),.PCURVE_S1.);
#8101 = LINE('',#8102,#8103);
#8102 = CARTESIAN_POINT('',(26.,-24.5,2.));
#8103 = VECTOR('',#8104,1.);
#8104 = DIRECTION('',(0.,0.,1.));
#8105 = PCURVE('',#4434,#8106);
#8106 = DEFINITIONAL_REPRESENTATION('',(#8107),#8111);
#8107 = LINE('',#8108,#8109);
#8108 = CARTESIAN_POINT('',(0.,0.));
#8109 = VECTOR('',#8110,1.);
#8110 = DIRECTION('',(1.,0.));
#8111 = ( GEOMETRIC_REPRESENTATION_CONTEXT(2) 
PARAMETRIC_REPRESENTATION_CONTEXT() REPRESENTATION_CONTEXT('2D SPACE',''
  ) );
#8112 = PCURVE('',#5557,#8113);
#8113 = DEFINITIONAL_REPRESENTATION('',(#8114),#8118);
#8114 = LINE('',#8115,#8116);
#8115 = CARTESIAN_POINT('',(0.,0.));
#8116 = VECTOR('',#8117,1.);
#8117 = DIRECTION('',(1.,0.));
#8118 = ( GEOMETRIC_REPRESENTATION_CONTEXT(2) 
PARAMETRIC_REPRESENTATION_CONTEXT() REPRESENTATION_CONTEXT('2D SPACE',''
  ) );
#8119 = ORIENTED_EDGE('',*,*,#5568,.F.);
#8120 = ORIENTED_EDGE('',*,*,#8121,.T.);
#8121 = EDGE_CURVE('',#5400,#4392,#8122,.T.);
#8122 = SURFACE_CURVE('',#8123,(#8127,#8133),.PCURVE_S1.);
#8123 = LINE('',#8124,#8125);
#8124 = CARTESIAN_POINT('',(26.,-24.75,11.));
#8125 = VECTOR('',#8126,1.);
#8126 = DIRECTION('',(0.,1.,0.));
#8127 = PCURVE('',#4434,#8128);
#8128 = DEFINITIONAL_REPRESENTATION('',(#8129),#8132);
#8129 = B_SPLINE_CURVE_WITH_KNOTS('',1,(#8130,#8131),.UNSPECIFIED.,.F.,
  .F.,(2,2),(1.25,5.25),.PIECEWISE_BEZIER_KNOTS.);
#8130 = CARTESIAN_POINT('',(9.,-1.));
#8131 = CARTESIAN_POINT('',(9.,-5.));
#8132 = ( GEOMETRIC_REPRESENTATION_CONTEXT(2) 
PARAMETRIC_REPRESENTATION_CONTEXT() REPRESENTATION_CONTEXT('2D SPACE',''
  ) );
#8133 = PCURVE('',#4407,#8134);
#8134 = DEFINITIONAL_REPRESENTATION('',(#8135),#8138);
#8135 = B_SPLINE_CURVE_WITH_KNOTS('',1,(#8136,#8137),.UNSPECIFIED.,.F.,
  .F.,(2,2),(1.25,5.25),.PIECEWISE_BEZIER_KNOTS.);
#8136 = CARTESIAN_POINT('',(71.,1.5));
#8137 = CARTESIAN_POINT('',(71.,5.5));
#8138 = ( GEOMETRIC_REPRESENTATION_CONTEXT(2) 
PARAMETRIC_REPRESENTATION_CONTEXT() REPRESENTATION_CONTEXT('2D SPACE',''
  ) );
#8139 = ORIENTED_EDGE('',*,*,#4419,.T.);
#8140 = ORIENTED_EDGE('',*,*,#8048,.T.);
#8141 = ORIENTED_EDGE('',*,*,#8142,.T.);
#8142 = EDGE_CURVE('',#8049,#8143,#8145,.T.);
#8143 = VERTEX_POINT('',#8144);
#8144 = CARTESIAN_POINT('',(26.,-19.5,14.));
#8145 = SURFACE_CURVE('',#8146,(#8150,#8157),.PCURVE_S1.);
#8146 = LINE('',#8147,#8148);
#8147 = CARTESIAN_POINT('',(26.,-19.5,2.));
#8148 = VECTOR('',#8149,1.);
#8149 = DIRECTION('',(0.,0.,1.));
#8150 = PCURVE('',#4434,#8151);
#8151 = DEFINITIONAL_REPRESENTATION('',(#8152),#8156);
#8152 = LINE('',#8153,#8154);
#8153 = CARTESIAN_POINT('',(0.,-5.));
#8154 = VECTOR('',#8155,1.);
#8155 = DIRECTION('',(1.,0.));
#8156 = ( GEOMETRIC_REPRESENTATION_CONTEXT(2) 
PARAMETRIC_REPRESENTATION_CONTEXT() REPRESENTATION_CONTEXT('2D SPACE',''
  ) );
#8157 = PCURVE('',#8007,#8158);
#8158 = DEFINITIONAL_REPRESENTATION('',(#8159),#8163);
#8159 = LINE('',#8160,#8161);
#8160 = CARTESIAN_POINT('',(0.,0.));
#8161 = VECTOR('',#8162,1.);
#8162 = DIRECTION('',(1.,0.));
#8163 = ( GEOMETRIC_REPRESENTATION_CONTEXT(2) 
PARAMETRIC_REPRESENTATION_CONTEXT() REPRESENTATION_CONTEXT('2D SPACE',''
  ) );
#8164 = ORIENTED_EDGE('',*,*,#8165,.F.);
#8165 = EDGE_CURVE('',#8098,#8143,#8166,.T.);
#8166 = SURFACE_CURVE('',#8167,(#8171,#8178),.PCURVE_S1.);
#8167 = LINE('',#8168,#8169);
#8168 = CARTESIAN_POINT('',(26.,-24.5,14.));
#8169 = VECTOR('',#8170,1.);
#8170 = DIRECTION('',(0.,1.,0.));
#8171 = PCURVE('',#4434,#8172);
#8172 = DEFINITIONAL_REPRESENTATION('',(#8173),#8177);
#8173 = LINE('',#8174,#8175);
#8174 = CARTESIAN_POINT('',(12.,0.));
#8175 = VECTOR('',#8176,1.);
#8176 = DIRECTION('',(0.,-1.));
#8177 = ( GEOMETRIC_REPRESENTATION_CONTEXT(2) 
PARAMETRIC_REPRESENTATION_CONTEXT() REPRESENTATION_CONTEXT('2D SPACE',''
  ) );
#8178 = PCURVE('',#8033,#8179);
#8179 = DEFINITIONAL_REPRESENTATION('',(#8180),#8184);
#8180 = LINE('',#8181,#8182);
#8181 = CARTESIAN_POINT('',(0.,0.));
#8182 = VECTOR('',#8183,1.);
#8183 = DIRECTION('',(0.,1.));
#8184 = ( GEOMETRIC_REPRESENTATION_CONTEXT(2) 
PARAMETRIC_REPRESENTATION_CONTEXT() REPRESENTATION_CONTEXT('2D SPACE',''
  ) );
#8185 = ADVANCED_FACE('',(#8186),#4407,.T.);
#8186 = FACE_BOUND('',#8187,.T.);
#8187 = EDGE_LOOP('',(#8188,#8189,#8190,#8209));
#8188 = ORIENTED_EDGE('',*,*,#8121,.T.);
#8189 = ORIENTED_EDGE('',*,*,#4391,.F.);
#8190 = ORIENTED_EDGE('',*,*,#8191,.F.);
#8191 = EDGE_CURVE('',#5398,#4366,#8192,.T.);
#8192 = SURFACE_CURVE('',#8193,(#8197,#8203),.PCURVE_S1.);
#8193 = LINE('',#8194,#8195);
#8194 = CARTESIAN_POINT('',(-26.,-24.75,11.));
#8195 = VECTOR('',#8196,1.);
#8196 = DIRECTION('',(0.,1.,0.));
#8197 = PCURVE('',#4407,#8198);
#8198 = DEFINITIONAL_REPRESENTATION('',(#8199),#8202);
#8199 = B_SPLINE_CURVE_WITH_KNOTS('',1,(#8200,#8201),.UNSPECIFIED.,.F.,
  .F.,(2,2),(1.25,5.25),.PIECEWISE_BEZIER_KNOTS.);
#8200 = CARTESIAN_POINT('',(19.,1.5));
#8201 = CARTESIAN_POINT('',(19.,5.5));
#8202 = ( GEOMETRIC_REPRESENTATION_CONTEXT(2) 
PARAMETRIC_REPRESENTATION_CONTEXT() REPRESENTATION_CONTEXT('2D SPACE',''
  ) );
#8203 = PCURVE('',#4380,#8204);
#8204 = DEFINITIONAL_REPRESENTATION('',(#8205),#8208);
#8205 = B_SPLINE_CURVE_WITH_KNOTS('',1,(#8206,#8207),.UNSPECIFIED.,.F.,
  .F.,(2,2),(1.25,5.25),.PIECEWISE_BEZIER_KNOTS.);
#8206 = CARTESIAN_POINT('',(9.,-1.));
#8207 = CARTESIAN_POINT('',(9.,-5.));
#8208 = ( GEOMETRIC_REPRESENTATION_CONTEXT(2) 
PARAMETRIC_REPRESENTATION_CONTEXT() REPRESENTATION_CONTEXT('2D SPACE',''
  ) );
#8209 = ORIENTED_EDGE('',*,*,#5397,.T.);
#8210 = ADVANCED_FACE('',(#8211),#4380,.T.);
#8211 = FACE_BOUND('',#8212,.T.);
#8212 = EDGE_LOOP('',(#8213,#8214,#8215,#8216,#8217,#8240,#8263));
#8213 = ORIENTED_EDGE('',*,*,#5231,.F.);
#8214 = ORIENTED_EDGE('',*,*,#5422,.F.);
#8215 = ORIENTED_EDGE('',*,*,#8191,.T.);
#8216 = ORIENTED_EDGE('',*,*,#4365,.T.);
#8217 = ORIENTED_EDGE('',*,*,#8218,.T.);
#8218 = EDGE_CURVE('',#4340,#8219,#8221,.T.);
#8219 = VERTEX_POINT('',#8220);
#8220 = CARTESIAN_POINT('',(-26.,-19.5,2.));
#8221 = SURFACE_CURVE('',#8222,(#8226,#8233),.PCURVE_S1.);
#8222 = LINE('',#8223,#8224);
#8223 = CARTESIAN_POINT('',(-26.,-24.5,2.));
#8224 = VECTOR('',#8225,1.);
#8225 = DIRECTION('',(0.,1.,0.));
#8226 = PCURVE('',#4380,#8227);
#8227 = DEFINITIONAL_REPRESENTATION('',(#8228),#8232);
#8228 = LINE('',#8229,#8230);
#8229 = CARTESIAN_POINT('',(0.,0.));
#8230 = VECTOR('',#8231,1.);
#8231 = DIRECTION('',(0.,-1.));
#8232 = ( GEOMETRIC_REPRESENTATION_CONTEXT(2) 
PARAMETRIC_REPRESENTATION_CONTEXT() REPRESENTATION_CONTEXT('2D SPACE',''
  ) );
#8233 = PCURVE('',#4354,#8234);
#8234 = DEFINITIONAL_REPRESENTATION('',(#8235),#8239);
#8235 = LINE('',#8236,#8237);
#8236 = CARTESIAN_POINT('',(8.,0.));
#8237 = VECTOR('',#8238,1.);
#8238 = DIRECTION('',(0.,1.));
#8239 = ( GEOMETRIC_REPRESENTATION_CONTEXT(2) 
PARAMETRIC_REPRESENTATION_CONTEXT() REPRESENTATION_CONTEXT('2D SPACE',''
  ) );
#8240 = ORIENTED_EDGE('',*,*,#8241,.T.);
#8241 = EDGE_CURVE('',#8219,#8242,#8244,.T.);
#8242 = VERTEX_POINT('',#8243);
#8243 = CARTESIAN_POINT('',(-26.,-19.5,14.));
#8244 = SURFACE_CURVE('',#8245,(#8249,#8256),.PCURVE_S1.);
#8245 = LINE('',#8246,#8247);
#8246 = CARTESIAN_POINT('',(-26.,-19.5,2.));
#8247 = VECTOR('',#8248,1.);
#8248 = DIRECTION('',(0.,0.,1.));
#8249 = PCURVE('',#4380,#8250);
#8250 = DEFINITIONAL_REPRESENTATION('',(#8251),#8255);
#8251 = LINE('',#8252,#8253);
#8252 = CARTESIAN_POINT('',(0.,-5.));
#8253 = VECTOR('',#8254,1.);
#8254 = DIRECTION('',(1.,0.));
#8255 = ( GEOMETRIC_REPRESENTATION_CONTEXT(2) 
PARAMETRIC_REPRESENTATION_CONTEXT() REPRESENTATION_CONTEXT('2D SPACE',''
  ) );
#8256 = PCURVE('',#4806,#8257);
#8257 = DEFINITIONAL_REPRESENTATION('',(#8258),#8262);
#8258 = LINE('',#8259,#8260);
#8259 = CARTESIAN_POINT('',(0.,8.));
#8260 = VECTOR('',#8261,1.);
#8261 = DIRECTION('',(1.,0.));
#8262 = ( GEOMETRIC_REPRESENTATION_CONTEXT(2) 
PARAMETRIC_REPRESENTATION_CONTEXT() REPRESENTATION_CONTEXT('2D SPACE',''
  ) );
#8263 = ORIENTED_EDGE('',*,*,#8264,.F.);
#8264 = EDGE_CURVE('',#5209,#8242,#8265,.T.);
#8265 = SURFACE_CURVE('',#8266,(#8270,#8277),.PCURVE_S1.);
#8266 = LINE('',#8267,#8268);
#8267 = CARTESIAN_POINT('',(-26.,-24.5,14.));
#8268 = VECTOR('',#8269,1.);
#8269 = DIRECTION('',(0.,1.,0.));
#8270 = PCURVE('',#4380,#8271);
#8271 = DEFINITIONAL_REPRESENTATION('',(#8272),#8276);
#8272 = LINE('',#8273,#8274);
#8273 = CARTESIAN_POINT('',(12.,0.));
#8274 = VECTOR('',#8275,1.);
#8275 = DIRECTION('',(0.,-1.));
#8276 = ( GEOMETRIC_REPRESENTATION_CONTEXT(2) 
PARAMETRIC_REPRESENTATION_CONTEXT() REPRESENTATION_CONTEXT('2D SPACE',''
  ) );
#8277 = PCURVE('',#4832,#8278);
#8278 = DEFINITIONAL_REPRESENTATION('',(#8279),#8283);
#8279 = LINE('',#8280,#8281);
#8280 = CARTESIAN_POINT('',(8.,0.));
#8281 = VECTOR('',#8282,1.);
#8282 = DIRECTION('',(0.,1.));
#8283 = ( GEOMETRIC_REPRESENTATION_CONTEXT(2) 
PARAMETRIC_REPRESENTATION_CONTEXT() REPRESENTATION_CONTEXT('2D SPACE',''
  ) );
#8284 = ADVANCED_FACE('',(#8285),#4354,.F.);
#8285 = FACE_BOUND('',#8286,.F.);
#8286 = EDGE_LOOP('',(#8287,#8288,#8289,#8290));
#8287 = ORIENTED_EDGE('',*,*,#4767,.F.);
#8288 = ORIENTED_EDGE('',*,*,#4339,.T.);
#8289 = ORIENTED_EDGE('',*,*,#8218,.T.);
#8290 = ORIENTED_EDGE('',*,*,#8291,.F.);
#8291 = EDGE_CURVE('',#4768,#8219,#8292,.T.);
#8292 = SURFACE_CURVE('',#8293,(#8297,#8304),.PCURVE_S1.);
#8293 = LINE('',#8294,#8295);
#8294 = CARTESIAN_POINT('',(-34.,-19.5,2.));
#8295 = VECTOR('',#8296,1.);
#8296 = DIRECTION('',(1.,0.,0.));
#8297 = PCURVE('',#4354,#8298);
#8298 = DEFINITIONAL_REPRESENTATION('',(#8299),#8303);
#8299 = LINE('',#8300,#8301);
#8300 = CARTESIAN_POINT('',(0.,5.));
#8301 = VECTOR('',#8302,1.);
#8302 = DIRECTION('',(1.,0.));
#8303 = ( GEOMETRIC_REPRESENTATION_CONTEXT(2) 
PARAMETRIC_REPRESENTATION_CONTEXT() REPRESENTATION_CONTEXT('2D SPACE',''
  ) );
#8304 = PCURVE('',#4806,#8305);
#8305 = DEFINITIONAL_REPRESENTATION('',(#8306),#8310);
#8306 = LINE('',#8307,#8308);
#8307 = CARTESIAN_POINT('',(0.,0.));
#8308 = VECTOR('',#8309,1.);
#8309 = DIRECTION('',(0.,1.));
#8310 = ( GEOMETRIC_REPRESENTATION_CONTEXT(2) 
PARAMETRIC_REPRESENTATION_CONTEXT() REPRESENTATION_CONTEXT('2D SPACE',''
  ) );
#8311 = ADVANCED_FACE('',(#8312),#4832,.T.);
#8312 = FACE_BOUND('',#8313,.T.);
#8313 = EDGE_LOOP('',(#8314,#8315,#8316,#8317));
#8314 = ORIENTED_EDGE('',*,*,#4818,.F.);
#8315 = ORIENTED_EDGE('',*,*,#5208,.F.);
#8316 = ORIENTED_EDGE('',*,*,#8264,.T.);
#8317 = ORIENTED_EDGE('',*,*,#8318,.T.);
#8318 = EDGE_CURVE('',#8242,#4791,#8319,.T.);
#8319 = SURFACE_CURVE('',#8320,(#8324,#8331),.PCURVE_S1.);
#8320 = LINE('',#8321,#8322);
#8321 = CARTESIAN_POINT('',(-26.,-19.5,14.));
#8322 = VECTOR('',#8323,1.);
#8323 = DIRECTION('',(-1.,0.,0.));
#8324 = PCURVE('',#4832,#8325);
#8325 = DEFINITIONAL_REPRESENTATION('',(#8326),#8330);
#8326 = LINE('',#8327,#8328);
#8327 = CARTESIAN_POINT('',(8.,5.));
#8328 = VECTOR('',#8329,1.);
#8329 = DIRECTION('',(-1.,0.));
#8330 = ( GEOMETRIC_REPRESENTATION_CONTEXT(2) 
PARAMETRIC_REPRESENTATION_CONTEXT() REPRESENTATION_CONTEXT('2D SPACE',''
  ) );
#8331 = PCURVE('',#4806,#8332);
#8332 = DEFINITIONAL_REPRESENTATION('',(#8333),#8337);
#8333 = LINE('',#8334,#8335);
#8334 = CARTESIAN_POINT('',(12.,8.));
#8335 = VECTOR('',#8336,1.);
#8336 = DIRECTION('',(0.,-1.));
#8337 = ( GEOMETRIC_REPRESENTATION_CONTEXT(2) 
PARAMETRIC_REPRESENTATION_CONTEXT() REPRESENTATION_CONTEXT('2D SPACE',''
  ) );
#8338 = ADVANCED_FACE('',(#8339),#4806,.T.);
#8339 = FACE_BOUND('',#8340,.T.);
#8340 = EDGE_LOOP('',(#8341,#8342,#8343,#8344));
#8341 = ORIENTED_EDGE('',*,*,#8291,.F.);
#8342 = ORIENTED_EDGE('',*,*,#4790,.T.);
#8343 = ORIENTED_EDGE('',*,*,#8318,.F.);
#8344 = ORIENTED_EDGE('',*,*,#8241,.F.);
#8345 = ADVANCED_FACE('',(#8346),#5125,.T.);
#8346 = FACE_BOUND('',#8347,.T.);
#8347 = EDGE_LOOP('',(#8348,#8349,#8350,#8371,#8449,#8450,#8451,#8452));
#8348 = ORIENTED_EDGE('',*,*,#7745,.F.);
#8349 = ORIENTED_EDGE('',*,*,#7692,.T.);
#8350 = ORIENTED_EDGE('',*,*,#8351,.F.);
#8351 = EDGE_CURVE('',#8352,#7693,#8354,.T.);
#8352 = VERTEX_POINT('',#8353);
#8353 = CARTESIAN_POINT('',(27.012944602834,24.5,10.618033995371));
#8354 = SURFACE_CURVE('',#8355,(#8359,#8365),.PCURVE_S1.);
#8355 = LINE('',#8356,#8357);
#8356 = CARTESIAN_POINT('',(42.,24.5,10.61803398875));
#8357 = VECTOR('',#8358,1.);
#8358 = DIRECTION('',(-1.,-0.,-0.));
#8359 = PCURVE('',#5125,#8360);
#8360 = DEFINITIONAL_REPRESENTATION('',(#8361),#8364);
#8361 = B_SPLINE_CURVE_WITH_KNOTS('',1,(#8362,#8363),.UNSPECIFIED.,.F.,
  .F.,(2,2),(14.433618104728,16.8),.PIECEWISE_BEZIER_KNOTS.);
#8362 = CARTESIAN_POINT('',(0.729727656227,14.433618104728));
#8363 = CARTESIAN_POINT('',(0.729727656227,16.8));
#8364 = ( GEOMETRIC_REPRESENTATION_CONTEXT(2) 
PARAMETRIC_REPRESENTATION_CONTEXT() REPRESENTATION_CONTEXT('2D SPACE',''
  ) );
#8365 = PCURVE('',#7559,#8366);
#8366 = DEFINITIONAL_REPRESENTATION('',(#8367),#8370);
#8367 = B_SPLINE_CURVE_WITH_KNOTS('',1,(#8368,#8369),.UNSPECIFIED.,.F.,
  .F.,(2,2),(14.433618104728,16.8),.PIECEWISE_BEZIER_KNOTS.);
#8368 = CARTESIAN_POINT('',(8.61803398875,1.566381895272));
#8369 = CARTESIAN_POINT('',(8.61803398875,-0.8));
#8370 = ( GEOMETRIC_REPRESENTATION_CONTEXT(2) 
PARAMETRIC_REPRESENTATION_CONTEXT() REPRESENTATION_CONTEXT('2D SPACE',''
  ) );
#8371 = ORIENTED_EDGE('',*,*,#8372,.F.);
#8372 = EDGE_CURVE('',#6184,#8352,#8373,.T.);
#8373 = SURFACE_CURVE('',#8374,(#8397,#8423),.PCURVE_S1.);
#8374 = B_SPLINE_CURVE_WITH_KNOTS('',6,(#8375,#8376,#8377,#8378,#8379,
    #8380,#8381,#8382,#8383,#8384,#8385,#8386,#8387,#8388,#8389,#8390,
    #8391,#8392,#8393,#8394,#8395,#8396),.UNSPECIFIED.,.F.,.F.,(7,5,5,5,
    7),(0.,0.440439108759,0.543088431551,0.718016672725,1.),
  .UNSPECIFIED.);
#8375 = CARTESIAN_POINT('',(26.889935691983,25.,9.5));
#8376 = CARTESIAN_POINT('',(26.889935691983,25.,9.666787859349));
#8377 = CARTESIAN_POINT('',(26.893513897262,24.97774583718,9.83396792482
    ));
#8378 = CARTESIAN_POINT('',(26.900699638387,24.933038498115,
    9.998826624468));
#8379 = CARTESIAN_POINT('',(26.912765111692,24.865628826545,
    10.158462326665));
#8380 = CARTESIAN_POINT('',(26.9322510762,24.775363711445,
    10.309500920123));
#8381 = CARTESIAN_POINT('',(26.970592332435,24.636326268809,
    10.480047099963));
#8382 = CARTESIAN_POINT('',(26.978462601695,24.608850459015,
    10.511559358379));
#8383 = CARTESIAN_POINT('',(26.987001164925,24.580210646494,
    10.542271239509));
#8384 = CARTESIAN_POINT('',(26.996253718663,24.550444389649,
    10.572110345225));
#8385 = CARTESIAN_POINT('',(27.00626673784,24.519594510906,
    10.601009525513));
#8386 = CARTESIAN_POINT('',(27.035527467451,24.433372065817,
    10.676447717076));
#8387 = CARTESIAN_POINT('',(27.056331447239,24.375971630909,
    10.72112787396));
#8388 = CARTESIAN_POINT('',(27.079682971298,24.315903170494,
    10.762480141094));
#8389 = CARTESIAN_POINT('',(27.105727588975,24.253634862217,
    10.800166013364));
#8390 = CARTESIAN_POINT('',(27.134551582589,24.18967725646,
    10.833969990085));
#8391 = CARTESIAN_POINT('',(27.217114435838,24.019572677993,
    10.911869811384));
#8392 = CARTESIAN_POINT('',(27.274945878996,23.91230230972,
    10.949263321056));
#8393 = CARTESIAN_POINT('',(27.339608884901,23.804771355064,
    10.975948335546));
#8394 = CARTESIAN_POINT('',(27.41059142387,23.698995777118,
    10.992496278576));
#8395 = CARTESIAN_POINT('',(27.486787348986,23.596850658233,11.));
#8396 = CARTESIAN_POINT('',(27.566381295272,23.5,11.));
#8397 = PCURVE('',#5125,#8398);
#8398 = DEFINITIONAL_REPRESENTATION('',(#8399),#8422);
#8399 = B_SPLINE_CURVE_WITH_KNOTS('',6,(#8400,#8401,#8402,#8403,#8404,
    #8405,#8406,#8407,#8408,#8409,#8410,#8411,#8412,#8413,#8414,#8415,
    #8416,#8417,#8418,#8419,#8420,#8421),.UNSPECIFIED.,.F.,.F.,(7,5,5,5,
    7),(0.,0.440439108759,0.543088431551,0.718016672725,1.),
  .UNSPECIFIED.);
#8400 = CARTESIAN_POINT('',(1.570796326795,15.110064308017));
#8401 = CARTESIAN_POINT('',(1.459604420562,15.110064308017));
#8402 = CARTESIAN_POINT('',(1.348150670073,15.106486102738));
#8403 = CARTESIAN_POINT('',(1.235772166906,15.099300361613));
#8404 = CARTESIAN_POINT('',(1.121861558346,15.087234888308));
#8405 = CARTESIAN_POINT('',(1.005793236073,15.0677489238));
#8406 = CARTESIAN_POINT('',(0.859100193122,15.029407667565));
#8407 = CARTESIAN_POINT('',(0.831243343243,15.021537398305));
#8408 = CARTESIAN_POINT('',(0.803271059475,15.012998835075));
#8409 = CARTESIAN_POINT('',(0.775196716327,15.003746281337));
#8410 = CARTESIAN_POINT('',(0.747032147048,14.99373326216));
#8411 = CARTESIAN_POINT('',(0.670655213987,14.964472532549));
#8412 = CARTESIAN_POINT('',(0.622241735702,14.943668552761));
#8413 = CARTESIAN_POINT('',(0.573749058489,14.920317028702));
#8414 = CARTESIAN_POINT('',(0.525350049378,14.894272411025));
#8415 = CARTESIAN_POINT('',(0.477199916772,14.865448417411));
#8416 = CARTESIAN_POINT('',(0.352470966602,14.782885564162));
#8417 = CARTESIAN_POINT('',(0.277071447219,14.725054121004));
#8418 = CARTESIAN_POINT('',(0.203665421214,14.660391115099));
#8419 = CARTESIAN_POINT('',(0.132663832374,14.58940857613));
#8420 = CARTESIAN_POINT('',(6.456710548873E-02,14.513212651014));
#8421 = CARTESIAN_POINT('',(0.,14.433618704728));
#8422 = ( GEOMETRIC_REPRESENTATION_CONTEXT(2) 
PARAMETRIC_REPRESENTATION_CONTEXT() REPRESENTATION_CONTEXT('2D SPACE',''
  ) );
#8423 = PCURVE('',#6000,#8424);
#8424 = DEFINITIONAL_REPRESENTATION('',(#8425),#8448);
#8425 = B_SPLINE_CURVE_WITH_KNOTS('',6,(#8426,#8427,#8428,#8429,#8430,
    #8431,#8432,#8433,#8434,#8435,#8436,#8437,#8438,#8439,#8440,#8441,
    #8442,#8443,#8444,#8445,#8446,#8447),.UNSPECIFIED.,.F.,.F.,(7,5,5,5,
    7),(0.,0.440439108759,0.543088431551,0.718016672725,1.),
  .UNSPECIFIED.);
#8426 = CARTESIAN_POINT('',(-3.300997026151,-25.5));
#8427 = CARTESIAN_POINT('',(-3.300997026151,-25.66678785934));
#8428 = CARTESIAN_POINT('',(-3.308152805305,-25.83396792482));
#8429 = CARTESIAN_POINT('',(-3.322526737474,-25.99882662446));
#8430 = CARTESIAN_POINT('',(-3.344265747927,-26.15846232666));
#8431 = CARTESIAN_POINT('',(-3.373534951054,-26.30950092012));
#8432 = CARTESIAN_POINT('',(-3.419321338621,-26.48004709996));
#8433 = CARTESIAN_POINT('',(-3.428394186743,-26.51155935837));
#8434 = CARTESIAN_POINT('',(-3.437880773208,-26.5422712395));
#8435 = CARTESIAN_POINT('',(-3.447775249625,-26.57211034522));
#8436 = CARTESIAN_POINT('',(-3.458070928842,-26.60100952551));
#8437 = CARTESIAN_POINT('',(-3.486976384295,-26.67644771707));
#8438 = CARTESIAN_POINT('',(-3.506354651393,-26.72112787396));
#8439 = CARTESIAN_POINT('',(-3.526805491652,-26.76248014109));
#8440 = CARTESIAN_POINT('',(-3.548221505401,-26.80016601336));
#8441 = CARTESIAN_POINT('',(-3.570483095779,-26.83396999008));
#8442 = CARTESIAN_POINT('',(-3.630509286714,-26.91186981138));
#8443 = CARTESIAN_POINT('',(-3.669161985689,-26.94926332105));
#8444 = CARTESIAN_POINT('',(-3.708927406145,-26.97594833554));
#8445 = CARTESIAN_POINT('',(-3.749290828967,-26.99249627857));
#8446 = CARTESIAN_POINT('',(-3.789701468466,-27.));
#8447 = CARTESIAN_POINT('',(-3.82949844161,-27.));
#8448 = ( GEOMETRIC_REPRESENTATION_CONTEXT(2) 
PARAMETRIC_REPRESENTATION_CONTEXT() REPRESENTATION_CONTEXT('2D SPACE',''
  ) );
#8449 = ORIENTED_EDGE('',*,*,#6183,.T.);
#8450 = ORIENTED_EDGE('',*,*,#5061,.F.);
#8451 = ORIENTED_EDGE('',*,*,#6342,.F.);
#8452 = ORIENTED_EDGE('',*,*,#7796,.F.);
#8453 = ADVANCED_FACE('',(#8454),#5024,.F.);
#8454 = FACE_BOUND('',#8455,.F.);
#8455 = EDGE_LOOP('',(#8456,#8457));
#8456 = ORIENTED_EDGE('',*,*,#6272,.F.);
#8457 = ORIENTED_EDGE('',*,*,#5007,.F.);
#8458 = ADVANCED_FACE('',(#8459,#8485),#4966,.F.);
#8459 = FACE_BOUND('',#8460,.F.);
#8460 = EDGE_LOOP('',(#8461));
#8461 = ORIENTED_EDGE('',*,*,#8462,.T.);
#8462 = EDGE_CURVE('',#8463,#8463,#8465,.T.);
#8463 = VERTEX_POINT('',#8464);
#8464 = CARTESIAN_POINT('',(-25.,25.5,-10.9));
#8465 = SURFACE_CURVE('',#8466,(#8471,#8478),.PCURVE_S1.);
#8466 = CIRCLE('',#8467,5.);
#8467 = AXIS2_PLACEMENT_3D('',#8468,#8469,#8470);
#8468 = CARTESIAN_POINT('',(-30.,25.5,-10.9));
#8469 = DIRECTION('',(0.,0.,1.));
#8470 = DIRECTION('',(1.,0.,0.));
#8471 = PCURVE('',#4966,#8472);
#8472 = DEFINITIONAL_REPRESENTATION('',(#8473),#8477);
#8473 = CIRCLE('',#8474,5.);
#8474 = AXIS2_PLACEMENT_2D('',#8475,#8476);
#8475 = CARTESIAN_POINT('',(0.,-3.552713678801E-15));
#8476 = DIRECTION('',(1.,0.));
#8477 = ( GEOMETRIC_REPRESENTATION_CONTEXT(2) 
PARAMETRIC_REPRESENTATION_CONTEXT() REPRESENTATION_CONTEXT('2D SPACE',''
  ) );
#8478 = PCURVE('',#6257,#8479);
#8479 = DEFINITIONAL_REPRESENTATION('',(#8480),#8484);
#8480 = LINE('',#8481,#8482);
#8481 = CARTESIAN_POINT('',(-0.,-4.2));
#8482 = VECTOR('',#8483,1.);
#8483 = DIRECTION('',(-1.,0.));
#8484 = ( GEOMETRIC_REPRESENTATION_CONTEXT(2) 
PARAMETRIC_REPRESENTATION_CONTEXT() REPRESENTATION_CONTEXT('2D SPACE',''
  ) );
#8485 = FACE_BOUND('',#8486,.F.);
#8486 = EDGE_LOOP('',(#8487));
#8487 = ORIENTED_EDGE('',*,*,#4951,.T.);
#8488 = ADVANCED_FACE('',(#8489),#5301,.F.);
#8489 = FACE_BOUND('',#8490,.T.);
#8490 = EDGE_LOOP('',(#8491,#8492,#8513,#8514));
#8491 = ORIENTED_EDGE('',*,*,#5280,.T.);
#8492 = ORIENTED_EDGE('',*,*,#8493,.T.);
#8493 = EDGE_CURVE('',#5281,#5594,#8494,.T.);
#8494 = SEAM_CURVE('',#8495,(#8499,#8506),.PCURVE_S1.);
#8495 = LINE('',#8496,#8497);
#8496 = CARTESIAN_POINT('',(-25.,-25.5,-15.1));
#8497 = VECTOR('',#8498,1.);
#8498 = DIRECTION('',(0.,0.,1.));
#8499 = PCURVE('',#5301,#8500);
#8500 = DEFINITIONAL_REPRESENTATION('',(#8501),#8505);
#8501 = LINE('',#8502,#8503);
#8502 = CARTESIAN_POINT('',(-6.28318530718,0.));
#8503 = VECTOR('',#8504,1.);
#8504 = DIRECTION('',(-0.,-1.));
#8505 = ( GEOMETRIC_REPRESENTATION_CONTEXT(2) 
PARAMETRIC_REPRESENTATION_CONTEXT() REPRESENTATION_CONTEXT('2D SPACE',''
  ) );
#8506 = PCURVE('',#5301,#8507);
#8507 = DEFINITIONAL_REPRESENTATION('',(#8508),#8512);
#8508 = LINE('',#8509,#8510);
#8509 = CARTESIAN_POINT('',(-0.,0.));
#8510 = VECTOR('',#8511,1.);
#8511 = DIRECTION('',(-0.,-1.));
#8512 = ( GEOMETRIC_REPRESENTATION_CONTEXT(2) 
PARAMETRIC_REPRESENTATION_CONTEXT() REPRESENTATION_CONTEXT('2D SPACE',''
  ) );
#8513 = ORIENTED_EDGE('',*,*,#5593,.T.);
#8514 = ORIENTED_EDGE('',*,*,#8493,.F.);
#8515 = ADVANCED_FACE('',(#8516),#5356,.F.);
#8516 = FACE_BOUND('',#8517,.T.);
#8517 = EDGE_LOOP('',(#8518,#8541,#8572,#8573,#8574,#8575,#8655,#8676,
    #8709,#8728,#8729,#8730));
#8518 = ORIENTED_EDGE('',*,*,#8519,.F.);
#8519 = EDGE_CURVE('',#8520,#5687,#8522,.T.);
#8520 = VERTEX_POINT('',#8521);
#8521 = CARTESIAN_POINT('',(33.15,-25.5,-10.9));
#8522 = SEAM_CURVE('',#8523,(#8527,#8534),.PCURVE_S1.);
#8523 = LINE('',#8524,#8525);
#8524 = CARTESIAN_POINT('',(33.15,-25.5,-16.));
#8525 = VECTOR('',#8526,1.);
#8526 = DIRECTION('',(0.,0.,1.));
#8527 = PCURVE('',#5356,#8528);
#8528 = DEFINITIONAL_REPRESENTATION('',(#8529),#8533);
#8529 = LINE('',#8530,#8531);
#8530 = CARTESIAN_POINT('',(-6.28318530718,0.));
#8531 = VECTOR('',#8532,1.);
#8532 = DIRECTION('',(-0.,-1.));
#8533 = ( GEOMETRIC_REPRESENTATION_CONTEXT(2) 
PARAMETRIC_REPRESENTATION_CONTEXT() REPRESENTATION_CONTEXT('2D SPACE',''
  ) );
#8534 = PCURVE('',#5356,#8535);
#8535 = DEFINITIONAL_REPRESENTATION('',(#8536),#8540);
#8536 = LINE('',#8537,#8538);
#8537 = CARTESIAN_POINT('',(-0.,0.));
#8538 = VECTOR('',#8539,1.);
#8539 = DIRECTION('',(-0.,-1.));
#8540 = ( GEOMETRIC_REPRESENTATION_CONTEXT(2) 
PARAMETRIC_REPRESENTATION_CONTEXT() REPRESENTATION_CONTEXT('2D SPACE',''
  ) );
#8541 = ORIENTED_EDGE('',*,*,#8542,.T.);
#8542 = EDGE_CURVE('',#8520,#8520,#8543,.T.);
#8543 = SURFACE_CURVE('',#8544,(#8549,#8556),.PCURVE_S1.);
#8544 = CIRCLE('',#8545,3.15);
#8545 = AXIS2_PLACEMENT_3D('',#8546,#8547,#8548);
#8546 = CARTESIAN_POINT('',(30.,-25.5,-10.9));
#8547 = DIRECTION('',(0.,0.,-1.));
#8548 = DIRECTION('',(1.,0.,0.));
#8549 = PCURVE('',#5356,#8550);
#8550 = DEFINITIONAL_REPRESENTATION('',(#8551),#8555);
#8551 = LINE('',#8552,#8553);
#8552 = CARTESIAN_POINT('',(-6.28318530718,-5.1));
#8553 = VECTOR('',#8554,1.);
#8554 = DIRECTION('',(1.,-0.));
#8555 = ( GEOMETRIC_REPRESENTATION_CONTEXT(2) 
PARAMETRIC_REPRESENTATION_CONTEXT() REPRESENTATION_CONTEXT('2D SPACE',''
  ) );
#8556 = PCURVE('',#8557,#8562);
#8557 = PLANE('',#8558);
#8558 = AXIS2_PLACEMENT_3D('',#8559,#8560,#8561);
#8559 = CARTESIAN_POINT('',(30.,-25.5,-10.9));
#8560 = DIRECTION('',(0.,0.,1.));
#8561 = DIRECTION('',(1.,0.,-0.));
#8562 = DEFINITIONAL_REPRESENTATION('',(#8563),#8571);
#8563 = ( BOUNDED_CURVE() B_SPLINE_CURVE(2,(#8564,#8565,#8566,#8567,
#8568,#8569,#8570),.UNSPECIFIED.,.T.,.F.) B_SPLINE_CURVE_WITH_KNOTS((1,2
    ,2,2,2,1),(-2.094395102393,0.,2.094395102393,4.188790204786,
6.28318530718,8.377580409573),.UNSPECIFIED.) CURVE() 
GEOMETRIC_REPRESENTATION_ITEM() RATIONAL_B_SPLINE_CURVE((1.,0.5,1.,0.5,
1.,0.5,1.)) REPRESENTATION_ITEM('') );
#8564 = CARTESIAN_POINT('',(3.15,-7.105427357601E-15));
#8565 = CARTESIAN_POINT('',(3.15,-5.455960043842));
#8566 = CARTESIAN_POINT('',(-1.575,-2.727980021921));
#8567 = CARTESIAN_POINT('',(-6.3,-7.876954841064E-15));
#8568 = CARTESIAN_POINT('',(-1.575,2.727980021921));
#8569 = CARTESIAN_POINT('',(3.15,5.455960043842));
#8570 = CARTESIAN_POINT('',(3.15,-7.105427357601E-15));
#8571 = ( GEOMETRIC_REPRESENTATION_CONTEXT(2) 
PARAMETRIC_REPRESENTATION_CONTEXT() REPRESENTATION_CONTEXT('2D SPACE',''
  ) );
#8572 = ORIENTED_EDGE('',*,*,#8519,.T.);
#8573 = ORIENTED_EDGE('',*,*,#5686,.F.);
#8574 = ORIENTED_EDGE('',*,*,#5743,.F.);
#8575 = ORIENTED_EDGE('',*,*,#8576,.T.);
#8576 = EDGE_CURVE('',#5744,#8577,#8579,.T.);
#8577 = VERTEX_POINT('',#8578);
#8578 = CARTESIAN_POINT('',(32.987055397166,-24.5,10.618033995371));
#8579 = SURFACE_CURVE('',#8580,(#8603,#8629),.PCURVE_S1.);
#8580 = B_SPLINE_CURVE_WITH_KNOTS('',6,(#8581,#8582,#8583,#8584,#8585,
    #8586,#8587,#8588,#8589,#8590,#8591,#8592,#8593,#8594,#8595,#8596,
    #8597,#8598,#8599,#8600,#8601,#8602),.UNSPECIFIED.,.F.,.F.,(7,5,5,5,
    7),(0.,0.440439108901,0.54308843167,0.718016672809,1.),
  .UNSPECIFIED.);
#8581 = CARTESIAN_POINT('',(33.110064308017,-25.,9.5));
#8582 = CARTESIAN_POINT('',(33.110064308017,-25.,9.666787859805));
#8583 = CARTESIAN_POINT('',(33.106486102721,-24.97774583706,
    9.833967925062));
#8584 = CARTESIAN_POINT('',(33.0993003616,-24.93303849807,9.998826624419
    ));
#8585 = CARTESIAN_POINT('',(33.087234888326,-24.86562882663,
    10.158462326515));
#8586 = CARTESIAN_POINT('',(33.067748923814,-24.77536371149,
    10.309500920066));
#8587 = CARTESIAN_POINT('',(33.029407667561,-24.63632626879,
    10.480047099982));
#8588 = CARTESIAN_POINT('',(33.0215373983,-24.60885045899,
    10.511559358397));
#8589 = CARTESIAN_POINT('',(33.012998835069,-24.58021064647,
    10.542271239527));
#8590 = CARTESIAN_POINT('',(33.003746281331,-24.55044438963,
    10.572110345243));
#8591 = CARTESIAN_POINT('',(32.993733262153,-24.51959451088,
    10.601009525532));
#8592 = CARTESIAN_POINT('',(32.964472532541,-24.43337206579,
    10.676447717096));
#8593 = CARTESIAN_POINT('',(32.943668552751,-24.37597163088,
    10.72112787398));
#8594 = CARTESIAN_POINT('',(32.92031702869,-24.31590317046,
    10.762480141114));
#8595 = CARTESIAN_POINT('',(32.894272411011,-24.25363486218,
    10.800166013384));
#8596 = CARTESIAN_POINT('',(32.865448417395,-24.18967725642,
    10.833969990104));
#8597 = CARTESIAN_POINT('',(32.782885564143,-24.01957267795,
    10.911869811396));
#8598 = CARTESIAN_POINT('',(32.725054120988,-23.91230230969,
    10.949263321062));
#8599 = CARTESIAN_POINT('',(32.660391115085,-23.80477135504,
    10.975948335549));
#8600 = CARTESIAN_POINT('',(32.589408576121,-23.6989957771,
    10.992496278577));
#8601 = CARTESIAN_POINT('',(32.513212651009,-23.59685065822,11.));
#8602 = CARTESIAN_POINT('',(32.433618704728,-23.5,11.));
#8603 = PCURVE('',#5356,#8604);
#8604 = DEFINITIONAL_REPRESENTATION('',(#8605),#8628);
#8605 = B_SPLINE_CURVE_WITH_KNOTS('',6,(#8606,#8607,#8608,#8609,#8610,
    #8611,#8612,#8613,#8614,#8615,#8616,#8617,#8618,#8619,#8620,#8621,
    #8622,#8623,#8624,#8625,#8626,#8627),.UNSPECIFIED.,.F.,.F.,(7,5,5,5,
    7),(0.,0.440439108901,0.54308843167,0.718016672809,1.),
  .UNSPECIFIED.);
#8606 = CARTESIAN_POINT('',(-0.159404372561,-25.5));
#8607 = CARTESIAN_POINT('',(-0.159404372561,-25.6667878598));
#8608 = CARTESIAN_POINT('',(-0.166560151754,-25.83396792506));
#8609 = CARTESIAN_POINT('',(-0.180934083898,-25.99882662441));
#8610 = CARTESIAN_POINT('',(-0.202673094309,-26.15846232651));
#8611 = CARTESIAN_POINT('',(-0.231942297448,-26.30950092006));
#8612 = CARTESIAN_POINT('',(-0.277728685037,-26.48004709998));
#8613 = CARTESIAN_POINT('',(-0.286801533159,-26.51155935839));
#8614 = CARTESIAN_POINT('',(-0.296288119625,-26.54227123952));
#8615 = CARTESIAN_POINT('',(-0.306182596042,-26.57211034524));
#8616 = CARTESIAN_POINT('',(-0.316478275259,-26.60100952553));
#8617 = CARTESIAN_POINT('',(-0.345383730713,-26.67644771709));
#8618 = CARTESIAN_POINT('',(-0.364761997812,-26.72112787398));
#8619 = CARTESIAN_POINT('',(-0.385212838072,-26.76248014111));
#8620 = CARTESIAN_POINT('',(-0.406628851823,-26.80016601338));
#8621 = CARTESIAN_POINT('',(-0.428890442202,-26.8339699901));
#8622 = CARTESIAN_POINT('',(-0.488916633136,-26.91186981139));
#8623 = CARTESIAN_POINT('',(-0.527569332109,-26.94926332106));
#8624 = CARTESIAN_POINT('',(-0.567334752563,-26.97594833554));
#8625 = CARTESIAN_POINT('',(-0.607698175383,-26.99249627857));
#8626 = CARTESIAN_POINT('',(-0.648108814879,-27.));
#8627 = CARTESIAN_POINT('',(-0.68790578802,-27.));
#8628 = ( GEOMETRIC_REPRESENTATION_CONTEXT(2) 
PARAMETRIC_REPRESENTATION_CONTEXT() REPRESENTATION_CONTEXT('2D SPACE',''
  ) );
#8629 = PCURVE('',#5780,#8630);
#8630 = DEFINITIONAL_REPRESENTATION('',(#8631),#8654);
#8631 = B_SPLINE_CURVE_WITH_KNOTS('',6,(#8632,#8633,#8634,#8635,#8636,
    #8637,#8638,#8639,#8640,#8641,#8642,#8643,#8644,#8645,#8646,#8647,
    #8648,#8649,#8650,#8651,#8652,#8653),.UNSPECIFIED.,.F.,.F.,(7,5,5,5,
    7),(0.,0.440439108901,0.54308843167,0.718016672809,1.),
  .UNSPECIFIED.);
#8632 = CARTESIAN_POINT('',(1.570796326795,75.110064308017));
#8633 = CARTESIAN_POINT('',(1.459604420258,75.110064308017));
#8634 = CARTESIAN_POINT('',(1.348150669912,75.106486102721));
#8635 = CARTESIAN_POINT('',(1.235772166918,75.0993003616));
#8636 = CARTESIAN_POINT('',(1.121861558461,75.087234888326));
#8637 = CARTESIAN_POINT('',(1.005793236123,75.067748923814));
#8638 = CARTESIAN_POINT('',(0.859100193105,75.029407667561));
#8639 = CARTESIAN_POINT('',(0.831243343226,75.0215373983));
#8640 = CARTESIAN_POINT('',(0.803271059458,75.012998835069));
#8641 = CARTESIAN_POINT('',(0.775196716309,75.003746281331));
#8642 = CARTESIAN_POINT('',(0.747032147029,74.993733262153));
#8643 = CARTESIAN_POINT('',(0.670655213967,74.964472532541));
#8644 = CARTESIAN_POINT('',(0.62224173568,74.943668552751));
#8645 = CARTESIAN_POINT('',(0.573749058465,74.92031702869));
#8646 = CARTESIAN_POINT('',(0.525350049352,74.894272411011));
#8647 = CARTESIAN_POINT('',(0.477199916744,74.865448417395));
#8648 = CARTESIAN_POINT('',(0.352470966578,74.782885564143));
#8649 = CARTESIAN_POINT('',(0.2770714472,74.725054120988));
#8650 = CARTESIAN_POINT('',(0.2036654212,74.660391115085));
#8651 = CARTESIAN_POINT('',(0.132663832365,74.589408576121));
#8652 = CARTESIAN_POINT('',(6.456710548467E-02,74.513212651009));
#8653 = CARTESIAN_POINT('',(0.,74.433618704728));
#8654 = ( GEOMETRIC_REPRESENTATION_CONTEXT(2) 
PARAMETRIC_REPRESENTATION_CONTEXT() REPRESENTATION_CONTEXT('2D SPACE',''
  ) );
#8655 = ORIENTED_EDGE('',*,*,#8656,.T.);
#8656 = EDGE_CURVE('',#8577,#8657,#8659,.T.);
#8657 = VERTEX_POINT('',#8658);
#8658 = CARTESIAN_POINT('',(32.987055406249,-24.5,2.));
#8659 = SURFACE_CURVE('',#8660,(#8664,#8670),.PCURVE_S1.);
#8660 = LINE('',#8661,#8662);
#8661 = CARTESIAN_POINT('',(32.987055406249,-24.5,-16.));
#8662 = VECTOR('',#8663,1.);
#8663 = DIRECTION('',(-0.,-0.,-1.));
#8664 = PCURVE('',#5356,#8665);
#8665 = DEFINITIONAL_REPRESENTATION('',(#8666),#8669);
#8666 = B_SPLINE_CURVE_WITH_KNOTS('',1,(#8667,#8668),.UNSPECIFIED.,.F.,
  .F.,(2,2),(-27.0000006,-16.8),.PIECEWISE_BEZIER_KNOTS.);
#8667 = CARTESIAN_POINT('',(-0.323050059513,-27.0000006));
#8668 = CARTESIAN_POINT('',(-0.323050059513,-16.8));
#8669 = ( GEOMETRIC_REPRESENTATION_CONTEXT(2) 
PARAMETRIC_REPRESENTATION_CONTEXT() REPRESENTATION_CONTEXT('2D SPACE',''
  ) );
#8670 = PCURVE('',#5557,#8671);
#8671 = DEFINITIONAL_REPRESENTATION('',(#8672),#8675);
#8672 = B_SPLINE_CURVE_WITH_KNOTS('',1,(#8673,#8674),.UNSPECIFIED.,.F.,
  .F.,(2,2),(-27.0000006,-16.8),.PIECEWISE_BEZIER_KNOTS.);
#8673 = CARTESIAN_POINT('',(9.0000006,6.987055406249));
#8674 = CARTESIAN_POINT('',(-1.2,6.987055406249));
#8675 = ( GEOMETRIC_REPRESENTATION_CONTEXT(2) 
PARAMETRIC_REPRESENTATION_CONTEXT() REPRESENTATION_CONTEXT('2D SPACE',''
  ) );
#8676 = ORIENTED_EDGE('',*,*,#8677,.F.);
#8677 = EDGE_CURVE('',#8678,#8657,#8680,.T.);
#8678 = VERTEX_POINT('',#8679);
#8679 = CARTESIAN_POINT('',(27.012944593751,-24.5,2.));
#8680 = SURFACE_CURVE('',#8681,(#8686,#8693),.PCURVE_S1.);
#8681 = CIRCLE('',#8682,3.15);
#8682 = AXIS2_PLACEMENT_3D('',#8683,#8684,#8685);
#8683 = CARTESIAN_POINT('',(30.,-25.5,2.));
#8684 = DIRECTION('',(0.,0.,-1.));
#8685 = DIRECTION('',(1.,0.,0.));
#8686 = PCURVE('',#5356,#8687);
#8687 = DEFINITIONAL_REPRESENTATION('',(#8688),#8692);
#8688 = LINE('',#8689,#8690);
#8689 = CARTESIAN_POINT('',(-6.28318530718,-18.));
#8690 = VECTOR('',#8691,1.);
#8691 = DIRECTION('',(1.,-0.));
#8692 = ( GEOMETRIC_REPRESENTATION_CONTEXT(2) 
PARAMETRIC_REPRESENTATION_CONTEXT() REPRESENTATION_CONTEXT('2D SPACE',''
  ) );
#8693 = PCURVE('',#8694,#8699);
#8694 = PLANE('',#8695);
#8695 = AXIS2_PLACEMENT_3D('',#8696,#8697,#8698);
#8696 = CARTESIAN_POINT('',(26.,-24.5,2.));
#8697 = DIRECTION('',(0.,0.,1.));
#8698 = DIRECTION('',(1.,0.,0.));
#8699 = DEFINITIONAL_REPRESENTATION('',(#8700),#8708);
#8700 = ( BOUNDED_CURVE() B_SPLINE_CURVE(2,(#8701,#8702,#8703,#8704,
#8705,#8706,#8707),.UNSPECIFIED.,.T.,.F.) B_SPLINE_CURVE_WITH_KNOTS((1,2
    ,2,2,2,1),(-2.094395102393,0.,2.094395102393,4.188790204786,
6.28318530718,8.377580409573),.UNSPECIFIED.) CURVE() 
GEOMETRIC_REPRESENTATION_ITEM() RATIONAL_B_SPLINE_CURVE((1.,0.5,1.,0.5,
1.,0.5,1.)) REPRESENTATION_ITEM('') );
#8701 = CARTESIAN_POINT('',(7.15,-1.));
#8702 = CARTESIAN_POINT('',(7.15,-6.455960043842));
#8703 = CARTESIAN_POINT('',(2.425,-3.727980021921));
#8704 = CARTESIAN_POINT('',(-2.3,-1.));
#8705 = CARTESIAN_POINT('',(2.425,1.727980021921));
#8706 = CARTESIAN_POINT('',(7.15,4.455960043842));
#8707 = CARTESIAN_POINT('',(7.15,-1.));
#8708 = ( GEOMETRIC_REPRESENTATION_CONTEXT(2) 
PARAMETRIC_REPRESENTATION_CONTEXT() REPRESENTATION_CONTEXT('2D SPACE',''
  ) );
#8709 = ORIENTED_EDGE('',*,*,#8710,.F.);
#8710 = EDGE_CURVE('',#5448,#8678,#8711,.T.);
#8711 = SURFACE_CURVE('',#8712,(#8716,#8722),.PCURVE_S1.);
#8712 = LINE('',#8713,#8714);
#8713 = CARTESIAN_POINT('',(27.012944593751,-24.5,-16.));
#8714 = VECTOR('',#8715,1.);
#8715 = DIRECTION('',(-0.,-0.,-1.));
#8716 = PCURVE('',#5356,#8717);
#8717 = DEFINITIONAL_REPRESENTATION('',(#8718),#8721);
#8718 = B_SPLINE_CURVE_WITH_KNOTS('',1,(#8719,#8720),.UNSPECIFIED.,.F.,
  .F.,(2,2),(-27.0000006,-16.8),.PIECEWISE_BEZIER_KNOTS.);
#8719 = CARTESIAN_POINT('',(-2.818542594077,-27.0000006));
#8720 = CARTESIAN_POINT('',(-2.818542594077,-16.8));
#8721 = ( GEOMETRIC_REPRESENTATION_CONTEXT(2) 
PARAMETRIC_REPRESENTATION_CONTEXT() REPRESENTATION_CONTEXT('2D SPACE',''
  ) );
#8722 = PCURVE('',#5557,#8723);
#8723 = DEFINITIONAL_REPRESENTATION('',(#8724),#8727);
#8724 = B_SPLINE_CURVE_WITH_KNOTS('',1,(#8725,#8726),.UNSPECIFIED.,.F.,
  .F.,(2,2),(-27.0000006,-16.8),.PIECEWISE_BEZIER_KNOTS.);
#8725 = CARTESIAN_POINT('',(9.0000006,1.012944593751));
#8726 = CARTESIAN_POINT('',(-1.2,1.012944593751));
#8727 = ( GEOMETRIC_REPRESENTATION_CONTEXT(2) 
PARAMETRIC_REPRESENTATION_CONTEXT() REPRESENTATION_CONTEXT('2D SPACE',''
  ) );
#8728 = ORIENTED_EDGE('',*,*,#5447,.T.);
#8729 = ORIENTED_EDGE('',*,*,#5341,.T.);
#8730 = ORIENTED_EDGE('',*,*,#5714,.F.);
#8731 = ADVANCED_FACE('',(#8732),#5557,.F.);
#8732 = FACE_BOUND('',#8733,.F.);
#8733 = EDGE_LOOP('',(#8734,#8755,#8756,#8757,#8758,#8779,#8780,#8799));
#8734 = ORIENTED_EDGE('',*,*,#8735,.F.);
#8735 = EDGE_CURVE('',#8678,#8657,#8736,.T.);
#8736 = SURFACE_CURVE('',#8737,(#8741,#8748),.PCURVE_S1.);
#8737 = LINE('',#8738,#8739);
#8738 = CARTESIAN_POINT('',(26.,-24.5,2.));
#8739 = VECTOR('',#8740,1.);
#8740 = DIRECTION('',(1.,0.,0.));
#8741 = PCURVE('',#5557,#8742);
#8742 = DEFINITIONAL_REPRESENTATION('',(#8743),#8747);
#8743 = LINE('',#8744,#8745);
#8744 = CARTESIAN_POINT('',(0.,0.));
#8745 = VECTOR('',#8746,1.);
#8746 = DIRECTION('',(0.,1.));
#8747 = ( GEOMETRIC_REPRESENTATION_CONTEXT(2) 
PARAMETRIC_REPRESENTATION_CONTEXT() REPRESENTATION_CONTEXT('2D SPACE',''
  ) );
#8748 = PCURVE('',#8694,#8749);
#8749 = DEFINITIONAL_REPRESENTATION('',(#8750),#8754);
#8750 = LINE('',#8751,#8752);
#8751 = CARTESIAN_POINT('',(0.,0.));
#8752 = VECTOR('',#8753,1.);
#8753 = DIRECTION('',(1.,0.));
#8754 = ( GEOMETRIC_REPRESENTATION_CONTEXT(2) 
PARAMETRIC_REPRESENTATION_CONTEXT() REPRESENTATION_CONTEXT('2D SPACE',''
  ) );
#8755 = ORIENTED_EDGE('',*,*,#8710,.F.);
#8756 = ORIENTED_EDGE('',*,*,#5542,.F.);
#8757 = ORIENTED_EDGE('',*,*,#8097,.T.);
#8758 = ORIENTED_EDGE('',*,*,#8759,.F.);
#8759 = EDGE_CURVE('',#7922,#8098,#8760,.T.);
#8760 = SURFACE_CURVE('',#8761,(#8765,#8772),.PCURVE_S1.);
#8761 = LINE('',#8762,#8763);
#8762 = CARTESIAN_POINT('',(34.,-24.5,14.));
#8763 = VECTOR('',#8764,1.);
#8764 = DIRECTION('',(-1.,0.,0.));
#8765 = PCURVE('',#5557,#8766);
#8766 = DEFINITIONAL_REPRESENTATION('',(#8767),#8771);
#8767 = LINE('',#8768,#8769);
#8768 = CARTESIAN_POINT('',(12.,8.));
#8769 = VECTOR('',#8770,1.);
#8770 = DIRECTION('',(0.,-1.));
#8771 = ( GEOMETRIC_REPRESENTATION_CONTEXT(2) 
PARAMETRIC_REPRESENTATION_CONTEXT() REPRESENTATION_CONTEXT('2D SPACE',''
  ) );
#8772 = PCURVE('',#8033,#8773);
#8773 = DEFINITIONAL_REPRESENTATION('',(#8774),#8778);
#8774 = LINE('',#8775,#8776);
#8775 = CARTESIAN_POINT('',(8.,0.));
#8776 = VECTOR('',#8777,1.);
#8777 = DIRECTION('',(-1.,0.));
#8778 = ( GEOMETRIC_REPRESENTATION_CONTEXT(2) 
PARAMETRIC_REPRESENTATION_CONTEXT() REPRESENTATION_CONTEXT('2D SPACE',''
  ) );
#8779 = ORIENTED_EDGE('',*,*,#7919,.F.);
#8780 = ORIENTED_EDGE('',*,*,#8781,.F.);
#8781 = EDGE_CURVE('',#8577,#7920,#8782,.T.);
#8782 = SURFACE_CURVE('',#8783,(#8787,#8793),.PCURVE_S1.);
#8783 = LINE('',#8784,#8785);
#8784 = CARTESIAN_POINT('',(-42.,-24.5,10.61803398875));
#8785 = VECTOR('',#8786,1.);
#8786 = DIRECTION('',(1.,0.,0.));
#8787 = PCURVE('',#5557,#8788);
#8788 = DEFINITIONAL_REPRESENTATION('',(#8789),#8792);
#8789 = B_SPLINE_CURVE_WITH_KNOTS('',1,(#8790,#8791),.UNSPECIFIED.,.F.,
  .F.,(2,2),(74.433618104728,76.8),.PIECEWISE_BEZIER_KNOTS.);
#8790 = CARTESIAN_POINT('',(8.61803398875,6.433618104728));
#8791 = CARTESIAN_POINT('',(8.61803398875,8.8));
#8792 = ( GEOMETRIC_REPRESENTATION_CONTEXT(2) 
PARAMETRIC_REPRESENTATION_CONTEXT() REPRESENTATION_CONTEXT('2D SPACE',''
  ) );
#8793 = PCURVE('',#5780,#8794);
#8794 = DEFINITIONAL_REPRESENTATION('',(#8795),#8798);
#8795 = B_SPLINE_CURVE_WITH_KNOTS('',1,(#8796,#8797),.UNSPECIFIED.,.F.,
  .F.,(2,2),(74.433618104728,76.8),.PIECEWISE_BEZIER_KNOTS.);
#8796 = CARTESIAN_POINT('',(0.729727656227,74.433618104728));
#8797 = CARTESIAN_POINT('',(0.729727656227,76.8));
#8798 = ( GEOMETRIC_REPRESENTATION_CONTEXT(2) 
PARAMETRIC_REPRESENTATION_CONTEXT() REPRESENTATION_CONTEXT('2D SPACE',''
  ) );
#8799 = ORIENTED_EDGE('',*,*,#8656,.T.);
#8800 = ADVANCED_FACE('',(#8801),#5647,.F.);
#8801 = FACE_BOUND('',#8802,.T.);
#8802 = EDGE_LOOP('',(#8803,#8804,#8827,#8849));
#8803 = ORIENTED_EDGE('',*,*,#5626,.T.);
#8804 = ORIENTED_EDGE('',*,*,#8805,.T.);
#8805 = EDGE_CURVE('',#5627,#8806,#8808,.T.);
#8806 = VERTEX_POINT('',#8807);
#8807 = CARTESIAN_POINT('',(35.,-25.5,-10.9));
#8808 = SEAM_CURVE('',#8809,(#8813,#8820),.PCURVE_S1.);
#8809 = LINE('',#8810,#8811);
#8810 = CARTESIAN_POINT('',(35.,-25.5,-15.1));
#8811 = VECTOR('',#8812,1.);
#8812 = DIRECTION('',(0.,0.,1.));
#8813 = PCURVE('',#5647,#8814);
#8814 = DEFINITIONAL_REPRESENTATION('',(#8815),#8819);
#8815 = LINE('',#8816,#8817);
#8816 = CARTESIAN_POINT('',(-6.28318530718,0.));
#8817 = VECTOR('',#8818,1.);
#8818 = DIRECTION('',(-0.,-1.));
#8819 = ( GEOMETRIC_REPRESENTATION_CONTEXT(2) 
PARAMETRIC_REPRESENTATION_CONTEXT() REPRESENTATION_CONTEXT('2D SPACE',''
  ) );
#8820 = PCURVE('',#5647,#8821);
#8821 = DEFINITIONAL_REPRESENTATION('',(#8822),#8826);
#8822 = LINE('',#8823,#8824);
#8823 = CARTESIAN_POINT('',(-0.,0.));
#8824 = VECTOR('',#8825,1.);
#8825 = DIRECTION('',(-0.,-1.));
#8826 = ( GEOMETRIC_REPRESENTATION_CONTEXT(2) 
PARAMETRIC_REPRESENTATION_CONTEXT() REPRESENTATION_CONTEXT('2D SPACE',''
  ) );
#8827 = ORIENTED_EDGE('',*,*,#8828,.T.);
#8828 = EDGE_CURVE('',#8806,#8806,#8829,.T.);
#8829 = SURFACE_CURVE('',#8830,(#8835,#8842),.PCURVE_S1.);
#8830 = CIRCLE('',#8831,5.);
#8831 = AXIS2_PLACEMENT_3D('',#8832,#8833,#8834);
#8832 = CARTESIAN_POINT('',(30.,-25.5,-10.9));
#8833 = DIRECTION('',(0.,0.,1.));
#8834 = DIRECTION('',(1.,0.,0.));
#8835 = PCURVE('',#5647,#8836);
#8836 = DEFINITIONAL_REPRESENTATION('',(#8837),#8841);
#8837 = LINE('',#8838,#8839);
#8838 = CARTESIAN_POINT('',(-0.,-4.2));
#8839 = VECTOR('',#8840,1.);
#8840 = DIRECTION('',(-1.,0.));
#8841 = ( GEOMETRIC_REPRESENTATION_CONTEXT(2) 
PARAMETRIC_REPRESENTATION_CONTEXT() REPRESENTATION_CONTEXT('2D SPACE',''
  ) );
#8842 = PCURVE('',#8557,#8843);
#8843 = DEFINITIONAL_REPRESENTATION('',(#8844),#8848);
#8844 = CIRCLE('',#8845,5.);
#8845 = AXIS2_PLACEMENT_2D('',#8846,#8847);
#8846 = CARTESIAN_POINT('',(3.552713678801E-15,-7.105427357601E-15));
#8847 = DIRECTION('',(1.,0.));
#8848 = ( GEOMETRIC_REPRESENTATION_CONTEXT(2) 
PARAMETRIC_REPRESENTATION_CONTEXT() REPRESENTATION_CONTEXT('2D SPACE',''
  ) );
#8849 = ORIENTED_EDGE('',*,*,#8805,.F.);
#8850 = ADVANCED_FACE('',(#8851),#5780,.T.);
#8851 = FACE_BOUND('',#8852,.T.);
#8852 = EDGE_LOOP('',(#8853,#8854,#8855,#8856,#8857,#8858));
#8853 = ORIENTED_EDGE('',*,*,#7341,.F.);
#8854 = ORIENTED_EDGE('',*,*,#7944,.T.);
#8855 = ORIENTED_EDGE('',*,*,#8781,.F.);
#8856 = ORIENTED_EDGE('',*,*,#8576,.F.);
#8857 = ORIENTED_EDGE('',*,*,#5764,.T.);
#8858 = ORIENTED_EDGE('',*,*,#8859,.F.);
#8859 = EDGE_CURVE('',#7342,#5765,#8860,.T.);
#8860 = SURFACE_CURVE('',#8861,(#8866,#8872),.PCURVE_S1.);
#8861 = CIRCLE('',#8862,1.5);
#8862 = AXIS2_PLACEMENT_3D('',#8863,#8864,#8865);
#8863 = CARTESIAN_POINT('',(42.,-23.5,9.5));
#8864 = DIRECTION('',(1.,0.,-0.));
#8865 = DIRECTION('',(0.,0.,1.));
#8866 = PCURVE('',#5780,#8867);
#8867 = DEFINITIONAL_REPRESENTATION('',(#8868),#8871);
#8868 = B_SPLINE_CURVE_WITH_KNOTS('',1,(#8869,#8870),.UNSPECIFIED.,.F.,
  .F.,(2,2),(0.,1.570796326795),.PIECEWISE_BEZIER_KNOTS.);
#8869 = CARTESIAN_POINT('',(0.,84.));
#8870 = CARTESIAN_POINT('',(1.570796326795,84.));
#8871 = ( GEOMETRIC_REPRESENTATION_CONTEXT(2) 
PARAMETRIC_REPRESENTATION_CONTEXT() REPRESENTATION_CONTEXT('2D SPACE',''
  ) );
#8872 = PCURVE('',#5859,#8873);
#8873 = DEFINITIONAL_REPRESENTATION('',(#8874),#8877);
#8874 = B_SPLINE_CURVE_WITH_KNOTS('',1,(#8875,#8876),.UNSPECIFIED.,.F.,
  .F.,(2,2),(0.,1.570796326795),.PIECEWISE_BEZIER_KNOTS.);
#8875 = CARTESIAN_POINT('',(0.,4.712388980385));
#8876 = CARTESIAN_POINT('',(0.,6.28318530718));
#8877 = ( GEOMETRIC_REPRESENTATION_CONTEXT(2) 
PARAMETRIC_REPRESENTATION_CONTEXT() REPRESENTATION_CONTEXT('2D SPACE',''
  ) );
#8878 = ADVANCED_FACE('',(#8879),#5859,.T.);
#8879 = FACE_BOUND('',#8880,.F.);
#8880 = EDGE_LOOP('',(#8881,#8882,#8883,#8903));
#8881 = ORIENTED_EDGE('',*,*,#8859,.F.);
#8882 = ORIENTED_EDGE('',*,*,#7364,.T.);
#8883 = ORIENTED_EDGE('',*,*,#8884,.T.);
#8884 = EDGE_CURVE('',#7365,#5820,#8885,.T.);
#8885 = SURFACE_CURVE('',#8886,(#8891,#8897),.PCURVE_S1.);
#8886 = CIRCLE('',#8887,1.5);
#8887 = AXIS2_PLACEMENT_3D('',#8888,#8889,#8890);
#8888 = CARTESIAN_POINT('',(43.5,-22.,9.5));
#8889 = DIRECTION('',(6.123233995737E-17,1.,0.));
#8890 = DIRECTION('',(1.,-6.123233995737E-17,0.));
#8891 = PCURVE('',#5859,#8892);
#8892 = DEFINITIONAL_REPRESENTATION('',(#8893),#8896);
#8893 = B_SPLINE_CURVE_WITH_KNOTS('',1,(#8894,#8895),.UNSPECIFIED.,.F.,
  .F.,(2,2),(4.712388980385,6.28318530718),.PIECEWISE_BEZIER_KNOTS.);
#8894 = CARTESIAN_POINT('',(-1.570796326795,4.712388980385));
#8895 = CARTESIAN_POINT('',(-1.570796326795,6.28318530718));
#8896 = ( GEOMETRIC_REPRESENTATION_CONTEXT(2) 
PARAMETRIC_REPRESENTATION_CONTEXT() REPRESENTATION_CONTEXT('2D SPACE',''
  ) );
#8897 = PCURVE('',#5913,#8898);
#8898 = DEFINITIONAL_REPRESENTATION('',(#8899),#8902);
#8899 = B_SPLINE_CURVE_WITH_KNOTS('',1,(#8900,#8901),.UNSPECIFIED.,.F.,
  .F.,(2,2),(4.712388980385,6.28318530718),.PIECEWISE_BEZIER_KNOTS.);
#8900 = CARTESIAN_POINT('',(0.,0.));
#8901 = CARTESIAN_POINT('',(1.570796326795,0.));
#8902 = ( GEOMETRIC_REPRESENTATION_CONTEXT(2) 
PARAMETRIC_REPRESENTATION_CONTEXT() REPRESENTATION_CONTEXT('2D SPACE',''
  ) );
#8903 = ORIENTED_EDGE('',*,*,#5844,.F.);
#8904 = ADVANCED_FACE('',(#8905),#5913,.T.);
#8905 = FACE_BOUND('',#8906,.T.);
#8906 = EDGE_LOOP('',(#8907,#8908,#8909,#8929));
#8907 = ORIENTED_EDGE('',*,*,#8884,.T.);
#8908 = ORIENTED_EDGE('',*,*,#5899,.T.);
#8909 = ORIENTED_EDGE('',*,*,#8910,.F.);
#8910 = EDGE_CURVE('',#7389,#5877,#8911,.T.);
#8911 = SURFACE_CURVE('',#8912,(#8917,#8923),.PCURVE_S1.);
#8912 = CIRCLE('',#8913,1.5);
#8913 = AXIS2_PLACEMENT_3D('',#8914,#8915,#8916);
#8914 = CARTESIAN_POINT('',(43.5,22.,9.5));
#8915 = DIRECTION('',(0.,1.,0.));
#8916 = DIRECTION('',(0.,-0.,1.));
#8917 = PCURVE('',#5913,#8918);
#8918 = DEFINITIONAL_REPRESENTATION('',(#8919),#8922);
#8919 = B_SPLINE_CURVE_WITH_KNOTS('',1,(#8920,#8921),.UNSPECIFIED.,.F.,
  .F.,(2,2),(0.,1.570796326795),.PIECEWISE_BEZIER_KNOTS.);
#8920 = CARTESIAN_POINT('',(0.,44.));
#8921 = CARTESIAN_POINT('',(1.570796326795,44.));
#8922 = ( GEOMETRIC_REPRESENTATION_CONTEXT(2) 
PARAMETRIC_REPRESENTATION_CONTEXT() REPRESENTATION_CONTEXT('2D SPACE',''
  ) );
#8923 = PCURVE('',#5968,#8924);
#8924 = DEFINITIONAL_REPRESENTATION('',(#8925),#8928);
#8925 = B_SPLINE_CURVE_WITH_KNOTS('',1,(#8926,#8927),.UNSPECIFIED.,.F.,
  .F.,(2,2),(0.,1.570796326795),.PIECEWISE_BEZIER_KNOTS.);
#8926 = CARTESIAN_POINT('',(0.,4.712388980385));
#8927 = CARTESIAN_POINT('',(0.,6.28318530718));
#8928 = ( GEOMETRIC_REPRESENTATION_CONTEXT(2) 
PARAMETRIC_REPRESENTATION_CONTEXT() REPRESENTATION_CONTEXT('2D SPACE',''
  ) );
#8929 = ORIENTED_EDGE('',*,*,#7388,.F.);
#8930 = ADVANCED_FACE('',(#8931),#5968,.T.);
#8931 = FACE_BOUND('',#8932,.F.);
#8932 = EDGE_LOOP('',(#8933,#8934,#8935,#8955));
#8933 = ORIENTED_EDGE('',*,*,#8910,.F.);
#8934 = ORIENTED_EDGE('',*,*,#7411,.T.);
#8935 = ORIENTED_EDGE('',*,*,#8936,.T.);
#8936 = EDGE_CURVE('',#7225,#5931,#8937,.T.);
#8937 = SURFACE_CURVE('',#8938,(#8943,#8949),.PCURVE_S1.);
#8938 = CIRCLE('',#8939,1.5);
#8939 = AXIS2_PLACEMENT_3D('',#8940,#8941,#8942);
#8940 = CARTESIAN_POINT('',(42.,23.5,9.5));
#8941 = DIRECTION('',(-1.,6.123233995737E-17,0.));
#8942 = DIRECTION('',(6.123233995737E-17,1.,0.));
#8943 = PCURVE('',#5968,#8944);
#8944 = DEFINITIONAL_REPRESENTATION('',(#8945),#8948);
#8945 = B_SPLINE_CURVE_WITH_KNOTS('',1,(#8946,#8947),.UNSPECIFIED.,.F.,
  .F.,(2,2),(4.712388980385,6.28318530718),.PIECEWISE_BEZIER_KNOTS.);
#8946 = CARTESIAN_POINT('',(-1.570796326795,4.712388980385));
#8947 = CARTESIAN_POINT('',(-1.570796326795,6.28318530718));
#8948 = ( GEOMETRIC_REPRESENTATION_CONTEXT(2) 
PARAMETRIC_REPRESENTATION_CONTEXT() REPRESENTATION_CONTEXT('2D SPACE',''
  ) );
#8949 = PCURVE('',#6025,#8950);
#8950 = DEFINITIONAL_REPRESENTATION('',(#8951),#8954);
#8951 = B_SPLINE_CURVE_WITH_KNOTS('',1,(#8952,#8953),.UNSPECIFIED.,.F.,
  .F.,(2,2),(4.712388980385,6.28318530718),.PIECEWISE_BEZIER_KNOTS.);
#8952 = CARTESIAN_POINT('',(0.,0.));
#8953 = CARTESIAN_POINT('',(1.570796326795,0.));
#8954 = ( GEOMETRIC_REPRESENTATION_CONTEXT(2) 
PARAMETRIC_REPRESENTATION_CONTEXT() REPRESENTATION_CONTEXT('2D SPACE',''
  ) );
#8955 = ORIENTED_EDGE('',*,*,#5953,.F.);
#8956 = ADVANCED_FACE('',(#8957),#6000,.F.);
#8957 = FACE_BOUND('',#8958,.T.);
#8958 = EDGE_LOOP('',(#8959,#8982,#9013,#9014,#9015,#9016,#9017,#9038,
    #9071,#9092,#9185,#9186));
#8959 = ORIENTED_EDGE('',*,*,#8960,.F.);
#8960 = EDGE_CURVE('',#8961,#6126,#8963,.T.);
#8961 = VERTEX_POINT('',#8962);
#8962 = CARTESIAN_POINT('',(33.15,25.5,-10.9));
#8963 = SEAM_CURVE('',#8964,(#8968,#8975),.PCURVE_S1.);
#8964 = LINE('',#8965,#8966);
#8965 = CARTESIAN_POINT('',(33.15,25.5,-16.));
#8966 = VECTOR('',#8967,1.);
#8967 = DIRECTION('',(0.,0.,1.));
#8968 = PCURVE('',#6000,#8969);
#8969 = DEFINITIONAL_REPRESENTATION('',(#8970),#8974);
#8970 = LINE('',#8971,#8972);
#8971 = CARTESIAN_POINT('',(-6.28318530718,0.));
#8972 = VECTOR('',#8973,1.);
#8973 = DIRECTION('',(-0.,-1.));
#8974 = ( GEOMETRIC_REPRESENTATION_CONTEXT(2) 
PARAMETRIC_REPRESENTATION_CONTEXT() REPRESENTATION_CONTEXT('2D SPACE',''
  ) );
#8975 = PCURVE('',#6000,#8976);
#8976 = DEFINITIONAL_REPRESENTATION('',(#8977),#8981);
#8977 = LINE('',#8978,#8979);
#8978 = CARTESIAN_POINT('',(-0.,0.));
#8979 = VECTOR('',#8980,1.);
#8980 = DIRECTION('',(-0.,-1.));
#8981 = ( GEOMETRIC_REPRESENTATION_CONTEXT(2) 
PARAMETRIC_REPRESENTATION_CONTEXT() REPRESENTATION_CONTEXT('2D SPACE',''
  ) );
#8982 = ORIENTED_EDGE('',*,*,#8983,.T.);
#8983 = EDGE_CURVE('',#8961,#8961,#8984,.T.);
#8984 = SURFACE_CURVE('',#8985,(#8990,#8997),.PCURVE_S1.);
#8985 = CIRCLE('',#8986,3.15);
#8986 = AXIS2_PLACEMENT_3D('',#8987,#8988,#8989);
#8987 = CARTESIAN_POINT('',(30.,25.5,-10.9));
#8988 = DIRECTION('',(0.,0.,-1.));
#8989 = DIRECTION('',(1.,0.,0.));
#8990 = PCURVE('',#6000,#8991);
#8991 = DEFINITIONAL_REPRESENTATION('',(#8992),#8996);
#8992 = LINE('',#8993,#8994);
#8993 = CARTESIAN_POINT('',(-6.28318530718,-5.1));
#8994 = VECTOR('',#8995,1.);
#8995 = DIRECTION('',(1.,-0.));
#8996 = ( GEOMETRIC_REPRESENTATION_CONTEXT(2) 
PARAMETRIC_REPRESENTATION_CONTEXT() REPRESENTATION_CONTEXT('2D SPACE',''
  ) );
#8997 = PCURVE('',#8998,#9003);
#8998 = PLANE('',#8999);
#8999 = AXIS2_PLACEMENT_3D('',#9000,#9001,#9002);
#9000 = CARTESIAN_POINT('',(30.,25.5,-10.9));
#9001 = DIRECTION('',(0.,0.,1.));
#9002 = DIRECTION('',(1.,0.,-0.));
#9003 = DEFINITIONAL_REPRESENTATION('',(#9004),#9012);
#9004 = ( BOUNDED_CURVE() B_SPLINE_CURVE(2,(#9005,#9006,#9007,#9008,
#9009,#9010,#9011),.UNSPECIFIED.,.T.,.F.) B_SPLINE_CURVE_WITH_KNOTS((1,2
    ,2,2,2,1),(-2.094395102393,0.,2.094395102393,4.188790204786,
6.28318530718,8.377580409573),.UNSPECIFIED.) CURVE() 
GEOMETRIC_REPRESENTATION_ITEM() RATIONAL_B_SPLINE_CURVE((1.,0.5,1.,0.5,
1.,0.5,1.)) REPRESENTATION_ITEM('') );
#9005 = CARTESIAN_POINT('',(3.15,0.));
#9006 = CARTESIAN_POINT('',(3.15,-5.455960043842));
#9007 = CARTESIAN_POINT('',(-1.575,-2.727980021921));
#9008 = CARTESIAN_POINT('',(-6.3,-7.715274834628E-16));
#9009 = CARTESIAN_POINT('',(-1.575,2.727980021921));
#9010 = CARTESIAN_POINT('',(3.15,5.455960043842));
#9011 = CARTESIAN_POINT('',(3.15,0.));
#9012 = ( GEOMETRIC_REPRESENTATION_CONTEXT(2) 
PARAMETRIC_REPRESENTATION_CONTEXT() REPRESENTATION_CONTEXT('2D SPACE',''
  ) );
#9013 = ORIENTED_EDGE('',*,*,#8960,.T.);
#9014 = ORIENTED_EDGE('',*,*,#6125,.F.);
#9015 = ORIENTED_EDGE('',*,*,#6206,.F.);
#9016 = ORIENTED_EDGE('',*,*,#8372,.T.);
#9017 = ORIENTED_EDGE('',*,*,#9018,.T.);
#9018 = EDGE_CURVE('',#8352,#9019,#9021,.T.);
#9019 = VERTEX_POINT('',#9020);
#9020 = CARTESIAN_POINT('',(27.012944593751,24.5,2.));
#9021 = SURFACE_CURVE('',#9022,(#9026,#9032),.PCURVE_S1.);
#9022 = LINE('',#9023,#9024);
#9023 = CARTESIAN_POINT('',(27.012944593751,24.5,-16.));
#9024 = VECTOR('',#9025,1.);
#9025 = DIRECTION('',(-0.,-0.,-1.));
#9026 = PCURVE('',#6000,#9027);
#9027 = DEFINITIONAL_REPRESENTATION('',(#9028),#9031);
#9028 = B_SPLINE_CURVE_WITH_KNOTS('',1,(#9029,#9030),.UNSPECIFIED.,.F.,
  .F.,(2,2),(-27.0000006,-16.8),.PIECEWISE_BEZIER_KNOTS.);
#9029 = CARTESIAN_POINT('',(-3.464642713103,-27.0000006));
#9030 = CARTESIAN_POINT('',(-3.464642713103,-16.8));
#9031 = ( GEOMETRIC_REPRESENTATION_CONTEXT(2) 
PARAMETRIC_REPRESENTATION_CONTEXT() REPRESENTATION_CONTEXT('2D SPACE',''
  ) );
#9032 = PCURVE('',#7559,#9033);
#9033 = DEFINITIONAL_REPRESENTATION('',(#9034),#9037);
#9034 = B_SPLINE_CURVE_WITH_KNOTS('',1,(#9035,#9036),.UNSPECIFIED.,.F.,
  .F.,(2,2),(-27.0000006,-16.8),.PIECEWISE_BEZIER_KNOTS.);
#9035 = CARTESIAN_POINT('',(9.0000006,1.012944593751));
#9036 = CARTESIAN_POINT('',(-1.2,1.012944593751));
#9037 = ( GEOMETRIC_REPRESENTATION_CONTEXT(2) 
PARAMETRIC_REPRESENTATION_CONTEXT() REPRESENTATION_CONTEXT('2D SPACE',''
  ) );
#9038 = ORIENTED_EDGE('',*,*,#9039,.F.);
#9039 = EDGE_CURVE('',#9040,#9019,#9042,.T.);
#9040 = VERTEX_POINT('',#9041);
#9041 = CARTESIAN_POINT('',(32.987055406249,24.5,2.));
#9042 = SURFACE_CURVE('',#9043,(#9048,#9055),.PCURVE_S1.);
#9043 = CIRCLE('',#9044,3.15);
#9044 = AXIS2_PLACEMENT_3D('',#9045,#9046,#9047);
#9045 = CARTESIAN_POINT('',(30.,25.5,2.));
#9046 = DIRECTION('',(0.,0.,-1.));
#9047 = DIRECTION('',(1.,0.,0.));
#9048 = PCURVE('',#6000,#9049);
#9049 = DEFINITIONAL_REPRESENTATION('',(#9050),#9054);
#9050 = LINE('',#9051,#9052);
#9051 = CARTESIAN_POINT('',(-6.28318530718,-18.));
#9052 = VECTOR('',#9053,1.);
#9053 = DIRECTION('',(1.,-0.));
#9054 = ( GEOMETRIC_REPRESENTATION_CONTEXT(2) 
PARAMETRIC_REPRESENTATION_CONTEXT() REPRESENTATION_CONTEXT('2D SPACE',''
  ) );
#9055 = PCURVE('',#9056,#9061);
#9056 = PLANE('',#9057);
#9057 = AXIS2_PLACEMENT_3D('',#9058,#9059,#9060);
#9058 = CARTESIAN_POINT('',(26.,19.5,2.));
#9059 = DIRECTION('',(0.,0.,1.));
#9060 = DIRECTION('',(1.,0.,0.));
#9061 = DEFINITIONAL_REPRESENTATION('',(#9062),#9070);
#9062 = ( BOUNDED_CURVE() B_SPLINE_CURVE(2,(#9063,#9064,#9065,#9066,
#9067,#9068,#9069),.UNSPECIFIED.,.T.,.F.) B_SPLINE_CURVE_WITH_KNOTS((1,2
    ,2,2,2,1),(-2.094395102393,0.,2.094395102393,4.188790204786,
6.28318530718,8.377580409573),.UNSPECIFIED.) CURVE() 
GEOMETRIC_REPRESENTATION_ITEM() RATIONAL_B_SPLINE_CURVE((1.,0.5,1.,0.5,
1.,0.5,1.)) REPRESENTATION_ITEM('') );
#9063 = CARTESIAN_POINT('',(7.15,6.));
#9064 = CARTESIAN_POINT('',(7.15,0.544039956158));
#9065 = CARTESIAN_POINT('',(2.425,3.272019978079));
#9066 = CARTESIAN_POINT('',(-2.3,6.));
#9067 = CARTESIAN_POINT('',(2.425,8.727980021921));
#9068 = CARTESIAN_POINT('',(7.15,11.455960043842));
#9069 = CARTESIAN_POINT('',(7.15,6.));
#9070 = ( GEOMETRIC_REPRESENTATION_CONTEXT(2) 
PARAMETRIC_REPRESENTATION_CONTEXT() REPRESENTATION_CONTEXT('2D SPACE',''
  ) );
#9071 = ORIENTED_EDGE('',*,*,#9072,.F.);
#9072 = EDGE_CURVE('',#9073,#9040,#9075,.T.);
#9073 = VERTEX_POINT('',#9074);
#9074 = CARTESIAN_POINT('',(32.987055395374,24.5,10.61803399686));
#9075 = SURFACE_CURVE('',#9076,(#9080,#9086),.PCURVE_S1.);
#9076 = LINE('',#9077,#9078);
#9077 = CARTESIAN_POINT('',(32.987055406249,24.5,-16.));
#9078 = VECTOR('',#9079,1.);
#9079 = DIRECTION('',(-0.,-0.,-1.));
#9080 = PCURVE('',#6000,#9081);
#9081 = DEFINITIONAL_REPRESENTATION('',(#9082),#9085);
#9082 = B_SPLINE_CURVE_WITH_KNOTS('',1,(#9083,#9084),.UNSPECIFIED.,.F.,
  .F.,(2,2),(-27.0000006,-16.8),.PIECEWISE_BEZIER_KNOTS.);
#9083 = CARTESIAN_POINT('',(-5.960135247667,-27.0000006));
#9084 = CARTESIAN_POINT('',(-5.960135247667,-16.8));
#9085 = ( GEOMETRIC_REPRESENTATION_CONTEXT(2) 
PARAMETRIC_REPRESENTATION_CONTEXT() REPRESENTATION_CONTEXT('2D SPACE',''
  ) );
#9086 = PCURVE('',#7559,#9087);
#9087 = DEFINITIONAL_REPRESENTATION('',(#9088),#9091);
#9088 = B_SPLINE_CURVE_WITH_KNOTS('',1,(#9089,#9090),.UNSPECIFIED.,.F.,
  .F.,(2,2),(-27.0000006,-16.8),.PIECEWISE_BEZIER_KNOTS.);
#9089 = CARTESIAN_POINT('',(9.0000006,6.987055406249));
#9090 = CARTESIAN_POINT('',(-1.2,6.987055406249));
#9091 = ( GEOMETRIC_REPRESENTATION_CONTEXT(2) 
PARAMETRIC_REPRESENTATION_CONTEXT() REPRESENTATION_CONTEXT('2D SPACE',''
  ) );
#9092 = ORIENTED_EDGE('',*,*,#9093,.T.);
#9093 = EDGE_CURVE('',#9073,#5984,#9094,.T.);
#9094 = SURFACE_CURVE('',#9095,(#9123,#9154),.PCURVE_S1.);
#9095 = B_SPLINE_CURVE_WITH_KNOTS('',6,(#9096,#9097,#9098,#9099,#9100,
    #9101,#9102,#9103,#9104,#9105,#9106,#9107,#9108,#9109,#9110,#9111,
    #9112,#9113,#9114,#9115,#9116,#9117,#9118,#9119,#9120,#9121,#9122),
  .UNSPECIFIED.,.F.,.F.,(7,5,5,5,5,7),(0.,0.101373145291,0.281115653164,
    0.455855812113,0.559527637694,1.),.UNSPECIFIED.);
#9096 = CARTESIAN_POINT('',(32.433618704728,23.5,11.));
#9097 = CARTESIAN_POINT('',(32.462345153888,23.534954611999,11.));
#9098 = CARTESIAN_POINT('',(32.490554535137,23.570508305373,
    10.999022557809));
#9099 = CARTESIAN_POINT('',(32.518195450248,23.606612129292,
    10.997004793871));
#9100 = CARTESIAN_POINT('',(32.545222023566,23.643213634009,
    10.993886493014));
#9101 = CARTESIAN_POINT('',(32.57159390201,23.680256870859,
    10.989610104444));
#9102 = CARTESIAN_POINT('',(32.642813073854,23.784040766127,
    10.974387672762));
#9103 = CARTESIAN_POINT('',(32.686231576,23.851672684118,10.960830936446
    ));
#9104 = CARTESIAN_POINT('',(32.727165487867,23.920016213265,
    10.943163028639));
#9105 = CARTESIAN_POINT('',(32.765378462493,23.988476238391,
    10.921207882226));
#9106 = CARTESIAN_POINT('',(32.800749116772,24.056449874438,
    10.894909939556));
#9107 = CARTESIAN_POINT('',(32.86485833122,24.188391957598,
    10.834627201362));
#9108 = CARTESIAN_POINT('',(32.893684792991,24.252276690528,
    10.800941732907));
#9109 = CARTESIAN_POINT('',(32.919739885566,24.314485086916,
    10.763383501688));
#9110 = CARTESIAN_POINT('',(32.943108398876,24.374507891713,
    10.722166014277));
#9111 = CARTESIAN_POINT('',(32.963934363293,24.431877837731,
    10.677625287714));
#9112 = CARTESIAN_POINT('',(32.993355393893,24.518428706556,
    10.602103672507));
#9113 = CARTESIAN_POINT('',(33.003486387661,24.549604193254,
    10.572958563201));
#9114 = CARTESIAN_POINT('',(33.012841437843,24.579676585684,
    10.542853827461));
#9115 = CARTESIAN_POINT('',(33.021468290904,24.608601576158,
    10.511858606317));
#9116 = CARTESIAN_POINT('',(33.029413915002,24.63634032161,
    10.480047562079));
#9117 = CARTESIAN_POINT('',(33.067785114773,24.775531717306,
    10.309219193838));
#9118 = CARTESIAN_POINT('',(33.087253032724,24.865729656229,
    10.158224068812));
#9119 = CARTESIAN_POINT('',(33.099308648835,24.933089914847,
    9.998639970973));
#9120 = CARTESIAN_POINT('',(33.106488970283,24.977763736728,
    9.83383850467));
#9121 = CARTESIAN_POINT('',(33.110064308017,25.,9.666720763994));
#9122 = CARTESIAN_POINT('',(33.110064308017,25.,9.5));
#9123 = PCURVE('',#6000,#9124);
#9124 = DEFINITIONAL_REPRESENTATION('',(#9125),#9153);
#9125 = B_SPLINE_CURVE_WITH_KNOTS('',6,(#9126,#9127,#9128,#9129,#9130,
    #9131,#9132,#9133,#9134,#9135,#9136,#9137,#9138,#9139,#9140,#9141,
    #9142,#9143,#9144,#9145,#9146,#9147,#9148,#9149,#9150,#9151,#9152),
  .UNSPECIFIED.,.F.,.F.,(7,5,5,5,5,7),(0.,0.101373145291,0.281115653164,
    0.455855812113,0.559527637694,1.),.UNSPECIFIED.);
#9126 = CARTESIAN_POINT('',(-5.59527951916,-27.));
#9127 = CARTESIAN_POINT('',(-5.60964274374,-27.));
#9128 = CARTESIAN_POINT('',(-5.624048637017,-26.9990225578));
#9129 = CARTESIAN_POINT('',(-5.638480294291,-26.99700479387));
#9130 = CARTESIAN_POINT('',(-5.652921011419,-26.99388649301));
#9131 = CARTESIAN_POINT('',(-5.667354284819,-26.98961010444));
#9132 = CARTESIAN_POINT('',(-5.707313028163,-26.97438767276));
#9133 = CARTESIAN_POINT('',(-5.732815028375,-26.96083093644));
#9134 = CARTESIAN_POINT('',(-5.758087303365,-26.94316302863));
#9135 = CARTESIAN_POINT('',(-5.782960434872,-26.92120788222));
#9136 = CARTESIAN_POINT('',(-5.807276927988,-26.89490993955));
#9137 = CARTESIAN_POINT('',(-5.853845991978,-26.83462720136));
#9138 = CARTESIAN_POINT('',(-5.876086846496,-26.8009417329));
#9139 = CARTESIAN_POINT('',(-5.897486626156,-26.76338350168));
#9140 = CARTESIAN_POINT('',(-5.917925926131,-26.72216601427));
#9141 = CARTESIAN_POINT('',(-5.937297473793,-26.67762528771));
#9142 = CARTESIAN_POINT('',(-5.96631801792,-26.6021036725));
#9143 = CARTESIAN_POINT('',(-5.976723547862,-26.5729585632));
#9144 = CARTESIAN_POINT('',(-5.986720452064,-26.54285382746));
#9145 = CARTESIAN_POINT('',(-5.996301779471,-26.51185860631));
#9146 = CARTESIAN_POINT('',(-6.005461450041,-26.48004756207));
#9147 = CARTESIAN_POINT('',(-6.051297480177,-26.30921919383));
#9148 = CARTESIAN_POINT('',(-6.080544737985,-26.15822406881));
#9149 = CARTESIAN_POINT('',(-6.102267756169,-25.99863997097));
#9150 = CARTESIAN_POINT('',(-6.116630908407,-25.83383850467));
#9151 = CARTESIAN_POINT('',(-6.123780934618,-25.66672076399));
#9152 = CARTESIAN_POINT('',(-6.123780934618,-25.5));
#9153 = ( GEOMETRIC_REPRESENTATION_CONTEXT(2) 
PARAMETRIC_REPRESENTATION_CONTEXT() REPRESENTATION_CONTEXT('2D SPACE',''
  ) );
#9154 = PCURVE('',#6025,#9155);
#9155 = DEFINITIONAL_REPRESENTATION('',(#9156),#9184);
#9156 = B_SPLINE_CURVE_WITH_KNOTS('',6,(#9157,#9158,#9159,#9160,#9161,
    #9162,#9163,#9164,#9165,#9166,#9167,#9168,#9169,#9170,#9171,#9172,
    #9173,#9174,#9175,#9176,#9177,#9178,#9179,#9180,#9181,#9182,#9183),
  .UNSPECIFIED.,.F.,.F.,(7,5,5,5,5,7),(0.,0.101373145291,0.281115653164,
    0.455855812113,0.559527637694,1.),.UNSPECIFIED.);
#9157 = CARTESIAN_POINT('',(0.,9.566381295272));
#9158 = CARTESIAN_POINT('',(2.330307466584E-02,9.537654846112));
#9159 = CARTESIAN_POINT('',(4.700554422369E-02,9.509445464863));
#9160 = CARTESIAN_POINT('',(7.109753189167E-02,9.481804549752));
#9161 = CARTESIAN_POINT('',(9.55707629877E-02,9.454777976434));
#9162 = CARTESIAN_POINT('',(0.120418564929,9.42840609799));
#9163 = CARTESIAN_POINT('',(0.190348114695,9.357186926146));
#9164 = CARTESIAN_POINT('',(0.236270493324,9.313768424));
#9165 = CARTESIAN_POINT('',(0.283220281015,9.272834512133));
#9166 = CARTESIAN_POINT('',(0.331028016051,9.234621537507));
#9167 = CARTESIAN_POINT('',(0.37953105014,9.199250883228));
#9168 = CARTESIAN_POINT('',(0.476238448071,9.13514166878));
#9169 = CARTESIAN_POINT('',(0.524309131598,9.106315207009));
#9170 = CARTESIAN_POINT('',(0.57263054407,9.080260114434));
#9171 = CARTESIAN_POINT('',(0.621047807838,9.056891601124));
#9172 = CARTESIAN_POINT('',(0.669388529981,9.036065636707));
#9173 = CARTESIAN_POINT('',(0.745966934996,9.006644606107));
#9174 = CARTESIAN_POINT('',(0.77440155199,8.996513612339));
#9175 = CARTESIAN_POINT('',(0.802744723124,8.987158562157));
#9176 = CARTESIAN_POINT('',(0.830984140531,8.978531709096));
#9177 = CARTESIAN_POINT('',(0.859105873081,8.970586084998));
#9178 = CARTESIAN_POINT('',(1.006009584601,8.932214885227));
#9179 = CARTESIAN_POINT('',(1.122031690704,8.912746967276));
#9180 = CARTESIAN_POINT('',(1.235899590736,8.900691351165));
#9181 = CARTESIAN_POINT('',(1.348236945616,8.893511029717));
#9182 = CARTESIAN_POINT('',(1.459649150799,8.889935691983));
#9183 = CARTESIAN_POINT('',(1.570796326795,8.889935691983));
#9184 = ( GEOMETRIC_REPRESENTATION_CONTEXT(2) 
PARAMETRIC_REPRESENTATION_CONTEXT() REPRESENTATION_CONTEXT('2D SPACE',''
  ) );
#9185 = ORIENTED_EDGE('',*,*,#5983,.T.);
#9186 = ORIENTED_EDGE('',*,*,#6153,.F.);
#9187 = ADVANCED_FACE('',(#9188),#6025,.T.);
#9188 = FACE_BOUND('',#9189,.T.);
#9189 = EDGE_LOOP('',(#9190,#9191,#9192,#9193,#9194,#9213));
#9190 = ORIENTED_EDGE('',*,*,#7224,.F.);
#9191 = ORIENTED_EDGE('',*,*,#8936,.T.);
#9192 = ORIENTED_EDGE('',*,*,#6011,.T.);
#9193 = ORIENTED_EDGE('',*,*,#9093,.F.);
#9194 = ORIENTED_EDGE('',*,*,#9195,.F.);
#9195 = EDGE_CURVE('',#7518,#9073,#9196,.T.);
#9196 = SURFACE_CURVE('',#9197,(#9201,#9207),.PCURVE_S1.);
#9197 = LINE('',#9198,#9199);
#9198 = CARTESIAN_POINT('',(42.,24.5,10.61803398875));
#9199 = VECTOR('',#9200,1.);
#9200 = DIRECTION('',(-1.,-0.,-0.));
#9201 = PCURVE('',#6025,#9202);
#9202 = DEFINITIONAL_REPRESENTATION('',(#9203),#9206);
#9203 = B_SPLINE_CURVE_WITH_KNOTS('',1,(#9204,#9205),.UNSPECIFIED.,.F.,
  .F.,(2,2),(7.2,9.566381895272),.PIECEWISE_BEZIER_KNOTS.);
#9204 = CARTESIAN_POINT('',(0.729727656227,7.2));
#9205 = CARTESIAN_POINT('',(0.729727656227,9.566381895272));
#9206 = ( GEOMETRIC_REPRESENTATION_CONTEXT(2) 
PARAMETRIC_REPRESENTATION_CONTEXT() REPRESENTATION_CONTEXT('2D SPACE',''
  ) );
#9207 = PCURVE('',#7559,#9208);
#9208 = DEFINITIONAL_REPRESENTATION('',(#9209),#9212);
#9209 = B_SPLINE_CURVE_WITH_KNOTS('',1,(#9210,#9211),.UNSPECIFIED.,.F.,
  .F.,(2,2),(7.2,9.566381895272),.PIECEWISE_BEZIER_KNOTS.);
#9210 = CARTESIAN_POINT('',(8.61803398875,8.8));
#9211 = CARTESIAN_POINT('',(8.61803398875,6.433618104728));
#9212 = ( GEOMETRIC_REPRESENTATION_CONTEXT(2) 
PARAMETRIC_REPRESENTATION_CONTEXT() REPRESENTATION_CONTEXT('2D SPACE',''
  ) );
#9213 = ORIENTED_EDGE('',*,*,#7517,.F.);
#9214 = ADVANCED_FACE('',(#9215),#6086,.F.);
#9215 = FACE_BOUND('',#9216,.T.);
#9216 = EDGE_LOOP('',(#9217,#9218,#9241,#9263));
#9217 = ORIENTED_EDGE('',*,*,#6065,.T.);
#9218 = ORIENTED_EDGE('',*,*,#9219,.T.);
#9219 = EDGE_CURVE('',#6066,#9220,#9222,.T.);
#9220 = VERTEX_POINT('',#9221);
#9221 = CARTESIAN_POINT('',(35.,25.5,-10.9));
#9222 = SEAM_CURVE('',#9223,(#9227,#9234),.PCURVE_S1.);
#9223 = LINE('',#9224,#9225);
#9224 = CARTESIAN_POINT('',(35.,25.5,-15.1));
#9225 = VECTOR('',#9226,1.);
#9226 = DIRECTION('',(0.,0.,1.));
#9227 = PCURVE('',#6086,#9228);
#9228 = DEFINITIONAL_REPRESENTATION('',(#9229),#9233);
#9229 = LINE('',#9230,#9231);
#9230 = CARTESIAN_POINT('',(-6.28318530718,0.));
#9231 = VECTOR('',#9232,1.);
#9232 = DIRECTION('',(-0.,-1.));
#9233 = ( GEOMETRIC_REPRESENTATION_CONTEXT(2) 
PARAMETRIC_REPRESENTATION_CONTEXT() REPRESENTATION_CONTEXT('2D SPACE',''
  ) );
#9234 = PCURVE('',#6086,#9235);
#9235 = DEFINITIONAL_REPRESENTATION('',(#9236),#9240);
#9236 = LINE('',#9237,#9238);
#9237 = CARTESIAN_POINT('',(-0.,0.));
#9238 = VECTOR('',#9239,1.);
#9239 = DIRECTION('',(-0.,-1.));
#9240 = ( GEOMETRIC_REPRESENTATION_CONTEXT(2) 
PARAMETRIC_REPRESENTATION_CONTEXT() REPRESENTATION_CONTEXT('2D SPACE',''
  ) );
#9241 = ORIENTED_EDGE('',*,*,#9242,.T.);
#9242 = EDGE_CURVE('',#9220,#9220,#9243,.T.);
#9243 = SURFACE_CURVE('',#9244,(#9249,#9256),.PCURVE_S1.);
#9244 = CIRCLE('',#9245,5.);
#9245 = AXIS2_PLACEMENT_3D('',#9246,#9247,#9248);
#9246 = CARTESIAN_POINT('',(30.,25.5,-10.9));
#9247 = DIRECTION('',(0.,0.,1.));
#9248 = DIRECTION('',(1.,0.,0.));
#9249 = PCURVE('',#6086,#9250);
#9250 = DEFINITIONAL_REPRESENTATION('',(#9251),#9255);
#9251 = LINE('',#9252,#9253);
#9252 = CARTESIAN_POINT('',(-0.,-4.2));
#9253 = VECTOR('',#9254,1.);
#9254 = DIRECTION('',(-1.,0.));
#9255 = ( GEOMETRIC_REPRESENTATION_CONTEXT(2) 
PARAMETRIC_REPRESENTATION_CONTEXT() REPRESENTATION_CONTEXT('2D SPACE',''
  ) );
#9256 = PCURVE('',#8998,#9257);
#9257 = DEFINITIONAL_REPRESENTATION('',(#9258),#9262);
#9258 = CIRCLE('',#9259,5.);
#9259 = AXIS2_PLACEMENT_2D('',#9260,#9261);
#9260 = CARTESIAN_POINT('',(3.552713678801E-15,0.));
#9261 = DIRECTION('',(1.,0.));
#9262 = ( GEOMETRIC_REPRESENTATION_CONTEXT(2) 
PARAMETRIC_REPRESENTATION_CONTEXT() REPRESENTATION_CONTEXT('2D SPACE',''
  ) );
#9263 = ORIENTED_EDGE('',*,*,#9219,.F.);
#9264 = ADVANCED_FACE('',(#9265),#6257,.F.);
#9265 = FACE_BOUND('',#9266,.T.);
#9266 = EDGE_LOOP('',(#9267,#9268,#9289,#9290));
#9267 = ORIENTED_EDGE('',*,*,#6236,.T.);
#9268 = ORIENTED_EDGE('',*,*,#9269,.T.);
#9269 = EDGE_CURVE('',#6237,#8463,#9270,.T.);
#9270 = SEAM_CURVE('',#9271,(#9275,#9282),.PCURVE_S1.);
#9271 = LINE('',#9272,#9273);
#9272 = CARTESIAN_POINT('',(-25.,25.5,-15.1));
#9273 = VECTOR('',#9274,1.);
#9274 = DIRECTION('',(0.,0.,1.));
#9275 = PCURVE('',#6257,#9276);
#9276 = DEFINITIONAL_REPRESENTATION('',(#9277),#9281);
#9277 = LINE('',#9278,#9279);
#9278 = CARTESIAN_POINT('',(-6.28318530718,0.));
#9279 = VECTOR('',#9280,1.);
#9280 = DIRECTION('',(-0.,-1.));
#9281 = ( GEOMETRIC_REPRESENTATION_CONTEXT(2) 
PARAMETRIC_REPRESENTATION_CONTEXT() REPRESENTATION_CONTEXT('2D SPACE',''
  ) );
#9282 = PCURVE('',#6257,#9283);
#9283 = DEFINITIONAL_REPRESENTATION('',(#9284),#9288);
#9284 = LINE('',#9285,#9286);
#9285 = CARTESIAN_POINT('',(-0.,0.));
#9286 = VECTOR('',#9287,1.);
#9287 = DIRECTION('',(-0.,-1.));
#9288 = ( GEOMETRIC_REPRESENTATION_CONTEXT(2) 
PARAMETRIC_REPRESENTATION_CONTEXT() REPRESENTATION_CONTEXT('2D SPACE',''
  ) );
#9289 = ORIENTED_EDGE('',*,*,#8462,.T.);
#9290 = ORIENTED_EDGE('',*,*,#9269,.F.);
#9291 = ADVANCED_FACE('',(#9292),#6591,.F.);
#9292 = FACE_BOUND('',#9293,.F.);
#9293 = EDGE_LOOP('',(#9294,#9295,#9296,#9297));
#9294 = ORIENTED_EDGE('',*,*,#7270,.F.);
#9295 = ORIENTED_EDGE('',*,*,#7895,.F.);
#9296 = ORIENTED_EDGE('',*,*,#6575,.T.);
#9297 = ORIENTED_EDGE('',*,*,#7200,.T.);
#9298 = ADVANCED_FACE('',(#9299),#6700,.F.);
#9299 = FACE_BOUND('',#9300,.F.);
#9300 = EDGE_LOOP('',(#9301,#9324,#9325,#9348));
#9301 = ORIENTED_EDGE('',*,*,#9302,.F.);
#9302 = EDGE_CURVE('',#6684,#9303,#9305,.T.);
#9303 = VERTEX_POINT('',#9304);
#9304 = CARTESIAN_POINT('',(-28.5,-14.5,-3.));
#9305 = SURFACE_CURVE('',#9306,(#9310,#9317),.PCURVE_S1.);
#9306 = LINE('',#9307,#9308);
#9307 = CARTESIAN_POINT('',(-28.5,-14.5,-11.));
#9308 = VECTOR('',#9309,1.);
#9309 = DIRECTION('',(0.,0.,1.));
#9310 = PCURVE('',#6700,#9311);
#9311 = DEFINITIONAL_REPRESENTATION('',(#9312),#9316);
#9312 = LINE('',#9313,#9314);
#9313 = CARTESIAN_POINT('',(0.,3.));
#9314 = VECTOR('',#9315,1.);
#9315 = DIRECTION('',(1.,0.));
#9316 = ( GEOMETRIC_REPRESENTATION_CONTEXT(2) 
PARAMETRIC_REPRESENTATION_CONTEXT() REPRESENTATION_CONTEXT('2D SPACE',''
  ) );
#9317 = PCURVE('',#6776,#9318);
#9318 = DEFINITIONAL_REPRESENTATION('',(#9319),#9323);
#9319 = LINE('',#9320,#9321);
#9320 = CARTESIAN_POINT('',(0.,0.));
#9321 = VECTOR('',#9322,1.);
#9322 = DIRECTION('',(1.,0.));
#9323 = ( GEOMETRIC_REPRESENTATION_CONTEXT(2) 
PARAMETRIC_REPRESENTATION_CONTEXT() REPRESENTATION_CONTEXT('2D SPACE',''
  ) );
#9324 = ORIENTED_EDGE('',*,*,#6683,.T.);
#9325 = ORIENTED_EDGE('',*,*,#9326,.T.);
#9326 = EDGE_CURVE('',#6686,#9327,#9329,.T.);
#9327 = VERTEX_POINT('',#9328);
#9328 = CARTESIAN_POINT('',(-31.5,-14.5,-3.));
#9329 = SURFACE_CURVE('',#9330,(#9334,#9341),.PCURVE_S1.);
#9330 = LINE('',#9331,#9332);
#9331 = CARTESIAN_POINT('',(-31.5,-14.5,-11.));
#9332 = VECTOR('',#9333,1.);
#9333 = DIRECTION('',(0.,0.,1.));
#9334 = PCURVE('',#6700,#9335);
#9335 = DEFINITIONAL_REPRESENTATION('',(#9336),#9340);
#9336 = LINE('',#9337,#9338);
#9337 = CARTESIAN_POINT('',(0.,0.));
#9338 = VECTOR('',#9339,1.);
#9339 = DIRECTION('',(1.,0.));
#9340 = ( GEOMETRIC_REPRESENTATION_CONTEXT(2) 
PARAMETRIC_REPRESENTATION_CONTEXT() REPRESENTATION_CONTEXT('2D SPACE',''
  ) );
#9341 = PCURVE('',#6726,#9342);
#9342 = DEFINITIONAL_REPRESENTATION('',(#9343),#9347);
#9343 = LINE('',#9344,#9345);
#9344 = CARTESIAN_POINT('',(0.,0.));
#9345 = VECTOR('',#9346,1.);
#9346 = DIRECTION('',(1.,0.));
#9347 = ( GEOMETRIC_REPRESENTATION_CONTEXT(2) 
PARAMETRIC_REPRESENTATION_CONTEXT() REPRESENTATION_CONTEXT('2D SPACE',''
  ) );
#9348 = ORIENTED_EDGE('',*,*,#9349,.T.);
#9349 = EDGE_CURVE('',#9327,#9303,#9350,.T.);
#9350 = SURFACE_CURVE('',#9351,(#9355,#9362),.PCURVE_S1.);
#9351 = LINE('',#9352,#9353);
#9352 = CARTESIAN_POINT('',(-31.5,-14.5,-3.));
#9353 = VECTOR('',#9354,1.);
#9354 = DIRECTION('',(1.,0.,0.));
#9355 = PCURVE('',#6700,#9356);
#9356 = DEFINITIONAL_REPRESENTATION('',(#9357),#9361);
#9357 = LINE('',#9358,#9359);
#9358 = CARTESIAN_POINT('',(8.,0.));
#9359 = VECTOR('',#9360,1.);
#9360 = DIRECTION('',(0.,1.));
#9361 = ( GEOMETRIC_REPRESENTATION_CONTEXT(2) 
PARAMETRIC_REPRESENTATION_CONTEXT() REPRESENTATION_CONTEXT('2D SPACE',''
  ) );
#9362 = PCURVE('',#9363,#9368);
#9363 = PLANE('',#9364);
#9364 = AXIS2_PLACEMENT_3D('',#9365,#9366,#9367);
#9365 = CARTESIAN_POINT('',(-31.5,-14.5,-3.));
#9366 = DIRECTION('',(0.,0.,1.));
#9367 = DIRECTION('',(1.,0.,0.));
#9368 = DEFINITIONAL_REPRESENTATION('',(#9369),#9373);
#9369 = LINE('',#9370,#9371);
#9370 = CARTESIAN_POINT('',(0.,0.));
#9371 = VECTOR('',#9372,1.);
#9372 = DIRECTION('',(1.,0.));
#9373 = ( GEOMETRIC_REPRESENTATION_CONTEXT(2) 
PARAMETRIC_REPRESENTATION_CONTEXT() REPRESENTATION_CONTEXT('2D SPACE',''
  ) );
#9374 = ADVANCED_FACE('',(#9375),#6776,.T.);
#9375 = FACE_BOUND('',#9376,.T.);
#9376 = EDGE_LOOP('',(#9377,#9378,#9379,#9402));
#9377 = ORIENTED_EDGE('',*,*,#9302,.F.);
#9378 = ORIENTED_EDGE('',*,*,#6763,.T.);
#9379 = ORIENTED_EDGE('',*,*,#9380,.T.);
#9380 = EDGE_CURVE('',#6738,#9381,#9383,.T.);
#9381 = VERTEX_POINT('',#9382);
#9382 = CARTESIAN_POINT('',(-28.5,-10.5,-3.));
#9383 = SURFACE_CURVE('',#9384,(#9388,#9395),.PCURVE_S1.);
#9384 = LINE('',#9385,#9386);
#9385 = CARTESIAN_POINT('',(-28.5,-10.5,-11.));
#9386 = VECTOR('',#9387,1.);
#9387 = DIRECTION('',(0.,0.,1.));
#9388 = PCURVE('',#6776,#9389);
#9389 = DEFINITIONAL_REPRESENTATION('',(#9390),#9394);
#9390 = LINE('',#9391,#9392);
#9391 = CARTESIAN_POINT('',(0.,-4.));
#9392 = VECTOR('',#9393,1.);
#9393 = DIRECTION('',(1.,0.));
#9394 = ( GEOMETRIC_REPRESENTATION_CONTEXT(2) 
PARAMETRIC_REPRESENTATION_CONTEXT() REPRESENTATION_CONTEXT('2D SPACE',''
  ) );
#9395 = PCURVE('',#6752,#9396);
#9396 = DEFINITIONAL_REPRESENTATION('',(#9397),#9401);
#9397 = LINE('',#9398,#9399);
#9398 = CARTESIAN_POINT('',(0.,3.));
#9399 = VECTOR('',#9400,1.);
#9400 = DIRECTION('',(1.,0.));
#9401 = ( GEOMETRIC_REPRESENTATION_CONTEXT(2) 
PARAMETRIC_REPRESENTATION_CONTEXT() REPRESENTATION_CONTEXT('2D SPACE',''
  ) );
#9402 = ORIENTED_EDGE('',*,*,#9403,.F.);
#9403 = EDGE_CURVE('',#9303,#9381,#9404,.T.);
#9404 = SURFACE_CURVE('',#9405,(#9409,#9416),.PCURVE_S1.);
#9405 = LINE('',#9406,#9407);
#9406 = CARTESIAN_POINT('',(-28.5,-14.5,-3.));
#9407 = VECTOR('',#9408,1.);
#9408 = DIRECTION('',(0.,1.,0.));
#9409 = PCURVE('',#6776,#9410);
#9410 = DEFINITIONAL_REPRESENTATION('',(#9411),#9415);
#9411 = LINE('',#9412,#9413);
#9412 = CARTESIAN_POINT('',(8.,0.));
#9413 = VECTOR('',#9414,1.);
#9414 = DIRECTION('',(0.,-1.));
#9415 = ( GEOMETRIC_REPRESENTATION_CONTEXT(2) 
PARAMETRIC_REPRESENTATION_CONTEXT() REPRESENTATION_CONTEXT('2D SPACE',''
  ) );
#9416 = PCURVE('',#9363,#9417);
#9417 = DEFINITIONAL_REPRESENTATION('',(#9418),#9422);
#9418 = LINE('',#9419,#9420);
#9419 = CARTESIAN_POINT('',(3.,0.));
#9420 = VECTOR('',#9421,1.);
#9421 = DIRECTION('',(0.,1.));
#9422 = ( GEOMETRIC_REPRESENTATION_CONTEXT(2) 
PARAMETRIC_REPRESENTATION_CONTEXT() REPRESENTATION_CONTEXT('2D SPACE',''
  ) );
#9423 = ADVANCED_FACE('',(#9424),#6726,.F.);
#9424 = FACE_BOUND('',#9425,.F.);
#9425 = EDGE_LOOP('',(#9426,#9427,#9428,#9451));
#9426 = ORIENTED_EDGE('',*,*,#9326,.F.);
#9427 = ORIENTED_EDGE('',*,*,#6711,.T.);
#9428 = ORIENTED_EDGE('',*,*,#9429,.T.);
#9429 = EDGE_CURVE('',#6712,#9430,#9432,.T.);
#9430 = VERTEX_POINT('',#9431);
#9431 = CARTESIAN_POINT('',(-31.5,-10.5,-3.));
#9432 = SURFACE_CURVE('',#9433,(#9437,#9444),.PCURVE_S1.);
#9433 = LINE('',#9434,#9435);
#9434 = CARTESIAN_POINT('',(-31.5,-10.5,-11.));
#9435 = VECTOR('',#9436,1.);
#9436 = DIRECTION('',(0.,0.,1.));
#9437 = PCURVE('',#6726,#9438);
#9438 = DEFINITIONAL_REPRESENTATION('',(#9439),#9443);
#9439 = LINE('',#9440,#9441);
#9440 = CARTESIAN_POINT('',(0.,-4.));
#9441 = VECTOR('',#9442,1.);
#9442 = DIRECTION('',(1.,0.));
#9443 = ( GEOMETRIC_REPRESENTATION_CONTEXT(2) 
PARAMETRIC_REPRESENTATION_CONTEXT() REPRESENTATION_CONTEXT('2D SPACE',''
  ) );
#9444 = PCURVE('',#6752,#9445);
#9445 = DEFINITIONAL_REPRESENTATION('',(#9446),#9450);
#9446 = LINE('',#9447,#9448);
#9447 = CARTESIAN_POINT('',(0.,0.));
#9448 = VECTOR('',#9449,1.);
#9449 = DIRECTION('',(1.,0.));
#9450 = ( GEOMETRIC_REPRESENTATION_CONTEXT(2) 
PARAMETRIC_REPRESENTATION_CONTEXT() REPRESENTATION_CONTEXT('2D SPACE',''
  ) );
#9451 = ORIENTED_EDGE('',*,*,#9452,.F.);
#9452 = EDGE_CURVE('',#9327,#9430,#9453,.T.);
#9453 = SURFACE_CURVE('',#9454,(#9458,#9465),.PCURVE_S1.);
#9454 = LINE('',#9455,#9456);
#9455 = CARTESIAN_POINT('',(-31.5,-14.5,-3.));
#9456 = VECTOR('',#9457,1.);
#9457 = DIRECTION('',(0.,1.,0.));
#9458 = PCURVE('',#6726,#9459);
#9459 = DEFINITIONAL_REPRESENTATION('',(#9460),#9464);
#9460 = LINE('',#9461,#9462);
#9461 = CARTESIAN_POINT('',(8.,0.));
#9462 = VECTOR('',#9463,1.);
#9463 = DIRECTION('',(0.,-1.));
#9464 = ( GEOMETRIC_REPRESENTATION_CONTEXT(2) 
PARAMETRIC_REPRESENTATION_CONTEXT() REPRESENTATION_CONTEXT('2D SPACE',''
  ) );
#9465 = PCURVE('',#9363,#9466);
#9466 = DEFINITIONAL_REPRESENTATION('',(#9467),#9471);
#9467 = LINE('',#9468,#9469);
#9468 = CARTESIAN_POINT('',(0.,0.));
#9469 = VECTOR('',#9470,1.);
#9470 = DIRECTION('',(0.,1.));
#9471 = ( GEOMETRIC_REPRESENTATION_CONTEXT(2) 
PARAMETRIC_REPRESENTATION_CONTEXT() REPRESENTATION_CONTEXT('2D SPACE',''
  ) );
#9472 = ADVANCED_FACE('',(#9473),#6752,.T.);
#9473 = FACE_BOUND('',#9474,.T.);
#9474 = EDGE_LOOP('',(#9475,#9476,#9477,#9478));
#9475 = ORIENTED_EDGE('',*,*,#9380,.F.);
#9476 = ORIENTED_EDGE('',*,*,#6737,.T.);
#9477 = ORIENTED_EDGE('',*,*,#9429,.T.);
#9478 = ORIENTED_EDGE('',*,*,#9479,.T.);
#9479 = EDGE_CURVE('',#9430,#9381,#9480,.T.);
#9480 = SURFACE_CURVE('',#9481,(#9485,#9492),.PCURVE_S1.);
#9481 = LINE('',#9482,#9483);
#9482 = CARTESIAN_POINT('',(-31.5,-10.5,-3.));
#9483 = VECTOR('',#9484,1.);
#9484 = DIRECTION('',(1.,0.,0.));
#9485 = PCURVE('',#6752,#9486);
#9486 = DEFINITIONAL_REPRESENTATION('',(#9487),#9491);
#9487 = LINE('',#9488,#9489);
#9488 = CARTESIAN_POINT('',(8.,0.));
#9489 = VECTOR('',#9490,1.);
#9490 = DIRECTION('',(0.,1.));
#9491 = ( GEOMETRIC_REPRESENTATION_CONTEXT(2) 
PARAMETRIC_REPRESENTATION_CONTEXT() REPRESENTATION_CONTEXT('2D SPACE',''
  ) );
#9492 = PCURVE('',#9363,#9493);
#9493 = DEFINITIONAL_REPRESENTATION('',(#9494),#9498);
#9494 = LINE('',#9495,#9496);
#9495 = CARTESIAN_POINT('',(0.,4.));
#9496 = VECTOR('',#9497,1.);
#9497 = DIRECTION('',(1.,0.));
#9498 = ( GEOMETRIC_REPRESENTATION_CONTEXT(2) 
PARAMETRIC_REPRESENTATION_CONTEXT() REPRESENTATION_CONTEXT('2D SPACE',''
  ) );
#9499 = ADVANCED_FACE('',(#9500),#6806,.F.);
#9500 = FACE_BOUND('',#9501,.F.);
#9501 = EDGE_LOOP('',(#9502,#9525,#9526,#9549));
#9502 = ORIENTED_EDGE('',*,*,#9503,.F.);
#9503 = EDGE_CURVE('',#6790,#9504,#9506,.T.);
#9504 = VERTEX_POINT('',#9505);
#9505 = CARTESIAN_POINT('',(31.5,-14.5,-3.));
#9506 = SURFACE_CURVE('',#9507,(#9511,#9518),.PCURVE_S1.);
#9507 = LINE('',#9508,#9509);
#9508 = CARTESIAN_POINT('',(31.5,-14.5,-11.));
#9509 = VECTOR('',#9510,1.);
#9510 = DIRECTION('',(0.,0.,1.));
#9511 = PCURVE('',#6806,#9512);
#9512 = DEFINITIONAL_REPRESENTATION('',(#9513),#9517);
#9513 = LINE('',#9514,#9515);
#9514 = CARTESIAN_POINT('',(0.,3.));
#9515 = VECTOR('',#9516,1.);
#9516 = DIRECTION('',(1.,0.));
#9517 = ( GEOMETRIC_REPRESENTATION_CONTEXT(2) 
PARAMETRIC_REPRESENTATION_CONTEXT() REPRESENTATION_CONTEXT('2D SPACE',''
  ) );
#9518 = PCURVE('',#6882,#9519);
#9519 = DEFINITIONAL_REPRESENTATION('',(#9520),#9524);
#9520 = LINE('',#9521,#9522);
#9521 = CARTESIAN_POINT('',(0.,0.));
#9522 = VECTOR('',#9523,1.);
#9523 = DIRECTION('',(1.,0.));
#9524 = ( GEOMETRIC_REPRESENTATION_CONTEXT(2) 
PARAMETRIC_REPRESENTATION_CONTEXT() REPRESENTATION_CONTEXT('2D SPACE',''
  ) );
#9525 = ORIENTED_EDGE('',*,*,#6789,.T.);
#9526 = ORIENTED_EDGE('',*,*,#9527,.T.);
#9527 = EDGE_CURVE('',#6792,#9528,#9530,.T.);
#9528 = VERTEX_POINT('',#9529);
#9529 = CARTESIAN_POINT('',(28.5,-14.5,-3.));
#9530 = SURFACE_CURVE('',#9531,(#9535,#9542),.PCURVE_S1.);
#9531 = LINE('',#9532,#9533);
#9532 = CARTESIAN_POINT('',(28.5,-14.5,-11.));
#9533 = VECTOR('',#9534,1.);
#9534 = DIRECTION('',(0.,0.,1.));
#9535 = PCURVE('',#6806,#9536);
#9536 = DEFINITIONAL_REPRESENTATION('',(#9537),#9541);
#9537 = LINE('',#9538,#9539);
#9538 = CARTESIAN_POINT('',(0.,0.));
#9539 = VECTOR('',#9540,1.);
#9540 = DIRECTION('',(1.,0.));
#9541 = ( GEOMETRIC_REPRESENTATION_CONTEXT(2) 
PARAMETRIC_REPRESENTATION_CONTEXT() REPRESENTATION_CONTEXT('2D SPACE',''
  ) );
#9542 = PCURVE('',#6832,#9543);
#9543 = DEFINITIONAL_REPRESENTATION('',(#9544),#9548);
#9544 = LINE('',#9545,#9546);
#9545 = CARTESIAN_POINT('',(0.,0.));
#9546 = VECTOR('',#9547,1.);
#9547 = DIRECTION('',(1.,0.));
#9548 = ( GEOMETRIC_REPRESENTATION_CONTEXT(2) 
PARAMETRIC_REPRESENTATION_CONTEXT() REPRESENTATION_CONTEXT('2D SPACE',''
  ) );
#9549 = ORIENTED_EDGE('',*,*,#9550,.T.);
#9550 = EDGE_CURVE('',#9528,#9504,#9551,.T.);
#9551 = SURFACE_CURVE('',#9552,(#9556,#9563),.PCURVE_S1.);
#9552 = LINE('',#9553,#9554);
#9553 = CARTESIAN_POINT('',(28.5,-14.5,-3.));
#9554 = VECTOR('',#9555,1.);
#9555 = DIRECTION('',(1.,0.,0.));
#9556 = PCURVE('',#6806,#9557);
#9557 = DEFINITIONAL_REPRESENTATION('',(#9558),#9562);
#9558 = LINE('',#9559,#9560);
#9559 = CARTESIAN_POINT('',(8.,0.));
#9560 = VECTOR('',#9561,1.);
#9561 = DIRECTION('',(0.,1.));
#9562 = ( GEOMETRIC_REPRESENTATION_CONTEXT(2) 
PARAMETRIC_REPRESENTATION_CONTEXT() REPRESENTATION_CONTEXT('2D SPACE',''
  ) );
#9563 = PCURVE('',#9564,#9569);
#9564 = PLANE('',#9565);
#9565 = AXIS2_PLACEMENT_3D('',#9566,#9567,#9568);
#9566 = CARTESIAN_POINT('',(28.5,-14.5,-3.));
#9567 = DIRECTION('',(0.,0.,1.));
#9568 = DIRECTION('',(1.,0.,0.));
#9569 = DEFINITIONAL_REPRESENTATION('',(#9570),#9574);
#9570 = LINE('',#9571,#9572);
#9571 = CARTESIAN_POINT('',(0.,0.));
#9572 = VECTOR('',#9573,1.);
#9573 = DIRECTION('',(1.,0.));
#9574 = ( GEOMETRIC_REPRESENTATION_CONTEXT(2) 
PARAMETRIC_REPRESENTATION_CONTEXT() REPRESENTATION_CONTEXT('2D SPACE',''
  ) );
#9575 = ADVANCED_FACE('',(#9576),#6882,.T.);
#9576 = FACE_BOUND('',#9577,.T.);
#9577 = EDGE_LOOP('',(#9578,#9579,#9580,#9603));
#9578 = ORIENTED_EDGE('',*,*,#9503,.F.);
#9579 = ORIENTED_EDGE('',*,*,#6869,.T.);
#9580 = ORIENTED_EDGE('',*,*,#9581,.T.);
#9581 = EDGE_CURVE('',#6844,#9582,#9584,.T.);
#9582 = VERTEX_POINT('',#9583);
#9583 = CARTESIAN_POINT('',(31.5,-10.5,-3.));
#9584 = SURFACE_CURVE('',#9585,(#9589,#9596),.PCURVE_S1.);
#9585 = LINE('',#9586,#9587);
#9586 = CARTESIAN_POINT('',(31.5,-10.5,-11.));
#9587 = VECTOR('',#9588,1.);
#9588 = DIRECTION('',(0.,0.,1.));
#9589 = PCURVE('',#6882,#9590);
#9590 = DEFINITIONAL_REPRESENTATION('',(#9591),#9595);
#9591 = LINE('',#9592,#9593);
#9592 = CARTESIAN_POINT('',(0.,-4.));
#9593 = VECTOR('',#9594,1.);
#9594 = DIRECTION('',(1.,0.));
#9595 = ( GEOMETRIC_REPRESENTATION_CONTEXT(2) 
PARAMETRIC_REPRESENTATION_CONTEXT() REPRESENTATION_CONTEXT('2D SPACE',''
  ) );
#9596 = PCURVE('',#6858,#9597);
#9597 = DEFINITIONAL_REPRESENTATION('',(#9598),#9602);
#9598 = LINE('',#9599,#9600);
#9599 = CARTESIAN_POINT('',(0.,3.));
#9600 = VECTOR('',#9601,1.);
#9601 = DIRECTION('',(1.,0.));
#9602 = ( GEOMETRIC_REPRESENTATION_CONTEXT(2) 
PARAMETRIC_REPRESENTATION_CONTEXT() REPRESENTATION_CONTEXT('2D SPACE',''
  ) );
#9603 = ORIENTED_EDGE('',*,*,#9604,.F.);
#9604 = EDGE_CURVE('',#9504,#9582,#9605,.T.);
#9605 = SURFACE_CURVE('',#9606,(#9610,#9617),.PCURVE_S1.);
#9606 = LINE('',#9607,#9608);
#9607 = CARTESIAN_POINT('',(31.5,-14.5,-3.));
#9608 = VECTOR('',#9609,1.);
#9609 = DIRECTION('',(0.,1.,0.));
#9610 = PCURVE('',#6882,#9611);
#9611 = DEFINITIONAL_REPRESENTATION('',(#9612),#9616);
#9612 = LINE('',#9613,#9614);
#9613 = CARTESIAN_POINT('',(8.,0.));
#9614 = VECTOR('',#9615,1.);
#9615 = DIRECTION('',(0.,-1.));
#9616 = ( GEOMETRIC_REPRESENTATION_CONTEXT(2) 
PARAMETRIC_REPRESENTATION_CONTEXT() REPRESENTATION_CONTEXT('2D SPACE',''
  ) );
#9617 = PCURVE('',#9564,#9618);
#9618 = DEFINITIONAL_REPRESENTATION('',(#9619),#9623);
#9619 = LINE('',#9620,#9621);
#9620 = CARTESIAN_POINT('',(3.,0.));
#9621 = VECTOR('',#9622,1.);
#9622 = DIRECTION('',(0.,1.));
#9623 = ( GEOMETRIC_REPRESENTATION_CONTEXT(2) 
PARAMETRIC_REPRESENTATION_CONTEXT() REPRESENTATION_CONTEXT('2D SPACE',''
  ) );
#9624 = ADVANCED_FACE('',(#9625),#6832,.F.);
#9625 = FACE_BOUND('',#9626,.F.);
#9626 = EDGE_LOOP('',(#9627,#9628,#9629,#9652));
#9627 = ORIENTED_EDGE('',*,*,#9527,.F.);
#9628 = ORIENTED_EDGE('',*,*,#6817,.T.);
#9629 = ORIENTED_EDGE('',*,*,#9630,.T.);
#9630 = EDGE_CURVE('',#6818,#9631,#9633,.T.);
#9631 = VERTEX_POINT('',#9632);
#9632 = CARTESIAN_POINT('',(28.5,-10.5,-3.));
#9633 = SURFACE_CURVE('',#9634,(#9638,#9645),.PCURVE_S1.);
#9634 = LINE('',#9635,#9636);
#9635 = CARTESIAN_POINT('',(28.5,-10.5,-11.));
#9636 = VECTOR('',#9637,1.);
#9637 = DIRECTION('',(0.,0.,1.));
#9638 = PCURVE('',#6832,#9639);
#9639 = DEFINITIONAL_REPRESENTATION('',(#9640),#9644);
#9640 = LINE('',#9641,#9642);
#9641 = CARTESIAN_POINT('',(0.,-4.));
#9642 = VECTOR('',#9643,1.);
#9643 = DIRECTION('',(1.,0.));
#9644 = ( GEOMETRIC_REPRESENTATION_CONTEXT(2) 
PARAMETRIC_REPRESENTATION_CONTEXT() REPRESENTATION_CONTEXT('2D SPACE',''
  ) );
#9645 = PCURVE('',#6858,#9646);
#9646 = DEFINITIONAL_REPRESENTATION('',(#9647),#9651);
#9647 = LINE('',#9648,#9649);
#9648 = CARTESIAN_POINT('',(0.,0.));
#9649 = VECTOR('',#9650,1.);
#9650 = DIRECTION('',(1.,0.));
#9651 = ( GEOMETRIC_REPRESENTATION_CONTEXT(2) 
PARAMETRIC_REPRESENTATION_CONTEXT() REPRESENTATION_CONTEXT('2D SPACE',''
  ) );
#9652 = ORIENTED_EDGE('',*,*,#9653,.F.);
#9653 = EDGE_CURVE('',#9528,#9631,#9654,.T.);
#9654 = SURFACE_CURVE('',#9655,(#9659,#9666),.PCURVE_S1.);
#9655 = LINE('',#9656,#9657);
#9656 = CARTESIAN_POINT('',(28.5,-14.5,-3.));
#9657 = VECTOR('',#9658,1.);
#9658 = DIRECTION('',(0.,1.,0.));
#9659 = PCURVE('',#6832,#9660);
#9660 = DEFINITIONAL_REPRESENTATION('',(#9661),#9665);
#9661 = LINE('',#9662,#9663);
#9662 = CARTESIAN_POINT('',(8.,0.));
#9663 = VECTOR('',#9664,1.);
#9664 = DIRECTION('',(0.,-1.));
#9665 = ( GEOMETRIC_REPRESENTATION_CONTEXT(2) 
PARAMETRIC_REPRESENTATION_CONTEXT() REPRESENTATION_CONTEXT('2D SPACE',''
  ) );
#9666 = PCURVE('',#9564,#9667);
#9667 = DEFINITIONAL_REPRESENTATION('',(#9668),#9672);
#9668 = LINE('',#9669,#9670);
#9669 = CARTESIAN_POINT('',(0.,0.));
#9670 = VECTOR('',#9671,1.);
#9671 = DIRECTION('',(0.,1.));
#9672 = ( GEOMETRIC_REPRESENTATION_CONTEXT(2) 
PARAMETRIC_REPRESENTATION_CONTEXT() REPRESENTATION_CONTEXT('2D SPACE',''
  ) );
#9673 = ADVANCED_FACE('',(#9674),#6858,.T.);
#9674 = FACE_BOUND('',#9675,.T.);
#9675 = EDGE_LOOP('',(#9676,#9677,#9678,#9679));
#9676 = ORIENTED_EDGE('',*,*,#9581,.F.);
#9677 = ORIENTED_EDGE('',*,*,#6843,.T.);
#9678 = ORIENTED_EDGE('',*,*,#9630,.T.);
#9679 = ORIENTED_EDGE('',*,*,#9680,.T.);
#9680 = EDGE_CURVE('',#9631,#9582,#9681,.T.);
#9681 = SURFACE_CURVE('',#9682,(#9686,#9693),.PCURVE_S1.);
#9682 = LINE('',#9683,#9684);
#9683 = CARTESIAN_POINT('',(28.5,-10.5,-3.));
#9684 = VECTOR('',#9685,1.);
#9685 = DIRECTION('',(1.,0.,0.));
#9686 = PCURVE('',#6858,#9687);
#9687 = DEFINITIONAL_REPRESENTATION('',(#9688),#9692);
#9688 = LINE('',#9689,#9690);
#9689 = CARTESIAN_POINT('',(8.,0.));
#9690 = VECTOR('',#9691,1.);
#9691 = DIRECTION('',(0.,1.));
#9692 = ( GEOMETRIC_REPRESENTATION_CONTEXT(2) 
PARAMETRIC_REPRESENTATION_CONTEXT() REPRESENTATION_CONTEXT('2D SPACE',''
  ) );
#9693 = PCURVE('',#9564,#9694);
#9694 = DEFINITIONAL_REPRESENTATION('',(#9695),#9699);
#9695 = LINE('',#9696,#9697);
#9696 = CARTESIAN_POINT('',(0.,4.));
#9697 = VECTOR('',#9698,1.);
#9698 = DIRECTION('',(1.,0.));
#9699 = ( GEOMETRIC_REPRESENTATION_CONTEXT(2) 
PARAMETRIC_REPRESENTATION_CONTEXT() REPRESENTATION_CONTEXT('2D SPACE',''
  ) );
#9700 = ADVANCED_FACE('',(#9701),#6912,.F.);
#9701 = FACE_BOUND('',#9702,.F.);
#9702 = EDGE_LOOP('',(#9703,#9726,#9727,#9750));
#9703 = ORIENTED_EDGE('',*,*,#9704,.F.);
#9704 = EDGE_CURVE('',#6896,#9705,#9707,.T.);
#9705 = VERTEX_POINT('',#9706);
#9706 = CARTESIAN_POINT('',(-28.5,10.5,-3.));
#9707 = SURFACE_CURVE('',#9708,(#9712,#9719),.PCURVE_S1.);
#9708 = LINE('',#9709,#9710);
#9709 = CARTESIAN_POINT('',(-28.5,10.5,-11.));
#9710 = VECTOR('',#9711,1.);
#9711 = DIRECTION('',(0.,0.,1.));
#9712 = PCURVE('',#6912,#9713);
#9713 = DEFINITIONAL_REPRESENTATION('',(#9714),#9718);
#9714 = LINE('',#9715,#9716);
#9715 = CARTESIAN_POINT('',(0.,3.));
#9716 = VECTOR('',#9717,1.);
#9717 = DIRECTION('',(1.,0.));
#9718 = ( GEOMETRIC_REPRESENTATION_CONTEXT(2) 
PARAMETRIC_REPRESENTATION_CONTEXT() REPRESENTATION_CONTEXT('2D SPACE',''
  ) );
#9719 = PCURVE('',#6988,#9720);
#9720 = DEFINITIONAL_REPRESENTATION('',(#9721),#9725);
#9721 = LINE('',#9722,#9723);
#9722 = CARTESIAN_POINT('',(0.,0.));
#9723 = VECTOR('',#9724,1.);
#9724 = DIRECTION('',(1.,0.));
#9725 = ( GEOMETRIC_REPRESENTATION_CONTEXT(2) 
PARAMETRIC_REPRESENTATION_CONTEXT() REPRESENTATION_CONTEXT('2D SPACE',''
  ) );
#9726 = ORIENTED_EDGE('',*,*,#6895,.T.);
#9727 = ORIENTED_EDGE('',*,*,#9728,.T.);
#9728 = EDGE_CURVE('',#6898,#9729,#9731,.T.);
#9729 = VERTEX_POINT('',#9730);
#9730 = CARTESIAN_POINT('',(-31.5,10.5,-3.));
#9731 = SURFACE_CURVE('',#9732,(#9736,#9743),.PCURVE_S1.);
#9732 = LINE('',#9733,#9734);
#9733 = CARTESIAN_POINT('',(-31.5,10.5,-11.));
#9734 = VECTOR('',#9735,1.);
#9735 = DIRECTION('',(0.,0.,1.));
#9736 = PCURVE('',#6912,#9737);
#9737 = DEFINITIONAL_REPRESENTATION('',(#9738),#9742);
#9738 = LINE('',#9739,#9740);
#9739 = CARTESIAN_POINT('',(0.,0.));
#9740 = VECTOR('',#9741,1.);
#9741 = DIRECTION('',(1.,0.));
#9742 = ( GEOMETRIC_REPRESENTATION_CONTEXT(2) 
PARAMETRIC_REPRESENTATION_CONTEXT() REPRESENTATION_CONTEXT('2D SPACE',''
  ) );
#9743 = PCURVE('',#6938,#9744);
#9744 = DEFINITIONAL_REPRESENTATION('',(#9745),#9749);
#9745 = LINE('',#9746,#9747);
#9746 = CARTESIAN_POINT('',(0.,0.));
#9747 = VECTOR('',#9748,1.);
#9748 = DIRECTION('',(1.,0.));
#9749 = ( GEOMETRIC_REPRESENTATION_CONTEXT(2) 
PARAMETRIC_REPRESENTATION_CONTEXT() REPRESENTATION_CONTEXT('2D SPACE',''
  ) );
#9750 = ORIENTED_EDGE('',*,*,#9751,.T.);
#9751 = EDGE_CURVE('',#9729,#9705,#9752,.T.);
#9752 = SURFACE_CURVE('',#9753,(#9757,#9764),.PCURVE_S1.);
#9753 = LINE('',#9754,#9755);
#9754 = CARTESIAN_POINT('',(-31.5,10.5,-3.));
#9755 = VECTOR('',#9756,1.);
#9756 = DIRECTION('',(1.,0.,0.));
#9757 = PCURVE('',#6912,#9758);
#9758 = DEFINITIONAL_REPRESENTATION('',(#9759),#9763);
#9759 = LINE('',#9760,#9761);
#9760 = CARTESIAN_POINT('',(8.,0.));
#9761 = VECTOR('',#9762,1.);
#9762 = DIRECTION('',(0.,1.));
#9763 = ( GEOMETRIC_REPRESENTATION_CONTEXT(2) 
PARAMETRIC_REPRESENTATION_CONTEXT() REPRESENTATION_CONTEXT('2D SPACE',''
  ) );
#9764 = PCURVE('',#9765,#9770);
#9765 = PLANE('',#9766);
#9766 = AXIS2_PLACEMENT_3D('',#9767,#9768,#9769);
#9767 = CARTESIAN_POINT('',(-31.5,10.5,-3.));
#9768 = DIRECTION('',(0.,0.,1.));
#9769 = DIRECTION('',(1.,0.,0.));
#9770 = DEFINITIONAL_REPRESENTATION('',(#9771),#9775);
#9771 = LINE('',#9772,#9773);
#9772 = CARTESIAN_POINT('',(0.,0.));
#9773 = VECTOR('',#9774,1.);
#9774 = DIRECTION('',(1.,0.));
#9775 = ( GEOMETRIC_REPRESENTATION_CONTEXT(2) 
PARAMETRIC_REPRESENTATION_CONTEXT() REPRESENTATION_CONTEXT('2D SPACE',''
  ) );
#9776 = ADVANCED_FACE('',(#9777),#6988,.T.);
#9777 = FACE_BOUND('',#9778,.T.);
#9778 = EDGE_LOOP('',(#9779,#9780,#9781,#9804));
#9779 = ORIENTED_EDGE('',*,*,#9704,.F.);
#9780 = ORIENTED_EDGE('',*,*,#6975,.T.);
#9781 = ORIENTED_EDGE('',*,*,#9782,.T.);
#9782 = EDGE_CURVE('',#6950,#9783,#9785,.T.);
#9783 = VERTEX_POINT('',#9784);
#9784 = CARTESIAN_POINT('',(-28.5,14.5,-3.));
#9785 = SURFACE_CURVE('',#9786,(#9790,#9797),.PCURVE_S1.);
#9786 = LINE('',#9787,#9788);
#9787 = CARTESIAN_POINT('',(-28.5,14.5,-11.));
#9788 = VECTOR('',#9789,1.);
#9789 = DIRECTION('',(0.,0.,1.));
#9790 = PCURVE('',#6988,#9791);
#9791 = DEFINITIONAL_REPRESENTATION('',(#9792),#9796);
#9792 = LINE('',#9793,#9794);
#9793 = CARTESIAN_POINT('',(0.,-4.));
#9794 = VECTOR('',#9795,1.);
#9795 = DIRECTION('',(1.,0.));
#9796 = ( GEOMETRIC_REPRESENTATION_CONTEXT(2) 
PARAMETRIC_REPRESENTATION_CONTEXT() REPRESENTATION_CONTEXT('2D SPACE',''
  ) );
#9797 = PCURVE('',#6964,#9798);
#9798 = DEFINITIONAL_REPRESENTATION('',(#9799),#9803);
#9799 = LINE('',#9800,#9801);
#9800 = CARTESIAN_POINT('',(0.,3.));
#9801 = VECTOR('',#9802,1.);
#9802 = DIRECTION('',(1.,0.));
#9803 = ( GEOMETRIC_REPRESENTATION_CONTEXT(2) 
PARAMETRIC_REPRESENTATION_CONTEXT() REPRESENTATION_CONTEXT('2D SPACE',''
  ) );
#9804 = ORIENTED_EDGE('',*,*,#9805,.F.);
#9805 = EDGE_CURVE('',#9705,#9783,#9806,.T.);
#9806 = SURFACE_CURVE('',#9807,(#9811,#9818),.PCURVE_S1.);
#9807 = LINE('',#9808,#9809);
#9808 = CARTESIAN_POINT('',(-28.5,10.5,-3.));
#9809 = VECTOR('',#9810,1.);
#9810 = DIRECTION('',(0.,1.,0.));
#9811 = PCURVE('',#6988,#9812);
#9812 = DEFINITIONAL_REPRESENTATION('',(#9813),#9817);
#9813 = LINE('',#9814,#9815);
#9814 = CARTESIAN_POINT('',(8.,0.));
#9815 = VECTOR('',#9816,1.);
#9816 = DIRECTION('',(0.,-1.));
#9817 = ( GEOMETRIC_REPRESENTATION_CONTEXT(2) 
PARAMETRIC_REPRESENTATION_CONTEXT() REPRESENTATION_CONTEXT('2D SPACE',''
  ) );
#9818 = PCURVE('',#9765,#9819);
#9819 = DEFINITIONAL_REPRESENTATION('',(#9820),#9824);
#9820 = LINE('',#9821,#9822);
#9821 = CARTESIAN_POINT('',(3.,0.));
#9822 = VECTOR('',#9823,1.);
#9823 = DIRECTION('',(0.,1.));
#9824 = ( GEOMETRIC_REPRESENTATION_CONTEXT(2) 
PARAMETRIC_REPRESENTATION_CONTEXT() REPRESENTATION_CONTEXT('2D SPACE',''
  ) );
#9825 = ADVANCED_FACE('',(#9826),#6938,.F.);
#9826 = FACE_BOUND('',#9827,.F.);
#9827 = EDGE_LOOP('',(#9828,#9829,#9830,#9853));
#9828 = ORIENTED_EDGE('',*,*,#9728,.F.);
#9829 = ORIENTED_EDGE('',*,*,#6923,.T.);
#9830 = ORIENTED_EDGE('',*,*,#9831,.T.);
#9831 = EDGE_CURVE('',#6924,#9832,#9834,.T.);
#9832 = VERTEX_POINT('',#9833);
#9833 = CARTESIAN_POINT('',(-31.5,14.5,-3.));
#9834 = SURFACE_CURVE('',#9835,(#9839,#9846),.PCURVE_S1.);
#9835 = LINE('',#9836,#9837);
#9836 = CARTESIAN_POINT('',(-31.5,14.5,-11.));
#9837 = VECTOR('',#9838,1.);
#9838 = DIRECTION('',(0.,0.,1.));
#9839 = PCURVE('',#6938,#9840);
#9840 = DEFINITIONAL_REPRESENTATION('',(#9841),#9845);
#9841 = LINE('',#9842,#9843);
#9842 = CARTESIAN_POINT('',(0.,-4.));
#9843 = VECTOR('',#9844,1.);
#9844 = DIRECTION('',(1.,0.));
#9845 = ( GEOMETRIC_REPRESENTATION_CONTEXT(2) 
PARAMETRIC_REPRESENTATION_CONTEXT() REPRESENTATION_CONTEXT('2D SPACE',''
  ) );
#9846 = PCURVE('',#6964,#9847);
#9847 = DEFINITIONAL_REPRESENTATION('',(#9848),#9852);
#9848 = LINE('',#9849,#9850);
#9849 = CARTESIAN_POINT('',(0.,0.));
#9850 = VECTOR('',#9851,1.);
#9851 = DIRECTION('',(1.,0.));
#9852 = ( GEOMETRIC_REPRESENTATION_CONTEXT(2) 
PARAMETRIC_REPRESENTATION_CONTEXT() REPRESENTATION_CONTEXT('2D SPACE',''
  ) );
#9853 = ORIENTED_EDGE('',*,*,#9854,.F.);
#9854 = EDGE_CURVE('',#9729,#9832,#9855,.T.);
#9855 = SURFACE_CURVE('',#9856,(#9860,#9867),.PCURVE_S1.);
#9856 = LINE('',#9857,#9858);
#9857 = CARTESIAN_POINT('',(-31.5,10.5,-3.));
#9858 = VECTOR('',#9859,1.);
#9859 = DIRECTION('',(0.,1.,0.));
#9860 = PCURVE('',#6938,#9861);
#9861 = DEFINITIONAL_REPRESENTATION('',(#9862),#9866);
#9862 = LINE('',#9863,#9864);
#9863 = CARTESIAN_POINT('',(8.,0.));
#9864 = VECTOR('',#9865,1.);
#9865 = DIRECTION('',(0.,-1.));
#9866 = ( GEOMETRIC_REPRESENTATION_CONTEXT(2) 
PARAMETRIC_REPRESENTATION_CONTEXT() REPRESENTATION_CONTEXT('2D SPACE',''
  ) );
#9867 = PCURVE('',#9765,#9868);
#9868 = DEFINITIONAL_REPRESENTATION('',(#9869),#9873);
#9869 = LINE('',#9870,#9871);
#9870 = CARTESIAN_POINT('',(0.,0.));
#9871 = VECTOR('',#9872,1.);
#9872 = DIRECTION('',(0.,1.));
#9873 = ( GEOMETRIC_REPRESENTATION_CONTEXT(2) 
PARAMETRIC_REPRESENTATION_CONTEXT() REPRESENTATION_CONTEXT('2D SPACE',''
  ) );
#9874 = ADVANCED_FACE('',(#9875),#6964,.T.);
#9875 = FACE_BOUND('',#9876,.T.);
#9876 = EDGE_LOOP('',(#9877,#9878,#9879,#9880));
#9877 = ORIENTED_EDGE('',*,*,#9782,.F.);
#9878 = ORIENTED_EDGE('',*,*,#6949,.T.);
#9879 = ORIENTED_EDGE('',*,*,#9831,.T.);
#9880 = ORIENTED_EDGE('',*,*,#9881,.T.);
#9881 = EDGE_CURVE('',#9832,#9783,#9882,.T.);
#9882 = SURFACE_CURVE('',#9883,(#9887,#9894),.PCURVE_S1.);
#9883 = LINE('',#9884,#9885);
#9884 = CARTESIAN_POINT('',(-31.5,14.5,-3.));
#9885 = VECTOR('',#9886,1.);
#9886 = DIRECTION('',(1.,0.,0.));
#9887 = PCURVE('',#6964,#9888);
#9888 = DEFINITIONAL_REPRESENTATION('',(#9889),#9893);
#9889 = LINE('',#9890,#9891);
#9890 = CARTESIAN_POINT('',(8.,0.));
#9891 = VECTOR('',#9892,1.);
#9892 = DIRECTION('',(0.,1.));
#9893 = ( GEOMETRIC_REPRESENTATION_CONTEXT(2) 
PARAMETRIC_REPRESENTATION_CONTEXT() REPRESENTATION_CONTEXT('2D SPACE',''
  ) );
#9894 = PCURVE('',#9765,#9895);
#9895 = DEFINITIONAL_REPRESENTATION('',(#9896),#9900);
#9896 = LINE('',#9897,#9898);
#9897 = CARTESIAN_POINT('',(0.,4.));
#9898 = VECTOR('',#9899,1.);
#9899 = DIRECTION('',(1.,0.));
#9900 = ( GEOMETRIC_REPRESENTATION_CONTEXT(2) 
PARAMETRIC_REPRESENTATION_CONTEXT() REPRESENTATION_CONTEXT('2D SPACE',''
  ) );
#9901 = ADVANCED_FACE('',(#9902),#7018,.F.);
#9902 = FACE_BOUND('',#9903,.F.);
#9903 = EDGE_LOOP('',(#9904,#9927,#9928,#9951));
#9904 = ORIENTED_EDGE('',*,*,#9905,.F.);
#9905 = EDGE_CURVE('',#7002,#9906,#9908,.T.);
#9906 = VERTEX_POINT('',#9907);
#9907 = CARTESIAN_POINT('',(31.5,10.5,-3.));
#9908 = SURFACE_CURVE('',#9909,(#9913,#9920),.PCURVE_S1.);
#9909 = LINE('',#9910,#9911);
#9910 = CARTESIAN_POINT('',(31.5,10.5,-11.));
#9911 = VECTOR('',#9912,1.);
#9912 = DIRECTION('',(0.,0.,1.));
#9913 = PCURVE('',#7018,#9914);
#9914 = DEFINITIONAL_REPRESENTATION('',(#9915),#9919);
#9915 = LINE('',#9916,#9917);
#9916 = CARTESIAN_POINT('',(0.,3.));
#9917 = VECTOR('',#9918,1.);
#9918 = DIRECTION('',(1.,0.));
#9919 = ( GEOMETRIC_REPRESENTATION_CONTEXT(2) 
PARAMETRIC_REPRESENTATION_CONTEXT() REPRESENTATION_CONTEXT('2D SPACE',''
  ) );
#9920 = PCURVE('',#7094,#9921);
#9921 = DEFINITIONAL_REPRESENTATION('',(#9922),#9926);
#9922 = LINE('',#9923,#9924);
#9923 = CARTESIAN_POINT('',(0.,0.));
#9924 = VECTOR('',#9925,1.);
#9925 = DIRECTION('',(1.,0.));
#9926 = ( GEOMETRIC_REPRESENTATION_CONTEXT(2) 
PARAMETRIC_REPRESENTATION_CONTEXT() REPRESENTATION_CONTEXT('2D SPACE',''
  ) );
#9927 = ORIENTED_EDGE('',*,*,#7001,.T.);
#9928 = ORIENTED_EDGE('',*,*,#9929,.T.);
#9929 = EDGE_CURVE('',#7004,#9930,#9932,.T.);
#9930 = VERTEX_POINT('',#9931);
#9931 = CARTESIAN_POINT('',(28.5,10.5,-3.));
#9932 = SURFACE_CURVE('',#9933,(#9937,#9944),.PCURVE_S1.);
#9933 = LINE('',#9934,#9935);
#9934 = CARTESIAN_POINT('',(28.5,10.5,-11.));
#9935 = VECTOR('',#9936,1.);
#9936 = DIRECTION('',(0.,0.,1.));
#9937 = PCURVE('',#7018,#9938);
#9938 = DEFINITIONAL_REPRESENTATION('',(#9939),#9943);
#9939 = LINE('',#9940,#9941);
#9940 = CARTESIAN_POINT('',(0.,0.));
#9941 = VECTOR('',#9942,1.);
#9942 = DIRECTION('',(1.,0.));
#9943 = ( GEOMETRIC_REPRESENTATION_CONTEXT(2) 
PARAMETRIC_REPRESENTATION_CONTEXT() REPRESENTATION_CONTEXT('2D SPACE',''
  ) );
#9944 = PCURVE('',#7044,#9945);
#9945 = DEFINITIONAL_REPRESENTATION('',(#9946),#9950);
#9946 = LINE('',#9947,#9948);
#9947 = CARTESIAN_POINT('',(0.,0.));
#9948 = VECTOR('',#9949,1.);
#9949 = DIRECTION('',(1.,0.));
#9950 = ( GEOMETRIC_REPRESENTATION_CONTEXT(2) 
PARAMETRIC_REPRESENTATION_CONTEXT() REPRESENTATION_CONTEXT('2D SPACE',''
  ) );
#9951 = ORIENTED_EDGE('',*,*,#9952,.T.);
#9952 = EDGE_CURVE('',#9930,#9906,#9953,.T.);
#9953 = SURFACE_CURVE('',#9954,(#9958,#9965),.PCURVE_S1.);
#9954 = LINE('',#9955,#9956);
#9955 = CARTESIAN_POINT('',(28.5,10.5,-3.));
#9956 = VECTOR('',#9957,1.);
#9957 = DIRECTION('',(1.,0.,0.));
#9958 = PCURVE('',#7018,#9959);
#9959 = DEFINITIONAL_REPRESENTATION('',(#9960),#9964);
#9960 = LINE('',#9961,#9962);
#9961 = CARTESIAN_POINT('',(8.,0.));
#9962 = VECTOR('',#9963,1.);
#9963 = DIRECTION('',(0.,1.));
#9964 = ( GEOMETRIC_REPRESENTATION_CONTEXT(2) 
PARAMETRIC_REPRESENTATION_CONTEXT() REPRESENTATION_CONTEXT('2D SPACE',''
  ) );
#9965 = PCURVE('',#9966,#9971);
#9966 = PLANE('',#9967);
#9967 = AXIS2_PLACEMENT_3D('',#9968,#9969,#9970);
#9968 = CARTESIAN_POINT('',(28.5,10.5,-3.));
#9969 = DIRECTION('',(0.,0.,1.));
#9970 = DIRECTION('',(1.,0.,0.));
#9971 = DEFINITIONAL_REPRESENTATION('',(#9972),#9976);
#9972 = LINE('',#9973,#9974);
#9973 = CARTESIAN_POINT('',(0.,0.));
#9974 = VECTOR('',#9975,1.);
#9975 = DIRECTION('',(1.,0.));
#9976 = ( GEOMETRIC_REPRESENTATION_CONTEXT(2) 
PARAMETRIC_REPRESENTATION_CONTEXT() REPRESENTATION_CONTEXT('2D SPACE',''
  ) );
#9977 = ADVANCED_FACE('',(#9978),#7094,.T.);
#9978 = FACE_BOUND('',#9979,.T.);
#9979 = EDGE_LOOP('',(#9980,#9981,#9982,#10005));
#9980 = ORIENTED_EDGE('',*,*,#9905,.F.);
#9981 = ORIENTED_EDGE('',*,*,#7081,.T.);
#9982 = ORIENTED_EDGE('',*,*,#9983,.T.);
#9983 = EDGE_CURVE('',#7056,#9984,#9986,.T.);
#9984 = VERTEX_POINT('',#9985);
#9985 = CARTESIAN_POINT('',(31.5,14.5,-3.));
#9986 = SURFACE_CURVE('',#9987,(#9991,#9998),.PCURVE_S1.);
#9987 = LINE('',#9988,#9989);
#9988 = CARTESIAN_POINT('',(31.5,14.5,-11.));
#9989 = VECTOR('',#9990,1.);
#9990 = DIRECTION('',(0.,0.,1.));
#9991 = PCURVE('',#7094,#9992);
#9992 = DEFINITIONAL_REPRESENTATION('',(#9993),#9997);
#9993 = LINE('',#9994,#9995);
#9994 = CARTESIAN_POINT('',(0.,-4.));
#9995 = VECTOR('',#9996,1.);
#9996 = DIRECTION('',(1.,0.));
#9997 = ( GEOMETRIC_REPRESENTATION_CONTEXT(2) 
PARAMETRIC_REPRESENTATION_CONTEXT() REPRESENTATION_CONTEXT('2D SPACE',''
  ) );
#9998 = PCURVE('',#7070,#9999);
#9999 = DEFINITIONAL_REPRESENTATION('',(#10000),#10004);
#10000 = LINE('',#10001,#10002);
#10001 = CARTESIAN_POINT('',(0.,3.));
#10002 = VECTOR('',#10003,1.);
#10003 = DIRECTION('',(1.,0.));
#10004 = ( GEOMETRIC_REPRESENTATION_CONTEXT(2) 
PARAMETRIC_REPRESENTATION_CONTEXT() REPRESENTATION_CONTEXT('2D SPACE',''
  ) );
#10005 = ORIENTED_EDGE('',*,*,#10006,.F.);
#10006 = EDGE_CURVE('',#9906,#9984,#10007,.T.);
#10007 = SURFACE_CURVE('',#10008,(#10012,#10019),.PCURVE_S1.);
#10008 = LINE('',#10009,#10010);
#10009 = CARTESIAN_POINT('',(31.5,10.5,-3.));
#10010 = VECTOR('',#10011,1.);
#10011 = DIRECTION('',(0.,1.,0.));
#10012 = PCURVE('',#7094,#10013);
#10013 = DEFINITIONAL_REPRESENTATION('',(#10014),#10018);
#10014 = LINE('',#10015,#10016);
#10015 = CARTESIAN_POINT('',(8.,0.));
#10016 = VECTOR('',#10017,1.);
#10017 = DIRECTION('',(0.,-1.));
#10018 = ( GEOMETRIC_REPRESENTATION_CONTEXT(2) 
PARAMETRIC_REPRESENTATION_CONTEXT() REPRESENTATION_CONTEXT('2D SPACE',''
  ) );
#10019 = PCURVE('',#9966,#10020);
#10020 = DEFINITIONAL_REPRESENTATION('',(#10021),#10025);
#10021 = LINE('',#10022,#10023);
#10022 = CARTESIAN_POINT('',(3.,0.));
#10023 = VECTOR('',#10024,1.);
#10024 = DIRECTION('',(0.,1.));
#10025 = ( GEOMETRIC_REPRESENTATION_CONTEXT(2) 
PARAMETRIC_REPRESENTATION_CONTEXT() REPRESENTATION_CONTEXT('2D SPACE',''
  ) );
#10026 = ADVANCED_FACE('',(#10027),#7070,.T.);
#10027 = FACE_BOUND('',#10028,.T.);
#10028 = EDGE_LOOP('',(#10029,#10030,#10031,#10054));
#10029 = ORIENTED_EDGE('',*,*,#9983,.F.);
#10030 = ORIENTED_EDGE('',*,*,#7055,.T.);
#10031 = ORIENTED_EDGE('',*,*,#10032,.T.);
#10032 = EDGE_CURVE('',#7030,#10033,#10035,.T.);
#10033 = VERTEX_POINT('',#10034);
#10034 = CARTESIAN_POINT('',(28.5,14.5,-3.));
#10035 = SURFACE_CURVE('',#10036,(#10040,#10047),.PCURVE_S1.);
#10036 = LINE('',#10037,#10038);
#10037 = CARTESIAN_POINT('',(28.5,14.5,-11.));
#10038 = VECTOR('',#10039,1.);
#10039 = DIRECTION('',(0.,0.,1.));
#10040 = PCURVE('',#7070,#10041);
#10041 = DEFINITIONAL_REPRESENTATION('',(#10042),#10046);
#10042 = LINE('',#10043,#10044);
#10043 = CARTESIAN_POINT('',(0.,0.));
#10044 = VECTOR('',#10045,1.);
#10045 = DIRECTION('',(1.,0.));
#10046 = ( GEOMETRIC_REPRESENTATION_CONTEXT(2) 
PARAMETRIC_REPRESENTATION_CONTEXT() REPRESENTATION_CONTEXT('2D SPACE',''
  ) );
#10047 = PCURVE('',#7044,#10048);
#10048 = DEFINITIONAL_REPRESENTATION('',(#10049),#10053);
#10049 = LINE('',#10050,#10051);
#10050 = CARTESIAN_POINT('',(0.,-4.));
#10051 = VECTOR('',#10052,1.);
#10052 = DIRECTION('',(1.,0.));
#10053 = ( GEOMETRIC_REPRESENTATION_CONTEXT(2) 
PARAMETRIC_REPRESENTATION_CONTEXT() REPRESENTATION_CONTEXT('2D SPACE',''
  ) );
#10054 = ORIENTED_EDGE('',*,*,#10055,.T.);
#10055 = EDGE_CURVE('',#10033,#9984,#10056,.T.);
#10056 = SURFACE_CURVE('',#10057,(#10061,#10068),.PCURVE_S1.);
#10057 = LINE('',#10058,#10059);
#10058 = CARTESIAN_POINT('',(28.5,14.5,-3.));
#10059 = VECTOR('',#10060,1.);
#10060 = DIRECTION('',(1.,0.,0.));
#10061 = PCURVE('',#7070,#10062);
#10062 = DEFINITIONAL_REPRESENTATION('',(#10063),#10067);
#10063 = LINE('',#10064,#10065);
#10064 = CARTESIAN_POINT('',(8.,0.));
#10065 = VECTOR('',#10066,1.);
#10066 = DIRECTION('',(0.,1.));
#10067 = ( GEOMETRIC_REPRESENTATION_CONTEXT(2) 
PARAMETRIC_REPRESENTATION_CONTEXT() REPRESENTATION_CONTEXT('2D SPACE',''
  ) );
#10068 = PCURVE('',#9966,#10069);
#10069 = DEFINITIONAL_REPRESENTATION('',(#10070),#10074);
#10070 = LINE('',#10071,#10072);
#10071 = CARTESIAN_POINT('',(0.,4.));
#10072 = VECTOR('',#10073,1.);
#10073 = DIRECTION('',(1.,0.));
#10074 = ( GEOMETRIC_REPRESENTATION_CONTEXT(2) 
PARAMETRIC_REPRESENTATION_CONTEXT() REPRESENTATION_CONTEXT('2D SPACE',''
  ) );
#10075 = ADVANCED_FACE('',(#10076),#7044,.F.);
#10076 = FACE_BOUND('',#10077,.F.);
#10077 = EDGE_LOOP('',(#10078,#10079,#10080,#10081));
#10078 = ORIENTED_EDGE('',*,*,#9929,.F.);
#10079 = ORIENTED_EDGE('',*,*,#7029,.T.);
#10080 = ORIENTED_EDGE('',*,*,#10032,.T.);
#10081 = ORIENTED_EDGE('',*,*,#10082,.F.);
#10082 = EDGE_CURVE('',#9930,#10033,#10083,.T.);
#10083 = SURFACE_CURVE('',#10084,(#10088,#10095),.PCURVE_S1.);
#10084 = LINE('',#10085,#10086);
#10085 = CARTESIAN_POINT('',(28.5,10.5,-3.));
#10086 = VECTOR('',#10087,1.);
#10087 = DIRECTION('',(0.,1.,0.));
#10088 = PCURVE('',#7044,#10089);
#10089 = DEFINITIONAL_REPRESENTATION('',(#10090),#10094);
#10090 = LINE('',#10091,#10092);
#10091 = CARTESIAN_POINT('',(8.,0.));
#10092 = VECTOR('',#10093,1.);
#10093 = DIRECTION('',(0.,-1.));
#10094 = ( GEOMETRIC_REPRESENTATION_CONTEXT(2) 
PARAMETRIC_REPRESENTATION_CONTEXT() REPRESENTATION_CONTEXT('2D SPACE',''
  ) );
#10095 = PCURVE('',#9966,#10096);
#10096 = DEFINITIONAL_REPRESENTATION('',(#10097),#10101);
#10097 = LINE('',#10098,#10099);
#10098 = CARTESIAN_POINT('',(0.,0.));
#10099 = VECTOR('',#10100,1.);
#10100 = DIRECTION('',(0.,1.));
#10101 = ( GEOMETRIC_REPRESENTATION_CONTEXT(2) 
PARAMETRIC_REPRESENTATION_CONTEXT() REPRESENTATION_CONTEXT('2D SPACE',''
  ) );
#10102 = ADVANCED_FACE('',(#10103),#7454,.T.);
#10103 = FACE_BOUND('',#10104,.T.);
#10104 = EDGE_LOOP('',(#10105,#10106,#10127,#10128));
#10105 = ORIENTED_EDGE('',*,*,#7623,.F.);
#10106 = ORIENTED_EDGE('',*,*,#10107,.T.);
#10107 = EDGE_CURVE('',#7624,#7437,#10108,.T.);
#10108 = SURFACE_CURVE('',#10109,(#10113,#10120),.PCURVE_S1.);
#10109 = LINE('',#10110,#10111);
#10110 = CARTESIAN_POINT('',(26.,19.5,14.));
#10111 = VECTOR('',#10112,1.);
#10112 = DIRECTION('',(1.,0.,0.));
#10113 = PCURVE('',#7454,#10114);
#10114 = DEFINITIONAL_REPRESENTATION('',(#10115),#10119);
#10115 = LINE('',#10116,#10117);
#10116 = CARTESIAN_POINT('',(0.,0.));
#10117 = VECTOR('',#10118,1.);
#10118 = DIRECTION('',(1.,0.));
#10119 = ( GEOMETRIC_REPRESENTATION_CONTEXT(2) 
PARAMETRIC_REPRESENTATION_CONTEXT() REPRESENTATION_CONTEXT('2D SPACE',''
  ) );
#10120 = PCURVE('',#7482,#10121);
#10121 = DEFINITIONAL_REPRESENTATION('',(#10122),#10126);
#10122 = LINE('',#10123,#10124);
#10123 = CARTESIAN_POINT('',(12.,0.));
#10124 = VECTOR('',#10125,1.);
#10125 = DIRECTION('',(0.,1.));
#10126 = ( GEOMETRIC_REPRESENTATION_CONTEXT(2) 
PARAMETRIC_REPRESENTATION_CONTEXT() REPRESENTATION_CONTEXT('2D SPACE',''
  ) );
#10127 = ORIENTED_EDGE('',*,*,#7436,.T.);
#10128 = ORIENTED_EDGE('',*,*,#10129,.T.);
#10129 = EDGE_CURVE('',#7439,#7626,#10130,.T.);
#10130 = SURFACE_CURVE('',#10131,(#10135,#10142),.PCURVE_S1.);
#10131 = LINE('',#10132,#10133);
#10132 = CARTESIAN_POINT('',(34.,24.5,14.));
#10133 = VECTOR('',#10134,1.);
#10134 = DIRECTION('',(-1.,0.,0.));
#10135 = PCURVE('',#7454,#10136);
#10136 = DEFINITIONAL_REPRESENTATION('',(#10137),#10141);
#10137 = LINE('',#10138,#10139);
#10138 = CARTESIAN_POINT('',(8.,5.));
#10139 = VECTOR('',#10140,1.);
#10140 = DIRECTION('',(-1.,0.));
#10141 = ( GEOMETRIC_REPRESENTATION_CONTEXT(2) 
PARAMETRIC_REPRESENTATION_CONTEXT() REPRESENTATION_CONTEXT('2D SPACE',''
  ) );
#10142 = PCURVE('',#7559,#10143);
#10143 = DEFINITIONAL_REPRESENTATION('',(#10144),#10148);
#10144 = LINE('',#10145,#10146);
#10145 = CARTESIAN_POINT('',(12.,8.));
#10146 = VECTOR('',#10147,1.);
#10147 = DIRECTION('',(0.,-1.));
#10148 = ( GEOMETRIC_REPRESENTATION_CONTEXT(2) 
PARAMETRIC_REPRESENTATION_CONTEXT() REPRESENTATION_CONTEXT('2D SPACE',''
  ) );
#10149 = ADVANCED_FACE('',(#10150),#7559,.T.);
#10150 = FACE_BOUND('',#10151,.T.);
#10151 = EDGE_LOOP('',(#10152,#10173,#10174,#10175,#10176,#10177,#10178,
    #10179));
#10152 = ORIENTED_EDGE('',*,*,#10153,.F.);
#10153 = EDGE_CURVE('',#9019,#9040,#10154,.T.);
#10154 = SURFACE_CURVE('',#10155,(#10159,#10166),.PCURVE_S1.);
#10155 = LINE('',#10156,#10157);
#10156 = CARTESIAN_POINT('',(26.,24.5,2.));
#10157 = VECTOR('',#10158,1.);
#10158 = DIRECTION('',(1.,0.,0.));
#10159 = PCURVE('',#7559,#10160);
#10160 = DEFINITIONAL_REPRESENTATION('',(#10161),#10165);
#10161 = LINE('',#10162,#10163);
#10162 = CARTESIAN_POINT('',(0.,0.));
#10163 = VECTOR('',#10164,1.);
#10164 = DIRECTION('',(0.,1.));
#10165 = ( GEOMETRIC_REPRESENTATION_CONTEXT(2) 
PARAMETRIC_REPRESENTATION_CONTEXT() REPRESENTATION_CONTEXT('2D SPACE',''
  ) );
#10166 = PCURVE('',#9056,#10167);
#10167 = DEFINITIONAL_REPRESENTATION('',(#10168),#10172);
#10168 = LINE('',#10169,#10170);
#10169 = CARTESIAN_POINT('',(0.,5.));
#10170 = VECTOR('',#10171,1.);
#10171 = DIRECTION('',(1.,0.));
#10172 = ( GEOMETRIC_REPRESENTATION_CONTEXT(2) 
PARAMETRIC_REPRESENTATION_CONTEXT() REPRESENTATION_CONTEXT('2D SPACE',''
  ) );
#10173 = ORIENTED_EDGE('',*,*,#9018,.F.);
#10174 = ORIENTED_EDGE('',*,*,#8351,.T.);
#10175 = ORIENTED_EDGE('',*,*,#7720,.T.);
#10176 = ORIENTED_EDGE('',*,*,#10129,.F.);
#10177 = ORIENTED_EDGE('',*,*,#7545,.F.);
#10178 = ORIENTED_EDGE('',*,*,#9195,.T.);
#10179 = ORIENTED_EDGE('',*,*,#9072,.T.);
#10180 = ADVANCED_FACE('',(#10181),#7482,.F.);
#10181 = FACE_BOUND('',#10182,.F.);
#10182 = EDGE_LOOP('',(#10183,#10184,#10185,#10186));
#10183 = ORIENTED_EDGE('',*,*,#7597,.F.);
#10184 = ORIENTED_EDGE('',*,*,#7648,.T.);
#10185 = ORIENTED_EDGE('',*,*,#10107,.T.);
#10186 = ORIENTED_EDGE('',*,*,#7466,.F.);
#10187 = ADVANCED_FACE('',(#10188),#8033,.T.);
#10188 = FACE_BOUND('',#10189,.T.);
#10189 = EDGE_LOOP('',(#10190,#10191,#10192,#10193));
#10190 = ORIENTED_EDGE('',*,*,#8165,.F.);
#10191 = ORIENTED_EDGE('',*,*,#8759,.F.);
#10192 = ORIENTED_EDGE('',*,*,#8019,.T.);
#10193 = ORIENTED_EDGE('',*,*,#10194,.T.);
#10194 = EDGE_CURVE('',#7992,#8143,#10195,.T.);
#10195 = SURFACE_CURVE('',#10196,(#10200,#10207),.PCURVE_S1.);
#10196 = LINE('',#10197,#10198);
#10197 = CARTESIAN_POINT('',(34.,-19.5,14.));
#10198 = VECTOR('',#10199,1.);
#10199 = DIRECTION('',(-1.,0.,0.));
#10200 = PCURVE('',#8033,#10201);
#10201 = DEFINITIONAL_REPRESENTATION('',(#10202),#10206);
#10202 = LINE('',#10203,#10204);
#10203 = CARTESIAN_POINT('',(8.,5.));
#10204 = VECTOR('',#10205,1.);
#10205 = DIRECTION('',(-1.,0.));
#10206 = ( GEOMETRIC_REPRESENTATION_CONTEXT(2) 
PARAMETRIC_REPRESENTATION_CONTEXT() REPRESENTATION_CONTEXT('2D SPACE',''
  ) );
#10207 = PCURVE('',#8007,#10208);
#10208 = DEFINITIONAL_REPRESENTATION('',(#10209),#10213);
#10209 = LINE('',#10210,#10211);
#10210 = CARTESIAN_POINT('',(12.,8.));
#10211 = VECTOR('',#10212,1.);
#10212 = DIRECTION('',(0.,-1.));
#10213 = ( GEOMETRIC_REPRESENTATION_CONTEXT(2) 
PARAMETRIC_REPRESENTATION_CONTEXT() REPRESENTATION_CONTEXT('2D SPACE',''
  ) );
#10214 = ADVANCED_FACE('',(#10215),#8007,.T.);
#10215 = FACE_BOUND('',#10216,.T.);
#10216 = EDGE_LOOP('',(#10217,#10218,#10219,#10220));
#10217 = ORIENTED_EDGE('',*,*,#8073,.F.);
#10218 = ORIENTED_EDGE('',*,*,#8142,.T.);
#10219 = ORIENTED_EDGE('',*,*,#10194,.F.);
#10220 = ORIENTED_EDGE('',*,*,#7991,.F.);
#10221 = ADVANCED_FACE('',(#10222),#8694,.F.);
#10222 = FACE_BOUND('',#10223,.F.);
#10223 = EDGE_LOOP('',(#10224,#10225));
#10224 = ORIENTED_EDGE('',*,*,#8677,.F.);
#10225 = ORIENTED_EDGE('',*,*,#8735,.T.);
#10226 = ADVANCED_FACE('',(#10227,#10230),#8557,.F.);
#10227 = FACE_BOUND('',#10228,.F.);
#10228 = EDGE_LOOP('',(#10229));
#10229 = ORIENTED_EDGE('',*,*,#8828,.T.);
#10230 = FACE_BOUND('',#10231,.F.);
#10231 = EDGE_LOOP('',(#10232));
#10232 = ORIENTED_EDGE('',*,*,#8542,.T.);
#10233 = ADVANCED_FACE('',(#10234),#9056,.F.);
#10234 = FACE_BOUND('',#10235,.F.);
#10235 = EDGE_LOOP('',(#10236,#10237));
#10236 = ORIENTED_EDGE('',*,*,#10153,.F.);
#10237 = ORIENTED_EDGE('',*,*,#9039,.F.);
#10238 = ADVANCED_FACE('',(#10239,#10242),#8998,.F.);
#10239 = FACE_BOUND('',#10240,.F.);
#10240 = EDGE_LOOP('',(#10241));
#10241 = ORIENTED_EDGE('',*,*,#9242,.T.);
#10242 = FACE_BOUND('',#10243,.F.);
#10243 = EDGE_LOOP('',(#10244));
#10244 = ORIENTED_EDGE('',*,*,#8983,.T.);
#10245 = ADVANCED_FACE('',(#10246),#9363,.T.);
#10246 = FACE_BOUND('',#10247,.T.);
#10247 = EDGE_LOOP('',(#10248,#10249,#10250,#10251));
#10248 = ORIENTED_EDGE('',*,*,#9452,.F.);
#10249 = ORIENTED_EDGE('',*,*,#9349,.T.);
#10250 = ORIENTED_EDGE('',*,*,#9403,.T.);
#10251 = ORIENTED_EDGE('',*,*,#9479,.F.);
#10252 = ADVANCED_FACE('',(#10253),#9564,.T.);
#10253 = FACE_BOUND('',#10254,.T.);
#10254 = EDGE_LOOP('',(#10255,#10256,#10257,#10258));
#10255 = ORIENTED_EDGE('',*,*,#9653,.F.);
#10256 = ORIENTED_EDGE('',*,*,#9550,.T.);
#10257 = ORIENTED_EDGE('',*,*,#9604,.T.);
#10258 = ORIENTED_EDGE('',*,*,#9680,.F.);
#10259 = ADVANCED_FACE('',(#10260),#9765,.T.);
#10260 = FACE_BOUND('',#10261,.T.);
#10261 = EDGE_LOOP('',(#10262,#10263,#10264,#10265));
#10262 = ORIENTED_EDGE('',*,*,#9854,.F.);
#10263 = ORIENTED_EDGE('',*,*,#9751,.T.);
#10264 = ORIENTED_EDGE('',*,*,#9805,.T.);
#10265 = ORIENTED_EDGE('',*,*,#9881,.F.);
#10266 = ADVANCED_FACE('',(#10267),#9966,.T.);
#10267 = FACE_BOUND('',#10268,.T.);
#10268 = EDGE_LOOP('',(#10269,#10270,#10271,#10272));
#10269 = ORIENTED_EDGE('',*,*,#10082,.F.);
#10270 = ORIENTED_EDGE('',*,*,#9952,.T.);
#10271 = ORIENTED_EDGE('',*,*,#10006,.T.);
#10272 = ORIENTED_EDGE('',*,*,#10055,.F.);
#10273 = ORIENTED_CLOSED_SHELL('',*,#10274,.F.);
#10274 = CLOSED_SHELL('',(#10275,#10363,#10367));
#10275 = ADVANCED_FACE('',(#10276),#10290,.T.);
#10276 = FACE_BOUND('',#10277,.F.);
#10277 = EDGE_LOOP('',(#10278,#10308,#10335,#10336));
#10278 = ORIENTED_EDGE('',*,*,#10279,.T.);
#10279 = EDGE_CURVE('',#10280,#10282,#10284,.T.);
#10280 = VERTEX_POINT('',#10281);
#10281 = CARTESIAN_POINT('',(-28.8,-12.5,-10.));
#10282 = VERTEX_POINT('',#10283);
#10283 = CARTESIAN_POINT('',(-28.8,-12.5,-4.));
#10284 = SEAM_CURVE('',#10285,(#10289,#10301),.PCURVE_S1.);
#10285 = LINE('',#10286,#10287);
#10286 = CARTESIAN_POINT('',(-28.8,-12.5,-10.));
#10287 = VECTOR('',#10288,1.);
#10288 = DIRECTION('',(0.,0.,1.));
#10289 = PCURVE('',#10290,#10295);
#10290 = CYLINDRICAL_SURFACE('',#10291,1.2);
#10291 = AXIS2_PLACEMENT_3D('',#10292,#10293,#10294);
#10292 = CARTESIAN_POINT('',(-30.,-12.5,-10.));
#10293 = DIRECTION('',(-0.,-0.,-1.));
#10294 = DIRECTION('',(1.,0.,0.));
#10295 = DEFINITIONAL_REPRESENTATION('',(#10296),#10300);
#10296 = LINE('',#10297,#10298);
#10297 = CARTESIAN_POINT('',(-0.,0.));
#10298 = VECTOR('',#10299,1.);
#10299 = DIRECTION('',(-0.,-1.));
#10300 = ( GEOMETRIC_REPRESENTATION_CONTEXT(2) 
PARAMETRIC_REPRESENTATION_CONTEXT() REPRESENTATION_CONTEXT('2D SPACE',''
  ) );
#10301 = PCURVE('',#10290,#10302);
#10302 = DEFINITIONAL_REPRESENTATION('',(#10303),#10307);
#10303 = LINE('',#10304,#10305);
#10304 = CARTESIAN_POINT('',(-6.28318530718,0.));
#10305 = VECTOR('',#10306,1.);
#10306 = DIRECTION('',(-0.,-1.));
#10307 = ( GEOMETRIC_REPRESENTATION_CONTEXT(2) 
PARAMETRIC_REPRESENTATION_CONTEXT() REPRESENTATION_CONTEXT('2D SPACE',''
  ) );
#10308 = ORIENTED_EDGE('',*,*,#10309,.T.);
#10309 = EDGE_CURVE('',#10282,#10282,#10310,.T.);
#10310 = SURFACE_CURVE('',#10311,(#10316,#10323),.PCURVE_S1.);
#10311 = CIRCLE('',#10312,1.2);
#10312 = AXIS2_PLACEMENT_3D('',#10313,#10314,#10315);
#10313 = CARTESIAN_POINT('',(-30.,-12.5,-4.));
#10314 = DIRECTION('',(0.,0.,1.));
#10315 = DIRECTION('',(1.,0.,0.));
#10316 = PCURVE('',#10290,#10317);
#10317 = DEFINITIONAL_REPRESENTATION('',(#10318),#10322);
#10318 = LINE('',#10319,#10320);
#10319 = CARTESIAN_POINT('',(-0.,-6.));
#10320 = VECTOR('',#10321,1.);
#10321 = DIRECTION('',(-1.,0.));
#10322 = ( GEOMETRIC_REPRESENTATION_CONTEXT(2) 
PARAMETRIC_REPRESENTATION_CONTEXT() REPRESENTATION_CONTEXT('2D SPACE',''
  ) );
#10323 = PCURVE('',#10324,#10329);
#10324 = PLANE('',#10325);
#10325 = AXIS2_PLACEMENT_3D('',#10326,#10327,#10328);
#10326 = CARTESIAN_POINT('',(-30.,-12.5,-4.));
#10327 = DIRECTION('',(0.,0.,1.));
#10328 = DIRECTION('',(1.,0.,-0.));
#10329 = DEFINITIONAL_REPRESENTATION('',(#10330),#10334);
#10330 = CIRCLE('',#10331,1.2);
#10331 = AXIS2_PLACEMENT_2D('',#10332,#10333);
#10332 = CARTESIAN_POINT('',(-3.552713678801E-15,-3.552713678801E-15));
#10333 = DIRECTION('',(1.,0.));
#10334 = ( GEOMETRIC_REPRESENTATION_CONTEXT(2) 
PARAMETRIC_REPRESENTATION_CONTEXT() REPRESENTATION_CONTEXT('2D SPACE',''
  ) );
#10335 = ORIENTED_EDGE('',*,*,#10279,.F.);
#10336 = ORIENTED_EDGE('',*,*,#10337,.F.);
#10337 = EDGE_CURVE('',#10280,#10280,#10338,.T.);
#10338 = SURFACE_CURVE('',#10339,(#10344,#10351),.PCURVE_S1.);
#10339 = CIRCLE('',#10340,1.2);
#10340 = AXIS2_PLACEMENT_3D('',#10341,#10342,#10343);
#10341 = CARTESIAN_POINT('',(-30.,-12.5,-10.));
#10342 = DIRECTION('',(0.,0.,1.));
#10343 = DIRECTION('',(1.,0.,0.));
#10344 = PCURVE('',#10290,#10345);
#10345 = DEFINITIONAL_REPRESENTATION('',(#10346),#10350);
#10346 = LINE('',#10347,#10348);
#10347 = CARTESIAN_POINT('',(-0.,0.));
#10348 = VECTOR('',#10349,1.);
#10349 = DIRECTION('',(-1.,0.));
#10350 = ( GEOMETRIC_REPRESENTATION_CONTEXT(2) 
PARAMETRIC_REPRESENTATION_CONTEXT() REPRESENTATION_CONTEXT('2D SPACE',''
  ) );
#10351 = PCURVE('',#10352,#10357);
#10352 = PLANE('',#10353);
#10353 = AXIS2_PLACEMENT_3D('',#10354,#10355,#10356);
#10354 = CARTESIAN_POINT('',(-30.,-12.5,-10.));
#10355 = DIRECTION('',(0.,0.,1.));
#10356 = DIRECTION('',(1.,0.,-0.));
#10357 = DEFINITIONAL_REPRESENTATION('',(#10358),#10362);
#10358 = CIRCLE('',#10359,1.2);
#10359 = AXIS2_PLACEMENT_2D('',#10360,#10361);
#10360 = CARTESIAN_POINT('',(-3.552713678801E-15,-3.552713678801E-15));
#10361 = DIRECTION('',(1.,0.));
#10362 = ( GEOMETRIC_REPRESENTATION_CONTEXT(2) 
PARAMETRIC_REPRESENTATION_CONTEXT() REPRESENTATION_CONTEXT('2D SPACE',''
  ) );
#10363 = ADVANCED_FACE('',(#10364),#10352,.F.);
#10364 = FACE_BOUND('',#10365,.F.);
#10365 = EDGE_LOOP('',(#10366));
#10366 = ORIENTED_EDGE('',*,*,#10337,.T.);
#10367 = ADVANCED_FACE('',(#10368),#10324,.T.);
#10368 = FACE_BOUND('',#10369,.T.);
#10369 = EDGE_LOOP('',(#10370));
#10370 = ORIENTED_EDGE('',*,*,#10309,.T.);
#10371 = ORIENTED_CLOSED_SHELL('',*,#10372,.F.);
#10372 = CLOSED_SHELL('',(#10373,#10461,#10465));
#10373 = ADVANCED_FACE('',(#10374),#10388,.T.);
#10374 = FACE_BOUND('',#10375,.F.);
#10375 = EDGE_LOOP('',(#10376,#10406,#10433,#10434));
#10376 = ORIENTED_EDGE('',*,*,#10377,.T.);
#10377 = EDGE_CURVE('',#10378,#10380,#10382,.T.);
#10378 = VERTEX_POINT('',#10379);
#10379 = CARTESIAN_POINT('',(31.2,-12.5,-10.));
#10380 = VERTEX_POINT('',#10381);
#10381 = CARTESIAN_POINT('',(31.2,-12.5,-4.));
#10382 = SEAM_CURVE('',#10383,(#10387,#10399),.PCURVE_S1.);
#10383 = LINE('',#10384,#10385);
#10384 = CARTESIAN_POINT('',(31.2,-12.5,-10.));
#10385 = VECTOR('',#10386,1.);
#10386 = DIRECTION('',(0.,0.,1.));
#10387 = PCURVE('',#10388,#10393);
#10388 = CYLINDRICAL_SURFACE('',#10389,1.2);
#10389 = AXIS2_PLACEMENT_3D('',#10390,#10391,#10392);
#10390 = CARTESIAN_POINT('',(30.,-12.5,-10.));
#10391 = DIRECTION('',(-0.,-0.,-1.));
#10392 = DIRECTION('',(1.,0.,0.));
#10393 = DEFINITIONAL_REPRESENTATION('',(#10394),#10398);
#10394 = LINE('',#10395,#10396);
#10395 = CARTESIAN_POINT('',(-0.,0.));
#10396 = VECTOR('',#10397,1.);
#10397 = DIRECTION('',(-0.,-1.));
#10398 = ( GEOMETRIC_REPRESENTATION_CONTEXT(2) 
PARAMETRIC_REPRESENTATION_CONTEXT() REPRESENTATION_CONTEXT('2D SPACE',''
  ) );
#10399 = PCURVE('',#10388,#10400);
#10400 = DEFINITIONAL_REPRESENTATION('',(#10401),#10405);
#10401 = LINE('',#10402,#10403);
#10402 = CARTESIAN_POINT('',(-6.28318530718,0.));
#10403 = VECTOR('',#10404,1.);
#10404 = DIRECTION('',(-0.,-1.));
#10405 = ( GEOMETRIC_REPRESENTATION_CONTEXT(2) 
PARAMETRIC_REPRESENTATION_CONTEXT() REPRESENTATION_CONTEXT('2D SPACE',''
  ) );
#10406 = ORIENTED_EDGE('',*,*,#10407,.T.);
#10407 = EDGE_CURVE('',#10380,#10380,#10408,.T.);
#10408 = SURFACE_CURVE('',#10409,(#10414,#10421),.PCURVE_S1.);
#10409 = CIRCLE('',#10410,1.2);
#10410 = AXIS2_PLACEMENT_3D('',#10411,#10412,#10413);
#10411 = CARTESIAN_POINT('',(30.,-12.5,-4.));
#10412 = DIRECTION('',(0.,0.,1.));
#10413 = DIRECTION('',(1.,0.,0.));
#10414 = PCURVE('',#10388,#10415);
#10415 = DEFINITIONAL_REPRESENTATION('',(#10416),#10420);
#10416 = LINE('',#10417,#10418);
#10417 = CARTESIAN_POINT('',(-0.,-6.));
#10418 = VECTOR('',#10419,1.);
#10419 = DIRECTION('',(-1.,0.));
#10420 = ( GEOMETRIC_REPRESENTATION_CONTEXT(2) 
PARAMETRIC_REPRESENTATION_CONTEXT() REPRESENTATION_CONTEXT('2D SPACE',''
  ) );
#10421 = PCURVE('',#10422,#10427);
#10422 = PLANE('',#10423);
#10423 = AXIS2_PLACEMENT_3D('',#10424,#10425,#10426);
#10424 = CARTESIAN_POINT('',(30.,-12.5,-4.));
#10425 = DIRECTION('',(0.,0.,1.));
#10426 = DIRECTION('',(1.,0.,-0.));
#10427 = DEFINITIONAL_REPRESENTATION('',(#10428),#10432);
#10428 = CIRCLE('',#10429,1.2);
#10429 = AXIS2_PLACEMENT_2D('',#10430,#10431);
#10430 = CARTESIAN_POINT('',(7.105427357601E-15,-3.552713678801E-15));
#10431 = DIRECTION('',(1.,0.));
#10432 = ( GEOMETRIC_REPRESENTATION_CONTEXT(2) 
PARAMETRIC_REPRESENTATION_CONTEXT() REPRESENTATION_CONTEXT('2D SPACE',''
  ) );
#10433 = ORIENTED_EDGE('',*,*,#10377,.F.);
#10434 = ORIENTED_EDGE('',*,*,#10435,.F.);
#10435 = EDGE_CURVE('',#10378,#10378,#10436,.T.);
#10436 = SURFACE_CURVE('',#10437,(#10442,#10449),.PCURVE_S1.);
#10437 = CIRCLE('',#10438,1.2);
#10438 = AXIS2_PLACEMENT_3D('',#10439,#10440,#10441);
#10439 = CARTESIAN_POINT('',(30.,-12.5,-10.));
#10440 = DIRECTION('',(0.,0.,1.));
#10441 = DIRECTION('',(1.,0.,0.));
#10442 = PCURVE('',#10388,#10443);
#10443 = DEFINITIONAL_REPRESENTATION('',(#10444),#10448);
#10444 = LINE('',#10445,#10446);
#10445 = CARTESIAN_POINT('',(-0.,0.));
#10446 = VECTOR('',#10447,1.);
#10447 = DIRECTION('',(-1.,0.));
#10448 = ( GEOMETRIC_REPRESENTATION_CONTEXT(2) 
PARAMETRIC_REPRESENTATION_CONTEXT() REPRESENTATION_CONTEXT('2D SPACE',''
  ) );
#10449 = PCURVE('',#10450,#10455);
#10450 = PLANE('',#10451);
#10451 = AXIS2_PLACEMENT_3D('',#10452,#10453,#10454);
#10452 = CARTESIAN_POINT('',(30.,-12.5,-10.));
#10453 = DIRECTION('',(0.,0.,1.));
#10454 = DIRECTION('',(1.,0.,-0.));
#10455 = DEFINITIONAL_REPRESENTATION('',(#10456),#10460);
#10456 = CIRCLE('',#10457,1.2);
#10457 = AXIS2_PLACEMENT_2D('',#10458,#10459);
#10458 = CARTESIAN_POINT('',(7.105427357601E-15,-3.552713678801E-15));
#10459 = DIRECTION('',(1.,0.));
#10460 = ( GEOMETRIC_REPRESENTATION_CONTEXT(2) 
PARAMETRIC_REPRESENTATION_CONTEXT() REPRESENTATION_CONTEXT('2D SPACE',''
  ) );
#10461 = ADVANCED_FACE('',(#10462),#10450,.F.);
#10462 = FACE_BOUND('',#10463,.F.);
#10463 = EDGE_LOOP('',(#10464));
#10464 = ORIENTED_EDGE('',*,*,#10435,.T.);
#10465 = ADVANCED_FACE('',(#10466),#10422,.T.);
#10466 = FACE_BOUND('',#10467,.T.);
#10467 = EDGE_LOOP('',(#10468));
#10468 = ORIENTED_EDGE('',*,*,#10407,.T.);
#10469 = ORIENTED_CLOSED_SHELL('',*,#10470,.F.);
#10470 = CLOSED_SHELL('',(#10471,#10559,#10563));
#10471 = ADVANCED_FACE('',(#10472),#10486,.T.);
#10472 = FACE_BOUND('',#10473,.F.);
#10473 = EDGE_LOOP('',(#10474,#10504,#10531,#10532));
#10474 = ORIENTED_EDGE('',*,*,#10475,.T.);
#10475 = EDGE_CURVE('',#10476,#10478,#10480,.T.);
#10476 = VERTEX_POINT('',#10477);
#10477 = CARTESIAN_POINT('',(-28.8,12.5,-10.));
#10478 = VERTEX_POINT('',#10479);
#10479 = CARTESIAN_POINT('',(-28.8,12.5,-4.));
#10480 = SEAM_CURVE('',#10481,(#10485,#10497),.PCURVE_S1.);
#10481 = LINE('',#10482,#10483);
#10482 = CARTESIAN_POINT('',(-28.8,12.5,-10.));
#10483 = VECTOR('',#10484,1.);
#10484 = DIRECTION('',(0.,0.,1.));
#10485 = PCURVE('',#10486,#10491);
#10486 = CYLINDRICAL_SURFACE('',#10487,1.2);
#10487 = AXIS2_PLACEMENT_3D('',#10488,#10489,#10490);
#10488 = CARTESIAN_POINT('',(-30.,12.5,-10.));
#10489 = DIRECTION('',(-0.,-0.,-1.));
#10490 = DIRECTION('',(1.,0.,0.));
#10491 = DEFINITIONAL_REPRESENTATION('',(#10492),#10496);
#10492 = LINE('',#10493,#10494);
#10493 = CARTESIAN_POINT('',(-0.,0.));
#10494 = VECTOR('',#10495,1.);
#10495 = DIRECTION('',(-0.,-1.));
#10496 = ( GEOMETRIC_REPRESENTATION_CONTEXT(2) 
PARAMETRIC_REPRESENTATION_CONTEXT() REPRESENTATION_CONTEXT('2D SPACE',''
  ) );
#10497 = PCURVE('',#10486,#10498);
#10498 = DEFINITIONAL_REPRESENTATION('',(#10499),#10503);
#10499 = LINE('',#10500,#10501);
#10500 = CARTESIAN_POINT('',(-6.28318530718,0.));
#10501 = VECTOR('',#10502,1.);
#10502 = DIRECTION('',(-0.,-1.));
#10503 = ( GEOMETRIC_REPRESENTATION_CONTEXT(2) 
PARAMETRIC_REPRESENTATION_CONTEXT() REPRESENTATION_CONTEXT('2D SPACE',''
  ) );
#10504 = ORIENTED_EDGE('',*,*,#10505,.T.);
#10505 = EDGE_CURVE('',#10478,#10478,#10506,.T.);
#10506 = SURFACE_CURVE('',#10507,(#10512,#10519),.PCURVE_S1.);
#10507 = CIRCLE('',#10508,1.2);
#10508 = AXIS2_PLACEMENT_3D('',#10509,#10510,#10511);
#10509 = CARTESIAN_POINT('',(-30.,12.5,-4.));
#10510 = DIRECTION('',(0.,0.,1.));
#10511 = DIRECTION('',(1.,0.,0.));
#10512 = PCURVE('',#10486,#10513);
#10513 = DEFINITIONAL_REPRESENTATION('',(#10514),#10518);
#10514 = LINE('',#10515,#10516);
#10515 = CARTESIAN_POINT('',(-0.,-6.));
#10516 = VECTOR('',#10517,1.);
#10517 = DIRECTION('',(-1.,0.));
#10518 = ( GEOMETRIC_REPRESENTATION_CONTEXT(2) 
PARAMETRIC_REPRESENTATION_CONTEXT() REPRESENTATION_CONTEXT('2D SPACE',''
  ) );
#10519 = PCURVE('',#10520,#10525);
#10520 = PLANE('',#10521);
#10521 = AXIS2_PLACEMENT_3D('',#10522,#10523,#10524);
#10522 = CARTESIAN_POINT('',(-30.,12.5,-4.));
#10523 = DIRECTION('',(0.,0.,1.));
#10524 = DIRECTION('',(1.,0.,-0.));
#10525 = DEFINITIONAL_REPRESENTATION('',(#10526),#10530);
#10526 = CIRCLE('',#10527,1.2);
#10527 = AXIS2_PLACEMENT_2D('',#10528,#10529);
#10528 = CARTESIAN_POINT('',(-3.552713678801E-15,3.552713678801E-15));
#10529 = DIRECTION('',(1.,0.));
#10530 = ( GEOMETRIC_REPRESENTATION_CONTEXT(2) 
PARAMETRIC_REPRESENTATION_CONTEXT() REPRESENTATION_CONTEXT('2D SPACE',''
  ) );
#10531 = ORIENTED_EDGE('',*,*,#10475,.F.);
#10532 = ORIENTED_EDGE('',*,*,#10533,.F.);
#10533 = EDGE_CURVE('',#10476,#10476,#10534,.T.);
#10534 = SURFACE_CURVE('',#10535,(#10540,#10547),.PCURVE_S1.);
#10535 = CIRCLE('',#10536,1.2);
#10536 = AXIS2_PLACEMENT_3D('',#10537,#10538,#10539);
#10537 = CARTESIAN_POINT('',(-30.,12.5,-10.));
#10538 = DIRECTION('',(0.,0.,1.));
#10539 = DIRECTION('',(1.,0.,0.));
#10540 = PCURVE('',#10486,#10541);
#10541 = DEFINITIONAL_REPRESENTATION('',(#10542),#10546);
#10542 = LINE('',#10543,#10544);
#10543 = CARTESIAN_POINT('',(-0.,0.));
#10544 = VECTOR('',#10545,1.);
#10545 = DIRECTION('',(-1.,0.));
#10546 = ( GEOMETRIC_REPRESENTATION_CONTEXT(2) 
PARAMETRIC_REPRESENTATION_CONTEXT() REPRESENTATION_CONTEXT('2D SPACE',''
  ) );
#10547 = PCURVE('',#10548,#10553);
#10548 = PLANE('',#10549);
#10549 = AXIS2_PLACEMENT_3D('',#10550,#10551,#10552);
#10550 = CARTESIAN_POINT('',(-30.,12.5,-10.));
#10551 = DIRECTION('',(0.,0.,1.));
#10552 = DIRECTION('',(1.,0.,-0.));
#10553 = DEFINITIONAL_REPRESENTATION('',(#10554),#10558);
#10554 = CIRCLE('',#10555,1.2);
#10555 = AXIS2_PLACEMENT_2D('',#10556,#10557);
#10556 = CARTESIAN_POINT('',(-3.552713678801E-15,3.552713678801E-15));
#10557 = DIRECTION('',(1.,0.));
#10558 = ( GEOMETRIC_REPRESENTATION_CONTEXT(2) 
PARAMETRIC_REPRESENTATION_CONTEXT() REPRESENTATION_CONTEXT('2D SPACE',''
  ) );
#10559 = ADVANCED_FACE('',(#10560),#10548,.F.);
#10560 = FACE_BOUND('',#10561,.F.);
#10561 = EDGE_LOOP('',(#10562));
#10562 = ORIENTED_EDGE('',*,*,#10533,.T.);
#10563 = ADVANCED_FACE('',(#10564),#10520,.T.);
#10564 = FACE_BOUND('',#10565,.T.);
#10565 = EDGE_LOOP('',(#10566));
#10566 = ORIENTED_EDGE('',*,*,#10505,.T.);
#10567 = ORIENTED_CLOSED_SHELL('',*,#10568,.F.);
#10568 = CLOSED_SHELL('',(#10569,#10657,#10661));
#10569 = ADVANCED_FACE('',(#10570),#10584,.T.);
#10570 = FACE_BOUND('',#10571,.F.);
#10571 = EDGE_LOOP('',(#10572,#10602,#10629,#10630));
#10572 = ORIENTED_EDGE('',*,*,#10573,.T.);
#10573 = EDGE_CURVE('',#10574,#10576,#10578,.T.);
#10574 = VERTEX_POINT('',#10575);
#10575 = CARTESIAN_POINT('',(31.2,12.5,-10.));
#10576 = VERTEX_POINT('',#10577);
#10577 = CARTESIAN_POINT('',(31.2,12.5,-4.));
#10578 = SEAM_CURVE('',#10579,(#10583,#10595),.PCURVE_S1.);
#10579 = LINE('',#10580,#10581);
#10580 = CARTESIAN_POINT('',(31.2,12.5,-10.));
#10581 = VECTOR('',#10582,1.);
#10582 = DIRECTION('',(0.,0.,1.));
#10583 = PCURVE('',#10584,#10589);
#10584 = CYLINDRICAL_SURFACE('',#10585,1.2);
#10585 = AXIS2_PLACEMENT_3D('',#10586,#10587,#10588);
#10586 = CARTESIAN_POINT('',(30.,12.5,-10.));
#10587 = DIRECTION('',(-0.,-0.,-1.));
#10588 = DIRECTION('',(1.,0.,0.));
#10589 = DEFINITIONAL_REPRESENTATION('',(#10590),#10594);
#10590 = LINE('',#10591,#10592);
#10591 = CARTESIAN_POINT('',(-0.,0.));
#10592 = VECTOR('',#10593,1.);
#10593 = DIRECTION('',(-0.,-1.));
#10594 = ( GEOMETRIC_REPRESENTATION_CONTEXT(2) 
PARAMETRIC_REPRESENTATION_CONTEXT() REPRESENTATION_CONTEXT('2D SPACE',''
  ) );
#10595 = PCURVE('',#10584,#10596);
#10596 = DEFINITIONAL_REPRESENTATION('',(#10597),#10601);
#10597 = LINE('',#10598,#10599);
#10598 = CARTESIAN_POINT('',(-6.28318530718,0.));
#10599 = VECTOR('',#10600,1.);
#10600 = DIRECTION('',(-0.,-1.));
#10601 = ( GEOMETRIC_REPRESENTATION_CONTEXT(2) 
PARAMETRIC_REPRESENTATION_CONTEXT() REPRESENTATION_CONTEXT('2D SPACE',''
  ) );
#10602 = ORIENTED_EDGE('',*,*,#10603,.T.);
#10603 = EDGE_CURVE('',#10576,#10576,#10604,.T.);
#10604 = SURFACE_CURVE('',#10605,(#10610,#10617),.PCURVE_S1.);
#10605 = CIRCLE('',#10606,1.2);
#10606 = AXIS2_PLACEMENT_3D('',#10607,#10608,#10609);
#10607 = CARTESIAN_POINT('',(30.,12.5,-4.));
#10608 = DIRECTION('',(0.,0.,1.));
#10609 = DIRECTION('',(1.,0.,0.));
#10610 = PCURVE('',#10584,#10611);
#10611 = DEFINITIONAL_REPRESENTATION('',(#10612),#10616);
#10612 = LINE('',#10613,#10614);
#10613 = CARTESIAN_POINT('',(-0.,-6.));
#10614 = VECTOR('',#10615,1.);
#10615 = DIRECTION('',(-1.,0.));
#10616 = ( GEOMETRIC_REPRESENTATION_CONTEXT(2) 
PARAMETRIC_REPRESENTATION_CONTEXT() REPRESENTATION_CONTEXT('2D SPACE',''
  ) );
#10617 = PCURVE('',#10618,#10623);
#10618 = PLANE('',#10619);
#10619 = AXIS2_PLACEMENT_3D('',#10620,#10621,#10622);
#10620 = CARTESIAN_POINT('',(30.,12.5,-4.));
#10621 = DIRECTION('',(0.,0.,1.));
#10622 = DIRECTION('',(1.,0.,-0.));
#10623 = DEFINITIONAL_REPRESENTATION('',(#10624),#10628);
#10624 = CIRCLE('',#10625,1.2);
#10625 = AXIS2_PLACEMENT_2D('',#10626,#10627);
#10626 = CARTESIAN_POINT('',(7.105427357601E-15,3.552713678801E-15));
#10627 = DIRECTION('',(1.,0.));
#10628 = ( GEOMETRIC_REPRESENTATION_CONTEXT(2) 
PARAMETRIC_REPRESENTATION_CONTEXT() REPRESENTATION_CONTEXT('2D SPACE',''
  ) );
#10629 = ORIENTED_EDGE('',*,*,#10573,.F.);
#10630 = ORIENTED_EDGE('',*,*,#10631,.F.);
#10631 = EDGE_CURVE('',#10574,#10574,#10632,.T.);
#10632 = SURFACE_CURVE('',#10633,(#10638,#10645),.PCURVE_S1.);
#10633 = CIRCLE('',#10634,1.2);
#10634 = AXIS2_PLACEMENT_3D('',#10635,#10636,#10637);
#10635 = CARTESIAN_POINT('',(30.,12.5,-10.));
#10636 = DIRECTION('',(0.,0.,1.));
#10637 = DIRECTION('',(1.,0.,0.));
#10638 = PCURVE('',#10584,#10639);
#10639 = DEFINITIONAL_REPRESENTATION('',(#10640),#10644);
#10640 = LINE('',#10641,#10642);
#10641 = CARTESIAN_POINT('',(-0.,0.));
#10642 = VECTOR('',#10643,1.);
#10643 = DIRECTION('',(-1.,0.));
#10644 = ( GEOMETRIC_REPRESENTATION_CONTEXT(2) 
PARAMETRIC_REPRESENTATION_CONTEXT() REPRESENTATION_CONTEXT('2D SPACE',''
  ) );
#10645 = PCURVE('',#10646,#10651);
#10646 = PLANE('',#10647);
#10647 = AXIS2_PLACEMENT_3D('',#10648,#10649,#10650);
#10648 = CARTESIAN_POINT('',(30.,12.5,-10.));
#10649 = DIRECTION('',(0.,0.,1.));
#10650 = DIRECTION('',(1.,0.,-0.));
#10651 = DEFINITIONAL_REPRESENTATION('',(#10652),#10656);
#10652 = CIRCLE('',#10653,1.2);
#10653 = AXIS2_PLACEMENT_2D('',#10654,#10655);
#10654 = CARTESIAN_POINT('',(7.105427357601E-15,3.552713678801E-15));
#10655 = DIRECTION('',(1.,0.));
#10656 = ( GEOMETRIC_REPRESENTATION_CONTEXT(2) 
PARAMETRIC_REPRESENTATION_CONTEXT() REPRESENTATION_CONTEXT('2D SPACE',''
  ) );
#10657 = ADVANCED_FACE('',(#10658),#10646,.F.);
#10658 = FACE_BOUND('',#10659,.F.);
#10659 = EDGE_LOOP('',(#10660));
#10660 = ORIENTED_EDGE('',*,*,#10631,.T.);
#10661 = ADVANCED_FACE('',(#10662),#10618,.T.);
#10662 = FACE_BOUND('',#10663,.T.);
#10663 = EDGE_LOOP('',(#10664));
#10664 = ORIENTED_EDGE('',*,*,#10603,.T.);
#10665 = ( GEOMETRIC_REPRESENTATION_CONTEXT(3) 
GLOBAL_UNCERTAINTY_ASSIGNED_CONTEXT((#10669)) 
GLOBAL_UNIT_ASSIGNED_CONTEXT((#10666,#10667,#10668)) 
REPRESENTATION_CONTEXT('Context #1',
  '3D Context with UNIT and UNCERTAINTY') );
#10666 = ( LENGTH_UNIT() NAMED_UNIT(*) SI_UNIT(.MILLI.,.METRE.) );
#10667 = ( NAMED_UNIT(*) PLANE_ANGLE_UNIT() SI_UNIT($,.RADIAN.) );
#10668 = ( NAMED_UNIT(*) SI_UNIT($,.STERADIAN.) SOLID_ANGLE_UNIT() );
#10669 = UNCERTAINTY_MEASURE_WITH_UNIT(LENGTH_MEASURE(1.E-07),#10666,
  'distance_accuracy_value','confusion accuracy');
#10670 = CONTEXT_DEPENDENT_SHAPE_REPRESENTATION(#10671,#10673);
#10671 = ( REPRESENTATION_RELATIONSHIP('','',#82,#55) 
REPRESENTATION_RELATIONSHIP_WITH_TRANSFORMATION(#10672) 
SHAPE_REPRESENTATION_RELATIONSHIP() );
#10672 = ITEM_DEFINED_TRANSFORMATION('','',#11,#56);
#10673 = PRODUCT_DEFINITION_SHAPE('Placement','Placement of an item',
  #10674);
#10674 = NEXT_ASSEMBLY_USAGE_OCCURRENCE('1','','',#50,#77,$);
#10675 = PRODUCT_RELATED_PRODUCT_CATEGORY('part',$,(#79));
#10676 = SHAPE_DEFINITION_REPRESENTATION(#10677,#10683);
#10677 = PRODUCT_DEFINITION_SHAPE('','',#10678);
#10678 = PRODUCT_DEFINITION('design','',#10679,#10682);
#10679 = PRODUCT_DEFINITION_FORMATION('','',#10680);
#10680 = PRODUCT('Open CASCADE STEP translator 7.9 1.1.1.2',
  'Open CASCADE STEP translator 7.9 1.1.1.2','',(#10681));
#10681 = PRODUCT_CONTEXT('',#2,'mechanical');
#10682 = PRODUCT_DEFINITION_CONTEXT('part definition',#2,'design');
#10683 = ADVANCED_BREP_SHAPE_REPRESENTATION('',(#11,#10684),#10876);
#10684 = MANIFOLD_SOLID_BREP('',#10685);
#10685 = CLOSED_SHELL('',(#10686,#10778,#10813,#10868,#10872));
#10686 = ADVANCED_FACE('',(#10687),#10700,.T.);
#10687 = FACE_BOUND('',#10688,.F.);
#10688 = EDGE_LOOP('',(#10689,#10723,#10746,#10777));
#10689 = ORIENTED_EDGE('',*,*,#10690,.F.);
#10690 = EDGE_CURVE('',#10691,#10691,#10693,.T.);
#10691 = VERTEX_POINT('',#10692);
#10692 = CARTESIAN_POINT('',(5.85,0.,11.));
#10693 = SURFACE_CURVE('',#10694,(#10699,#10711),.PCURVE_S1.);
#10694 = CIRCLE('',#10695,5.85);
#10695 = AXIS2_PLACEMENT_3D('',#10696,#10697,#10698);
#10696 = CARTESIAN_POINT('',(0.,0.,11.));
#10697 = DIRECTION('',(0.,0.,1.));
#10698 = DIRECTION('',(1.,0.,0.));
#10699 = PCURVE('',#10700,#10705);
#10700 = CYLINDRICAL_SURFACE('',#10701,5.85);
#10701 = AXIS2_PLACEMENT_3D('',#10702,#10703,#10704);
#10702 = CARTESIAN_POINT('',(0.,0.,11.));
#10703 = DIRECTION('',(-0.,-0.,-1.));
#10704 = DIRECTION('',(1.,0.,0.));
#10705 = DEFINITIONAL_REPRESENTATION('',(#10706),#10710);
#10706 = LINE('',#10707,#10708);
#10707 = CARTESIAN_POINT('',(-0.,0.));
#10708 = VECTOR('',#10709,1.);
#10709 = DIRECTION('',(-1.,0.));
#10710 = ( GEOMETRIC_REPRESENTATION_CONTEXT(2) 
PARAMETRIC_REPRESENTATION_CONTEXT() REPRESENTATION_CONTEXT('2D SPACE',''
  ) );
#10711 = PCURVE('',#10712,#10717);
#10712 = PLANE('',#10713);
#10713 = AXIS2_PLACEMENT_3D('',#10714,#10715,#10716);
#10714 = CARTESIAN_POINT('',(-2.337504500067E-16,-2.388061258337E-16,11.
    ));
#10715 = DIRECTION('',(0.,0.,1.));
#10716 = DIRECTION('',(1.,0.,-0.));
#10717 = DEFINITIONAL_REPRESENTATION('',(#10718),#10722);
#10718 = CIRCLE('',#10719,5.85);
#10719 = AXIS2_PLACEMENT_2D('',#10720,#10721);
#10720 = CARTESIAN_POINT('',(2.337504500067E-16,2.388061258337E-16));
#10721 = DIRECTION('',(1.,0.));
#10722 = ( GEOMETRIC_REPRESENTATION_CONTEXT(2) 
PARAMETRIC_REPRESENTATION_CONTEXT() REPRESENTATION_CONTEXT('2D SPACE',''
  ) );
#10723 = ORIENTED_EDGE('',*,*,#10724,.T.);
#10724 = EDGE_CURVE('',#10691,#10725,#10727,.T.);
#10725 = VERTEX_POINT('',#10726);
#10726 = CARTESIAN_POINT('',(5.85,0.,21.));
#10727 = SEAM_CURVE('',#10728,(#10732,#10739),.PCURVE_S1.);
#10728 = LINE('',#10729,#10730);
#10729 = CARTESIAN_POINT('',(5.85,0.,11.));
#10730 = VECTOR('',#10731,1.);
#10731 = DIRECTION('',(0.,0.,1.));
#10732 = PCURVE('',#10700,#10733);
#10733 = DEFINITIONAL_REPRESENTATION('',(#10734),#10738);
#10734 = LINE('',#10735,#10736);
#10735 = CARTESIAN_POINT('',(-6.28318530718,0.));
#10736 = VECTOR('',#10737,1.);
#10737 = DIRECTION('',(-0.,-1.));
#10738 = ( GEOMETRIC_REPRESENTATION_CONTEXT(2) 
PARAMETRIC_REPRESENTATION_CONTEXT() REPRESENTATION_CONTEXT('2D SPACE',''
  ) );
#10739 = PCURVE('',#10700,#10740);
#10740 = DEFINITIONAL_REPRESENTATION('',(#10741),#10745);
#10741 = LINE('',#10742,#10743);
#10742 = CARTESIAN_POINT('',(-0.,0.));
#10743 = VECTOR('',#10744,1.);
#10744 = DIRECTION('',(-0.,-1.));
#10745 = ( GEOMETRIC_REPRESENTATION_CONTEXT(2) 
PARAMETRIC_REPRESENTATION_CONTEXT() REPRESENTATION_CONTEXT('2D SPACE',''
  ) );
#10746 = ORIENTED_EDGE('',*,*,#10747,.F.);
#10747 = EDGE_CURVE('',#10725,#10725,#10748,.T.);
#10748 = SURFACE_CURVE('',#10749,(#10754,#10761),.PCURVE_S1.);
#10749 = CIRCLE('',#10750,5.85);
#10750 = AXIS2_PLACEMENT_3D('',#10751,#10752,#10753);
#10751 = CARTESIAN_POINT('',(0.,0.,21.));
#10752 = DIRECTION('',(0.,0.,-1.));
#10753 = DIRECTION('',(1.,0.,0.));
#10754 = PCURVE('',#10700,#10755);
#10755 = DEFINITIONAL_REPRESENTATION('',(#10756),#10760);
#10756 = LINE('',#10757,#10758);
#10757 = CARTESIAN_POINT('',(-6.28318530718,-10.));
#10758 = VECTOR('',#10759,1.);
#10759 = DIRECTION('',(1.,-0.));
#10760 = ( GEOMETRIC_REPRESENTATION_CONTEXT(2) 
PARAMETRIC_REPRESENTATION_CONTEXT() REPRESENTATION_CONTEXT('2D SPACE',''
  ) );
#10761 = PCURVE('',#10762,#10767);
#10762 = PLANE('',#10763);
#10763 = AXIS2_PLACEMENT_3D('',#10764,#10765,#10766);
#10764 = CARTESIAN_POINT('',(-5.127900497023E-16,1.528755336223E-17,21.)
  );
#10765 = DIRECTION('',(0.,0.,1.));
#10766 = DIRECTION('',(1.,0.,-0.));
#10767 = DEFINITIONAL_REPRESENTATION('',(#10768),#10776);
#10768 = ( BOUNDED_CURVE() B_SPLINE_CURVE(2,(#10769,#10770,#10771,#10772
    ,#10773,#10774,#10775),.UNSPECIFIED.,.T.,.F.) 
B_SPLINE_CURVE_WITH_KNOTS((1,2,2,2,2,1),(-2.094395102393,0.,
    2.094395102393,4.188790204786,6.28318530718,8.377580409573),
.UNSPECIFIED.) CURVE() GEOMETRIC_REPRESENTATION_ITEM() 
RATIONAL_B_SPLINE_CURVE((1.,0.5,1.,0.5,1.,0.5,1.)) REPRESENTATION_ITEM(
  '') );
#10769 = CARTESIAN_POINT('',(5.85,-1.528755336223E-17));
#10770 = CARTESIAN_POINT('',(5.85,-10.13249722427));
#10771 = CARTESIAN_POINT('',(-2.925,-5.066248612139));
#10772 = CARTESIAN_POINT('',(-11.7,-1.448124308365E-15));
#10773 = CARTESIAN_POINT('',(-2.925,5.066248612139));
#10774 = CARTESIAN_POINT('',(5.85,10.132497224278));
#10775 = CARTESIAN_POINT('',(5.85,-1.528755336223E-17));
#10776 = ( GEOMETRIC_REPRESENTATION_CONTEXT(2) 
PARAMETRIC_REPRESENTATION_CONTEXT() REPRESENTATION_CONTEXT('2D SPACE',''
  ) );
#10777 = ORIENTED_EDGE('',*,*,#10724,.F.);
#10778 = ADVANCED_FACE('',(#10779,#10810),#10762,.F.);
#10779 = FACE_BOUND('',#10780,.F.);
#10780 = EDGE_LOOP('',(#10781));
#10781 = ORIENTED_EDGE('',*,*,#10782,.T.);
#10782 = EDGE_CURVE('',#10783,#10783,#10785,.T.);
#10783 = VERTEX_POINT('',#10784);
#10784 = CARTESIAN_POINT('',(8.,0.,21.));
#10785 = SURFACE_CURVE('',#10786,(#10791,#10798),.PCURVE_S1.);
#10786 = CIRCLE('',#10787,8.);
#10787 = AXIS2_PLACEMENT_3D('',#10788,#10789,#10790);
#10788 = CARTESIAN_POINT('',(0.,0.,21.));
#10789 = DIRECTION('',(0.,0.,1.));
#10790 = DIRECTION('',(1.,0.,0.));
#10791 = PCURVE('',#10762,#10792);
#10792 = DEFINITIONAL_REPRESENTATION('',(#10793),#10797);
#10793 = CIRCLE('',#10794,8.);
#10794 = AXIS2_PLACEMENT_2D('',#10795,#10796);
#10795 = CARTESIAN_POINT('',(5.127900497023E-16,-1.528755336223E-17));
#10796 = DIRECTION('',(1.,0.));
#10797 = ( GEOMETRIC_REPRESENTATION_CONTEXT(2) 
PARAMETRIC_REPRESENTATION_CONTEXT() REPRESENTATION_CONTEXT('2D SPACE',''
  ) );
#10798 = PCURVE('',#10799,#10804);
#10799 = CYLINDRICAL_SURFACE('',#10800,8.);
#10800 = AXIS2_PLACEMENT_3D('',#10801,#10802,#10803);
#10801 = CARTESIAN_POINT('',(0.,0.,21.));
#10802 = DIRECTION('',(-0.,-0.,-1.));
#10803 = DIRECTION('',(1.,0.,0.));
#10804 = DEFINITIONAL_REPRESENTATION('',(#10805),#10809);
#10805 = LINE('',#10806,#10807);
#10806 = CARTESIAN_POINT('',(-0.,0.));
#10807 = VECTOR('',#10808,1.);
#10808 = DIRECTION('',(-1.,0.));
#10809 = ( GEOMETRIC_REPRESENTATION_CONTEXT(2) 
PARAMETRIC_REPRESENTATION_CONTEXT() REPRESENTATION_CONTEXT('2D SPACE',''
  ) );
#10810 = FACE_BOUND('',#10811,.F.);
#10811 = EDGE_LOOP('',(#10812));
#10812 = ORIENTED_EDGE('',*,*,#10747,.T.);
#10813 = ADVANCED_FACE('',(#10814),#10799,.T.);
#10814 = FACE_BOUND('',#10815,.F.);
#10815 = EDGE_LOOP('',(#10816,#10839,#10866,#10867));
#10816 = ORIENTED_EDGE('',*,*,#10817,.T.);
#10817 = EDGE_CURVE('',#10783,#10818,#10820,.T.);
#10818 = VERTEX_POINT('',#10819);
#10819 = CARTESIAN_POINT('',(8.,0.,23.));
#10820 = SEAM_CURVE('',#10821,(#10825,#10832),.PCURVE_S1.);
#10821 = LINE('',#10822,#10823);
#10822 = CARTESIAN_POINT('',(8.,0.,21.));
#10823 = VECTOR('',#10824,1.);
#10824 = DIRECTION('',(0.,0.,1.));
#10825 = PCURVE('',#10799,#10826);
#10826 = DEFINITIONAL_REPRESENTATION('',(#10827),#10831);
#10827 = LINE('',#10828,#10829);
#10828 = CARTESIAN_POINT('',(-0.,0.));
#10829 = VECTOR('',#10830,1.);
#10830 = DIRECTION('',(-0.,-1.));
#10831 = ( GEOMETRIC_REPRESENTATION_CONTEXT(2) 
PARAMETRIC_REPRESENTATION_CONTEXT() REPRESENTATION_CONTEXT('2D SPACE',''
  ) );
#10832 = PCURVE('',#10799,#10833);
#10833 = DEFINITIONAL_REPRESENTATION('',(#10834),#10838);
#10834 = LINE('',#10835,#10836);
#10835 = CARTESIAN_POINT('',(-6.28318530718,0.));
#10836 = VECTOR('',#10837,1.);
#10837 = DIRECTION('',(-0.,-1.));
#10838 = ( GEOMETRIC_REPRESENTATION_CONTEXT(2) 
PARAMETRIC_REPRESENTATION_CONTEXT() REPRESENTATION_CONTEXT('2D SPACE',''
  ) );
#10839 = ORIENTED_EDGE('',*,*,#10840,.T.);
#10840 = EDGE_CURVE('',#10818,#10818,#10841,.T.);
#10841 = SURFACE_CURVE('',#10842,(#10847,#10854),.PCURVE_S1.);
#10842 = CIRCLE('',#10843,8.);
#10843 = AXIS2_PLACEMENT_3D('',#10844,#10845,#10846);
#10844 = CARTESIAN_POINT('',(0.,0.,23.));
#10845 = DIRECTION('',(0.,0.,1.));
#10846 = DIRECTION('',(1.,0.,0.));
#10847 = PCURVE('',#10799,#10848);
#10848 = DEFINITIONAL_REPRESENTATION('',(#10849),#10853);
#10849 = LINE('',#10850,#10851);
#10850 = CARTESIAN_POINT('',(-0.,-2.));
#10851 = VECTOR('',#10852,1.);
#10852 = DIRECTION('',(-1.,0.));
#10853 = ( GEOMETRIC_REPRESENTATION_CONTEXT(2) 
PARAMETRIC_REPRESENTATION_CONTEXT() REPRESENTATION_CONTEXT('2D SPACE',''
  ) );
#10854 = PCURVE('',#10855,#10860);
#10855 = PLANE('',#10856);
#10856 = AXIS2_PLACEMENT_3D('',#10857,#10858,#10859);
#10857 = CARTESIAN_POINT('',(-5.127900497023E-16,1.528755336223E-17,23.)
  );
#10858 = DIRECTION('',(0.,0.,1.));
#10859 = DIRECTION('',(1.,0.,-0.));
#10860 = DEFINITIONAL_REPRESENTATION('',(#10861),#10865);
#10861 = CIRCLE('',#10862,8.);
#10862 = AXIS2_PLACEMENT_2D('',#10863,#10864);
#10863 = CARTESIAN_POINT('',(5.127900497023E-16,-1.528755336223E-17));
#10864 = DIRECTION('',(1.,0.));
#10865 = ( GEOMETRIC_REPRESENTATION_CONTEXT(2) 
PARAMETRIC_REPRESENTATION_CONTEXT() REPRESENTATION_CONTEXT('2D SPACE',''
  ) );
#10866 = ORIENTED_EDGE('',*,*,#10817,.F.);
#10867 = ORIENTED_EDGE('',*,*,#10782,.F.);
#10868 = ADVANCED_FACE('',(#10869),#10855,.T.);
#10869 = FACE_BOUND('',#10870,.T.);
#10870 = EDGE_LOOP('',(#10871));
#10871 = ORIENTED_EDGE('',*,*,#10840,.T.);
#10872 = ADVANCED_FACE('',(#10873),#10712,.F.);
#10873 = FACE_BOUND('',#10874,.F.);
#10874 = EDGE_LOOP('',(#10875));
#10875 = ORIENTED_EDGE('',*,*,#10690,.T.);
#10876 = ( GEOMETRIC_REPRESENTATION_CONTEXT(3) 
GLOBAL_UNCERTAINTY_ASSIGNED_CONTEXT((#10880)) 
GLOBAL_UNIT_ASSIGNED_CONTEXT((#10877,#10878,#10879)) 
REPRESENTATION_CONTEXT('Context #1',
  '3D Context with UNIT and UNCERTAINTY') );
#10877 = ( LENGTH_UNIT() NAMED_UNIT(*) SI_UNIT(.MILLI.,.METRE.) );
#10878 = ( NAMED_UNIT(*) PLANE_ANGLE_UNIT() SI_UNIT($,.RADIAN.) );
#10879 = ( NAMED_UNIT(*) SI_UNIT($,.STERADIAN.) SOLID_ANGLE_UNIT() );
#10880 = UNCERTAINTY_MEASURE_WITH_UNIT(LENGTH_MEASURE(1.E-07),#10877,
  'distance_accuracy_value','confusion accuracy');
#10881 = CONTEXT_DEPENDENT_SHAPE_REPRESENTATION(#10882,#10884);
#10882 = ( REPRESENTATION_RELATIONSHIP('','',#10683,#55) 
REPRESENTATION_RELATIONSHIP_WITH_TRANSFORMATION(#10883) 
SHAPE_REPRESENTATION_RELATIONSHIP() );
#10883 = ITEM_DEFINED_TRANSFORMATION('','',#11,#60);
#10884 = PRODUCT_DEFINITION_SHAPE('Placement','Placement of an item',
  #10885);
#10885 = NEXT_ASSEMBLY_USAGE_OCCURRENCE('2','','',#50,#10678,$);
#10886 = PRODUCT_RELATED_PRODUCT_CATEGORY('part',$,(#10680));
ENDSEC;
END-ISO-10303-21;
